ISO-10303-21;
HEADER;
FILE_DESCRIPTION(('Open CASCADE Model'),'2;1');
FILE_NAME('chassis_core','1970-01-01T00:00:00',('Author'),(
    'Open CASCADE'),'Open CASCADE STEP processor 7.9','cadgen','Unknown'
  );
FILE_SCHEMA(('AUTOMOTIVE_DESIGN { 1 0 10303 214 1 1 1 1 }'));
ENDSEC;
DATA;
#1 = APPLICATION_PROTOCOL_DEFINITION('international standard',
  'automotive_design',2000,#2);
#2 = APPLICATION_CONTEXT(
  'core data for automotive mechanical design processes');
#3 = SHAPE_DEFINITION_REPRESENTATION(#4,#10);
#4 = PRODUCT_DEFINITION_SHAPE('','',#5);
#5 = PRODUCT_DEFINITION('design','',#6,#9);
#6 = PRODUCT_DEFINITION_FORMATION('','',#7);
#7 = PRODUCT('=>[0:1:1:2]','=>[0:1:1:2]','',(#8));
#8 = PRODUCT_CONTEXT('',#2,'mechanical');
#9 = PRODUCT_DEFINITION_CONTEXT('part definition',#2,'design');
#10 = SHAPE_REPRESENTATION('',(#11,#15),#19);
#11 = AXIS2_PLACEMENT_3D('',#12,#13,#14);
#12 = CARTESIAN_POINT('',(0.,0.,0.));
#13 = DIRECTION('',(0.,0.,1.));
#14 = DIRECTION('',(1.,0.,-0.));
#15 = AXIS2_PLACEMENT_3D('',#16,#17,#18);
#16 = CARTESIAN_POINT('',(0.,0.,0.));
#17 = DIRECTION('',(0.,0.,1.));
#18 = DIRECTION('',(1.,0.,0.));
#19 = ( GEOMETRIC_REPRESENTATION_CONTEXT(3) 
GLOBAL_UNCERTAINTY_ASSIGNED_CONTEXT((#23)) GLOBAL_UNIT_ASSIGNED_CONTEXT(
(#20,#21,#22)) REPRESENTATION_CONTEXT('Context #1',
  '3D Context with UNIT and UNCERTAINTY') );
#20 = ( LENGTH_UNIT() NAMED_UNIT(*) SI_UNIT(.MILLI.,.METRE.) );
#21 = ( NAMED_UNIT(*) PLANE_ANGLE_UNIT() SI_UNIT($,.RADIAN.) );
#22 = ( NAMED_UNIT(*) SI_UNIT($,.STERADIAN.) SOLID_ANGLE_UNIT() );
#23 = UNCERTAINTY_MEASURE_WITH_UNIT(LENGTH_MEASURE(2.E-07),#20,
  'distance_accuracy_value','confusion accuracy');
#24 = PRODUCT_RELATED_PRODUCT_CATEGORY('part',$,(#7));
#25 = SHAPE_DEFINITION_REPRESENTATION(#26,#32);
#26 = PRODUCT_DEFINITION_SHAPE('','',#27);
#27 = PRODUCT_DEFINITION('design','',#28,#31);
#28 = PRODUCT_DEFINITION_FORMATION('','',#29);
#29 = PRODUCT('chassis_core','chassis_core','',(#30));
#30 = PRODUCT_CONTEXT('',#2,'mechanical');
#31 = PRODUCT_DEFINITION_CONTEXT('part definition',#2,'design');
#32 = ADVANCED_BREP_SHAPE_REPRESENTATION('',(#11,#33),#5665);
#33 = MANIFOLD_SOLID_BREP('',#34);
#34 = CLOSED_SHELL('',(#35,#155,#229,#303,#997,#2106,#2133,#2160,#2293,
    #2318,#2343,#2370,#2503,#2528,#2553,#2580,#2713,#2738,#2765,#2792,
    #2817,#2844,#2977,#3002,#3027,#3054,#3187,#3212,#3237,#3264,#3377,
    #3453,#3502,#3551,#3578,#3654,#3703,#3752,#3779,#3855,#3904,#3953,
    #3980,#4056,#4105,#4154,#4181,#4257,#4306,#4355,#4382,#4458,#4507,
    #4556,#4583,#4659,#4708,#4757,#4784,#4860,#4909,#4958,#4985,#5061,
    #5110,#5159,#5186,#5262,#5311,#5360,#5387,#5463,#5512,#5561,#5588,
    #5595,#5602,#5609,#5616,#5623,#5630,#5637,#5644,#5651,#5658));
#35 = ADVANCED_FACE('',(#36),#50,.F.);
#36 = FACE_BOUND('',#37,.F.);
#37 = EDGE_LOOP('',(#38,#73,#101,#129));
#38 = ORIENTED_EDGE('',*,*,#39,.T.);
#39 = EDGE_CURVE('',#40,#42,#44,.T.);
#40 = VERTEX_POINT('',#41);
#41 = CARTESIAN_POINT('',(-26.,-46.,0.));
#42 = VERTEX_POINT('',#43);
#43 = CARTESIAN_POINT('',(-26.,-46.,18.));
#44 = SURFACE_CURVE('',#45,(#49,#61),.PCURVE_S1.);
#45 = LINE('',#46,#47);
#46 = CARTESIAN_POINT('',(-26.,-46.,0.));
#47 = VECTOR('',#48,1.);
#48 = DIRECTION('',(0.,0.,1.));
#49 = PCURVE('',#50,#55);
#50 = PLANE('',#51);
#51 = AXIS2_PLACEMENT_3D('',#52,#53,#54);
#52 = CARTESIAN_POINT('',(-26.,-46.,0.));
#53 = DIRECTION('',(0.,1.,0.));
#54 = DIRECTION('',(1.,0.,0.));
#55 = DEFINITIONAL_REPRESENTATION('',(#56),#60);
#56 = LINE('',#57,#58);
#57 = CARTESIAN_POINT('',(0.,0.));
#58 = VECTOR('',#59,1.);
#59 = DIRECTION('',(0.,-1.));
#60 = ( GEOMETRIC_REPRESENTATION_CONTEXT(2) 
PARAMETRIC_REPRESENTATION_CONTEXT() REPRESENTATION_CONTEXT('2D SPACE',''
  ) );
#61 = PCURVE('',#62,#67);
#62 = PLANE('',#63);
#63 = AXIS2_PLACEMENT_3D('',#64,#65,#66);
#64 = CARTESIAN_POINT('',(-39.,-33.,0.));
#65 = DIRECTION('',(0.707106781187,0.707106781187,-0.));
#66 = DIRECTION('',(0.707106781187,-0.707106781187,0.));
#67 = DEFINITIONAL_REPRESENTATION('',(#68),#72);
#68 = LINE('',#69,#70);
#69 = CARTESIAN_POINT('',(18.38477631085,0.));
#70 = VECTOR('',#71,1.);
#71 = DIRECTION('',(0.,-1.));
#72 = ( GEOMETRIC_REPRESENTATION_CONTEXT(2) 
PARAMETRIC_REPRESENTATION_CONTEXT() REPRESENTATION_CONTEXT('2D SPACE',''
  ) );
#73 = ORIENTED_EDGE('',*,*,#74,.T.);
#74 = EDGE_CURVE('',#42,#75,#77,.T.);
#75 = VERTEX_POINT('',#76);
#76 = CARTESIAN_POINT('',(26.,-46.,18.));
#77 = SURFACE_CURVE('',#78,(#82,#89),.PCURVE_S1.);
#78 = LINE('',#79,#80);
#79 = CARTESIAN_POINT('',(-26.,-46.,18.));
#80 = VECTOR('',#81,1.);
#81 = DIRECTION('',(1.,0.,0.));
#82 = PCURVE('',#50,#83);
#83 = DEFINITIONAL_REPRESENTATION('',(#84),#88);
#84 = LINE('',#85,#86);
#85 = CARTESIAN_POINT('',(0.,-18.));
#86 = VECTOR('',#87,1.);
#87 = DIRECTION('',(1.,0.));
#88 = ( GEOMETRIC_REPRESENTATION_CONTEXT(2) 
PARAMETRIC_REPRESENTATION_CONTEXT() REPRESENTATION_CONTEXT('2D SPACE',''
  ) );
#89 = PCURVE('',#90,#95);
#90 = PLANE('',#91);
#91 = AXIS2_PLACEMENT_3D('',#92,#93,#94);
#92 = CARTESIAN_POINT('',(-1.83638893755E-16,1.83638893755E-16,18.));
#93 = DIRECTION('',(0.,0.,1.));
#94 = DIRECTION('',(1.,0.,-0.));
#95 = DEFINITIONAL_REPRESENTATION('',(#96),#100);
#96 = LINE('',#97,#98);
#97 = CARTESIAN_POINT('',(-26.,-46.));
#98 = VECTOR('',#99,1.);
#99 = DIRECTION('',(1.,0.));
#100 = ( GEOMETRIC_REPRESENTATION_CONTEXT(2) 
PARAMETRIC_REPRESENTATION_CONTEXT() REPRESENTATION_CONTEXT('2D SPACE',''
  ) );
#101 = ORIENTED_EDGE('',*,*,#102,.F.);
#102 = EDGE_CURVE('',#103,#75,#105,.T.);
#103 = VERTEX_POINT('',#104);
#104 = CARTESIAN_POINT('',(26.,-46.,0.));
#105 = SURFACE_CURVE('',#106,(#110,#117),.PCURVE_S1.);
#106 = LINE('',#107,#108);
#107 = CARTESIAN_POINT('',(26.,-46.,0.));
#108 = VECTOR('',#109,1.);
#109 = DIRECTION('',(0.,0.,1.));
#110 = PCURVE('',#50,#111);
#111 = DEFINITIONAL_REPRESENTATION('',(#112),#116);
#112 = LINE('',#113,#114);
#113 = CARTESIAN_POINT('',(52.,0.));
#114 = VECTOR('',#115,1.);
#115 = DIRECTION('',(0.,-1.));
#116 = ( GEOMETRIC_REPRESENTATION_CONTEXT(2) 
PARAMETRIC_REPRESENTATION_CONTEXT() REPRESENTATION_CONTEXT('2D SPACE',''
  ) );
#117 = PCURVE('',#118,#123);
#118 = PLANE('',#119);
#119 = AXIS2_PLACEMENT_3D('',#120,#121,#122);
#120 = CARTESIAN_POINT('',(26.,-46.,0.));
#121 = DIRECTION('',(-0.707106781187,0.707106781187,0.));
#122 = DIRECTION('',(0.707106781187,0.707106781187,0.));
#123 = DEFINITIONAL_REPRESENTATION('',(#124),#128);
#124 = LINE('',#125,#126);
#125 = CARTESIAN_POINT('',(0.,0.));
#126 = VECTOR('',#127,1.);
#127 = DIRECTION('',(0.,-1.));
#128 = ( GEOMETRIC_REPRESENTATION_CONTEXT(2) 
PARAMETRIC_REPRESENTATION_CONTEXT() REPRESENTATION_CONTEXT('2D SPACE',''
  ) );
#129 = ORIENTED_EDGE('',*,*,#130,.F.);
#130 = EDGE_CURVE('',#40,#103,#131,.T.);
#131 = SURFACE_CURVE('',#132,(#136,#143),.PCURVE_S1.);
#132 = LINE('',#133,#134);
#133 = CARTESIAN_POINT('',(-26.,-46.,0.));
#134 = VECTOR('',#135,1.);
#135 = DIRECTION('',(1.,0.,0.));
#136 = PCURVE('',#50,#137);
#137 = DEFINITIONAL_REPRESENTATION('',(#138),#142);
#138 = LINE('',#139,#140);
#139 = CARTESIAN_POINT('',(0.,0.));
#140 = VECTOR('',#141,1.);
#141 = DIRECTION('',(1.,0.));
#142 = ( GEOMETRIC_REPRESENTATION_CONTEXT(2) 
PARAMETRIC_REPRESENTATION_CONTEXT() REPRESENTATION_CONTEXT('2D SPACE',''
  ) );
#143 = PCURVE('',#144,#149);
#144 = PLANE('',#145);
#145 = AXIS2_PLACEMENT_3D('',#146,#147,#148);
#146 = CARTESIAN_POINT('',(-1.83638893755E-16,1.83638893755E-16,0.));
#147 = DIRECTION('',(0.,0.,1.));
#148 = DIRECTION('',(1.,0.,-0.));
#149 = DEFINITIONAL_REPRESENTATION('',(#150),#154);
#150 = LINE('',#151,#152);
#151 = CARTESIAN_POINT('',(-26.,-46.));
#152 = VECTOR('',#153,1.);
#153 = DIRECTION('',(1.,0.));
#154 = ( GEOMETRIC_REPRESENTATION_CONTEXT(2) 
PARAMETRIC_REPRESENTATION_CONTEXT() REPRESENTATION_CONTEXT('2D SPACE',''
  ) );
#155 = ADVANCED_FACE('',(#156),#62,.F.);
#156 = FACE_BOUND('',#157,.F.);
#157 = EDGE_LOOP('',(#158,#181,#207,#228));
#158 = ORIENTED_EDGE('',*,*,#159,.F.);
#159 = EDGE_CURVE('',#160,#40,#162,.T.);
#160 = VERTEX_POINT('',#161);
#161 = CARTESIAN_POINT('',(-33.30759686949,-38.6924031305,0.));
#162 = SURFACE_CURVE('',#163,(#167,#174),.PCURVE_S1.);
#163 = LINE('',#164,#165);
#164 = CARTESIAN_POINT('',(-39.,-33.,0.));
#165 = VECTOR('',#166,1.);
#166 = DIRECTION('',(0.707106781187,-0.707106781187,0.));
#167 = PCURVE('',#62,#168);
#168 = DEFINITIONAL_REPRESENTATION('',(#169),#173);
#169 = LINE('',#170,#171);
#170 = CARTESIAN_POINT('',(0.,0.));
#171 = VECTOR('',#172,1.);
#172 = DIRECTION('',(1.,0.));
#173 = ( GEOMETRIC_REPRESENTATION_CONTEXT(2) 
PARAMETRIC_REPRESENTATION_CONTEXT() REPRESENTATION_CONTEXT('2D SPACE',''
  ) );
#174 = PCURVE('',#144,#175);
#175 = DEFINITIONAL_REPRESENTATION('',(#176),#180);
#176 = LINE('',#177,#178);
#177 = CARTESIAN_POINT('',(-39.,-33.));
#178 = VECTOR('',#179,1.);
#179 = DIRECTION('',(0.707106781187,-0.707106781187));
#180 = ( GEOMETRIC_REPRESENTATION_CONTEXT(2) 
PARAMETRIC_REPRESENTATION_CONTEXT() REPRESENTATION_CONTEXT('2D SPACE',''
  ) );
#181 = ORIENTED_EDGE('',*,*,#182,.F.);
#182 = EDGE_CURVE('',#183,#160,#185,.T.);
#183 = VERTEX_POINT('',#184);
#184 = CARTESIAN_POINT('',(-33.30759686949,-38.6924031305,18.));
#185 = SURFACE_CURVE('',#186,(#190,#196),.PCURVE_S1.);
#186 = LINE('',#187,#188);
#187 = CARTESIAN_POINT('',(-33.30759686949,-38.6924031305,0.));
#188 = VECTOR('',#189,1.);
#189 = DIRECTION('',(0.,-0.,-1.));
#190 = PCURVE('',#62,#191);
#191 = DEFINITIONAL_REPRESENTATION('',(#192),#195);
#192 = B_SPLINE_CURVE_WITH_KNOTS('',1,(#193,#194),.UNSPECIFIED.,.F.,.F.,
  (2,2),(-18.,0.),.PIECEWISE_BEZIER_KNOTS.);
#193 = CARTESIAN_POINT('',(8.050273709661,-18.));
#194 = CARTESIAN_POINT('',(8.050273709661,0.));
#195 = ( GEOMETRIC_REPRESENTATION_CONTEXT(2) 
PARAMETRIC_REPRESENTATION_CONTEXT() REPRESENTATION_CONTEXT('2D SPACE',''
  ) );
#196 = PCURVE('',#197,#202);
#197 = PLANE('',#198);
#198 = AXIS2_PLACEMENT_3D('',#199,#200,#201);
#199 = CARTESIAN_POINT('',(-27.1539109227,-35.42043027312,0.));
#200 = DIRECTION('',(0.469471562786,-0.882947592859,0.));
#201 = DIRECTION('',(0.,-0.,1.));
#202 = DEFINITIONAL_REPRESENTATION('',(#203),#206);
#203 = B_SPLINE_CURVE_WITH_KNOTS('',1,(#204,#205),.UNSPECIFIED.,.F.,.F.,
  (2,2),(-18.,0.),.PIECEWISE_BEZIER_KNOTS.);
#204 = CARTESIAN_POINT('',(18.,6.969480404674));
#205 = CARTESIAN_POINT('',(0.,6.969480404674));
#206 = ( GEOMETRIC_REPRESENTATION_CONTEXT(2) 
PARAMETRIC_REPRESENTATION_CONTEXT() REPRESENTATION_CONTEXT('2D SPACE',''
  ) );
#207 = ORIENTED_EDGE('',*,*,#208,.T.);
#208 = EDGE_CURVE('',#183,#42,#209,.T.);
#209 = SURFACE_CURVE('',#210,(#214,#221),.PCURVE_S1.);
#210 = LINE('',#211,#212);
#211 = CARTESIAN_POINT('',(-39.,-33.,18.));
#212 = VECTOR('',#213,1.);
#213 = DIRECTION('',(0.707106781187,-0.707106781187,0.));
#214 = PCURVE('',#62,#215);
#215 = DEFINITIONAL_REPRESENTATION('',(#216),#220);
#216 = LINE('',#217,#218);
#217 = CARTESIAN_POINT('',(0.,-18.));
#218 = VECTOR('',#219,1.);
#219 = DIRECTION('',(1.,0.));
#220 = ( GEOMETRIC_REPRESENTATION_CONTEXT(2) 
PARAMETRIC_REPRESENTATION_CONTEXT() REPRESENTATION_CONTEXT('2D SPACE',''
  ) );
#221 = PCURVE('',#90,#222);
#222 = DEFINITIONAL_REPRESENTATION('',(#223),#227);
#223 = LINE('',#224,#225);
#224 = CARTESIAN_POINT('',(-39.,-33.));
#225 = VECTOR('',#226,1.);
#226 = DIRECTION('',(0.707106781187,-0.707106781187));
#227 = ( GEOMETRIC_REPRESENTATION_CONTEXT(2) 
PARAMETRIC_REPRESENTATION_CONTEXT() REPRESENTATION_CONTEXT('2D SPACE',''
  ) );
#228 = ORIENTED_EDGE('',*,*,#39,.F.);
#229 = ADVANCED_FACE('',(#230),#118,.F.);
#230 = FACE_BOUND('',#231,.F.);
#231 = EDGE_LOOP('',(#232,#255,#256,#279));
#232 = ORIENTED_EDGE('',*,*,#233,.F.);
#233 = EDGE_CURVE('',#103,#234,#236,.T.);
#234 = VERTEX_POINT('',#235);
#235 = CARTESIAN_POINT('',(33.307596869491,-38.6924031305,0.));
#236 = SURFACE_CURVE('',#237,(#241,#248),.PCURVE_S1.);
#237 = LINE('',#238,#239);
#238 = CARTESIAN_POINT('',(26.,-46.,0.));
#239 = VECTOR('',#240,1.);
#240 = DIRECTION('',(0.707106781187,0.707106781187,0.));
#241 = PCURVE('',#118,#242);
#242 = DEFINITIONAL_REPRESENTATION('',(#243),#247);
#243 = LINE('',#244,#245);
#244 = CARTESIAN_POINT('',(0.,0.));
#245 = VECTOR('',#246,1.);
#246 = DIRECTION('',(1.,0.));
#247 = ( GEOMETRIC_REPRESENTATION_CONTEXT(2) 
PARAMETRIC_REPRESENTATION_CONTEXT() REPRESENTATION_CONTEXT('2D SPACE',''
  ) );
#248 = PCURVE('',#144,#249);
#249 = DEFINITIONAL_REPRESENTATION('',(#250),#254);
#250 = LINE('',#251,#252);
#251 = CARTESIAN_POINT('',(26.,-46.));
#252 = VECTOR('',#253,1.);
#253 = DIRECTION('',(0.707106781187,0.707106781187));
#254 = ( GEOMETRIC_REPRESENTATION_CONTEXT(2) 
PARAMETRIC_REPRESENTATION_CONTEXT() REPRESENTATION_CONTEXT('2D SPACE',''
  ) );
#255 = ORIENTED_EDGE('',*,*,#102,.T.);
#256 = ORIENTED_EDGE('',*,*,#257,.T.);
#257 = EDGE_CURVE('',#75,#258,#260,.T.);
#258 = VERTEX_POINT('',#259);
#259 = CARTESIAN_POINT('',(33.307596869491,-38.6924031305,18.));
#260 = SURFACE_CURVE('',#261,(#265,#272),.PCURVE_S1.);
#261 = LINE('',#262,#263);
#262 = CARTESIAN_POINT('',(26.,-46.,18.));
#263 = VECTOR('',#264,1.);
#264 = DIRECTION('',(0.707106781187,0.707106781187,0.));
#265 = PCURVE('',#118,#266);
#266 = DEFINITIONAL_REPRESENTATION('',(#267),#271);
#267 = LINE('',#268,#269);
#268 = CARTESIAN_POINT('',(0.,-18.));
#269 = VECTOR('',#270,1.);
#270 = DIRECTION('',(1.,0.));
#271 = ( GEOMETRIC_REPRESENTATION_CONTEXT(2) 
PARAMETRIC_REPRESENTATION_CONTEXT() REPRESENTATION_CONTEXT('2D SPACE',''
  ) );
#272 = PCURVE('',#90,#273);
#273 = DEFINITIONAL_REPRESENTATION('',(#274),#278);
#274 = LINE('',#275,#276);
#275 = CARTESIAN_POINT('',(26.,-46.));
#276 = VECTOR('',#277,1.);
#277 = DIRECTION('',(0.707106781187,0.707106781187));
#278 = ( GEOMETRIC_REPRESENTATION_CONTEXT(2) 
PARAMETRIC_REPRESENTATION_CONTEXT() REPRESENTATION_CONTEXT('2D SPACE',''
  ) );
#279 = ORIENTED_EDGE('',*,*,#280,.T.);
#280 = EDGE_CURVE('',#258,#234,#281,.T.);
#281 = SURFACE_CURVE('',#282,(#286,#292),.PCURVE_S1.);
#282 = LINE('',#283,#284);
#283 = CARTESIAN_POINT('',(33.307596869491,-38.6924031305,0.));
#284 = VECTOR('',#285,1.);
#285 = DIRECTION('',(0.,0.,-1.));
#286 = PCURVE('',#118,#287);
#287 = DEFINITIONAL_REPRESENTATION('',(#288),#291);
#288 = B_SPLINE_CURVE_WITH_KNOTS('',1,(#289,#290),.UNSPECIFIED.,.F.,.F.,
  (2,2),(-18.,0.),.PIECEWISE_BEZIER_KNOTS.);
#289 = CARTESIAN_POINT('',(10.33450260119,-18.));
#290 = CARTESIAN_POINT('',(10.33450260119,0.));
#291 = ( GEOMETRIC_REPRESENTATION_CONTEXT(2) 
PARAMETRIC_REPRESENTATION_CONTEXT() REPRESENTATION_CONTEXT('2D SPACE',''
  ) );
#292 = PCURVE('',#293,#298);
#293 = PLANE('',#294);
#294 = AXIS2_PLACEMENT_3D('',#295,#296,#297);
#295 = CARTESIAN_POINT('',(27.153910922707,-35.42043027312,0.));
#296 = DIRECTION('',(0.469471562786,0.882947592859,0.));
#297 = DIRECTION('',(0.,0.,1.));
#298 = DEFINITIONAL_REPRESENTATION('',(#299),#302);
#299 = B_SPLINE_CURVE_WITH_KNOTS('',1,(#300,#301),.UNSPECIFIED.,.F.,.F.,
  (2,2),(-18.,0.),.PIECEWISE_BEZIER_KNOTS.);
#300 = CARTESIAN_POINT('',(18.,6.969480404674));
#301 = CARTESIAN_POINT('',(0.,6.969480404674));
#302 = ( GEOMETRIC_REPRESENTATION_CONTEXT(2) 
PARAMETRIC_REPRESENTATION_CONTEXT() REPRESENTATION_CONTEXT('2D SPACE',''
  ) );
#303 = ADVANCED_FACE('',(#304),#144,.F.);
#304 = FACE_BOUND('',#305,.F.);
#305 = EDGE_LOOP('',(#306,#307,#308,#309,#332,#360,#388,#416,#444,#472,
    #500,#528,#556,#584,#612,#640,#668,#696,#724,#752,#780,#808,#836,
    #864,#892,#920,#948,#976));
#306 = ORIENTED_EDGE('',*,*,#159,.T.);
#307 = ORIENTED_EDGE('',*,*,#130,.T.);
#308 = ORIENTED_EDGE('',*,*,#233,.T.);
#309 = ORIENTED_EDGE('',*,*,#310,.T.);
#310 = EDGE_CURVE('',#234,#311,#313,.T.);
#311 = VERTEX_POINT('',#312);
#312 = CARTESIAN_POINT('',(35.983386851296,-40.11514590098,0.));
#313 = SURFACE_CURVE('',#314,(#318,#325),.PCURVE_S1.);
#314 = LINE('',#315,#316);
#315 = CARTESIAN_POINT('',(27.153910922707,-35.42043027312,0.));
#316 = VECTOR('',#317,1.);
#317 = DIRECTION('',(0.882947592859,-0.469471562786,0.));
#318 = PCURVE('',#144,#319);
#319 = DEFINITIONAL_REPRESENTATION('',(#320),#324);
#320 = LINE('',#321,#322);
#321 = CARTESIAN_POINT('',(27.153910922707,-35.42043027312));
#322 = VECTOR('',#323,1.);
#323 = DIRECTION('',(0.882947592859,-0.469471562786));
#324 = ( GEOMETRIC_REPRESENTATION_CONTEXT(2) 
PARAMETRIC_REPRESENTATION_CONTEXT() REPRESENTATION_CONTEXT('2D SPACE',''
  ) );
#325 = PCURVE('',#293,#326);
#326 = DEFINITIONAL_REPRESENTATION('',(#327),#331);
#327 = LINE('',#328,#329);
#328 = CARTESIAN_POINT('',(0.,0.));
#329 = VECTOR('',#330,1.);
#330 = DIRECTION('',(0.,1.));
#331 = ( GEOMETRIC_REPRESENTATION_CONTEXT(2) 
PARAMETRIC_REPRESENTATION_CONTEXT() REPRESENTATION_CONTEXT('2D SPACE',''
  ) );
#332 = ORIENTED_EDGE('',*,*,#333,.T.);
#333 = EDGE_CURVE('',#311,#334,#336,.T.);
#334 = VERTEX_POINT('',#335);
#335 = CARTESIAN_POINT('',(43.49493185587,-25.98798441523,0.));
#336 = SURFACE_CURVE('',#337,(#341,#348),.PCURVE_S1.);
#337 = LINE('',#338,#339);
#338 = CARTESIAN_POINT('',(35.983386851296,-40.11514590098,0.));
#339 = VECTOR('',#340,1.);
#340 = DIRECTION('',(0.469471562786,0.882947592859,0.));
#341 = PCURVE('',#144,#342);
#342 = DEFINITIONAL_REPRESENTATION('',(#343),#347);
#343 = LINE('',#344,#345);
#344 = CARTESIAN_POINT('',(35.983386851296,-40.11514590098));
#345 = VECTOR('',#346,1.);
#346 = DIRECTION('',(0.469471562786,0.882947592859));
#347 = ( GEOMETRIC_REPRESENTATION_CONTEXT(2) 
PARAMETRIC_REPRESENTATION_CONTEXT() REPRESENTATION_CONTEXT('2D SPACE',''
  ) );
#348 = PCURVE('',#349,#354);
#349 = PLANE('',#350);
#350 = AXIS2_PLACEMENT_3D('',#351,#352,#353);
#351 = CARTESIAN_POINT('',(35.983386851296,-40.11514590098,0.));
#352 = DIRECTION('',(0.882947592859,-0.469471562786,0.));
#353 = DIRECTION('',(0.,0.,1.));
#354 = DEFINITIONAL_REPRESENTATION('',(#355),#359);
#355 = LINE('',#356,#357);
#356 = CARTESIAN_POINT('',(0.,0.));
#357 = VECTOR('',#358,1.);
#358 = DIRECTION('',(0.,-1.));
#359 = ( GEOMETRIC_REPRESENTATION_CONTEXT(2) 
PARAMETRIC_REPRESENTATION_CONTEXT() REPRESENTATION_CONTEXT('2D SPACE',''
  ) );
#360 = ORIENTED_EDGE('',*,*,#361,.F.);
#361 = EDGE_CURVE('',#362,#334,#364,.T.);
#362 = VERTEX_POINT('',#363);
#363 = CARTESIAN_POINT('',(39.,-23.59798675279,0.));
#364 = SURFACE_CURVE('',#365,(#369,#376),.PCURVE_S1.);
#365 = LINE('',#366,#367);
#366 = CARTESIAN_POINT('',(34.665455927281,-21.29326878737,0.));
#367 = VECTOR('',#368,1.);
#368 = DIRECTION('',(0.882947592859,-0.469471562786,0.));
#369 = PCURVE('',#144,#370);
#370 = DEFINITIONAL_REPRESENTATION('',(#371),#375);
#371 = LINE('',#372,#373);
#372 = CARTESIAN_POINT('',(34.665455927281,-21.29326878737));
#373 = VECTOR('',#374,1.);
#374 = DIRECTION('',(0.882947592859,-0.469471562786));
#375 = ( GEOMETRIC_REPRESENTATION_CONTEXT(2) 
PARAMETRIC_REPRESENTATION_CONTEXT() REPRESENTATION_CONTEXT('2D SPACE',''
  ) );
#376 = PCURVE('',#377,#382);
#377 = PLANE('',#378);
#378 = AXIS2_PLACEMENT_3D('',#379,#380,#381);
#379 = CARTESIAN_POINT('',(34.665455927281,-21.29326878737,0.));
#380 = DIRECTION('',(0.469471562786,0.882947592859,0.));
#381 = DIRECTION('',(0.,0.,1.));
#382 = DEFINITIONAL_REPRESENTATION('',(#383),#387);
#383 = LINE('',#384,#385);
#384 = CARTESIAN_POINT('',(0.,0.));
#385 = VECTOR('',#386,1.);
#386 = DIRECTION('',(0.,1.));
#387 = ( GEOMETRIC_REPRESENTATION_CONTEXT(2) 
PARAMETRIC_REPRESENTATION_CONTEXT() REPRESENTATION_CONTEXT('2D SPACE',''
  ) );
#388 = ORIENTED_EDGE('',*,*,#389,.T.);
#389 = EDGE_CURVE('',#362,#390,#392,.T.);
#390 = VERTEX_POINT('',#391);
#391 = CARTESIAN_POINT('',(39.,-8.,0.));
#392 = SURFACE_CURVE('',#393,(#397,#404),.PCURVE_S1.);
#393 = LINE('',#394,#395);
#394 = CARTESIAN_POINT('',(39.,-33.,0.));
#395 = VECTOR('',#396,1.);
#396 = DIRECTION('',(0.,1.,0.));
#397 = PCURVE('',#144,#398);
#398 = DEFINITIONAL_REPRESENTATION('',(#399),#403);
#399 = LINE('',#400,#401);
#400 = CARTESIAN_POINT('',(39.,-33.));
#401 = VECTOR('',#402,1.);
#402 = DIRECTION('',(0.,1.));
#403 = ( GEOMETRIC_REPRESENTATION_CONTEXT(2) 
PARAMETRIC_REPRESENTATION_CONTEXT() REPRESENTATION_CONTEXT('2D SPACE',''
  ) );
#404 = PCURVE('',#405,#410);
#405 = PLANE('',#406);
#406 = AXIS2_PLACEMENT_3D('',#407,#408,#409);
#407 = CARTESIAN_POINT('',(39.,-33.,0.));
#408 = DIRECTION('',(-1.,0.,0.));
#409 = DIRECTION('',(0.,1.,0.));
#410 = DEFINITIONAL_REPRESENTATION('',(#411),#415);
#411 = LINE('',#412,#413);
#412 = CARTESIAN_POINT('',(0.,0.));
#413 = VECTOR('',#414,1.);
#414 = DIRECTION('',(1.,0.));
#415 = ( GEOMETRIC_REPRESENTATION_CONTEXT(2) 
PARAMETRIC_REPRESENTATION_CONTEXT() REPRESENTATION_CONTEXT('2D SPACE',''
  ) );
#416 = ORIENTED_EDGE('',*,*,#417,.T.);
#417 = EDGE_CURVE('',#390,#418,#420,.T.);
#418 = VERTEX_POINT('',#419);
#419 = CARTESIAN_POINT('',(42.,-8.,0.));
#420 = SURFACE_CURVE('',#421,(#425,#432),.PCURVE_S1.);
#421 = LINE('',#422,#423);
#422 = CARTESIAN_POINT('',(32.,-8.,0.));
#423 = VECTOR('',#424,1.);
#424 = DIRECTION('',(1.,0.,0.));
#425 = PCURVE('',#144,#426);
#426 = DEFINITIONAL_REPRESENTATION('',(#427),#431);
#427 = LINE('',#428,#429);
#428 = CARTESIAN_POINT('',(32.,-8.));
#429 = VECTOR('',#430,1.);
#430 = DIRECTION('',(1.,0.));
#431 = ( GEOMETRIC_REPRESENTATION_CONTEXT(2) 
PARAMETRIC_REPRESENTATION_CONTEXT() REPRESENTATION_CONTEXT('2D SPACE',''
  ) );
#432 = PCURVE('',#433,#438);
#433 = PLANE('',#434);
#434 = AXIS2_PLACEMENT_3D('',#435,#436,#437);
#435 = CARTESIAN_POINT('',(32.,-8.,0.));
#436 = DIRECTION('',(0.,1.,0.));
#437 = DIRECTION('',(0.,0.,1.));
#438 = DEFINITIONAL_REPRESENTATION('',(#439),#443);
#439 = LINE('',#440,#441);
#440 = CARTESIAN_POINT('',(0.,0.));
#441 = VECTOR('',#442,1.);
#442 = DIRECTION('',(0.,1.));
#443 = ( GEOMETRIC_REPRESENTATION_CONTEXT(2) 
PARAMETRIC_REPRESENTATION_CONTEXT() REPRESENTATION_CONTEXT('2D SPACE',''
  ) );
#444 = ORIENTED_EDGE('',*,*,#445,.T.);
#445 = EDGE_CURVE('',#418,#446,#448,.T.);
#446 = VERTEX_POINT('',#447);
#447 = CARTESIAN_POINT('',(42.,8.,0.));
#448 = SURFACE_CURVE('',#449,(#453,#460),.PCURVE_S1.);
#449 = LINE('',#450,#451);
#450 = CARTESIAN_POINT('',(42.,-8.,0.));
#451 = VECTOR('',#452,1.);
#452 = DIRECTION('',(0.,1.,0.));
#453 = PCURVE('',#144,#454);
#454 = DEFINITIONAL_REPRESENTATION('',(#455),#459);
#455 = LINE('',#456,#457);
#456 = CARTESIAN_POINT('',(42.,-8.));
#457 = VECTOR('',#458,1.);
#458 = DIRECTION('',(0.,1.));
#459 = ( GEOMETRIC_REPRESENTATION_CONTEXT(2) 
PARAMETRIC_REPRESENTATION_CONTEXT() REPRESENTATION_CONTEXT('2D SPACE',''
  ) );
#460 = PCURVE('',#461,#466);
#461 = PLANE('',#462);
#462 = AXIS2_PLACEMENT_3D('',#463,#464,#465);
#463 = CARTESIAN_POINT('',(42.,-8.,0.));
#464 = DIRECTION('',(1.,0.,0.));
#465 = DIRECTION('',(0.,0.,1.));
#466 = DEFINITIONAL_REPRESENTATION('',(#467),#471);
#467 = LINE('',#468,#469);
#468 = CARTESIAN_POINT('',(0.,0.));
#469 = VECTOR('',#470,1.);
#470 = DIRECTION('',(0.,-1.));
#471 = ( GEOMETRIC_REPRESENTATION_CONTEXT(2) 
PARAMETRIC_REPRESENTATION_CONTEXT() REPRESENTATION_CONTEXT('2D SPACE',''
  ) );
#472 = ORIENTED_EDGE('',*,*,#473,.F.);
#473 = EDGE_CURVE('',#474,#446,#476,.T.);
#474 = VERTEX_POINT('',#475);
#475 = CARTESIAN_POINT('',(39.,8.,0.));
#476 = SURFACE_CURVE('',#477,(#481,#488),.PCURVE_S1.);
#477 = LINE('',#478,#479);
#478 = CARTESIAN_POINT('',(32.,8.,0.));
#479 = VECTOR('',#480,1.);
#480 = DIRECTION('',(1.,0.,0.));
#481 = PCURVE('',#144,#482);
#482 = DEFINITIONAL_REPRESENTATION('',(#483),#487);
#483 = LINE('',#484,#485);
#484 = CARTESIAN_POINT('',(32.,8.));
#485 = VECTOR('',#486,1.);
#486 = DIRECTION('',(1.,0.));
#487 = ( GEOMETRIC_REPRESENTATION_CONTEXT(2) 
PARAMETRIC_REPRESENTATION_CONTEXT() REPRESENTATION_CONTEXT('2D SPACE',''
  ) );
#488 = PCURVE('',#489,#494);
#489 = PLANE('',#490);
#490 = AXIS2_PLACEMENT_3D('',#491,#492,#493);
#491 = CARTESIAN_POINT('',(32.,8.,0.));
#492 = DIRECTION('',(0.,1.,0.));
#493 = DIRECTION('',(0.,0.,1.));
#494 = DEFINITIONAL_REPRESENTATION('',(#495),#499);
#495 = LINE('',#496,#497);
#496 = CARTESIAN_POINT('',(0.,0.));
#497 = VECTOR('',#498,1.);
#498 = DIRECTION('',(0.,1.));
#499 = ( GEOMETRIC_REPRESENTATION_CONTEXT(2) 
PARAMETRIC_REPRESENTATION_CONTEXT() REPRESENTATION_CONTEXT('2D SPACE',''
  ) );
#500 = ORIENTED_EDGE('',*,*,#501,.T.);
#501 = EDGE_CURVE('',#474,#502,#504,.T.);
#502 = VERTEX_POINT('',#503);
#503 = CARTESIAN_POINT('',(39.,23.597986752795,0.));
#504 = SURFACE_CURVE('',#505,(#509,#516),.PCURVE_S1.);
#505 = LINE('',#506,#507);
#506 = CARTESIAN_POINT('',(39.,-33.,0.));
#507 = VECTOR('',#508,1.);
#508 = DIRECTION('',(0.,1.,0.));
#509 = PCURVE('',#144,#510);
#510 = DEFINITIONAL_REPRESENTATION('',(#511),#515);
#511 = LINE('',#512,#513);
#512 = CARTESIAN_POINT('',(39.,-33.));
#513 = VECTOR('',#514,1.);
#514 = DIRECTION('',(0.,1.));
#515 = ( GEOMETRIC_REPRESENTATION_CONTEXT(2) 
PARAMETRIC_REPRESENTATION_CONTEXT() REPRESENTATION_CONTEXT('2D SPACE',''
  ) );
#516 = PCURVE('',#517,#522);
#517 = PLANE('',#518);
#518 = AXIS2_PLACEMENT_3D('',#519,#520,#521);
#519 = CARTESIAN_POINT('',(39.,-33.,0.));
#520 = DIRECTION('',(-1.,0.,0.));
#521 = DIRECTION('',(0.,1.,0.));
#522 = DEFINITIONAL_REPRESENTATION('',(#523),#527);
#523 = LINE('',#524,#525);
#524 = CARTESIAN_POINT('',(0.,0.));
#525 = VECTOR('',#526,1.);
#526 = DIRECTION('',(1.,0.));
#527 = ( GEOMETRIC_REPRESENTATION_CONTEXT(2) 
PARAMETRIC_REPRESENTATION_CONTEXT() REPRESENTATION_CONTEXT('2D SPACE',''
  ) );
#528 = ORIENTED_EDGE('',*,*,#529,.T.);
#529 = EDGE_CURVE('',#502,#530,#532,.T.);
#530 = VERTEX_POINT('',#531);
#531 = CARTESIAN_POINT('',(43.49493185587,25.987984415237,0.));
#532 = SURFACE_CURVE('',#533,(#537,#544),.PCURVE_S1.);
#533 = LINE('',#534,#535);
#534 = CARTESIAN_POINT('',(34.665455927281,21.293268787378,0.));
#535 = VECTOR('',#536,1.);
#536 = DIRECTION('',(0.882947592859,0.469471562786,0.));
#537 = PCURVE('',#144,#538);
#538 = DEFINITIONAL_REPRESENTATION('',(#539),#543);
#539 = LINE('',#540,#541);
#540 = CARTESIAN_POINT('',(34.665455927281,21.293268787378));
#541 = VECTOR('',#542,1.);
#542 = DIRECTION('',(0.882947592859,0.469471562786));
#543 = ( GEOMETRIC_REPRESENTATION_CONTEXT(2) 
PARAMETRIC_REPRESENTATION_CONTEXT() REPRESENTATION_CONTEXT('2D SPACE',''
  ) );
#544 = PCURVE('',#545,#550);
#545 = PLANE('',#546);
#546 = AXIS2_PLACEMENT_3D('',#547,#548,#549);
#547 = CARTESIAN_POINT('',(34.665455927281,21.293268787378,0.));
#548 = DIRECTION('',(-0.469471562786,0.882947592859,0.));
#549 = DIRECTION('',(0.,0.,1.));
#550 = DEFINITIONAL_REPRESENTATION('',(#551),#555);
#551 = LINE('',#552,#553);
#552 = CARTESIAN_POINT('',(0.,0.));
#553 = VECTOR('',#554,1.);
#554 = DIRECTION('',(0.,1.));
#555 = ( GEOMETRIC_REPRESENTATION_CONTEXT(2) 
PARAMETRIC_REPRESENTATION_CONTEXT() REPRESENTATION_CONTEXT('2D SPACE',''
  ) );
#556 = ORIENTED_EDGE('',*,*,#557,.T.);
#557 = EDGE_CURVE('',#530,#558,#560,.T.);
#558 = VERTEX_POINT('',#559);
#559 = CARTESIAN_POINT('',(35.983386851296,40.11514590098,0.));
#560 = SURFACE_CURVE('',#561,(#565,#572),.PCURVE_S1.);
#561 = LINE('',#562,#563);
#562 = CARTESIAN_POINT('',(43.49493185587,25.987984415237,0.));
#563 = VECTOR('',#564,1.);
#564 = DIRECTION('',(-0.469471562786,0.882947592859,0.));
#565 = PCURVE('',#144,#566);
#566 = DEFINITIONAL_REPRESENTATION('',(#567),#571);
#567 = LINE('',#568,#569);
#568 = CARTESIAN_POINT('',(43.49493185587,25.987984415237));
#569 = VECTOR('',#570,1.);
#570 = DIRECTION('',(-0.469471562786,0.882947592859));
#571 = ( GEOMETRIC_REPRESENTATION_CONTEXT(2) 
PARAMETRIC_REPRESENTATION_CONTEXT() REPRESENTATION_CONTEXT('2D SPACE',''
  ) );
#572 = PCURVE('',#573,#578);
#573 = PLANE('',#574);
#574 = AXIS2_PLACEMENT_3D('',#575,#576,#577);
#575 = CARTESIAN_POINT('',(43.49493185587,25.987984415237,0.));
#576 = DIRECTION('',(0.882947592859,0.469471562786,0.));
#577 = DIRECTION('',(0.,0.,1.));
#578 = DEFINITIONAL_REPRESENTATION('',(#579),#583);
#579 = LINE('',#580,#581);
#580 = CARTESIAN_POINT('',(0.,0.));
#581 = VECTOR('',#582,1.);
#582 = DIRECTION('',(0.,-1.));
#583 = ( GEOMETRIC_REPRESENTATION_CONTEXT(2) 
PARAMETRIC_REPRESENTATION_CONTEXT() REPRESENTATION_CONTEXT('2D SPACE',''
  ) );
#584 = ORIENTED_EDGE('',*,*,#585,.F.);
#585 = EDGE_CURVE('',#586,#558,#588,.T.);
#586 = VERTEX_POINT('',#587);
#587 = CARTESIAN_POINT('',(33.307596869491,38.692403130509,0.));
#588 = SURFACE_CURVE('',#589,(#593,#600),.PCURVE_S1.);
#589 = LINE('',#590,#591);
#590 = CARTESIAN_POINT('',(27.153910922707,35.420430273121,0.));
#591 = VECTOR('',#592,1.);
#592 = DIRECTION('',(0.882947592859,0.469471562786,0.));
#593 = PCURVE('',#144,#594);
#594 = DEFINITIONAL_REPRESENTATION('',(#595),#599);
#595 = LINE('',#596,#597);
#596 = CARTESIAN_POINT('',(27.153910922707,35.420430273121));
#597 = VECTOR('',#598,1.);
#598 = DIRECTION('',(0.882947592859,0.469471562786));
#599 = ( GEOMETRIC_REPRESENTATION_CONTEXT(2) 
PARAMETRIC_REPRESENTATION_CONTEXT() REPRESENTATION_CONTEXT('2D SPACE',''
  ) );
#600 = PCURVE('',#601,#606);
#601 = PLANE('',#602);
#602 = AXIS2_PLACEMENT_3D('',#603,#604,#605);
#603 = CARTESIAN_POINT('',(27.153910922707,35.420430273121,0.));
#604 = DIRECTION('',(-0.469471562786,0.882947592859,0.));
#605 = DIRECTION('',(0.,0.,1.));
#606 = DEFINITIONAL_REPRESENTATION('',(#607),#611);
#607 = LINE('',#608,#609);
#608 = CARTESIAN_POINT('',(0.,0.));
#609 = VECTOR('',#610,1.);
#610 = DIRECTION('',(0.,1.));
#611 = ( GEOMETRIC_REPRESENTATION_CONTEXT(2) 
PARAMETRIC_REPRESENTATION_CONTEXT() REPRESENTATION_CONTEXT('2D SPACE',''
  ) );
#612 = ORIENTED_EDGE('',*,*,#613,.T.);
#613 = EDGE_CURVE('',#586,#614,#616,.T.);
#614 = VERTEX_POINT('',#615);
#615 = CARTESIAN_POINT('',(26.,46.,0.));
#616 = SURFACE_CURVE('',#617,(#621,#628),.PCURVE_S1.);
#617 = LINE('',#618,#619);
#618 = CARTESIAN_POINT('',(39.,33.,0.));
#619 = VECTOR('',#620,1.);
#620 = DIRECTION('',(-0.707106781187,0.707106781187,0.));
#621 = PCURVE('',#144,#622);
#622 = DEFINITIONAL_REPRESENTATION('',(#623),#627);
#623 = LINE('',#624,#625);
#624 = CARTESIAN_POINT('',(39.,33.));
#625 = VECTOR('',#626,1.);
#626 = DIRECTION('',(-0.707106781187,0.707106781187));
#627 = ( GEOMETRIC_REPRESENTATION_CONTEXT(2) 
PARAMETRIC_REPRESENTATION_CONTEXT() REPRESENTATION_CONTEXT('2D SPACE',''
  ) );
#628 = PCURVE('',#629,#634);
#629 = PLANE('',#630);
#630 = AXIS2_PLACEMENT_3D('',#631,#632,#633);
#631 = CARTESIAN_POINT('',(39.,33.,0.));
#632 = DIRECTION('',(-0.707106781187,-0.707106781187,0.));
#633 = DIRECTION('',(-0.707106781187,0.707106781187,0.));
#634 = DEFINITIONAL_REPRESENTATION('',(#635),#639);
#635 = LINE('',#636,#637);
#636 = CARTESIAN_POINT('',(0.,0.));
#637 = VECTOR('',#638,1.);
#638 = DIRECTION('',(1.,0.));
#639 = ( GEOMETRIC_REPRESENTATION_CONTEXT(2) 
PARAMETRIC_REPRESENTATION_CONTEXT() REPRESENTATION_CONTEXT('2D SPACE',''
  ) );
#640 = ORIENTED_EDGE('',*,*,#641,.T.);
#641 = EDGE_CURVE('',#614,#642,#644,.T.);
#642 = VERTEX_POINT('',#643);
#643 = CARTESIAN_POINT('',(-26.,46.,0.));
#644 = SURFACE_CURVE('',#645,(#649,#656),.PCURVE_S1.);
#645 = LINE('',#646,#647);
#646 = CARTESIAN_POINT('',(26.,46.,0.));
#647 = VECTOR('',#648,1.);
#648 = DIRECTION('',(-1.,0.,0.));
#649 = PCURVE('',#144,#650);
#650 = DEFINITIONAL_REPRESENTATION('',(#651),#655);
#651 = LINE('',#652,#653);
#652 = CARTESIAN_POINT('',(26.,46.));
#653 = VECTOR('',#654,1.);
#654 = DIRECTION('',(-1.,0.));
#655 = ( GEOMETRIC_REPRESENTATION_CONTEXT(2) 
PARAMETRIC_REPRESENTATION_CONTEXT() REPRESENTATION_CONTEXT('2D SPACE',''
  ) );
#656 = PCURVE('',#657,#662);
#657 = PLANE('',#658);
#658 = AXIS2_PLACEMENT_3D('',#659,#660,#661);
#659 = CARTESIAN_POINT('',(26.,46.,0.));
#660 = DIRECTION('',(0.,-1.,0.));
#661 = DIRECTION('',(-1.,0.,0.));
#662 = DEFINITIONAL_REPRESENTATION('',(#663),#667);
#663 = LINE('',#664,#665);
#664 = CARTESIAN_POINT('',(0.,-0.));
#665 = VECTOR('',#666,1.);
#666 = DIRECTION('',(1.,0.));
#667 = ( GEOMETRIC_REPRESENTATION_CONTEXT(2) 
PARAMETRIC_REPRESENTATION_CONTEXT() REPRESENTATION_CONTEXT('2D SPACE',''
  ) );
#668 = ORIENTED_EDGE('',*,*,#669,.T.);
#669 = EDGE_CURVE('',#642,#670,#672,.T.);
#670 = VERTEX_POINT('',#671);
#671 = CARTESIAN_POINT('',(-33.30759686949,38.692403130509,0.));
#672 = SURFACE_CURVE('',#673,(#677,#684),.PCURVE_S1.);
#673 = LINE('',#674,#675);
#674 = CARTESIAN_POINT('',(-26.,46.,0.));
#675 = VECTOR('',#676,1.);
#676 = DIRECTION('',(-0.707106781187,-0.707106781187,0.));
#677 = PCURVE('',#144,#678);
#678 = DEFINITIONAL_REPRESENTATION('',(#679),#683);
#679 = LINE('',#680,#681);
#680 = CARTESIAN_POINT('',(-26.,46.));
#681 = VECTOR('',#682,1.);
#682 = DIRECTION('',(-0.707106781187,-0.707106781187));
#683 = ( GEOMETRIC_REPRESENTATION_CONTEXT(2) 
PARAMETRIC_REPRESENTATION_CONTEXT() REPRESENTATION_CONTEXT('2D SPACE',''
  ) );
#684 = PCURVE('',#685,#690);
#685 = PLANE('',#686);
#686 = AXIS2_PLACEMENT_3D('',#687,#688,#689);
#687 = CARTESIAN_POINT('',(-26.,46.,0.));
#688 = DIRECTION('',(0.707106781187,-0.707106781187,0.));
#689 = DIRECTION('',(-0.707106781187,-0.707106781187,0.));
#690 = DEFINITIONAL_REPRESENTATION('',(#691),#695);
#691 = LINE('',#692,#693);
#692 = CARTESIAN_POINT('',(0.,0.));
#693 = VECTOR('',#694,1.);
#694 = DIRECTION('',(1.,0.));
#695 = ( GEOMETRIC_REPRESENTATION_CONTEXT(2) 
PARAMETRIC_REPRESENTATION_CONTEXT() REPRESENTATION_CONTEXT('2D SPACE',''
  ) );
#696 = ORIENTED_EDGE('',*,*,#697,.T.);
#697 = EDGE_CURVE('',#670,#698,#700,.T.);
#698 = VERTEX_POINT('',#699);
#699 = CARTESIAN_POINT('',(-35.98338685129,40.11514590098,0.));
#700 = SURFACE_CURVE('',#701,(#705,#712),.PCURVE_S1.);
#701 = LINE('',#702,#703);
#702 = CARTESIAN_POINT('',(-27.1539109227,35.420430273121,0.));
#703 = VECTOR('',#704,1.);
#704 = DIRECTION('',(-0.882947592859,0.469471562786,0.));
#705 = PCURVE('',#144,#706);
#706 = DEFINITIONAL_REPRESENTATION('',(#707),#711);
#707 = LINE('',#708,#709);
#708 = CARTESIAN_POINT('',(-27.1539109227,35.420430273121));
#709 = VECTOR('',#710,1.);
#710 = DIRECTION('',(-0.882947592859,0.469471562786));
#711 = ( GEOMETRIC_REPRESENTATION_CONTEXT(2) 
PARAMETRIC_REPRESENTATION_CONTEXT() REPRESENTATION_CONTEXT('2D SPACE',''
  ) );
#712 = PCURVE('',#713,#718);
#713 = PLANE('',#714);
#714 = AXIS2_PLACEMENT_3D('',#715,#716,#717);
#715 = CARTESIAN_POINT('',(-27.1539109227,35.420430273121,0.));
#716 = DIRECTION('',(-0.469471562786,-0.882947592859,0.));
#717 = DIRECTION('',(0.,0.,1.));
#718 = DEFINITIONAL_REPRESENTATION('',(#719),#723);
#719 = LINE('',#720,#721);
#720 = CARTESIAN_POINT('',(0.,0.));
#721 = VECTOR('',#722,1.);
#722 = DIRECTION('',(0.,1.));
#723 = ( GEOMETRIC_REPRESENTATION_CONTEXT(2) 
PARAMETRIC_REPRESENTATION_CONTEXT() REPRESENTATION_CONTEXT('2D SPACE',''
  ) );
#724 = ORIENTED_EDGE('',*,*,#725,.T.);
#725 = EDGE_CURVE('',#698,#726,#728,.T.);
#726 = VERTEX_POINT('',#727);
#727 = CARTESIAN_POINT('',(-43.49493185587,25.987984415237,0.));
#728 = SURFACE_CURVE('',#729,(#733,#740),.PCURVE_S1.);
#729 = LINE('',#730,#731);
#730 = CARTESIAN_POINT('',(-35.98338685129,40.11514590098,0.));
#731 = VECTOR('',#732,1.);
#732 = DIRECTION('',(-0.469471562786,-0.882947592859,0.));
#733 = PCURVE('',#144,#734);
#734 = DEFINITIONAL_REPRESENTATION('',(#735),#739);
#735 = LINE('',#736,#737);
#736 = CARTESIAN_POINT('',(-35.98338685129,40.11514590098));
#737 = VECTOR('',#738,1.);
#738 = DIRECTION('',(-0.469471562786,-0.882947592859));
#739 = ( GEOMETRIC_REPRESENTATION_CONTEXT(2) 
PARAMETRIC_REPRESENTATION_CONTEXT() REPRESENTATION_CONTEXT('2D SPACE',''
  ) );
#740 = PCURVE('',#741,#746);
#741 = PLANE('',#742);
#742 = AXIS2_PLACEMENT_3D('',#743,#744,#745);
#743 = CARTESIAN_POINT('',(-35.98338685129,40.11514590098,0.));
#744 = DIRECTION('',(-0.882947592859,0.469471562786,0.));
#745 = DIRECTION('',(0.,0.,1.));
#746 = DEFINITIONAL_REPRESENTATION('',(#747),#751);
#747 = LINE('',#748,#749);
#748 = CARTESIAN_POINT('',(0.,0.));
#749 = VECTOR('',#750,1.);
#750 = DIRECTION('',(0.,-1.));
#751 = ( GEOMETRIC_REPRESENTATION_CONTEXT(2) 
PARAMETRIC_REPRESENTATION_CONTEXT() REPRESENTATION_CONTEXT('2D SPACE',''
  ) );
#752 = ORIENTED_EDGE('',*,*,#753,.F.);
#753 = EDGE_CURVE('',#754,#726,#756,.T.);
#754 = VERTEX_POINT('',#755);
#755 = CARTESIAN_POINT('',(-39.,23.597986752795,0.));
#756 = SURFACE_CURVE('',#757,(#761,#768),.PCURVE_S1.);
#757 = LINE('',#758,#759);
#758 = CARTESIAN_POINT('',(-34.66545592728,21.293268787378,0.));
#759 = VECTOR('',#760,1.);
#760 = DIRECTION('',(-0.882947592859,0.469471562786,0.));
#761 = PCURVE('',#144,#762);
#762 = DEFINITIONAL_REPRESENTATION('',(#763),#767);
#763 = LINE('',#764,#765);
#764 = CARTESIAN_POINT('',(-34.66545592728,21.293268787378));
#765 = VECTOR('',#766,1.);
#766 = DIRECTION('',(-0.882947592859,0.469471562786));
#767 = ( GEOMETRIC_REPRESENTATION_CONTEXT(2) 
PARAMETRIC_REPRESENTATION_CONTEXT() REPRESENTATION_CONTEXT('2D SPACE',''
  ) );
#768 = PCURVE('',#769,#774);
#769 = PLANE('',#770);
#770 = AXIS2_PLACEMENT_3D('',#771,#772,#773);
#771 = CARTESIAN_POINT('',(-34.66545592728,21.293268787378,0.));
#772 = DIRECTION('',(-0.469471562786,-0.882947592859,0.));
#773 = DIRECTION('',(0.,0.,1.));
#774 = DEFINITIONAL_REPRESENTATION('',(#775),#779);
#775 = LINE('',#776,#777);
#776 = CARTESIAN_POINT('',(0.,0.));
#777 = VECTOR('',#778,1.);
#778 = DIRECTION('',(0.,1.));
#779 = ( GEOMETRIC_REPRESENTATION_CONTEXT(2) 
PARAMETRIC_REPRESENTATION_CONTEXT() REPRESENTATION_CONTEXT('2D SPACE',''
  ) );
#780 = ORIENTED_EDGE('',*,*,#781,.T.);
#781 = EDGE_CURVE('',#754,#782,#784,.T.);
#782 = VERTEX_POINT('',#783);
#783 = CARTESIAN_POINT('',(-39.,8.,0.));
#784 = SURFACE_CURVE('',#785,(#789,#796),.PCURVE_S1.);
#785 = LINE('',#786,#787);
#786 = CARTESIAN_POINT('',(-39.,33.,0.));
#787 = VECTOR('',#788,1.);
#788 = DIRECTION('',(0.,-1.,0.));
#789 = PCURVE('',#144,#790);
#790 = DEFINITIONAL_REPRESENTATION('',(#791),#795);
#791 = LINE('',#792,#793);
#792 = CARTESIAN_POINT('',(-39.,33.));
#793 = VECTOR('',#794,1.);
#794 = DIRECTION('',(0.,-1.));
#795 = ( GEOMETRIC_REPRESENTATION_CONTEXT(2) 
PARAMETRIC_REPRESENTATION_CONTEXT() REPRESENTATION_CONTEXT('2D SPACE',''
  ) );
#796 = PCURVE('',#797,#802);
#797 = PLANE('',#798);
#798 = AXIS2_PLACEMENT_3D('',#799,#800,#801);
#799 = CARTESIAN_POINT('',(-39.,33.,0.));
#800 = DIRECTION('',(1.,0.,-0.));
#801 = DIRECTION('',(0.,-1.,0.));
#802 = DEFINITIONAL_REPRESENTATION('',(#803),#807);
#803 = LINE('',#804,#805);
#804 = CARTESIAN_POINT('',(0.,0.));
#805 = VECTOR('',#806,1.);
#806 = DIRECTION('',(1.,0.));
#807 = ( GEOMETRIC_REPRESENTATION_CONTEXT(2) 
PARAMETRIC_REPRESENTATION_CONTEXT() REPRESENTATION_CONTEXT('2D SPACE',''
  ) );
#808 = ORIENTED_EDGE('',*,*,#809,.T.);
#809 = EDGE_CURVE('',#782,#810,#812,.T.);
#810 = VERTEX_POINT('',#811);
#811 = CARTESIAN_POINT('',(-42.,8.,0.));
#812 = SURFACE_CURVE('',#813,(#817,#824),.PCURVE_S1.);
#813 = LINE('',#814,#815);
#814 = CARTESIAN_POINT('',(-32.,8.,0.));
#815 = VECTOR('',#816,1.);
#816 = DIRECTION('',(-1.,1.224646799147E-16,0.));
#817 = PCURVE('',#144,#818);
#818 = DEFINITIONAL_REPRESENTATION('',(#819),#823);
#819 = LINE('',#820,#821);
#820 = CARTESIAN_POINT('',(-32.,8.));
#821 = VECTOR('',#822,1.);
#822 = DIRECTION('',(-1.,1.224646799147E-16));
#823 = ( GEOMETRIC_REPRESENTATION_CONTEXT(2) 
PARAMETRIC_REPRESENTATION_CONTEXT() REPRESENTATION_CONTEXT('2D SPACE',''
  ) );
#824 = PCURVE('',#825,#830);
#825 = PLANE('',#826);
#826 = AXIS2_PLACEMENT_3D('',#827,#828,#829);
#827 = CARTESIAN_POINT('',(-32.,8.,0.));
#828 = DIRECTION('',(-1.224646799147E-16,-1.,0.));
#829 = DIRECTION('',(0.,0.,1.));
#830 = DEFINITIONAL_REPRESENTATION('',(#831),#835);
#831 = LINE('',#832,#833);
#832 = CARTESIAN_POINT('',(0.,0.));
#833 = VECTOR('',#834,1.);
#834 = DIRECTION('',(0.,1.));
#835 = ( GEOMETRIC_REPRESENTATION_CONTEXT(2) 
PARAMETRIC_REPRESENTATION_CONTEXT() REPRESENTATION_CONTEXT('2D SPACE',''
  ) );
#836 = ORIENTED_EDGE('',*,*,#837,.T.);
#837 = EDGE_CURVE('',#810,#838,#840,.T.);
#838 = VERTEX_POINT('',#839);
#839 = CARTESIAN_POINT('',(-42.,-8.,0.));
#840 = SURFACE_CURVE('',#841,(#845,#852),.PCURVE_S1.);
#841 = LINE('',#842,#843);
#842 = CARTESIAN_POINT('',(-42.,8.,0.));
#843 = VECTOR('',#844,1.);
#844 = DIRECTION('',(-1.224646799147E-16,-1.,0.));
#845 = PCURVE('',#144,#846);
#846 = DEFINITIONAL_REPRESENTATION('',(#847),#851);
#847 = LINE('',#848,#849);
#848 = CARTESIAN_POINT('',(-42.,8.));
#849 = VECTOR('',#850,1.);
#850 = DIRECTION('',(-1.224646799147E-16,-1.));
#851 = ( GEOMETRIC_REPRESENTATION_CONTEXT(2) 
PARAMETRIC_REPRESENTATION_CONTEXT() REPRESENTATION_CONTEXT('2D SPACE',''
  ) );
#852 = PCURVE('',#853,#858);
#853 = PLANE('',#854);
#854 = AXIS2_PLACEMENT_3D('',#855,#856,#857);
#855 = CARTESIAN_POINT('',(-42.,8.,0.));
#856 = DIRECTION('',(-1.,1.224646799147E-16,0.));
#857 = DIRECTION('',(0.,0.,1.));
#858 = DEFINITIONAL_REPRESENTATION('',(#859),#863);
#859 = LINE('',#860,#861);
#860 = CARTESIAN_POINT('',(0.,0.));
#861 = VECTOR('',#862,1.);
#862 = DIRECTION('',(0.,-1.));
#863 = ( GEOMETRIC_REPRESENTATION_CONTEXT(2) 
PARAMETRIC_REPRESENTATION_CONTEXT() REPRESENTATION_CONTEXT('2D SPACE',''
  ) );
#864 = ORIENTED_EDGE('',*,*,#865,.F.);
#865 = EDGE_CURVE('',#866,#838,#868,.T.);
#866 = VERTEX_POINT('',#867);
#867 = CARTESIAN_POINT('',(-39.,-8.,0.));
#868 = SURFACE_CURVE('',#869,(#873,#880),.PCURVE_S1.);
#869 = LINE('',#870,#871);
#870 = CARTESIAN_POINT('',(-32.,-8.,0.));
#871 = VECTOR('',#872,1.);
#872 = DIRECTION('',(-1.,1.224646799147E-16,0.));
#873 = PCURVE('',#144,#874);
#874 = DEFINITIONAL_REPRESENTATION('',(#875),#879);
#875 = LINE('',#876,#877);
#876 = CARTESIAN_POINT('',(-32.,-8.));
#877 = VECTOR('',#878,1.);
#878 = DIRECTION('',(-1.,1.224646799147E-16));
#879 = ( GEOMETRIC_REPRESENTATION_CONTEXT(2) 
PARAMETRIC_REPRESENTATION_CONTEXT() REPRESENTATION_CONTEXT('2D SPACE',''
  ) );
#880 = PCURVE('',#881,#886);
#881 = PLANE('',#882);
#882 = AXIS2_PLACEMENT_3D('',#883,#884,#885);
#883 = CARTESIAN_POINT('',(-32.,-8.,0.));
#884 = DIRECTION('',(-1.224646799147E-16,-1.,0.));
#885 = DIRECTION('',(0.,0.,1.));
#886 = DEFINITIONAL_REPRESENTATION('',(#887),#891);
#887 = LINE('',#888,#889);
#888 = CARTESIAN_POINT('',(0.,0.));
#889 = VECTOR('',#890,1.);
#890 = DIRECTION('',(0.,1.));
#891 = ( GEOMETRIC_REPRESENTATION_CONTEXT(2) 
PARAMETRIC_REPRESENTATION_CONTEXT() REPRESENTATION_CONTEXT('2D SPACE',''
  ) );
#892 = ORIENTED_EDGE('',*,*,#893,.T.);
#893 = EDGE_CURVE('',#866,#894,#896,.T.);
#894 = VERTEX_POINT('',#895);
#895 = CARTESIAN_POINT('',(-39.,-23.59798675279,0.));
#896 = SURFACE_CURVE('',#897,(#901,#908),.PCURVE_S1.);
#897 = LINE('',#898,#899);
#898 = CARTESIAN_POINT('',(-39.,33.,0.));
#899 = VECTOR('',#900,1.);
#900 = DIRECTION('',(0.,-1.,0.));
#901 = PCURVE('',#144,#902);
#902 = DEFINITIONAL_REPRESENTATION('',(#903),#907);
#903 = LINE('',#904,#905);
#904 = CARTESIAN_POINT('',(-39.,33.));
#905 = VECTOR('',#906,1.);
#906 = DIRECTION('',(0.,-1.));
#907 = ( GEOMETRIC_REPRESENTATION_CONTEXT(2) 
PARAMETRIC_REPRESENTATION_CONTEXT() REPRESENTATION_CONTEXT('2D SPACE',''
  ) );
#908 = PCURVE('',#909,#914);
#909 = PLANE('',#910);
#910 = AXIS2_PLACEMENT_3D('',#911,#912,#913);
#911 = CARTESIAN_POINT('',(-39.,33.,0.));
#912 = DIRECTION('',(1.,0.,-0.));
#913 = DIRECTION('',(0.,-1.,0.));
#914 = DEFINITIONAL_REPRESENTATION('',(#915),#919);
#915 = LINE('',#916,#917);
#916 = CARTESIAN_POINT('',(0.,0.));
#917 = VECTOR('',#918,1.);
#918 = DIRECTION('',(1.,0.));
#919 = ( GEOMETRIC_REPRESENTATION_CONTEXT(2) 
PARAMETRIC_REPRESENTATION_CONTEXT() REPRESENTATION_CONTEXT('2D SPACE',''
  ) );
#920 = ORIENTED_EDGE('',*,*,#921,.T.);
#921 = EDGE_CURVE('',#894,#922,#924,.T.);
#922 = VERTEX_POINT('',#923);
#923 = CARTESIAN_POINT('',(-43.49493185587,-25.98798441523,0.));
#924 = SURFACE_CURVE('',#925,(#929,#936),.PCURVE_S1.);
#925 = LINE('',#926,#927);
#926 = CARTESIAN_POINT('',(-34.66545592728,-21.29326878737,0.));
#927 = VECTOR('',#928,1.);
#928 = DIRECTION('',(-0.882947592859,-0.469471562786,0.));
#929 = PCURVE('',#144,#930);
#930 = DEFINITIONAL_REPRESENTATION('',(#931),#935);
#931 = LINE('',#932,#933);
#932 = CARTESIAN_POINT('',(-34.66545592728,-21.29326878737));
#933 = VECTOR('',#934,1.);
#934 = DIRECTION('',(-0.882947592859,-0.469471562786));
#935 = ( GEOMETRIC_REPRESENTATION_CONTEXT(2) 
PARAMETRIC_REPRESENTATION_CONTEXT() REPRESENTATION_CONTEXT('2D SPACE',''
  ) );
#936 = PCURVE('',#937,#942);
#937 = PLANE('',#938);
#938 = AXIS2_PLACEMENT_3D('',#939,#940,#941);
#939 = CARTESIAN_POINT('',(-34.66545592728,-21.29326878737,0.));
#940 = DIRECTION('',(0.469471562786,-0.882947592859,0.));
#941 = DIRECTION('',(0.,-0.,1.));
#942 = DEFINITIONAL_REPRESENTATION('',(#943),#947);
#943 = LINE('',#944,#945);
#944 = CARTESIAN_POINT('',(0.,0.));
#945 = VECTOR('',#946,1.);
#946 = DIRECTION('',(0.,1.));
#947 = ( GEOMETRIC_REPRESENTATION_CONTEXT(2) 
PARAMETRIC_REPRESENTATION_CONTEXT() REPRESENTATION_CONTEXT('2D SPACE',''
  ) );
#948 = ORIENTED_EDGE('',*,*,#949,.T.);
#949 = EDGE_CURVE('',#922,#950,#952,.T.);
#950 = VERTEX_POINT('',#951);
#951 = CARTESIAN_POINT('',(-35.98338685129,-40.11514590098,0.));
#952 = SURFACE_CURVE('',#953,(#957,#964),.PCURVE_S1.);
#953 = LINE('',#954,#955);
#954 = CARTESIAN_POINT('',(-43.49493185587,-25.98798441523,0.));
#955 = VECTOR('',#956,1.);
#956 = DIRECTION('',(0.469471562786,-0.882947592859,0.));
#957 = PCURVE('',#144,#958);
#958 = DEFINITIONAL_REPRESENTATION('',(#959),#963);
#959 = LINE('',#960,#961);
#960 = CARTESIAN_POINT('',(-43.49493185587,-25.98798441523));
#961 = VECTOR('',#962,1.);
#962 = DIRECTION('',(0.469471562786,-0.882947592859));
#963 = ( GEOMETRIC_REPRESENTATION_CONTEXT(2) 
PARAMETRIC_REPRESENTATION_CONTEXT() REPRESENTATION_CONTEXT('2D SPACE',''
  ) );
#964 = PCURVE('',#965,#970);
#965 = PLANE('',#966);
#966 = AXIS2_PLACEMENT_3D('',#967,#968,#969);
#967 = CARTESIAN_POINT('',(-43.49493185587,-25.98798441523,0.));
#968 = DIRECTION('',(-0.882947592859,-0.469471562786,0.));
#969 = DIRECTION('',(0.,-0.,1.));
#970 = DEFINITIONAL_REPRESENTATION('',(#971),#975);
#971 = LINE('',#972,#973);
#972 = CARTESIAN_POINT('',(0.,0.));
#973 = VECTOR('',#974,1.);
#974 = DIRECTION('',(0.,-1.));
#975 = ( GEOMETRIC_REPRESENTATION_CONTEXT(2) 
PARAMETRIC_REPRESENTATION_CONTEXT() REPRESENTATION_CONTEXT('2D SPACE',''
  ) );
#976 = ORIENTED_EDGE('',*,*,#977,.F.);
#977 = EDGE_CURVE('',#160,#950,#978,.T.);
#978 = SURFACE_CURVE('',#979,(#983,#990),.PCURVE_S1.);
#979 = LINE('',#980,#981);
#980 = CARTESIAN_POINT('',(-27.1539109227,-35.42043027312,0.));
#981 = VECTOR('',#982,1.);
#982 = DIRECTION('',(-0.882947592859,-0.469471562786,0.));
#983 = PCURVE('',#144,#984);
#984 = DEFINITIONAL_REPRESENTATION('',(#985),#989);
#985 = LINE('',#986,#987);
#986 = CARTESIAN_POINT('',(-27.1539109227,-35.42043027312));
#987 = VECTOR('',#988,1.);
#988 = DIRECTION('',(-0.882947592859,-0.469471562786));
#989 = ( GEOMETRIC_REPRESENTATION_CONTEXT(2) 
PARAMETRIC_REPRESENTATION_CONTEXT() REPRESENTATION_CONTEXT('2D SPACE',''
  ) );
#990 = PCURVE('',#197,#991);
#991 = DEFINITIONAL_REPRESENTATION('',(#992),#996);
#992 = LINE('',#993,#994);
#993 = CARTESIAN_POINT('',(0.,0.));
#994 = VECTOR('',#995,1.);
#995 = DIRECTION('',(0.,1.));
#996 = ( GEOMETRIC_REPRESENTATION_CONTEXT(2) 
PARAMETRIC_REPRESENTATION_CONTEXT() REPRESENTATION_CONTEXT('2D SPACE',''
  ) );
#997 = ADVANCED_FACE('',(#998,#1576,#1682,#1788,#1894,#2000),#90,.T.);
#998 = FACE_BOUND('',#999,.T.);
#999 = EDGE_LOOP('',(#1000,#1001,#1002,#1003,#1026,#1049,#1072,#1095,
    #1118,#1141,#1164,#1187,#1210,#1233,#1256,#1279,#1302,#1325,#1348,
    #1371,#1394,#1417,#1440,#1463,#1486,#1509,#1532,#1555));
#1000 = ORIENTED_EDGE('',*,*,#208,.T.);
#1001 = ORIENTED_EDGE('',*,*,#74,.T.);
#1002 = ORIENTED_EDGE('',*,*,#257,.T.);
#1003 = ORIENTED_EDGE('',*,*,#1004,.T.);
#1004 = EDGE_CURVE('',#258,#1005,#1007,.T.);
#1005 = VERTEX_POINT('',#1006);
#1006 = CARTESIAN_POINT('',(35.983386851296,-40.11514590098,18.));
#1007 = SURFACE_CURVE('',#1008,(#1012,#1019),.PCURVE_S1.);
#1008 = LINE('',#1009,#1010);
#1009 = CARTESIAN_POINT('',(27.153910922707,-35.42043027312,18.));
#1010 = VECTOR('',#1011,1.);
#1011 = DIRECTION('',(0.882947592859,-0.469471562786,0.));
#1012 = PCURVE('',#90,#1013);
#1013 = DEFINITIONAL_REPRESENTATION('',(#1014),#1018);
#1014 = LINE('',#1015,#1016);
#1015 = CARTESIAN_POINT('',(27.153910922707,-35.42043027312));
#1016 = VECTOR('',#1017,1.);
#1017 = DIRECTION('',(0.882947592859,-0.469471562786));
#1018 = ( GEOMETRIC_REPRESENTATION_CONTEXT(2) 
PARAMETRIC_REPRESENTATION_CONTEXT() REPRESENTATION_CONTEXT('2D SPACE',''
  ) );
#1019 = PCURVE('',#293,#1020);
#1020 = DEFINITIONAL_REPRESENTATION('',(#1021),#1025);
#1021 = LINE('',#1022,#1023);
#1022 = CARTESIAN_POINT('',(18.,0.));
#1023 = VECTOR('',#1024,1.);
#1024 = DIRECTION('',(0.,1.));
#1025 = ( GEOMETRIC_REPRESENTATION_CONTEXT(2) 
PARAMETRIC_REPRESENTATION_CONTEXT() REPRESENTATION_CONTEXT('2D SPACE',''
  ) );
#1026 = ORIENTED_EDGE('',*,*,#1027,.T.);
#1027 = EDGE_CURVE('',#1005,#1028,#1030,.T.);
#1028 = VERTEX_POINT('',#1029);
#1029 = CARTESIAN_POINT('',(43.49493185587,-25.98798441523,18.));
#1030 = SURFACE_CURVE('',#1031,(#1035,#1042),.PCURVE_S1.);
#1031 = LINE('',#1032,#1033);
#1032 = CARTESIAN_POINT('',(35.983386851296,-40.11514590098,18.));
#1033 = VECTOR('',#1034,1.);
#1034 = DIRECTION('',(0.469471562786,0.882947592859,0.));
#1035 = PCURVE('',#90,#1036);
#1036 = DEFINITIONAL_REPRESENTATION('',(#1037),#1041);
#1037 = LINE('',#1038,#1039);
#1038 = CARTESIAN_POINT('',(35.983386851296,-40.11514590098));
#1039 = VECTOR('',#1040,1.);
#1040 = DIRECTION('',(0.469471562786,0.882947592859));
#1041 = ( GEOMETRIC_REPRESENTATION_CONTEXT(2) 
PARAMETRIC_REPRESENTATION_CONTEXT() REPRESENTATION_CONTEXT('2D SPACE',''
  ) );
#1042 = PCURVE('',#349,#1043);
#1043 = DEFINITIONAL_REPRESENTATION('',(#1044),#1048);
#1044 = LINE('',#1045,#1046);
#1045 = CARTESIAN_POINT('',(18.,0.));
#1046 = VECTOR('',#1047,1.);
#1047 = DIRECTION('',(0.,-1.));
#1048 = ( GEOMETRIC_REPRESENTATION_CONTEXT(2) 
PARAMETRIC_REPRESENTATION_CONTEXT() REPRESENTATION_CONTEXT('2D SPACE',''
  ) );
#1049 = ORIENTED_EDGE('',*,*,#1050,.F.);
#1050 = EDGE_CURVE('',#1051,#1028,#1053,.T.);
#1051 = VERTEX_POINT('',#1052);
#1052 = CARTESIAN_POINT('',(39.,-23.59798675279,18.));
#1053 = SURFACE_CURVE('',#1054,(#1058,#1065),.PCURVE_S1.);
#1054 = LINE('',#1055,#1056);
#1055 = CARTESIAN_POINT('',(34.665455927281,-21.29326878737,18.));
#1056 = VECTOR('',#1057,1.);
#1057 = DIRECTION('',(0.882947592859,-0.469471562786,0.));
#1058 = PCURVE('',#90,#1059);
#1059 = DEFINITIONAL_REPRESENTATION('',(#1060),#1064);
#1060 = LINE('',#1061,#1062);
#1061 = CARTESIAN_POINT('',(34.665455927281,-21.29326878737));
#1062 = VECTOR('',#1063,1.);
#1063 = DIRECTION('',(0.882947592859,-0.469471562786));
#1064 = ( GEOMETRIC_REPRESENTATION_CONTEXT(2) 
PARAMETRIC_REPRESENTATION_CONTEXT() REPRESENTATION_CONTEXT('2D SPACE',''
  ) );
#1065 = PCURVE('',#377,#1066);
#1066 = DEFINITIONAL_REPRESENTATION('',(#1067),#1071);
#1067 = LINE('',#1068,#1069);
#1068 = CARTESIAN_POINT('',(18.,0.));
#1069 = VECTOR('',#1070,1.);
#1070 = DIRECTION('',(0.,1.));
#1071 = ( GEOMETRIC_REPRESENTATION_CONTEXT(2) 
PARAMETRIC_REPRESENTATION_CONTEXT() REPRESENTATION_CONTEXT('2D SPACE',''
  ) );
#1072 = ORIENTED_EDGE('',*,*,#1073,.T.);
#1073 = EDGE_CURVE('',#1051,#1074,#1076,.T.);
#1074 = VERTEX_POINT('',#1075);
#1075 = CARTESIAN_POINT('',(39.,-8.,18.));
#1076 = SURFACE_CURVE('',#1077,(#1081,#1088),.PCURVE_S1.);
#1077 = LINE('',#1078,#1079);
#1078 = CARTESIAN_POINT('',(39.,-33.,18.));
#1079 = VECTOR('',#1080,1.);
#1080 = DIRECTION('',(0.,1.,0.));
#1081 = PCURVE('',#90,#1082);
#1082 = DEFINITIONAL_REPRESENTATION('',(#1083),#1087);
#1083 = LINE('',#1084,#1085);
#1084 = CARTESIAN_POINT('',(39.,-33.));
#1085 = VECTOR('',#1086,1.);
#1086 = DIRECTION('',(0.,1.));
#1087 = ( GEOMETRIC_REPRESENTATION_CONTEXT(2) 
PARAMETRIC_REPRESENTATION_CONTEXT() REPRESENTATION_CONTEXT('2D SPACE',''
  ) );
#1088 = PCURVE('',#405,#1089);
#1089 = DEFINITIONAL_REPRESENTATION('',(#1090),#1094);
#1090 = LINE('',#1091,#1092);
#1091 = CARTESIAN_POINT('',(0.,-18.));
#1092 = VECTOR('',#1093,1.);
#1093 = DIRECTION('',(1.,0.));
#1094 = ( GEOMETRIC_REPRESENTATION_CONTEXT(2) 
PARAMETRIC_REPRESENTATION_CONTEXT() REPRESENTATION_CONTEXT('2D SPACE',''
  ) );
#1095 = ORIENTED_EDGE('',*,*,#1096,.T.);
#1096 = EDGE_CURVE('',#1074,#1097,#1099,.T.);
#1097 = VERTEX_POINT('',#1098);
#1098 = CARTESIAN_POINT('',(42.,-8.,18.));
#1099 = SURFACE_CURVE('',#1100,(#1104,#1111),.PCURVE_S1.);
#1100 = LINE('',#1101,#1102);
#1101 = CARTESIAN_POINT('',(32.,-8.,18.));
#1102 = VECTOR('',#1103,1.);
#1103 = DIRECTION('',(1.,0.,0.));
#1104 = PCURVE('',#90,#1105);
#1105 = DEFINITIONAL_REPRESENTATION('',(#1106),#1110);
#1106 = LINE('',#1107,#1108);
#1107 = CARTESIAN_POINT('',(32.,-8.));
#1108 = VECTOR('',#1109,1.);
#1109 = DIRECTION('',(1.,0.));
#1110 = ( GEOMETRIC_REPRESENTATION_CONTEXT(2) 
PARAMETRIC_REPRESENTATION_CONTEXT() REPRESENTATION_CONTEXT('2D SPACE',''
  ) );
#1111 = PCURVE('',#433,#1112);
#1112 = DEFINITIONAL_REPRESENTATION('',(#1113),#1117);
#1113 = LINE('',#1114,#1115);
#1114 = CARTESIAN_POINT('',(18.,0.));
#1115 = VECTOR('',#1116,1.);
#1116 = DIRECTION('',(0.,1.));
#1117 = ( GEOMETRIC_REPRESENTATION_CONTEXT(2) 
PARAMETRIC_REPRESENTATION_CONTEXT() REPRESENTATION_CONTEXT('2D SPACE',''
  ) );
#1118 = ORIENTED_EDGE('',*,*,#1119,.T.);
#1119 = EDGE_CURVE('',#1097,#1120,#1122,.T.);
#1120 = VERTEX_POINT('',#1121);
#1121 = CARTESIAN_POINT('',(42.,8.,18.));
#1122 = SURFACE_CURVE('',#1123,(#1127,#1134),.PCURVE_S1.);
#1123 = LINE('',#1124,#1125);
#1124 = CARTESIAN_POINT('',(42.,-8.,18.));
#1125 = VECTOR('',#1126,1.);
#1126 = DIRECTION('',(0.,1.,0.));
#1127 = PCURVE('',#90,#1128);
#1128 = DEFINITIONAL_REPRESENTATION('',(#1129),#1133);
#1129 = LINE('',#1130,#1131);
#1130 = CARTESIAN_POINT('',(42.,-8.));
#1131 = VECTOR('',#1132,1.);
#1132 = DIRECTION('',(0.,1.));
#1133 = ( GEOMETRIC_REPRESENTATION_CONTEXT(2) 
PARAMETRIC_REPRESENTATION_CONTEXT() REPRESENTATION_CONTEXT('2D SPACE',''
  ) );
#1134 = PCURVE('',#461,#1135);
#1135 = DEFINITIONAL_REPRESENTATION('',(#1136),#1140);
#1136 = LINE('',#1137,#1138);
#1137 = CARTESIAN_POINT('',(18.,0.));
#1138 = VECTOR('',#1139,1.);
#1139 = DIRECTION('',(0.,-1.));
#1140 = ( GEOMETRIC_REPRESENTATION_CONTEXT(2) 
PARAMETRIC_REPRESENTATION_CONTEXT() REPRESENTATION_CONTEXT('2D SPACE',''
  ) );
#1141 = ORIENTED_EDGE('',*,*,#1142,.F.);
#1142 = EDGE_CURVE('',#1143,#1120,#1145,.T.);
#1143 = VERTEX_POINT('',#1144);
#1144 = CARTESIAN_POINT('',(39.,8.,18.));
#1145 = SURFACE_CURVE('',#1146,(#1150,#1157),.PCURVE_S1.);
#1146 = LINE('',#1147,#1148);
#1147 = CARTESIAN_POINT('',(32.,8.,18.));
#1148 = VECTOR('',#1149,1.);
#1149 = DIRECTION('',(1.,0.,0.));
#1150 = PCURVE('',#90,#1151);
#1151 = DEFINITIONAL_REPRESENTATION('',(#1152),#1156);
#1152 = LINE('',#1153,#1154);
#1153 = CARTESIAN_POINT('',(32.,8.));
#1154 = VECTOR('',#1155,1.);
#1155 = DIRECTION('',(1.,0.));
#1156 = ( GEOMETRIC_REPRESENTATION_CONTEXT(2) 
PARAMETRIC_REPRESENTATION_CONTEXT() REPRESENTATION_CONTEXT('2D SPACE',''
  ) );
#1157 = PCURVE('',#489,#1158);
#1158 = DEFINITIONAL_REPRESENTATION('',(#1159),#1163);
#1159 = LINE('',#1160,#1161);
#1160 = CARTESIAN_POINT('',(18.,0.));
#1161 = VECTOR('',#1162,1.);
#1162 = DIRECTION('',(0.,1.));
#1163 = ( GEOMETRIC_REPRESENTATION_CONTEXT(2) 
PARAMETRIC_REPRESENTATION_CONTEXT() REPRESENTATION_CONTEXT('2D SPACE',''
  ) );
#1164 = ORIENTED_EDGE('',*,*,#1165,.T.);
#1165 = EDGE_CURVE('',#1143,#1166,#1168,.T.);
#1166 = VERTEX_POINT('',#1167);
#1167 = CARTESIAN_POINT('',(39.,23.597986752795,18.));
#1168 = SURFACE_CURVE('',#1169,(#1173,#1180),.PCURVE_S1.);
#1169 = LINE('',#1170,#1171);
#1170 = CARTESIAN_POINT('',(39.,-33.,18.));
#1171 = VECTOR('',#1172,1.);
#1172 = DIRECTION('',(0.,1.,0.));
#1173 = PCURVE('',#90,#1174);
#1174 = DEFINITIONAL_REPRESENTATION('',(#1175),#1179);
#1175 = LINE('',#1176,#1177);
#1176 = CARTESIAN_POINT('',(39.,-33.));
#1177 = VECTOR('',#1178,1.);
#1178 = DIRECTION('',(0.,1.));
#1179 = ( GEOMETRIC_REPRESENTATION_CONTEXT(2) 
PARAMETRIC_REPRESENTATION_CONTEXT() REPRESENTATION_CONTEXT('2D SPACE',''
  ) );
#1180 = PCURVE('',#517,#1181);
#1181 = DEFINITIONAL_REPRESENTATION('',(#1182),#1186);
#1182 = LINE('',#1183,#1184);
#1183 = CARTESIAN_POINT('',(0.,-18.));
#1184 = VECTOR('',#1185,1.);
#1185 = DIRECTION('',(1.,0.));
#1186 = ( GEOMETRIC_REPRESENTATION_CONTEXT(2) 
PARAMETRIC_REPRESENTATION_CONTEXT() REPRESENTATION_CONTEXT('2D SPACE',''
  ) );
#1187 = ORIENTED_EDGE('',*,*,#1188,.T.);
#1188 = EDGE_CURVE('',#1166,#1189,#1191,.T.);
#1189 = VERTEX_POINT('',#1190);
#1190 = CARTESIAN_POINT('',(43.49493185587,25.987984415237,18.));
#1191 = SURFACE_CURVE('',#1192,(#1196,#1203),.PCURVE_S1.);
#1192 = LINE('',#1193,#1194);
#1193 = CARTESIAN_POINT('',(34.665455927281,21.293268787378,18.));
#1194 = VECTOR('',#1195,1.);
#1195 = DIRECTION('',(0.882947592859,0.469471562786,0.));
#1196 = PCURVE('',#90,#1197);
#1197 = DEFINITIONAL_REPRESENTATION('',(#1198),#1202);
#1198 = LINE('',#1199,#1200);
#1199 = CARTESIAN_POINT('',(34.665455927281,21.293268787378));
#1200 = VECTOR('',#1201,1.);
#1201 = DIRECTION('',(0.882947592859,0.469471562786));
#1202 = ( GEOMETRIC_REPRESENTATION_CONTEXT(2) 
PARAMETRIC_REPRESENTATION_CONTEXT() REPRESENTATION_CONTEXT('2D SPACE',''
  ) );
#1203 = PCURVE('',#545,#1204);
#1204 = DEFINITIONAL_REPRESENTATION('',(#1205),#1209);
#1205 = LINE('',#1206,#1207);
#1206 = CARTESIAN_POINT('',(18.,0.));
#1207 = VECTOR('',#1208,1.);
#1208 = DIRECTION('',(0.,1.));
#1209 = ( GEOMETRIC_REPRESENTATION_CONTEXT(2) 
PARAMETRIC_REPRESENTATION_CONTEXT() REPRESENTATION_CONTEXT('2D SPACE',''
  ) );
#1210 = ORIENTED_EDGE('',*,*,#1211,.T.);
#1211 = EDGE_CURVE('',#1189,#1212,#1214,.T.);
#1212 = VERTEX_POINT('',#1213);
#1213 = CARTESIAN_POINT('',(35.983386851296,40.11514590098,18.));
#1214 = SURFACE_CURVE('',#1215,(#1219,#1226),.PCURVE_S1.);
#1215 = LINE('',#1216,#1217);
#1216 = CARTESIAN_POINT('',(43.49493185587,25.987984415237,18.));
#1217 = VECTOR('',#1218,1.);
#1218 = DIRECTION('',(-0.469471562786,0.882947592859,0.));
#1219 = PCURVE('',#90,#1220);
#1220 = DEFINITIONAL_REPRESENTATION('',(#1221),#1225);
#1221 = LINE('',#1222,#1223);
#1222 = CARTESIAN_POINT('',(43.49493185587,25.987984415237));
#1223 = VECTOR('',#1224,1.);
#1224 = DIRECTION('',(-0.469471562786,0.882947592859));
#1225 = ( GEOMETRIC_REPRESENTATION_CONTEXT(2) 
PARAMETRIC_REPRESENTATION_CONTEXT() REPRESENTATION_CONTEXT('2D SPACE',''
  ) );
#1226 = PCURVE('',#573,#1227);
#1227 = DEFINITIONAL_REPRESENTATION('',(#1228),#1232);
#1228 = LINE('',#1229,#1230);
#1229 = CARTESIAN_POINT('',(18.,0.));
#1230 = VECTOR('',#1231,1.);
#1231 = DIRECTION('',(0.,-1.));
#1232 = ( GEOMETRIC_REPRESENTATION_CONTEXT(2) 
PARAMETRIC_REPRESENTATION_CONTEXT() REPRESENTATION_CONTEXT('2D SPACE',''
  ) );
#1233 = ORIENTED_EDGE('',*,*,#1234,.F.);
#1234 = EDGE_CURVE('',#1235,#1212,#1237,.T.);
#1235 = VERTEX_POINT('',#1236);
#1236 = CARTESIAN_POINT('',(33.307596869491,38.692403130509,18.));
#1237 = SURFACE_CURVE('',#1238,(#1242,#1249),.PCURVE_S1.);
#1238 = LINE('',#1239,#1240);
#1239 = CARTESIAN_POINT('',(27.153910922707,35.420430273121,18.));
#1240 = VECTOR('',#1241,1.);
#1241 = DIRECTION('',(0.882947592859,0.469471562786,0.));
#1242 = PCURVE('',#90,#1243);
#1243 = DEFINITIONAL_REPRESENTATION('',(#1244),#1248);
#1244 = LINE('',#1245,#1246);
#1245 = CARTESIAN_POINT('',(27.153910922707,35.420430273121));
#1246 = VECTOR('',#1247,1.);
#1247 = DIRECTION('',(0.882947592859,0.469471562786));
#1248 = ( GEOMETRIC_REPRESENTATION_CONTEXT(2) 
PARAMETRIC_REPRESENTATION_CONTEXT() REPRESENTATION_CONTEXT('2D SPACE',''
  ) );
#1249 = PCURVE('',#601,#1250);
#1250 = DEFINITIONAL_REPRESENTATION('',(#1251),#1255);
#1251 = LINE('',#1252,#1253);
#1252 = CARTESIAN_POINT('',(18.,0.));
#1253 = VECTOR('',#1254,1.);
#1254 = DIRECTION('',(0.,1.));
#1255 = ( GEOMETRIC_REPRESENTATION_CONTEXT(2) 
PARAMETRIC_REPRESENTATION_CONTEXT() REPRESENTATION_CONTEXT('2D SPACE',''
  ) );
#1256 = ORIENTED_EDGE('',*,*,#1257,.T.);
#1257 = EDGE_CURVE('',#1235,#1258,#1260,.T.);
#1258 = VERTEX_POINT('',#1259);
#1259 = CARTESIAN_POINT('',(26.,46.,18.));
#1260 = SURFACE_CURVE('',#1261,(#1265,#1272),.PCURVE_S1.);
#1261 = LINE('',#1262,#1263);
#1262 = CARTESIAN_POINT('',(39.,33.,18.));
#1263 = VECTOR('',#1264,1.);
#1264 = DIRECTION('',(-0.707106781187,0.707106781187,0.));
#1265 = PCURVE('',#90,#1266);
#1266 = DEFINITIONAL_REPRESENTATION('',(#1267),#1271);
#1267 = LINE('',#1268,#1269);
#1268 = CARTESIAN_POINT('',(39.,33.));
#1269 = VECTOR('',#1270,1.);
#1270 = DIRECTION('',(-0.707106781187,0.707106781187));
#1271 = ( GEOMETRIC_REPRESENTATION_CONTEXT(2) 
PARAMETRIC_REPRESENTATION_CONTEXT() REPRESENTATION_CONTEXT('2D SPACE',''
  ) );
#1272 = PCURVE('',#629,#1273);
#1273 = DEFINITIONAL_REPRESENTATION('',(#1274),#1278);
#1274 = LINE('',#1275,#1276);
#1275 = CARTESIAN_POINT('',(0.,-18.));
#1276 = VECTOR('',#1277,1.);
#1277 = DIRECTION('',(1.,0.));
#1278 = ( GEOMETRIC_REPRESENTATION_CONTEXT(2) 
PARAMETRIC_REPRESENTATION_CONTEXT() REPRESENTATION_CONTEXT('2D SPACE',''
  ) );
#1279 = ORIENTED_EDGE('',*,*,#1280,.T.);
#1280 = EDGE_CURVE('',#1258,#1281,#1283,.T.);
#1281 = VERTEX_POINT('',#1282);
#1282 = CARTESIAN_POINT('',(-26.,46.,18.));
#1283 = SURFACE_CURVE('',#1284,(#1288,#1295),.PCURVE_S1.);
#1284 = LINE('',#1285,#1286);
#1285 = CARTESIAN_POINT('',(26.,46.,18.));
#1286 = VECTOR('',#1287,1.);
#1287 = DIRECTION('',(-1.,0.,0.));
#1288 = PCURVE('',#90,#1289);
#1289 = DEFINITIONAL_REPRESENTATION('',(#1290),#1294);
#1290 = LINE('',#1291,#1292);
#1291 = CARTESIAN_POINT('',(26.,46.));
#1292 = VECTOR('',#1293,1.);
#1293 = DIRECTION('',(-1.,0.));
#1294 = ( GEOMETRIC_REPRESENTATION_CONTEXT(2) 
PARAMETRIC_REPRESENTATION_CONTEXT() REPRESENTATION_CONTEXT('2D SPACE',''
  ) );
#1295 = PCURVE('',#657,#1296);
#1296 = DEFINITIONAL_REPRESENTATION('',(#1297),#1301);
#1297 = LINE('',#1298,#1299);
#1298 = CARTESIAN_POINT('',(0.,-18.));
#1299 = VECTOR('',#1300,1.);
#1300 = DIRECTION('',(1.,0.));
#1301 = ( GEOMETRIC_REPRESENTATION_CONTEXT(2) 
PARAMETRIC_REPRESENTATION_CONTEXT() REPRESENTATION_CONTEXT('2D SPACE',''
  ) );
#1302 = ORIENTED_EDGE('',*,*,#1303,.T.);
#1303 = EDGE_CURVE('',#1281,#1304,#1306,.T.);
#1304 = VERTEX_POINT('',#1305);
#1305 = CARTESIAN_POINT('',(-33.30759686949,38.692403130509,18.));
#1306 = SURFACE_CURVE('',#1307,(#1311,#1318),.PCURVE_S1.);
#1307 = LINE('',#1308,#1309);
#1308 = CARTESIAN_POINT('',(-26.,46.,18.));
#1309 = VECTOR('',#1310,1.);
#1310 = DIRECTION('',(-0.707106781187,-0.707106781187,0.));
#1311 = PCURVE('',#90,#1312);
#1312 = DEFINITIONAL_REPRESENTATION('',(#1313),#1317);
#1313 = LINE('',#1314,#1315);
#1314 = CARTESIAN_POINT('',(-26.,46.));
#1315 = VECTOR('',#1316,1.);
#1316 = DIRECTION('',(-0.707106781187,-0.707106781187));
#1317 = ( GEOMETRIC_REPRESENTATION_CONTEXT(2) 
PARAMETRIC_REPRESENTATION_CONTEXT() REPRESENTATION_CONTEXT('2D SPACE',''
  ) );
#1318 = PCURVE('',#685,#1319);
#1319 = DEFINITIONAL_REPRESENTATION('',(#1320),#1324);
#1320 = LINE('',#1321,#1322);
#1321 = CARTESIAN_POINT('',(0.,-18.));
#1322 = VECTOR('',#1323,1.);
#1323 = DIRECTION('',(1.,0.));
#1324 = ( GEOMETRIC_REPRESENTATION_CONTEXT(2) 
PARAMETRIC_REPRESENTATION_CONTEXT() REPRESENTATION_CONTEXT('2D SPACE',''
  ) );
#1325 = ORIENTED_EDGE('',*,*,#1326,.T.);
#1326 = EDGE_CURVE('',#1304,#1327,#1329,.T.);
#1327 = VERTEX_POINT('',#1328);
#1328 = CARTESIAN_POINT('',(-35.98338685129,40.11514590098,18.));
#1329 = SURFACE_CURVE('',#1330,(#1334,#1341),.PCURVE_S1.);
#1330 = LINE('',#1331,#1332);
#1331 = CARTESIAN_POINT('',(-27.1539109227,35.420430273121,18.));
#1332 = VECTOR('',#1333,1.);
#1333 = DIRECTION('',(-0.882947592859,0.469471562786,0.));
#1334 = PCURVE('',#90,#1335);
#1335 = DEFINITIONAL_REPRESENTATION('',(#1336),#1340);
#1336 = LINE('',#1337,#1338);
#1337 = CARTESIAN_POINT('',(-27.1539109227,35.420430273121));
#1338 = VECTOR('',#1339,1.);
#1339 = DIRECTION('',(-0.882947592859,0.469471562786));
#1340 = ( GEOMETRIC_REPRESENTATION_CONTEXT(2) 
PARAMETRIC_REPRESENTATION_CONTEXT() REPRESENTATION_CONTEXT('2D SPACE',''
  ) );
#1341 = PCURVE('',#713,#1342);
#1342 = DEFINITIONAL_REPRESENTATION('',(#1343),#1347);
#1343 = LINE('',#1344,#1345);
#1344 = CARTESIAN_POINT('',(18.,0.));
#1345 = VECTOR('',#1346,1.);
#1346 = DIRECTION('',(0.,1.));
#1347 = ( GEOMETRIC_REPRESENTATION_CONTEXT(2) 
PARAMETRIC_REPRESENTATION_CONTEXT() REPRESENTATION_CONTEXT('2D SPACE',''
  ) );
#1348 = ORIENTED_EDGE('',*,*,#1349,.T.);
#1349 = EDGE_CURVE('',#1327,#1350,#1352,.T.);
#1350 = VERTEX_POINT('',#1351);
#1351 = CARTESIAN_POINT('',(-43.49493185587,25.987984415237,18.));
#1352 = SURFACE_CURVE('',#1353,(#1357,#1364),.PCURVE_S1.);
#1353 = LINE('',#1354,#1355);
#1354 = CARTESIAN_POINT('',(-35.98338685129,40.11514590098,18.));
#1355 = VECTOR('',#1356,1.);
#1356 = DIRECTION('',(-0.469471562786,-0.882947592859,0.));
#1357 = PCURVE('',#90,#1358);
#1358 = DEFINITIONAL_REPRESENTATION('',(#1359),#1363);
#1359 = LINE('',#1360,#1361);
#1360 = CARTESIAN_POINT('',(-35.98338685129,40.11514590098));
#1361 = VECTOR('',#1362,1.);
#1362 = DIRECTION('',(-0.469471562786,-0.882947592859));
#1363 = ( GEOMETRIC_REPRESENTATION_CONTEXT(2) 
PARAMETRIC_REPRESENTATION_CONTEXT() REPRESENTATION_CONTEXT('2D SPACE',''
  ) );
#1364 = PCURVE('',#741,#1365);
#1365 = DEFINITIONAL_REPRESENTATION('',(#1366),#1370);
#1366 = LINE('',#1367,#1368);
#1367 = CARTESIAN_POINT('',(18.,0.));
#1368 = VECTOR('',#1369,1.);
#1369 = DIRECTION('',(0.,-1.));
#1370 = ( GEOMETRIC_REPRESENTATION_CONTEXT(2) 
PARAMETRIC_REPRESENTATION_CONTEXT() REPRESENTATION_CONTEXT('2D SPACE',''
  ) );
#1371 = ORIENTED_EDGE('',*,*,#1372,.F.);
#1372 = EDGE_CURVE('',#1373,#1350,#1375,.T.);
#1373 = VERTEX_POINT('',#1374);
#1374 = CARTESIAN_POINT('',(-39.,23.597986752795,18.));
#1375 = SURFACE_CURVE('',#1376,(#1380,#1387),.PCURVE_S1.);
#1376 = LINE('',#1377,#1378);
#1377 = CARTESIAN_POINT('',(-34.66545592728,21.293268787378,18.));
#1378 = VECTOR('',#1379,1.);
#1379 = DIRECTION('',(-0.882947592859,0.469471562786,0.));
#1380 = PCURVE('',#90,#1381);
#1381 = DEFINITIONAL_REPRESENTATION('',(#1382),#1386);
#1382 = LINE('',#1383,#1384);
#1383 = CARTESIAN_POINT('',(-34.66545592728,21.293268787378));
#1384 = VECTOR('',#1385,1.);
#1385 = DIRECTION('',(-0.882947592859,0.469471562786));
#1386 = ( GEOMETRIC_REPRESENTATION_CONTEXT(2) 
PARAMETRIC_REPRESENTATION_CONTEXT() REPRESENTATION_CONTEXT('2D SPACE',''
  ) );
#1387 = PCURVE('',#769,#1388);
#1388 = DEFINITIONAL_REPRESENTATION('',(#1389),#1393);
#1389 = LINE('',#1390,#1391);
#1390 = CARTESIAN_POINT('',(18.,0.));
#1391 = VECTOR('',#1392,1.);
#1392 = DIRECTION('',(0.,1.));
#1393 = ( GEOMETRIC_REPRESENTATION_CONTEXT(2) 
PARAMETRIC_REPRESENTATION_CONTEXT() REPRESENTATION_CONTEXT('2D SPACE',''
  ) );
#1394 = ORIENTED_EDGE('',*,*,#1395,.T.);
#1395 = EDGE_CURVE('',#1373,#1396,#1398,.T.);
#1396 = VERTEX_POINT('',#1397);
#1397 = CARTESIAN_POINT('',(-39.,8.,18.));
#1398 = SURFACE_CURVE('',#1399,(#1403,#1410),.PCURVE_S1.);
#1399 = LINE('',#1400,#1401);
#1400 = CARTESIAN_POINT('',(-39.,33.,18.));
#1401 = VECTOR('',#1402,1.);
#1402 = DIRECTION('',(0.,-1.,0.));
#1403 = PCURVE('',#90,#1404);
#1404 = DEFINITIONAL_REPRESENTATION('',(#1405),#1409);
#1405 = LINE('',#1406,#1407);
#1406 = CARTESIAN_POINT('',(-39.,33.));
#1407 = VECTOR('',#1408,1.);
#1408 = DIRECTION('',(0.,-1.));
#1409 = ( GEOMETRIC_REPRESENTATION_CONTEXT(2) 
PARAMETRIC_REPRESENTATION_CONTEXT() REPRESENTATION_CONTEXT('2D SPACE',''
  ) );
#1410 = PCURVE('',#797,#1411);
#1411 = DEFINITIONAL_REPRESENTATION('',(#1412),#1416);
#1412 = LINE('',#1413,#1414);
#1413 = CARTESIAN_POINT('',(0.,-18.));
#1414 = VECTOR('',#1415,1.);
#1415 = DIRECTION('',(1.,0.));
#1416 = ( GEOMETRIC_REPRESENTATION_CONTEXT(2) 
PARAMETRIC_REPRESENTATION_CONTEXT() REPRESENTATION_CONTEXT('2D SPACE',''
  ) );
#1417 = ORIENTED_EDGE('',*,*,#1418,.T.);
#1418 = EDGE_CURVE('',#1396,#1419,#1421,.T.);
#1419 = VERTEX_POINT('',#1420);
#1420 = CARTESIAN_POINT('',(-42.,8.,18.));
#1421 = SURFACE_CURVE('',#1422,(#1426,#1433),.PCURVE_S1.);
#1422 = LINE('',#1423,#1424);
#1423 = CARTESIAN_POINT('',(-32.,8.,18.));
#1424 = VECTOR('',#1425,1.);
#1425 = DIRECTION('',(-1.,1.224646799147E-16,0.));
#1426 = PCURVE('',#90,#1427);
#1427 = DEFINITIONAL_REPRESENTATION('',(#1428),#1432);
#1428 = LINE('',#1429,#1430);
#1429 = CARTESIAN_POINT('',(-32.,8.));
#1430 = VECTOR('',#1431,1.);
#1431 = DIRECTION('',(-1.,1.224646799147E-16));
#1432 = ( GEOMETRIC_REPRESENTATION_CONTEXT(2) 
PARAMETRIC_REPRESENTATION_CONTEXT() REPRESENTATION_CONTEXT('2D SPACE',''
  ) );
#1433 = PCURVE('',#825,#1434);
#1434 = DEFINITIONAL_REPRESENTATION('',(#1435),#1439);
#1435 = LINE('',#1436,#1437);
#1436 = CARTESIAN_POINT('',(18.,0.));
#1437 = VECTOR('',#1438,1.);
#1438 = DIRECTION('',(0.,1.));
#1439 = ( GEOMETRIC_REPRESENTATION_CONTEXT(2) 
PARAMETRIC_REPRESENTATION_CONTEXT() REPRESENTATION_CONTEXT('2D SPACE',''
  ) );
#1440 = ORIENTED_EDGE('',*,*,#1441,.T.);
#1441 = EDGE_CURVE('',#1419,#1442,#1444,.T.);
#1442 = VERTEX_POINT('',#1443);
#1443 = CARTESIAN_POINT('',(-42.,-8.,18.));
#1444 = SURFACE_CURVE('',#1445,(#1449,#1456),.PCURVE_S1.);
#1445 = LINE('',#1446,#1447);
#1446 = CARTESIAN_POINT('',(-42.,8.,18.));
#1447 = VECTOR('',#1448,1.);
#1448 = DIRECTION('',(-1.224646799147E-16,-1.,0.));
#1449 = PCURVE('',#90,#1450);
#1450 = DEFINITIONAL_REPRESENTATION('',(#1451),#1455);
#1451 = LINE('',#1452,#1453);
#1452 = CARTESIAN_POINT('',(-42.,8.));
#1453 = VECTOR('',#1454,1.);
#1454 = DIRECTION('',(-1.224646799147E-16,-1.));
#1455 = ( GEOMETRIC_REPRESENTATION_CONTEXT(2) 
PARAMETRIC_REPRESENTATION_CONTEXT() REPRESENTATION_CONTEXT('2D SPACE',''
  ) );
#1456 = PCURVE('',#853,#1457);
#1457 = DEFINITIONAL_REPRESENTATION('',(#1458),#1462);
#1458 = LINE('',#1459,#1460);
#1459 = CARTESIAN_POINT('',(18.,0.));
#1460 = VECTOR('',#1461,1.);
#1461 = DIRECTION('',(0.,-1.));
#1462 = ( GEOMETRIC_REPRESENTATION_CONTEXT(2) 
PARAMETRIC_REPRESENTATION_CONTEXT() REPRESENTATION_CONTEXT('2D SPACE',''
  ) );
#1463 = ORIENTED_EDGE('',*,*,#1464,.F.);
#1464 = EDGE_CURVE('',#1465,#1442,#1467,.T.);
#1465 = VERTEX_POINT('',#1466);
#1466 = CARTESIAN_POINT('',(-39.,-8.,18.));
#1467 = SURFACE_CURVE('',#1468,(#1472,#1479),.PCURVE_S1.);
#1468 = LINE('',#1469,#1470);
#1469 = CARTESIAN_POINT('',(-32.,-8.,18.));
#1470 = VECTOR('',#1471,1.);
#1471 = DIRECTION('',(-1.,1.224646799147E-16,0.));
#1472 = PCURVE('',#90,#1473);
#1473 = DEFINITIONAL_REPRESENTATION('',(#1474),#1478);
#1474 = LINE('',#1475,#1476);
#1475 = CARTESIAN_POINT('',(-32.,-8.));
#1476 = VECTOR('',#1477,1.);
#1477 = DIRECTION('',(-1.,1.224646799147E-16));
#1478 = ( GEOMETRIC_REPRESENTATION_CONTEXT(2) 
PARAMETRIC_REPRESENTATION_CONTEXT() REPRESENTATION_CONTEXT('2D SPACE',''
  ) );
#1479 = PCURVE('',#881,#1480);
#1480 = DEFINITIONAL_REPRESENTATION('',(#1481),#1485);
#1481 = LINE('',#1482,#1483);
#1482 = CARTESIAN_POINT('',(18.,0.));
#1483 = VECTOR('',#1484,1.);
#1484 = DIRECTION('',(0.,1.));
#1485 = ( GEOMETRIC_REPRESENTATION_CONTEXT(2) 
PARAMETRIC_REPRESENTATION_CONTEXT() REPRESENTATION_CONTEXT('2D SPACE',''
  ) );
#1486 = ORIENTED_EDGE('',*,*,#1487,.T.);
#1487 = EDGE_CURVE('',#1465,#1488,#1490,.T.);
#1488 = VERTEX_POINT('',#1489);
#1489 = CARTESIAN_POINT('',(-39.,-23.59798675279,18.));
#1490 = SURFACE_CURVE('',#1491,(#1495,#1502),.PCURVE_S1.);
#1491 = LINE('',#1492,#1493);
#1492 = CARTESIAN_POINT('',(-39.,33.,18.));
#1493 = VECTOR('',#1494,1.);
#1494 = DIRECTION('',(0.,-1.,0.));
#1495 = PCURVE('',#90,#1496);
#1496 = DEFINITIONAL_REPRESENTATION('',(#1497),#1501);
#1497 = LINE('',#1498,#1499);
#1498 = CARTESIAN_POINT('',(-39.,33.));
#1499 = VECTOR('',#1500,1.);
#1500 = DIRECTION('',(0.,-1.));
#1501 = ( GEOMETRIC_REPRESENTATION_CONTEXT(2) 
PARAMETRIC_REPRESENTATION_CONTEXT() REPRESENTATION_CONTEXT('2D SPACE',''
  ) );
#1502 = PCURVE('',#909,#1503);
#1503 = DEFINITIONAL_REPRESENTATION('',(#1504),#1508);
#1504 = LINE('',#1505,#1506);
#1505 = CARTESIAN_POINT('',(0.,-18.));
#1506 = VECTOR('',#1507,1.);
#1507 = DIRECTION('',(1.,0.));
#1508 = ( GEOMETRIC_REPRESENTATION_CONTEXT(2) 
PARAMETRIC_REPRESENTATION_CONTEXT() REPRESENTATION_CONTEXT('2D SPACE',''
  ) );
#1509 = ORIENTED_EDGE('',*,*,#1510,.T.);
#1510 = EDGE_CURVE('',#1488,#1511,#1513,.T.);
#1511 = VERTEX_POINT('',#1512);
#1512 = CARTESIAN_POINT('',(-43.49493185587,-25.98798441523,18.));
#1513 = SURFACE_CURVE('',#1514,(#1518,#1525),.PCURVE_S1.);
#1514 = LINE('',#1515,#1516);
#1515 = CARTESIAN_POINT('',(-34.66545592728,-21.29326878737,18.));
#1516 = VECTOR('',#1517,1.);
#1517 = DIRECTION('',(-0.882947592859,-0.469471562786,0.));
#1518 = PCURVE('',#90,#1519);
#1519 = DEFINITIONAL_REPRESENTATION('',(#1520),#1524);
#1520 = LINE('',#1521,#1522);
#1521 = CARTESIAN_POINT('',(-34.66545592728,-21.29326878737));
#1522 = VECTOR('',#1523,1.);
#1523 = DIRECTION('',(-0.882947592859,-0.469471562786));
#1524 = ( GEOMETRIC_REPRESENTATION_CONTEXT(2) 
PARAMETRIC_REPRESENTATION_CONTEXT() REPRESENTATION_CONTEXT('2D SPACE',''
  ) );
#1525 = PCURVE('',#937,#1526);
#1526 = DEFINITIONAL_REPRESENTATION('',(#1527),#1531);
#1527 = LINE('',#1528,#1529);
#1528 = CARTESIAN_POINT('',(18.,0.));
#1529 = VECTOR('',#1530,1.);
#1530 = DIRECTION('',(0.,1.));
#1531 = ( GEOMETRIC_REPRESENTATION_CONTEXT(2) 
PARAMETRIC_REPRESENTATION_CONTEXT() REPRESENTATION_CONTEXT('2D SPACE',''
  ) );
#1532 = ORIENTED_EDGE('',*,*,#1533,.T.);
#1533 = EDGE_CURVE('',#1511,#1534,#1536,.T.);
#1534 = VERTEX_POINT('',#1535);
#1535 = CARTESIAN_POINT('',(-35.98338685129,-40.11514590098,18.));
#1536 = SURFACE_CURVE('',#1537,(#1541,#1548),.PCURVE_S1.);
#1537 = LINE('',#1538,#1539);
#1538 = CARTESIAN_POINT('',(-43.49493185587,-25.98798441523,18.));
#1539 = VECTOR('',#1540,1.);
#1540 = DIRECTION('',(0.469471562786,-0.882947592859,0.));
#1541 = PCURVE('',#90,#1542);
#1542 = DEFINITIONAL_REPRESENTATION('',(#1543),#1547);
#1543 = LINE('',#1544,#1545);
#1544 = CARTESIAN_POINT('',(-43.49493185587,-25.98798441523));
#1545 = VECTOR('',#1546,1.);
#1546 = DIRECTION('',(0.469471562786,-0.882947592859));
#1547 = ( GEOMETRIC_REPRESENTATION_CONTEXT(2) 
PARAMETRIC_REPRESENTATION_CONTEXT() REPRESENTATION_CONTEXT('2D SPACE',''
  ) );
#1548 = PCURVE('',#965,#1549);
#1549 = DEFINITIONAL_REPRESENTATION('',(#1550),#1554);
#1550 = LINE('',#1551,#1552);
#1551 = CARTESIAN_POINT('',(18.,0.));
#1552 = VECTOR('',#1553,1.);
#1553 = DIRECTION('',(0.,-1.));
#1554 = ( GEOMETRIC_REPRESENTATION_CONTEXT(2) 
PARAMETRIC_REPRESENTATION_CONTEXT() REPRESENTATION_CONTEXT('2D SPACE',''
  ) );
#1555 = ORIENTED_EDGE('',*,*,#1556,.F.);
#1556 = EDGE_CURVE('',#183,#1534,#1557,.T.);
#1557 = SURFACE_CURVE('',#1558,(#1562,#1569),.PCURVE_S1.);
#1558 = LINE('',#1559,#1560);
#1559 = CARTESIAN_POINT('',(-27.1539109227,-35.42043027312,18.));
#1560 = VECTOR('',#1561,1.);
#1561 = DIRECTION('',(-0.882947592859,-0.469471562786,0.));
#1562 = PCURVE('',#90,#1563);
#1563 = DEFINITIONAL_REPRESENTATION('',(#1564),#1568);
#1564 = LINE('',#1565,#1566);
#1565 = CARTESIAN_POINT('',(-27.1539109227,-35.42043027312));
#1566 = VECTOR('',#1567,1.);
#1567 = DIRECTION('',(-0.882947592859,-0.469471562786));
#1568 = ( GEOMETRIC_REPRESENTATION_CONTEXT(2) 
PARAMETRIC_REPRESENTATION_CONTEXT() REPRESENTATION_CONTEXT('2D SPACE',''
  ) );
#1569 = PCURVE('',#197,#1570);
#1570 = DEFINITIONAL_REPRESENTATION('',(#1571),#1575);
#1571 = LINE('',#1572,#1573);
#1572 = CARTESIAN_POINT('',(18.,0.));
#1573 = VECTOR('',#1574,1.);
#1574 = DIRECTION('',(0.,1.));
#1575 = ( GEOMETRIC_REPRESENTATION_CONTEXT(2) 
PARAMETRIC_REPRESENTATION_CONTEXT() REPRESENTATION_CONTEXT('2D SPACE',''
  ) );
#1576 = FACE_BOUND('',#1577,.T.);
#1577 = EDGE_LOOP('',(#1578,#1606,#1632,#1658));
#1578 = ORIENTED_EDGE('',*,*,#1579,.T.);
#1579 = EDGE_CURVE('',#1580,#1582,#1584,.T.);
#1580 = VERTEX_POINT('',#1581);
#1581 = CARTESIAN_POINT('',(-17.8,-19.76,18.));
#1582 = VERTEX_POINT('',#1583);
#1583 = CARTESIAN_POINT('',(-22.2,-19.76,18.));
#1584 = SURFACE_CURVE('',#1585,(#1589,#1595),.PCURVE_S1.);
#1585 = LINE('',#1586,#1587);
#1586 = CARTESIAN_POINT('',(-11.1,-19.76,18.));
#1587 = VECTOR('',#1588,1.);
#1588 = DIRECTION('',(-1.,-0.,0.));
#1589 = PCURVE('',#90,#1590);
#1590 = DEFINITIONAL_REPRESENTATION('',(#1591),#1594);
#1591 = B_SPLINE_CURVE_WITH_KNOTS('',1,(#1592,#1593),.UNSPECIFIED.,.F.,
  .F.,(2,2),(6.7,11.1),.PIECEWISE_BEZIER_KNOTS.);
#1592 = CARTESIAN_POINT('',(-17.8,-19.76));
#1593 = CARTESIAN_POINT('',(-22.2,-19.76));
#1594 = ( GEOMETRIC_REPRESENTATION_CONTEXT(2) 
PARAMETRIC_REPRESENTATION_CONTEXT() REPRESENTATION_CONTEXT('2D SPACE',''
  ) );
#1595 = PCURVE('',#1596,#1601);
#1596 = PLANE('',#1597);
#1597 = AXIS2_PLACEMENT_3D('',#1598,#1599,#1600);
#1598 = CARTESIAN_POINT('',(-22.2,-19.76,12.5));
#1599 = DIRECTION('',(-0.,1.,0.));
#1600 = DIRECTION('',(0.,0.,1.));
#1601 = DEFINITIONAL_REPRESENTATION('',(#1602),#1605);
#1602 = B_SPLINE_CURVE_WITH_KNOTS('',1,(#1603,#1604),.UNSPECIFIED.,.F.,
  .F.,(2,2),(6.7,11.1),.PIECEWISE_BEZIER_KNOTS.);
#1603 = CARTESIAN_POINT('',(5.5,4.4));
#1604 = CARTESIAN_POINT('',(5.5,0.));
#1605 = ( GEOMETRIC_REPRESENTATION_CONTEXT(2) 
PARAMETRIC_REPRESENTATION_CONTEXT() REPRESENTATION_CONTEXT('2D SPACE',''
  ) );
#1606 = ORIENTED_EDGE('',*,*,#1607,.T.);
#1607 = EDGE_CURVE('',#1582,#1608,#1610,.T.);
#1608 = VERTEX_POINT('',#1609);
#1609 = CARTESIAN_POINT('',(-22.2,-15.36,18.));
#1610 = SURFACE_CURVE('',#1611,(#1615,#1621),.PCURVE_S1.);
#1611 = LINE('',#1612,#1613);
#1612 = CARTESIAN_POINT('',(-22.2,-9.88,18.));
#1613 = VECTOR('',#1614,1.);
#1614 = DIRECTION('',(-0.,1.,0.));
#1615 = PCURVE('',#90,#1616);
#1616 = DEFINITIONAL_REPRESENTATION('',(#1617),#1620);
#1617 = B_SPLINE_CURVE_WITH_KNOTS('',1,(#1618,#1619),.UNSPECIFIED.,.F.,
  .F.,(2,2),(-9.88,-5.48),.PIECEWISE_BEZIER_KNOTS.);
#1618 = CARTESIAN_POINT('',(-22.2,-19.76));
#1619 = CARTESIAN_POINT('',(-22.2,-15.36));
#1620 = ( GEOMETRIC_REPRESENTATION_CONTEXT(2) 
PARAMETRIC_REPRESENTATION_CONTEXT() REPRESENTATION_CONTEXT('2D SPACE',''
  ) );
#1621 = PCURVE('',#1622,#1627);
#1622 = PLANE('',#1623);
#1623 = AXIS2_PLACEMENT_3D('',#1624,#1625,#1626);
#1624 = CARTESIAN_POINT('',(-22.2,-19.76,12.5));
#1625 = DIRECTION('',(1.,0.,-0.));
#1626 = DIRECTION('',(0.,0.,1.));
#1627 = DEFINITIONAL_REPRESENTATION('',(#1628),#1631);
#1628 = B_SPLINE_CURVE_WITH_KNOTS('',1,(#1629,#1630),.UNSPECIFIED.,.F.,
  .F.,(2,2),(-9.88,-5.48),.PIECEWISE_BEZIER_KNOTS.);
#1629 = CARTESIAN_POINT('',(5.5,0.));
#1630 = CARTESIAN_POINT('',(5.5,-4.4));
#1631 = ( GEOMETRIC_REPRESENTATION_CONTEXT(2) 
PARAMETRIC_REPRESENTATION_CONTEXT() REPRESENTATION_CONTEXT('2D SPACE',''
  ) );
#1632 = ORIENTED_EDGE('',*,*,#1633,.F.);
#1633 = EDGE_CURVE('',#1634,#1608,#1636,.T.);
#1634 = VERTEX_POINT('',#1635);
#1635 = CARTESIAN_POINT('',(-17.8,-15.36,18.));
#1636 = SURFACE_CURVE('',#1637,(#1641,#1647),.PCURVE_S1.);
#1637 = LINE('',#1638,#1639);
#1638 = CARTESIAN_POINT('',(-11.1,-15.36,18.));
#1639 = VECTOR('',#1640,1.);
#1640 = DIRECTION('',(-1.,-0.,0.));
#1641 = PCURVE('',#90,#1642);
#1642 = DEFINITIONAL_REPRESENTATION('',(#1643),#1646);
#1643 = B_SPLINE_CURVE_WITH_KNOTS('',1,(#1644,#1645),.UNSPECIFIED.,.F.,
  .F.,(2,2),(6.7,11.1),.PIECEWISE_BEZIER_KNOTS.);
#1644 = CARTESIAN_POINT('',(-17.8,-15.36));
#1645 = CARTESIAN_POINT('',(-22.2,-15.36));
#1646 = ( GEOMETRIC_REPRESENTATION_CONTEXT(2) 
PARAMETRIC_REPRESENTATION_CONTEXT() REPRESENTATION_CONTEXT('2D SPACE',''
  ) );
#1647 = PCURVE('',#1648,#1653);
#1648 = PLANE('',#1649);
#1649 = AXIS2_PLACEMENT_3D('',#1650,#1651,#1652);
#1650 = CARTESIAN_POINT('',(-22.2,-15.36,12.5));
#1651 = DIRECTION('',(-0.,1.,0.));
#1652 = DIRECTION('',(0.,0.,1.));
#1653 = DEFINITIONAL_REPRESENTATION('',(#1654),#1657);
#1654 = B_SPLINE_CURVE_WITH_KNOTS('',1,(#1655,#1656),.UNSPECIFIED.,.F.,
  .F.,(2,2),(6.7,11.1),.PIECEWISE_BEZIER_KNOTS.);
#1655 = CARTESIAN_POINT('',(5.5,4.4));
#1656 = CARTESIAN_POINT('',(5.5,0.));
#1657 = ( GEOMETRIC_REPRESENTATION_CONTEXT(2) 
PARAMETRIC_REPRESENTATION_CONTEXT() REPRESENTATION_CONTEXT('2D SPACE',''
  ) );
#1658 = ORIENTED_EDGE('',*,*,#1659,.F.);
#1659 = EDGE_CURVE('',#1580,#1634,#1660,.T.);
#1660 = SURFACE_CURVE('',#1661,(#1665,#1671),.PCURVE_S1.);
#1661 = LINE('',#1662,#1663);
#1662 = CARTESIAN_POINT('',(-17.8,-9.88,18.));
#1663 = VECTOR('',#1664,1.);
#1664 = DIRECTION('',(-0.,1.,0.));
#1665 = PCURVE('',#90,#1666);
#1666 = DEFINITIONAL_REPRESENTATION('',(#1667),#1670);
#1667 = B_SPLINE_CURVE_WITH_KNOTS('',1,(#1668,#1669),.UNSPECIFIED.,.F.,
  .F.,(2,2),(-9.88,-5.48),.PIECEWISE_BEZIER_KNOTS.);
#1668 = CARTESIAN_POINT('',(-17.8,-19.76));
#1669 = CARTESIAN_POINT('',(-17.8,-15.36));
#1670 = ( GEOMETRIC_REPRESENTATION_CONTEXT(2) 
PARAMETRIC_REPRESENTATION_CONTEXT() REPRESENTATION_CONTEXT('2D SPACE',''
  ) );
#1671 = PCURVE('',#1672,#1677);
#1672 = PLANE('',#1673);
#1673 = AXIS2_PLACEMENT_3D('',#1674,#1675,#1676);
#1674 = CARTESIAN_POINT('',(-17.8,-19.76,12.5));
#1675 = DIRECTION('',(1.,0.,-0.));
#1676 = DIRECTION('',(0.,0.,1.));
#1677 = DEFINITIONAL_REPRESENTATION('',(#1678),#1681);
#1678 = B_SPLINE_CURVE_WITH_KNOTS('',1,(#1679,#1680),.UNSPECIFIED.,.F.,
  .F.,(2,2),(-9.88,-5.48),.PIECEWISE_BEZIER_KNOTS.);
#1679 = CARTESIAN_POINT('',(5.5,0.));
#1680 = CARTESIAN_POINT('',(5.5,-4.4));
#1681 = ( GEOMETRIC_REPRESENTATION_CONTEXT(2) 
PARAMETRIC_REPRESENTATION_CONTEXT() REPRESENTATION_CONTEXT('2D SPACE',''
  ) );
#1682 = FACE_BOUND('',#1683,.T.);
#1683 = EDGE_LOOP('',(#1684,#1712,#1738,#1764));
#1684 = ORIENTED_EDGE('',*,*,#1685,.T.);
#1685 = EDGE_CURVE('',#1686,#1688,#1690,.T.);
#1686 = VERTEX_POINT('',#1687);
#1687 = CARTESIAN_POINT('',(5.25,-8.25,18.));
#1688 = VERTEX_POINT('',#1689);
#1689 = CARTESIAN_POINT('',(-5.25,-8.25,18.));
#1690 = SURFACE_CURVE('',#1691,(#1695,#1701),.PCURVE_S1.);
#1691 = LINE('',#1692,#1693);
#1692 = CARTESIAN_POINT('',(-2.625,-8.25,18.));
#1693 = VECTOR('',#1694,1.);
#1694 = DIRECTION('',(-1.,-0.,0.));
#1695 = PCURVE('',#90,#1696);
#1696 = DEFINITIONAL_REPRESENTATION('',(#1697),#1700);
#1697 = B_SPLINE_CURVE_WITH_KNOTS('',1,(#1698,#1699),.UNSPECIFIED.,.F.,
  .F.,(2,2),(-7.875,2.625),.PIECEWISE_BEZIER_KNOTS.);
#1698 = CARTESIAN_POINT('',(5.25,-8.25));
#1699 = CARTESIAN_POINT('',(-5.25,-8.25));
#1700 = ( GEOMETRIC_REPRESENTATION_CONTEXT(2) 
PARAMETRIC_REPRESENTATION_CONTEXT() REPRESENTATION_CONTEXT('2D SPACE',''
  ) );
#1701 = PCURVE('',#1702,#1707);
#1702 = PLANE('',#1703);
#1703 = AXIS2_PLACEMENT_3D('',#1704,#1705,#1706);
#1704 = CARTESIAN_POINT('',(-5.25,-8.25,11.));
#1705 = DIRECTION('',(-0.,1.,0.));
#1706 = DIRECTION('',(0.,0.,1.));
#1707 = DEFINITIONAL_REPRESENTATION('',(#1708),#1711);
#1708 = B_SPLINE_CURVE_WITH_KNOTS('',1,(#1709,#1710),.UNSPECIFIED.,.F.,
  .F.,(2,2),(-7.875,2.625),.PIECEWISE_BEZIER_KNOTS.);
#1709 = CARTESIAN_POINT('',(7.,10.5));
#1710 = CARTESIAN_POINT('',(7.,0.));
#1711 = ( GEOMETRIC_REPRESENTATION_CONTEXT(2) 
PARAMETRIC_REPRESENTATION_CONTEXT() REPRESENTATION_CONTEXT('2D SPACE',''
  ) );
#1712 = ORIENTED_EDGE('',*,*,#1713,.T.);
#1713 = EDGE_CURVE('',#1688,#1714,#1716,.T.);
#1714 = VERTEX_POINT('',#1715);
#1715 = CARTESIAN_POINT('',(-5.25,0.25,18.));
#1716 = SURFACE_CURVE('',#1717,(#1721,#1727),.PCURVE_S1.);
#1717 = LINE('',#1718,#1719);
#1718 = CARTESIAN_POINT('',(-5.25,-4.125,18.));
#1719 = VECTOR('',#1720,1.);
#1720 = DIRECTION('',(-0.,1.,0.));
#1721 = PCURVE('',#90,#1722);
#1722 = DEFINITIONAL_REPRESENTATION('',(#1723),#1726);
#1723 = B_SPLINE_CURVE_WITH_KNOTS('',1,(#1724,#1725),.UNSPECIFIED.,.F.,
  .F.,(2,2),(-4.125,4.375),.PIECEWISE_BEZIER_KNOTS.);
#1724 = CARTESIAN_POINT('',(-5.25,-8.25));
#1725 = CARTESIAN_POINT('',(-5.25,0.25));
#1726 = ( GEOMETRIC_REPRESENTATION_CONTEXT(2) 
PARAMETRIC_REPRESENTATION_CONTEXT() REPRESENTATION_CONTEXT('2D SPACE',''
  ) );
#1727 = PCURVE('',#1728,#1733);
#1728 = PLANE('',#1729);
#1729 = AXIS2_PLACEMENT_3D('',#1730,#1731,#1732);
#1730 = CARTESIAN_POINT('',(-5.25,-8.25,11.));
#1731 = DIRECTION('',(1.,0.,-0.));
#1732 = DIRECTION('',(0.,0.,1.));
#1733 = DEFINITIONAL_REPRESENTATION('',(#1734),#1737);
#1734 = B_SPLINE_CURVE_WITH_KNOTS('',1,(#1735,#1736),.UNSPECIFIED.,.F.,
  .F.,(2,2),(-4.125,4.375),.PIECEWISE_BEZIER_KNOTS.);
#1735 = CARTESIAN_POINT('',(7.,0.));
#1736 = CARTESIAN_POINT('',(7.,-8.5));
#1737 = ( GEOMETRIC_REPRESENTATION_CONTEXT(2) 
PARAMETRIC_REPRESENTATION_CONTEXT() REPRESENTATION_CONTEXT('2D SPACE',''
  ) );
#1738 = ORIENTED_EDGE('',*,*,#1739,.F.);
#1739 = EDGE_CURVE('',#1740,#1714,#1742,.T.);
#1740 = VERTEX_POINT('',#1741);
#1741 = CARTESIAN_POINT('',(5.25,0.25,18.));
#1742 = SURFACE_CURVE('',#1743,(#1747,#1753),.PCURVE_S1.);
#1743 = LINE('',#1744,#1745);
#1744 = CARTESIAN_POINT('',(-2.625,0.25,18.));
#1745 = VECTOR('',#1746,1.);
#1746 = DIRECTION('',(-1.,-0.,0.));
#1747 = PCURVE('',#90,#1748);
#1748 = DEFINITIONAL_REPRESENTATION('',(#1749),#1752);
#1749 = B_SPLINE_CURVE_WITH_KNOTS('',1,(#1750,#1751),.UNSPECIFIED.,.F.,
  .F.,(2,2),(-7.875,2.625),.PIECEWISE_BEZIER_KNOTS.);
#1750 = CARTESIAN_POINT('',(5.25,0.25));
#1751 = CARTESIAN_POINT('',(-5.25,0.25));
#1752 = ( GEOMETRIC_REPRESENTATION_CONTEXT(2) 
PARAMETRIC_REPRESENTATION_CONTEXT() REPRESENTATION_CONTEXT('2D SPACE',''
  ) );
#1753 = PCURVE('',#1754,#1759);
#1754 = PLANE('',#1755);
#1755 = AXIS2_PLACEMENT_3D('',#1756,#1757,#1758);
#1756 = CARTESIAN_POINT('',(-5.25,0.25,11.));
#1757 = DIRECTION('',(-0.,1.,0.));
#1758 = DIRECTION('',(0.,0.,1.));
#1759 = DEFINITIONAL_REPRESENTATION('',(#1760),#1763);
#1760 = B_SPLINE_CURVE_WITH_KNOTS('',1,(#1761,#1762),.UNSPECIFIED.,.F.,
  .F.,(2,2),(-7.875,2.625),.PIECEWISE_BEZIER_KNOTS.);
#1761 = CARTESIAN_POINT('',(7.,10.5));
#1762 = CARTESIAN_POINT('',(7.,0.));
#1763 = ( GEOMETRIC_REPRESENTATION_CONTEXT(2) 
PARAMETRIC_REPRESENTATION_CONTEXT() REPRESENTATION_CONTEXT('2D SPACE',''
  ) );
#1764 = ORIENTED_EDGE('',*,*,#1765,.F.);
#1765 = EDGE_CURVE('',#1686,#1740,#1766,.T.);
#1766 = SURFACE_CURVE('',#1767,(#1771,#1777),.PCURVE_S1.);
#1767 = LINE('',#1768,#1769);
#1768 = CARTESIAN_POINT('',(5.25,-4.125,18.));
#1769 = VECTOR('',#1770,1.);
#1770 = DIRECTION('',(-0.,1.,0.));
#1771 = PCURVE('',#90,#1772);
#1772 = DEFINITIONAL_REPRESENTATION('',(#1773),#1776);
#1773 = B_SPLINE_CURVE_WITH_KNOTS('',1,(#1774,#1775),.UNSPECIFIED.,.F.,
  .F.,(2,2),(-4.125,4.375),.PIECEWISE_BEZIER_KNOTS.);
#1774 = CARTESIAN_POINT('',(5.25,-8.25));
#1775 = CARTESIAN_POINT('',(5.25,0.25));
#1776 = ( GEOMETRIC_REPRESENTATION_CONTEXT(2) 
PARAMETRIC_REPRESENTATION_CONTEXT() REPRESENTATION_CONTEXT('2D SPACE',''
  ) );
#1777 = PCURVE('',#1778,#1783);
#1778 = PLANE('',#1779);
#1779 = AXIS2_PLACEMENT_3D('',#1780,#1781,#1782);
#1780 = CARTESIAN_POINT('',(5.25,-8.25,11.));
#1781 = DIRECTION('',(1.,0.,-0.));
#1782 = DIRECTION('',(0.,0.,1.));
#1783 = DEFINITIONAL_REPRESENTATION('',(#1784),#1787);
#1784 = B_SPLINE_CURVE_WITH_KNOTS('',1,(#1785,#1786),.UNSPECIFIED.,.F.,
  .F.,(2,2),(-4.125,4.375),.PIECEWISE_BEZIER_KNOTS.);
#1785 = CARTESIAN_POINT('',(7.,0.));
#1786 = CARTESIAN_POINT('',(7.,-8.5));
#1787 = ( GEOMETRIC_REPRESENTATION_CONTEXT(2) 
PARAMETRIC_REPRESENTATION_CONTEXT() REPRESENTATION_CONTEXT('2D SPACE',''
  ) );
#1788 = FACE_BOUND('',#1789,.T.);
#1789 = EDGE_LOOP('',(#1790,#1818,#1844,#1870));
#1790 = ORIENTED_EDGE('',*,*,#1791,.T.);
#1791 = EDGE_CURVE('',#1792,#1794,#1796,.T.);
#1792 = VERTEX_POINT('',#1793);
#1793 = CARTESIAN_POINT('',(22.2,-19.76,18.));
#1794 = VERTEX_POINT('',#1795);
#1795 = CARTESIAN_POINT('',(17.8,-19.76,18.));
#1796 = SURFACE_CURVE('',#1797,(#1801,#1807),.PCURVE_S1.);
#1797 = LINE('',#1798,#1799);
#1798 = CARTESIAN_POINT('',(8.9,-19.76,18.));
#1799 = VECTOR('',#1800,1.);
#1800 = DIRECTION('',(-1.,-0.,0.));
#1801 = PCURVE('',#90,#1802);
#1802 = DEFINITIONAL_REPRESENTATION('',(#1803),#1806);
#1803 = B_SPLINE_CURVE_WITH_KNOTS('',1,(#1804,#1805),.UNSPECIFIED.,.F.,
  .F.,(2,2),(-13.3,-8.9),.PIECEWISE_BEZIER_KNOTS.);
#1804 = CARTESIAN_POINT('',(22.2,-19.76));
#1805 = CARTESIAN_POINT('',(17.8,-19.76));
#1806 = ( GEOMETRIC_REPRESENTATION_CONTEXT(2) 
PARAMETRIC_REPRESENTATION_CONTEXT() REPRESENTATION_CONTEXT('2D SPACE',''
  ) );
#1807 = PCURVE('',#1808,#1813);
#1808 = PLANE('',#1809);
#1809 = AXIS2_PLACEMENT_3D('',#1810,#1811,#1812);
#1810 = CARTESIAN_POINT('',(17.8,-19.76,12.5));
#1811 = DIRECTION('',(-0.,1.,0.));
#1812 = DIRECTION('',(0.,0.,1.));
#1813 = DEFINITIONAL_REPRESENTATION('',(#1814),#1817);
#1814 = B_SPLINE_CURVE_WITH_KNOTS('',1,(#1815,#1816),.UNSPECIFIED.,.F.,
  .F.,(2,2),(-13.3,-8.9),.PIECEWISE_BEZIER_KNOTS.);
#1815 = CARTESIAN_POINT('',(5.5,4.4));
#1816 = CARTESIAN_POINT('',(5.5,0.));
#1817 = ( GEOMETRIC_REPRESENTATION_CONTEXT(2) 
PARAMETRIC_REPRESENTATION_CONTEXT() REPRESENTATION_CONTEXT('2D SPACE',''
  ) );
#1818 = ORIENTED_EDGE('',*,*,#1819,.T.);
#1819 = EDGE_CURVE('',#1794,#1820,#1822,.T.);
#1820 = VERTEX_POINT('',#1821);
#1821 = CARTESIAN_POINT('',(17.8,-15.36,18.));
#1822 = SURFACE_CURVE('',#1823,(#1827,#1833),.PCURVE_S1.);
#1823 = LINE('',#1824,#1825);
#1824 = CARTESIAN_POINT('',(17.8,-9.88,18.));
#1825 = VECTOR('',#1826,1.);
#1826 = DIRECTION('',(-0.,1.,0.));
#1827 = PCURVE('',#90,#1828);
#1828 = DEFINITIONAL_REPRESENTATION('',(#1829),#1832);
#1829 = B_SPLINE_CURVE_WITH_KNOTS('',1,(#1830,#1831),.UNSPECIFIED.,.F.,
  .F.,(2,2),(-9.88,-5.48),.PIECEWISE_BEZIER_KNOTS.);
#1830 = CARTESIAN_POINT('',(17.8,-19.76));
#1831 = CARTESIAN_POINT('',(17.8,-15.36));
#1832 = ( GEOMETRIC_REPRESENTATION_CONTEXT(2) 
PARAMETRIC_REPRESENTATION_CONTEXT() REPRESENTATION_CONTEXT('2D SPACE',''
  ) );
#1833 = PCURVE('',#1834,#1839);
#1834 = PLANE('',#1835);
#1835 = AXIS2_PLACEMENT_3D('',#1836,#1837,#1838);
#1836 = CARTESIAN_POINT('',(17.8,-19.76,12.5));
#1837 = DIRECTION('',(1.,0.,-0.));
#1838 = DIRECTION('',(0.,0.,1.));
#1839 = DEFINITIONAL_REPRESENTATION('',(#1840),#1843);
#1840 = B_SPLINE_CURVE_WITH_KNOTS('',1,(#1841,#1842),.UNSPECIFIED.,.F.,
  .F.,(2,2),(-9.88,-5.48),.PIECEWISE_BEZIER_KNOTS.);
#1841 = CARTESIAN_POINT('',(5.5,0.));
#1842 = CARTESIAN_POINT('',(5.5,-4.4));
#1843 = ( GEOMETRIC_REPRESENTATION_CONTEXT(2) 
PARAMETRIC_REPRESENTATION_CONTEXT() REPRESENTATION_CONTEXT('2D SPACE',''
  ) );
#1844 = ORIENTED_EDGE('',*,*,#1845,.F.);
#1845 = EDGE_CURVE('',#1846,#1820,#1848,.T.);
#1846 = VERTEX_POINT('',#1847);
#1847 = CARTESIAN_POINT('',(22.2,-15.36,18.));
#1848 = SURFACE_CURVE('',#1849,(#1853,#1859),.PCURVE_S1.);
#1849 = LINE('',#1850,#1851);
#1850 = CARTESIAN_POINT('',(8.9,-15.36,18.));
#1851 = VECTOR('',#1852,1.);
#1852 = DIRECTION('',(-1.,-0.,0.));
#1853 = PCURVE('',#90,#1854);
#1854 = DEFINITIONAL_REPRESENTATION('',(#1855),#1858);
#1855 = B_SPLINE_CURVE_WITH_KNOTS('',1,(#1856,#1857),.UNSPECIFIED.,.F.,
  .F.,(2,2),(-13.3,-8.9),.PIECEWISE_BEZIER_KNOTS.);
#1856 = CARTESIAN_POINT('',(22.2,-15.36));
#1857 = CARTESIAN_POINT('',(17.8,-15.36));
#1858 = ( GEOMETRIC_REPRESENTATION_CONTEXT(2) 
PARAMETRIC_REPRESENTATION_CONTEXT() REPRESENTATION_CONTEXT('2D SPACE',''
  ) );
#1859 = PCURVE('',#1860,#1865);
#1860 = PLANE('',#1861);
#1861 = AXIS2_PLACEMENT_3D('',#1862,#1863,#1864);
#1862 = CARTESIAN_POINT('',(17.8,-15.36,12.5));
#1863 = DIRECTION('',(-0.,1.,0.));
#1864 = DIRECTION('',(0.,0.,1.));
#1865 = DEFINITIONAL_REPRESENTATION('',(#1866),#1869);
#1866 = B_SPLINE_CURVE_WITH_KNOTS('',1,(#1867,#1868),.UNSPECIFIED.,.F.,
  .F.,(2,2),(-13.3,-8.9),.PIECEWISE_BEZIER_KNOTS.);
#1867 = CARTESIAN_POINT('',(5.5,4.4));
#1868 = CARTESIAN_POINT('',(5.5,0.));
#1869 = ( GEOMETRIC_REPRESENTATION_CONTEXT(2) 
PARAMETRIC_REPRESENTATION_CONTEXT() REPRESENTATION_CONTEXT('2D SPACE',''
  ) );
#1870 = ORIENTED_EDGE('',*,*,#1871,.F.);
#1871 = EDGE_CURVE('',#1792,#1846,#1872,.T.);
#1872 = SURFACE_CURVE('',#1873,(#1877,#1883),.PCURVE_S1.);
#1873 = LINE('',#1874,#1875);
#1874 = CARTESIAN_POINT('',(22.2,-9.88,18.));
#1875 = VECTOR('',#1876,1.);
#1876 = DIRECTION('',(-0.,1.,0.));
#1877 = PCURVE('',#90,#1878);
#1878 = DEFINITIONAL_REPRESENTATION('',(#1879),#1882);
#1879 = B_SPLINE_CURVE_WITH_KNOTS('',1,(#1880,#1881),.UNSPECIFIED.,.F.,
  .F.,(2,2),(-9.88,-5.48),.PIECEWISE_BEZIER_KNOTS.);
#1880 = CARTESIAN_POINT('',(22.2,-19.76));
#1881 = CARTESIAN_POINT('',(22.2,-15.36));
#1882 = ( GEOMETRIC_REPRESENTATION_CONTEXT(2) 
PARAMETRIC_REPRESENTATION_CONTEXT() REPRESENTATION_CONTEXT('2D SPACE',''
  ) );
#1883 = PCURVE('',#1884,#1889);
#1884 = PLANE('',#1885);
#1885 = AXIS2_PLACEMENT_3D('',#1886,#1887,#1888);
#1886 = CARTESIAN_POINT('',(22.2,-19.76,12.5));
#1887 = DIRECTION('',(1.,0.,-0.));
#1888 = DIRECTION('',(0.,0.,1.));
#1889 = DEFINITIONAL_REPRESENTATION('',(#1890),#1893);
#1890 = B_SPLINE_CURVE_WITH_KNOTS('',1,(#1891,#1892),.UNSPECIFIED.,.F.,
  .F.,(2,2),(-9.88,-5.48),.PIECEWISE_BEZIER_KNOTS.);
#1891 = CARTESIAN_POINT('',(5.5,0.));
#1892 = CARTESIAN_POINT('',(5.5,-4.4));
#1893 = ( GEOMETRIC_REPRESENTATION_CONTEXT(2) 
PARAMETRIC_REPRESENTATION_CONTEXT() REPRESENTATION_CONTEXT('2D SPACE',''
  ) );
#1894 = FACE_BOUND('',#1895,.T.);
#1895 = EDGE_LOOP('',(#1896,#1924,#1950,#1976));
#1896 = ORIENTED_EDGE('',*,*,#1897,.T.);
#1897 = EDGE_CURVE('',#1898,#1900,#1902,.T.);
#1898 = VERTEX_POINT('',#1899);
#1899 = CARTESIAN_POINT('',(-17.8,21.24,18.));
#1900 = VERTEX_POINT('',#1901);
#1901 = CARTESIAN_POINT('',(-22.2,21.24,18.));
#1902 = SURFACE_CURVE('',#1903,(#1907,#1913),.PCURVE_S1.);
#1903 = LINE('',#1904,#1905);
#1904 = CARTESIAN_POINT('',(-11.1,21.24,18.));
#1905 = VECTOR('',#1906,1.);
#1906 = DIRECTION('',(-1.,-0.,0.));
#1907 = PCURVE('',#90,#1908);
#1908 = DEFINITIONAL_REPRESENTATION('',(#1909),#1912);
#1909 = B_SPLINE_CURVE_WITH_KNOTS('',1,(#1910,#1911),.UNSPECIFIED.,.F.,
  .F.,(2,2),(6.7,11.1),.PIECEWISE_BEZIER_KNOTS.);
#1910 = CARTESIAN_POINT('',(-17.8,21.24));
#1911 = CARTESIAN_POINT('',(-22.2,21.24));
#1912 = ( GEOMETRIC_REPRESENTATION_CONTEXT(2) 
PARAMETRIC_REPRESENTATION_CONTEXT() REPRESENTATION_CONTEXT('2D SPACE',''
  ) );
#1913 = PCURVE('',#1914,#1919);
#1914 = PLANE('',#1915);
#1915 = AXIS2_PLACEMENT_3D('',#1916,#1917,#1918);
#1916 = CARTESIAN_POINT('',(-22.2,21.24,12.5));
#1917 = DIRECTION('',(-0.,1.,0.));
#1918 = DIRECTION('',(0.,0.,1.));
#1919 = DEFINITIONAL_REPRESENTATION('',(#1920),#1923);
#1920 = B_SPLINE_CURVE_WITH_KNOTS('',1,(#1921,#1922),.UNSPECIFIED.,.F.,
  .F.,(2,2),(6.7,11.1),.PIECEWISE_BEZIER_KNOTS.);
#1921 = CARTESIAN_POINT('',(5.5,4.4));
#1922 = CARTESIAN_POINT('',(5.5,0.));
#1923 = ( GEOMETRIC_REPRESENTATION_CONTEXT(2) 
PARAMETRIC_REPRESENTATION_CONTEXT() REPRESENTATION_CONTEXT('2D SPACE',''
  ) );
#1924 = ORIENTED_EDGE('',*,*,#1925,.T.);
#1925 = EDGE_CURVE('',#1900,#1926,#1928,.T.);
#1926 = VERTEX_POINT('',#1927);
#1927 = CARTESIAN_POINT('',(-22.2,25.64,18.));
#1928 = SURFACE_CURVE('',#1929,(#1933,#1939),.PCURVE_S1.);
#1929 = LINE('',#1930,#1931);
#1930 = CARTESIAN_POINT('',(-22.2,10.62,18.));
#1931 = VECTOR('',#1932,1.);
#1932 = DIRECTION('',(-0.,1.,0.));
#1933 = PCURVE('',#90,#1934);
#1934 = DEFINITIONAL_REPRESENTATION('',(#1935),#1938);
#1935 = B_SPLINE_CURVE_WITH_KNOTS('',1,(#1936,#1937),.UNSPECIFIED.,.F.,
  .F.,(2,2),(10.62,15.02),.PIECEWISE_BEZIER_KNOTS.);
#1936 = CARTESIAN_POINT('',(-22.2,21.24));
#1937 = CARTESIAN_POINT('',(-22.2,25.64));
#1938 = ( GEOMETRIC_REPRESENTATION_CONTEXT(2) 
PARAMETRIC_REPRESENTATION_CONTEXT() REPRESENTATION_CONTEXT('2D SPACE',''
  ) );
#1939 = PCURVE('',#1940,#1945);
#1940 = PLANE('',#1941);
#1941 = AXIS2_PLACEMENT_3D('',#1942,#1943,#1944);
#1942 = CARTESIAN_POINT('',(-22.2,21.24,12.5));
#1943 = DIRECTION('',(1.,0.,-0.));
#1944 = DIRECTION('',(0.,0.,1.));
#1945 = DEFINITIONAL_REPRESENTATION('',(#1946),#1949);
#1946 = B_SPLINE_CURVE_WITH_KNOTS('',1,(#1947,#1948),.UNSPECIFIED.,.F.,
  .F.,(2,2),(10.62,15.02),.PIECEWISE_BEZIER_KNOTS.);
#1947 = CARTESIAN_POINT('',(5.5,0.));
#1948 = CARTESIAN_POINT('',(5.5,-4.4));
#1949 = ( GEOMETRIC_REPRESENTATION_CONTEXT(2) 
PARAMETRIC_REPRESENTATION_CONTEXT() REPRESENTATION_CONTEXT('2D SPACE',''
  ) );
#1950 = ORIENTED_EDGE('',*,*,#1951,.F.);
#1951 = EDGE_CURVE('',#1952,#1926,#1954,.T.);
#1952 = VERTEX_POINT('',#1953);
#1953 = CARTESIAN_POINT('',(-17.8,25.64,18.));
#1954 = SURFACE_CURVE('',#1955,(#1959,#1965),.PCURVE_S1.);
#1955 = LINE('',#1956,#1957);
#1956 = CARTESIAN_POINT('',(-11.1,25.64,18.));
#1957 = VECTOR('',#1958,1.);
#1958 = DIRECTION('',(-1.,-0.,0.));
#1959 = PCURVE('',#90,#1960);
#1960 = DEFINITIONAL_REPRESENTATION('',(#1961),#1964);
#1961 = B_SPLINE_CURVE_WITH_KNOTS('',1,(#1962,#1963),.UNSPECIFIED.,.F.,
  .F.,(2,2),(6.7,11.1),.PIECEWISE_BEZIER_KNOTS.);
#1962 = CARTESIAN_POINT('',(-17.8,25.64));
#1963 = CARTESIAN_POINT('',(-22.2,25.64));
#1964 = ( GEOMETRIC_REPRESENTATION_CONTEXT(2) 
PARAMETRIC_REPRESENTATION_CONTEXT() REPRESENTATION_CONTEXT('2D SPACE',''
  ) );
#1965 = PCURVE('',#1966,#1971);
#1966 = PLANE('',#1967);
#1967 = AXIS2_PLACEMENT_3D('',#1968,#1969,#1970);
#1968 = CARTESIAN_POINT('',(-22.2,25.64,12.5));
#1969 = DIRECTION('',(-0.,1.,0.));
#1970 = DIRECTION('',(0.,0.,1.));
#1971 = DEFINITIONAL_REPRESENTATION('',(#1972),#1975);
#1972 = B_SPLINE_CURVE_WITH_KNOTS('',1,(#1973,#1974),.UNSPECIFIED.,.F.,
  .F.,(2,2),(6.7,11.1),.PIECEWISE_BEZIER_KNOTS.);
#1973 = CARTESIAN_POINT('',(5.5,4.4));
#1974 = CARTESIAN_POINT('',(5.5,0.));
#1975 = ( GEOMETRIC_REPRESENTATION_CONTEXT(2) 
PARAMETRIC_REPRESENTATION_CONTEXT() REPRESENTATION_CONTEXT('2D SPACE',''
  ) );
#1976 = ORIENTED_EDGE('',*,*,#1977,.F.);
#1977 = EDGE_CURVE('',#1898,#1952,#1978,.T.);
#1978 = SURFACE_CURVE('',#1979,(#1983,#1989),.PCURVE_S1.);
#1979 = LINE('',#1980,#1981);
#1980 = CARTESIAN_POINT('',(-17.8,10.62,18.));
#1981 = VECTOR('',#1982,1.);
#1982 = DIRECTION('',(-0.,1.,0.));
#1983 = PCURVE('',#90,#1984);
#1984 = DEFINITIONAL_REPRESENTATION('',(#1985),#1988);
#1985 = B_SPLINE_CURVE_WITH_KNOTS('',1,(#1986,#1987),.UNSPECIFIED.,.F.,
  .F.,(2,2),(10.62,15.02),.PIECEWISE_BEZIER_KNOTS.);
#1986 = CARTESIAN_POINT('',(-17.8,21.24));
#1987 = CARTESIAN_POINT('',(-17.8,25.64));
#1988 = ( GEOMETRIC_REPRESENTATION_CONTEXT(2) 
PARAMETRIC_REPRESENTATION_CONTEXT() REPRESENTATION_CONTEXT('2D SPACE',''
  ) );
#1989 = PCURVE('',#1990,#1995);
#1990 = PLANE('',#1991);
#1991 = AXIS2_PLACEMENT_3D('',#1992,#1993,#1994);
#1992 = CARTESIAN_POINT('',(-17.8,21.24,12.5));
#1993 = DIRECTION('',(1.,0.,-0.));
#1994 = DIRECTION('',(0.,0.,1.));
#1995 = DEFINITIONAL_REPRESENTATION('',(#1996),#1999);
#1996 = B_SPLINE_CURVE_WITH_KNOTS('',1,(#1997,#1998),.UNSPECIFIED.,.F.,
  .F.,(2,2),(10.62,15.02),.PIECEWISE_BEZIER_KNOTS.);
#1997 = CARTESIAN_POINT('',(5.5,0.));
#1998 = CARTESIAN_POINT('',(5.5,-4.4));
#1999 = ( GEOMETRIC_REPRESENTATION_CONTEXT(2) 
PARAMETRIC_REPRESENTATION_CONTEXT() REPRESENTATION_CONTEXT('2D SPACE',''
  ) );
#2000 = FACE_BOUND('',#2001,.T.);
#2001 = EDGE_LOOP('',(#2002,#2030,#2056,#2082));
#2002 = ORIENTED_EDGE('',*,*,#2003,.T.);
#2003 = EDGE_CURVE('',#2004,#2006,#2008,.T.);
#2004 = VERTEX_POINT('',#2005);
#2005 = CARTESIAN_POINT('',(22.2,21.24,18.));
#2006 = VERTEX_POINT('',#2007);
#2007 = CARTESIAN_POINT('',(17.8,21.24,18.));
#2008 = SURFACE_CURVE('',#2009,(#2013,#2019),.PCURVE_S1.);
#2009 = LINE('',#2010,#2011);
#2010 = CARTESIAN_POINT('',(8.9,21.24,18.));
#2011 = VECTOR('',#2012,1.);
#2012 = DIRECTION('',(-1.,-0.,0.));
#2013 = PCURVE('',#90,#2014);
#2014 = DEFINITIONAL_REPRESENTATION('',(#2015),#2018);
#2015 = B_SPLINE_CURVE_WITH_KNOTS('',1,(#2016,#2017),.UNSPECIFIED.,.F.,
  .F.,(2,2),(-13.3,-8.9),.PIECEWISE_BEZIER_KNOTS.);
#2016 = CARTESIAN_POINT('',(22.2,21.24));
#2017 = CARTESIAN_POINT('',(17.8,21.24));
#2018 = ( GEOMETRIC_REPRESENTATION_CONTEXT(2) 
PARAMETRIC_REPRESENTATION_CONTEXT() REPRESENTATION_CONTEXT('2D SPACE',''
  ) );
#2019 = PCURVE('',#2020,#2025);
#2020 = PLANE('',#2021);
#2021 = AXIS2_PLACEMENT_3D('',#2022,#2023,#2024);
#2022 = CARTESIAN_POINT('',(17.8,21.24,12.5));
#2023 = DIRECTION('',(-0.,1.,0.));
#2024 = DIRECTION('',(0.,0.,1.));
#2025 = DEFINITIONAL_REPRESENTATION('',(#2026),#2029);
#2026 = B_SPLINE_CURVE_WITH_KNOTS('',1,(#2027,#2028),.UNSPECIFIED.,.F.,
  .F.,(2,2),(-13.3,-8.9),.PIECEWISE_BEZIER_KNOTS.);
#2027 = CARTESIAN_POINT('',(5.5,4.4));
#2028 = CARTESIAN_POINT('',(5.5,0.));
#2029 = ( GEOMETRIC_REPRESENTATION_CONTEXT(2) 
PARAMETRIC_REPRESENTATION_CONTEXT() REPRESENTATION_CONTEXT('2D SPACE',''
  ) );
#2030 = ORIENTED_EDGE('',*,*,#2031,.T.);
#2031 = EDGE_CURVE('',#2006,#2032,#2034,.T.);
#2032 = VERTEX_POINT('',#2033);
#2033 = CARTESIAN_POINT('',(17.8,25.64,18.));
#2034 = SURFACE_CURVE('',#2035,(#2039,#2045),.PCURVE_S1.);
#2035 = LINE('',#2036,#2037);
#2036 = CARTESIAN_POINT('',(17.8,10.62,18.));
#2037 = VECTOR('',#2038,1.);
#2038 = DIRECTION('',(-0.,1.,0.));
#2039 = PCURVE('',#90,#2040);
#2040 = DEFINITIONAL_REPRESENTATION('',(#2041),#2044);
#2041 = B_SPLINE_CURVE_WITH_KNOTS('',1,(#2042,#2043),.UNSPECIFIED.,.F.,
  .F.,(2,2),(10.62,15.02),.PIECEWISE_BEZIER_KNOTS.);
#2042 = CARTESIAN_POINT('',(17.8,21.24));
#2043 = CARTESIAN_POINT('',(17.8,25.64));
#2044 = ( GEOMETRIC_REPRESENTATION_CONTEXT(2) 
PARAMETRIC_REPRESENTATION_CONTEXT() REPRESENTATION_CONTEXT('2D SPACE',''
  ) );
#2045 = PCURVE('',#2046,#2051);
#2046 = PLANE('',#2047);
#2047 = AXIS2_PLACEMENT_3D('',#2048,#2049,#2050);
#2048 = CARTESIAN_POINT('',(17.8,21.24,12.5));
#2049 = DIRECTION('',(1.,0.,-0.));
#2050 = DIRECTION('',(0.,0.,1.));
#2051 = DEFINITIONAL_REPRESENTATION('',(#2052),#2055);
#2052 = B_SPLINE_CURVE_WITH_KNOTS('',1,(#2053,#2054),.UNSPECIFIED.,.F.,
  .F.,(2,2),(10.62,15.02),.PIECEWISE_BEZIER_KNOTS.);
#2053 = CARTESIAN_POINT('',(5.5,0.));
#2054 = CARTESIAN_POINT('',(5.5,-4.4));
#2055 = ( GEOMETRIC_REPRESENTATION_CONTEXT(2) 
PARAMETRIC_REPRESENTATION_CONTEXT() REPRESENTATION_CONTEXT('2D SPACE',''
  ) );
#2056 = ORIENTED_EDGE('',*,*,#2057,.F.);
#2057 = EDGE_CURVE('',#2058,#2032,#2060,.T.);
#2058 = VERTEX_POINT('',#2059);
#2059 = CARTESIAN_POINT('',(22.2,25.64,18.));
#2060 = SURFACE_CURVE('',#2061,(#2065,#2071),.PCURVE_S1.);
#2061 = LINE('',#2062,#2063);
#2062 = CARTESIAN_POINT('',(8.9,25.64,18.));
#2063 = VECTOR('',#2064,1.);
#2064 = DIRECTION('',(-1.,-0.,0.));
#2065 = PCURVE('',#90,#2066);
#2066 = DEFINITIONAL_REPRESENTATION('',(#2067),#2070);
#2067 = B_SPLINE_CURVE_WITH_KNOTS('',1,(#2068,#2069),.UNSPECIFIED.,.F.,
  .F.,(2,2),(-13.3,-8.9),.PIECEWISE_BEZIER_KNOTS.);
#2068 = CARTESIAN_POINT('',(22.2,25.64));
#2069 = CARTESIAN_POINT('',(17.8,25.64));
#2070 = ( GEOMETRIC_REPRESENTATION_CONTEXT(2) 
PARAMETRIC_REPRESENTATION_CONTEXT() REPRESENTATION_CONTEXT('2D SPACE',''
  ) );
#2071 = PCURVE('',#2072,#2077);
#2072 = PLANE('',#2073);
#2073 = AXIS2_PLACEMENT_3D('',#2074,#2075,#2076);
#2074 = CARTESIAN_POINT('',(17.8,25.64,12.5));
#2075 = DIRECTION('',(-0.,1.,0.));
#2076 = DIRECTION('',(0.,0.,1.));
#2077 = DEFINITIONAL_REPRESENTATION('',(#2078),#2081);
#2078 = B_SPLINE_CURVE_WITH_KNOTS('',1,(#2079,#2080),.UNSPECIFIED.,.F.,
  .F.,(2,2),(-13.3,-8.9),.PIECEWISE_BEZIER_KNOTS.);
#2079 = CARTESIAN_POINT('',(5.5,4.4));
#2080 = CARTESIAN_POINT('',(5.5,0.));
#2081 = ( GEOMETRIC_REPRESENTATION_CONTEXT(2) 
PARAMETRIC_REPRESENTATION_CONTEXT() REPRESENTATION_CONTEXT('2D SPACE',''
  ) );
#2082 = ORIENTED_EDGE('',*,*,#2083,.F.);
#2083 = EDGE_CURVE('',#2004,#2058,#2084,.T.);
#2084 = SURFACE_CURVE('',#2085,(#2089,#2095),.PCURVE_S1.);
#2085 = LINE('',#2086,#2087);
#2086 = CARTESIAN_POINT('',(22.2,10.62,18.));
#2087 = VECTOR('',#2088,1.);
#2088 = DIRECTION('',(-0.,1.,0.));
#2089 = PCURVE('',#90,#2090);
#2090 = DEFINITIONAL_REPRESENTATION('',(#2091),#2094);
#2091 = B_SPLINE_CURVE_WITH_KNOTS('',1,(#2092,#2093),.UNSPECIFIED.,.F.,
  .F.,(2,2),(10.62,15.02),.PIECEWISE_BEZIER_KNOTS.);
#2092 = CARTESIAN_POINT('',(22.2,21.24));
#2093 = CARTESIAN_POINT('',(22.2,25.64));
#2094 = ( GEOMETRIC_REPRESENTATION_CONTEXT(2) 
PARAMETRIC_REPRESENTATION_CONTEXT() REPRESENTATION_CONTEXT('2D SPACE',''
  ) );
#2095 = PCURVE('',#2096,#2101);
#2096 = PLANE('',#2097);
#2097 = AXIS2_PLACEMENT_3D('',#2098,#2099,#2100);
#2098 = CARTESIAN_POINT('',(22.2,21.24,12.5));
#2099 = DIRECTION('',(1.,0.,-0.));
#2100 = DIRECTION('',(0.,0.,1.));
#2101 = DEFINITIONAL_REPRESENTATION('',(#2102),#2105);
#2102 = B_SPLINE_CURVE_WITH_KNOTS('',1,(#2103,#2104),.UNSPECIFIED.,.F.,
  .F.,(2,2),(10.62,15.02),.PIECEWISE_BEZIER_KNOTS.);
#2103 = CARTESIAN_POINT('',(5.5,0.));
#2104 = CARTESIAN_POINT('',(5.5,-4.4));
#2105 = ( GEOMETRIC_REPRESENTATION_CONTEXT(2) 
PARAMETRIC_REPRESENTATION_CONTEXT() REPRESENTATION_CONTEXT('2D SPACE',''
  ) );
#2106 = ADVANCED_FACE('',(#2107),#197,.T.);
#2107 = FACE_BOUND('',#2108,.T.);
#2108 = EDGE_LOOP('',(#2109,#2110,#2111,#2112));
#2109 = ORIENTED_EDGE('',*,*,#977,.F.);
#2110 = ORIENTED_EDGE('',*,*,#182,.F.);
#2111 = ORIENTED_EDGE('',*,*,#1556,.T.);
#2112 = ORIENTED_EDGE('',*,*,#2113,.F.);
#2113 = EDGE_CURVE('',#950,#1534,#2114,.T.);
#2114 = SURFACE_CURVE('',#2115,(#2119,#2126),.PCURVE_S1.);
#2115 = LINE('',#2116,#2117);
#2116 = CARTESIAN_POINT('',(-35.98338685129,-40.11514590098,0.));
#2117 = VECTOR('',#2118,1.);
#2118 = DIRECTION('',(0.,-0.,1.));
#2119 = PCURVE('',#197,#2120);
#2120 = DEFINITIONAL_REPRESENTATION('',(#2121),#2125);
#2121 = LINE('',#2122,#2123);
#2122 = CARTESIAN_POINT('',(0.,10.));
#2123 = VECTOR('',#2124,1.);
#2124 = DIRECTION('',(1.,0.));
#2125 = ( GEOMETRIC_REPRESENTATION_CONTEXT(2) 
PARAMETRIC_REPRESENTATION_CONTEXT() REPRESENTATION_CONTEXT('2D SPACE',''
  ) );
#2126 = PCURVE('',#965,#2127);
#2127 = DEFINITIONAL_REPRESENTATION('',(#2128),#2132);
#2128 = LINE('',#2129,#2130);
#2129 = CARTESIAN_POINT('',(0.,-16.));
#2130 = VECTOR('',#2131,1.);
#2131 = DIRECTION('',(1.,0.));
#2132 = ( GEOMETRIC_REPRESENTATION_CONTEXT(2) 
PARAMETRIC_REPRESENTATION_CONTEXT() REPRESENTATION_CONTEXT('2D SPACE',''
  ) );
#2133 = ADVANCED_FACE('',(#2134),#293,.F.);
#2134 = FACE_BOUND('',#2135,.F.);
#2135 = EDGE_LOOP('',(#2136,#2137,#2138,#2139));
#2136 = ORIENTED_EDGE('',*,*,#310,.F.);
#2137 = ORIENTED_EDGE('',*,*,#280,.F.);
#2138 = ORIENTED_EDGE('',*,*,#1004,.T.);
#2139 = ORIENTED_EDGE('',*,*,#2140,.F.);
#2140 = EDGE_CURVE('',#311,#1005,#2141,.T.);
#2141 = SURFACE_CURVE('',#2142,(#2146,#2153),.PCURVE_S1.);
#2142 = LINE('',#2143,#2144);
#2143 = CARTESIAN_POINT('',(35.983386851296,-40.11514590098,0.));
#2144 = VECTOR('',#2145,1.);
#2145 = DIRECTION('',(0.,0.,1.));
#2146 = PCURVE('',#293,#2147);
#2147 = DEFINITIONAL_REPRESENTATION('',(#2148),#2152);
#2148 = LINE('',#2149,#2150);
#2149 = CARTESIAN_POINT('',(0.,10.));
#2150 = VECTOR('',#2151,1.);
#2151 = DIRECTION('',(1.,0.));
#2152 = ( GEOMETRIC_REPRESENTATION_CONTEXT(2) 
PARAMETRIC_REPRESENTATION_CONTEXT() REPRESENTATION_CONTEXT('2D SPACE',''
  ) );
#2153 = PCURVE('',#349,#2154);
#2154 = DEFINITIONAL_REPRESENTATION('',(#2155),#2159);
#2155 = LINE('',#2156,#2157);
#2156 = CARTESIAN_POINT('',(0.,0.));
#2157 = VECTOR('',#2158,1.);
#2158 = DIRECTION('',(1.,0.));
#2159 = ( GEOMETRIC_REPRESENTATION_CONTEXT(2) 
PARAMETRIC_REPRESENTATION_CONTEXT() REPRESENTATION_CONTEXT('2D SPACE',''
  ) );
#2160 = ADVANCED_FACE('',(#2161,#2187),#349,.T.);
#2161 = FACE_BOUND('',#2162,.T.);
#2162 = EDGE_LOOP('',(#2163,#2164,#2165,#2186));
#2163 = ORIENTED_EDGE('',*,*,#2140,.F.);
#2164 = ORIENTED_EDGE('',*,*,#333,.T.);
#2165 = ORIENTED_EDGE('',*,*,#2166,.T.);
#2166 = EDGE_CURVE('',#334,#1028,#2167,.T.);
#2167 = SURFACE_CURVE('',#2168,(#2172,#2179),.PCURVE_S1.);
#2168 = LINE('',#2169,#2170);
#2169 = CARTESIAN_POINT('',(43.49493185587,-25.98798441523,0.));
#2170 = VECTOR('',#2171,1.);
#2171 = DIRECTION('',(0.,0.,1.));
#2172 = PCURVE('',#349,#2173);
#2173 = DEFINITIONAL_REPRESENTATION('',(#2174),#2178);
#2174 = LINE('',#2175,#2176);
#2175 = CARTESIAN_POINT('',(0.,-16.));
#2176 = VECTOR('',#2177,1.);
#2177 = DIRECTION('',(1.,0.));
#2178 = ( GEOMETRIC_REPRESENTATION_CONTEXT(2) 
PARAMETRIC_REPRESENTATION_CONTEXT() REPRESENTATION_CONTEXT('2D SPACE',''
  ) );
#2179 = PCURVE('',#377,#2180);
#2180 = DEFINITIONAL_REPRESENTATION('',(#2181),#2185);
#2181 = LINE('',#2182,#2183);
#2182 = CARTESIAN_POINT('',(0.,10.));
#2183 = VECTOR('',#2184,1.);
#2184 = DIRECTION('',(1.,0.));
#2185 = ( GEOMETRIC_REPRESENTATION_CONTEXT(2) 
PARAMETRIC_REPRESENTATION_CONTEXT() REPRESENTATION_CONTEXT('2D SPACE',''
  ) );
#2186 = ORIENTED_EDGE('',*,*,#1027,.F.);
#2187 = FACE_BOUND('',#2188,.T.);
#2188 = EDGE_LOOP('',(#2189,#2217,#2243,#2269));
#2189 = ORIENTED_EDGE('',*,*,#2190,.T.);
#2190 = EDGE_CURVE('',#2191,#2193,#2195,.T.);
#2191 = VERTEX_POINT('',#2192);
#2192 = CARTESIAN_POINT('',(41.295457584218,-30.12459388778,4.75));
#2193 = VERTEX_POINT('',#2194);
#2194 = CARTESIAN_POINT('',(38.182861122948,-35.97853642843,4.75));
#2195 = SURFACE_CURVE('',#2196,(#2200,#2206),.PCURVE_S1.);
#2196 = LINE('',#2197,#2198);
#2197 = CARTESIAN_POINT('',(37.083123987122,-38.0468411647,4.75));
#2198 = VECTOR('',#2199,1.);
#2199 = DIRECTION('',(-0.469471562786,-0.882947592859,0.));
#2200 = PCURVE('',#349,#2201);
#2201 = DEFINITIONAL_REPRESENTATION('',(#2202),#2205);
#2202 = B_SPLINE_CURVE_WITH_KNOTS('',1,(#2203,#2204),.UNSPECIFIED.,.F.,
  .F.,(2,2),(-8.9725,-2.3425),.PIECEWISE_BEZIER_KNOTS.);
#2203 = CARTESIAN_POINT('',(4.75,-11.315));
#2204 = CARTESIAN_POINT('',(4.75,-4.685));
#2205 = ( GEOMETRIC_REPRESENTATION_CONTEXT(2) 
PARAMETRIC_REPRESENTATION_CONTEXT() REPRESENTATION_CONTEXT('2D SPACE',''
  ) );
#2206 = PCURVE('',#2207,#2212);
#2207 = PLANE('',#2208);
#2208 = AXIS2_PLACEMENT_3D('',#2209,#2210,#2211);
#2209 = CARTESIAN_POINT('',(31.781491074721,-32.57486759823,4.75));
#2210 = DIRECTION('',(0.,0.,1.));
#2211 = DIRECTION('',(0.882947592859,-0.469471562786,0.));
#2212 = DEFINITIONAL_REPRESENTATION('',(#2213),#2216);
#2213 = B_SPLINE_CURVE_WITH_KNOTS('',1,(#2214,#2215),.UNSPECIFIED.,.F.,
  .F.,(2,2),(-8.9725,-2.3425),.PIECEWISE_BEZIER_KNOTS.);
#2214 = CARTESIAN_POINT('',(7.25,6.63));
#2215 = CARTESIAN_POINT('',(7.25,0.));
#2216 = ( GEOMETRIC_REPRESENTATION_CONTEXT(2) 
PARAMETRIC_REPRESENTATION_CONTEXT() REPRESENTATION_CONTEXT('2D SPACE',''
  ) );
#2217 = ORIENTED_EDGE('',*,*,#2218,.T.);
#2218 = EDGE_CURVE('',#2193,#2219,#2221,.T.);
#2219 = VERTEX_POINT('',#2220);
#2220 = CARTESIAN_POINT('',(38.182861122948,-35.97853642843,13.25));
#2221 = SURFACE_CURVE('',#2222,(#2226,#2232),.PCURVE_S1.);
#2222 = LINE('',#2223,#2224);
#2223 = CARTESIAN_POINT('',(38.182861122948,-35.97853642843,2.375));
#2224 = VECTOR('',#2225,1.);
#2225 = DIRECTION('',(-0.,0.,1.));
#2226 = PCURVE('',#349,#2227);
#2227 = DEFINITIONAL_REPRESENTATION('',(#2228),#2231);
#2228 = B_SPLINE_CURVE_WITH_KNOTS('',1,(#2229,#2230),.UNSPECIFIED.,.F.,
  .F.,(2,2),(2.375,10.875),.PIECEWISE_BEZIER_KNOTS.);
#2229 = CARTESIAN_POINT('',(4.75,-4.685));
#2230 = CARTESIAN_POINT('',(13.25,-4.685));
#2231 = ( GEOMETRIC_REPRESENTATION_CONTEXT(2) 
PARAMETRIC_REPRESENTATION_CONTEXT() REPRESENTATION_CONTEXT('2D SPACE',''
  ) );
#2232 = PCURVE('',#2233,#2238);
#2233 = PLANE('',#2234);
#2234 = AXIS2_PLACEMENT_3D('',#2235,#2236,#2237);
#2235 = CARTESIAN_POINT('',(31.781491074721,-32.57486759823,4.75));
#2236 = DIRECTION('',(0.469471562786,0.882947592859,0.));
#2237 = DIRECTION('',(0.,0.,1.));
#2238 = DEFINITIONAL_REPRESENTATION('',(#2239),#2242);
#2239 = B_SPLINE_CURVE_WITH_KNOTS('',1,(#2240,#2241),.UNSPECIFIED.,.F.,
  .F.,(2,2),(2.375,10.875),.PIECEWISE_BEZIER_KNOTS.);
#2240 = CARTESIAN_POINT('',(0.,7.25));
#2241 = CARTESIAN_POINT('',(8.5,7.25));
#2242 = ( GEOMETRIC_REPRESENTATION_CONTEXT(2) 
PARAMETRIC_REPRESENTATION_CONTEXT() REPRESENTATION_CONTEXT('2D SPACE',''
  ) );
#2243 = ORIENTED_EDGE('',*,*,#2244,.F.);
#2244 = EDGE_CURVE('',#2245,#2219,#2247,.T.);
#2245 = VERTEX_POINT('',#2246);
#2246 = CARTESIAN_POINT('',(41.295457584218,-30.12459388778,13.25));
#2247 = SURFACE_CURVE('',#2248,(#2252,#2258),.PCURVE_S1.);
#2248 = LINE('',#2249,#2250);
#2249 = CARTESIAN_POINT('',(37.083123987122,-38.0468411647,13.25));
#2250 = VECTOR('',#2251,1.);
#2251 = DIRECTION('',(-0.469471562786,-0.882947592859,0.));
#2252 = PCURVE('',#349,#2253);
#2253 = DEFINITIONAL_REPRESENTATION('',(#2254),#2257);
#2254 = B_SPLINE_CURVE_WITH_KNOTS('',1,(#2255,#2256),.UNSPECIFIED.,.F.,
  .F.,(2,2),(-8.9725,-2.3425),.PIECEWISE_BEZIER_KNOTS.);
#2255 = CARTESIAN_POINT('',(13.25,-11.315));
#2256 = CARTESIAN_POINT('',(13.25,-4.685));
#2257 = ( GEOMETRIC_REPRESENTATION_CONTEXT(2) 
PARAMETRIC_REPRESENTATION_CONTEXT() REPRESENTATION_CONTEXT('2D SPACE',''
  ) );
#2258 = PCURVE('',#2259,#2264);
#2259 = PLANE('',#2260);
#2260 = AXIS2_PLACEMENT_3D('',#2261,#2262,#2263);
#2261 = CARTESIAN_POINT('',(31.781491074721,-32.57486759823,13.25));
#2262 = DIRECTION('',(0.,0.,1.));
#2263 = DIRECTION('',(0.882947592859,-0.469471562786,0.));
#2264 = DEFINITIONAL_REPRESENTATION('',(#2265),#2268);
#2265 = B_SPLINE_CURVE_WITH_KNOTS('',1,(#2266,#2267),.UNSPECIFIED.,.F.,
  .F.,(2,2),(-8.9725,-2.3425),.PIECEWISE_BEZIER_KNOTS.);
#2266 = CARTESIAN_POINT('',(7.25,6.63));
#2267 = CARTESIAN_POINT('',(7.25,0.));
#2268 = ( GEOMETRIC_REPRESENTATION_CONTEXT(2) 
PARAMETRIC_REPRESENTATION_CONTEXT() REPRESENTATION_CONTEXT('2D SPACE',''
  ) );
#2269 = ORIENTED_EDGE('',*,*,#2270,.F.);
#2270 = EDGE_CURVE('',#2191,#2245,#2271,.T.);
#2271 = SURFACE_CURVE('',#2272,(#2276,#2282),.PCURVE_S1.);
#2272 = LINE('',#2273,#2274);
#2273 = CARTESIAN_POINT('',(41.295457584218,-30.12459388778,2.375));
#2274 = VECTOR('',#2275,1.);
#2275 = DIRECTION('',(-0.,0.,1.));
#2276 = PCURVE('',#349,#2277);
#2277 = DEFINITIONAL_REPRESENTATION('',(#2278),#2281);
#2278 = B_SPLINE_CURVE_WITH_KNOTS('',1,(#2279,#2280),.UNSPECIFIED.,.F.,
  .F.,(2,2),(2.375,10.875),.PIECEWISE_BEZIER_KNOTS.);
#2279 = CARTESIAN_POINT('',(4.75,-11.315));
#2280 = CARTESIAN_POINT('',(13.25,-11.315));
#2281 = ( GEOMETRIC_REPRESENTATION_CONTEXT(2) 
PARAMETRIC_REPRESENTATION_CONTEXT() REPRESENTATION_CONTEXT('2D SPACE',''
  ) );
#2282 = PCURVE('',#2283,#2288);
#2283 = PLANE('',#2284);
#2284 = AXIS2_PLACEMENT_3D('',#2285,#2286,#2287);
#2285 = CARTESIAN_POINT('',(34.894087535991,-26.72092505758,4.75));
#2286 = DIRECTION('',(0.469471562786,0.882947592859,0.));
#2287 = DIRECTION('',(0.,0.,1.));
#2288 = DEFINITIONAL_REPRESENTATION('',(#2289),#2292);
#2289 = B_SPLINE_CURVE_WITH_KNOTS('',1,(#2290,#2291),.UNSPECIFIED.,.F.,
  .F.,(2,2),(2.375,10.875),.PIECEWISE_BEZIER_KNOTS.);
#2290 = CARTESIAN_POINT('',(0.,7.25));
#2291 = CARTESIAN_POINT('',(8.5,7.25));
#2292 = ( GEOMETRIC_REPRESENTATION_CONTEXT(2) 
PARAMETRIC_REPRESENTATION_CONTEXT() REPRESENTATION_CONTEXT('2D SPACE',''
  ) );
#2293 = ADVANCED_FACE('',(#2294),#377,.T.);
#2294 = FACE_BOUND('',#2295,.T.);
#2295 = EDGE_LOOP('',(#2296,#2297,#2316,#2317));
#2296 = ORIENTED_EDGE('',*,*,#361,.F.);
#2297 = ORIENTED_EDGE('',*,*,#2298,.F.);
#2298 = EDGE_CURVE('',#1051,#362,#2299,.T.);
#2299 = SURFACE_CURVE('',#2300,(#2304,#2310),.PCURVE_S1.);
#2300 = LINE('',#2301,#2302);
#2301 = CARTESIAN_POINT('',(39.,-23.59798675279,0.));
#2302 = VECTOR('',#2303,1.);
#2303 = DIRECTION('',(0.,0.,-1.));
#2304 = PCURVE('',#377,#2305);
#2305 = DEFINITIONAL_REPRESENTATION('',(#2306),#2309);
#2306 = B_SPLINE_CURVE_WITH_KNOTS('',1,(#2307,#2308),.UNSPECIFIED.,.F.,
  .F.,(2,2),(-18.,0.),.PIECEWISE_BEZIER_KNOTS.);
#2307 = CARTESIAN_POINT('',(18.,4.909174800153));
#2308 = CARTESIAN_POINT('',(0.,4.909174800153));
#2309 = ( GEOMETRIC_REPRESENTATION_CONTEXT(2) 
PARAMETRIC_REPRESENTATION_CONTEXT() REPRESENTATION_CONTEXT('2D SPACE',''
  ) );
#2310 = PCURVE('',#405,#2311);
#2311 = DEFINITIONAL_REPRESENTATION('',(#2312),#2315);
#2312 = B_SPLINE_CURVE_WITH_KNOTS('',1,(#2313,#2314),.UNSPECIFIED.,.F.,
  .F.,(2,2),(-18.,0.),.PIECEWISE_BEZIER_KNOTS.);
#2313 = CARTESIAN_POINT('',(9.402013247205,-18.));
#2314 = CARTESIAN_POINT('',(9.402013247205,0.));
#2315 = ( GEOMETRIC_REPRESENTATION_CONTEXT(2) 
PARAMETRIC_REPRESENTATION_CONTEXT() REPRESENTATION_CONTEXT('2D SPACE',''
  ) );
#2316 = ORIENTED_EDGE('',*,*,#1050,.T.);
#2317 = ORIENTED_EDGE('',*,*,#2166,.F.);
#2318 = ADVANCED_FACE('',(#2319),#405,.F.);
#2319 = FACE_BOUND('',#2320,.F.);
#2320 = EDGE_LOOP('',(#2321,#2322,#2323,#2324));
#2321 = ORIENTED_EDGE('',*,*,#389,.F.);
#2322 = ORIENTED_EDGE('',*,*,#2298,.F.);
#2323 = ORIENTED_EDGE('',*,*,#1073,.T.);
#2324 = ORIENTED_EDGE('',*,*,#2325,.T.);
#2325 = EDGE_CURVE('',#1074,#390,#2326,.T.);
#2326 = SURFACE_CURVE('',#2327,(#2331,#2337),.PCURVE_S1.);
#2327 = LINE('',#2328,#2329);
#2328 = CARTESIAN_POINT('',(39.,-8.,0.));
#2329 = VECTOR('',#2330,1.);
#2330 = DIRECTION('',(0.,0.,-1.));
#2331 = PCURVE('',#405,#2332);
#2332 = DEFINITIONAL_REPRESENTATION('',(#2333),#2336);
#2333 = B_SPLINE_CURVE_WITH_KNOTS('',1,(#2334,#2335),.UNSPECIFIED.,.F.,
  .F.,(2,2),(-18.,0.),.PIECEWISE_BEZIER_KNOTS.);
#2334 = CARTESIAN_POINT('',(25.,-18.));
#2335 = CARTESIAN_POINT('',(25.,0.));
#2336 = ( GEOMETRIC_REPRESENTATION_CONTEXT(2) 
PARAMETRIC_REPRESENTATION_CONTEXT() REPRESENTATION_CONTEXT('2D SPACE',''
  ) );
#2337 = PCURVE('',#433,#2338);
#2338 = DEFINITIONAL_REPRESENTATION('',(#2339),#2342);
#2339 = B_SPLINE_CURVE_WITH_KNOTS('',1,(#2340,#2341),.UNSPECIFIED.,.F.,
  .F.,(2,2),(-18.,0.),.PIECEWISE_BEZIER_KNOTS.);
#2340 = CARTESIAN_POINT('',(18.,7.));
#2341 = CARTESIAN_POINT('',(0.,7.));
#2342 = ( GEOMETRIC_REPRESENTATION_CONTEXT(2) 
PARAMETRIC_REPRESENTATION_CONTEXT() REPRESENTATION_CONTEXT('2D SPACE',''
  ) );
#2343 = ADVANCED_FACE('',(#2344),#433,.F.);
#2344 = FACE_BOUND('',#2345,.F.);
#2345 = EDGE_LOOP('',(#2346,#2347,#2348,#2349));
#2346 = ORIENTED_EDGE('',*,*,#417,.F.);
#2347 = ORIENTED_EDGE('',*,*,#2325,.F.);
#2348 = ORIENTED_EDGE('',*,*,#1096,.T.);
#2349 = ORIENTED_EDGE('',*,*,#2350,.F.);
#2350 = EDGE_CURVE('',#418,#1097,#2351,.T.);
#2351 = SURFACE_CURVE('',#2352,(#2356,#2363),.PCURVE_S1.);
#2352 = LINE('',#2353,#2354);
#2353 = CARTESIAN_POINT('',(42.,-8.,0.));
#2354 = VECTOR('',#2355,1.);
#2355 = DIRECTION('',(0.,0.,1.));
#2356 = PCURVE('',#433,#2357);
#2357 = DEFINITIONAL_REPRESENTATION('',(#2358),#2362);
#2358 = LINE('',#2359,#2360);
#2359 = CARTESIAN_POINT('',(0.,10.));
#2360 = VECTOR('',#2361,1.);
#2361 = DIRECTION('',(1.,0.));
#2362 = ( GEOMETRIC_REPRESENTATION_CONTEXT(2) 
PARAMETRIC_REPRESENTATION_CONTEXT() REPRESENTATION_CONTEXT('2D SPACE',''
  ) );
#2363 = PCURVE('',#461,#2364);
#2364 = DEFINITIONAL_REPRESENTATION('',(#2365),#2369);
#2365 = LINE('',#2366,#2367);
#2366 = CARTESIAN_POINT('',(0.,0.));
#2367 = VECTOR('',#2368,1.);
#2368 = DIRECTION('',(1.,0.));
#2369 = ( GEOMETRIC_REPRESENTATION_CONTEXT(2) 
PARAMETRIC_REPRESENTATION_CONTEXT() REPRESENTATION_CONTEXT('2D SPACE',''
  ) );
#2370 = ADVANCED_FACE('',(#2371,#2397),#461,.T.);
#2371 = FACE_BOUND('',#2372,.T.);
#2372 = EDGE_LOOP('',(#2373,#2374,#2375,#2396));
#2373 = ORIENTED_EDGE('',*,*,#2350,.F.);
#2374 = ORIENTED_EDGE('',*,*,#445,.T.);
#2375 = ORIENTED_EDGE('',*,*,#2376,.T.);
#2376 = EDGE_CURVE('',#446,#1120,#2377,.T.);
#2377 = SURFACE_CURVE('',#2378,(#2382,#2389),.PCURVE_S1.);
#2378 = LINE('',#2379,#2380);
#2379 = CARTESIAN_POINT('',(42.,8.,0.));
#2380 = VECTOR('',#2381,1.);
#2381 = DIRECTION('',(0.,0.,1.));
#2382 = PCURVE('',#461,#2383);
#2383 = DEFINITIONAL_REPRESENTATION('',(#2384),#2388);
#2384 = LINE('',#2385,#2386);
#2385 = CARTESIAN_POINT('',(0.,-16.));
#2386 = VECTOR('',#2387,1.);
#2387 = DIRECTION('',(1.,0.));
#2388 = ( GEOMETRIC_REPRESENTATION_CONTEXT(2) 
PARAMETRIC_REPRESENTATION_CONTEXT() REPRESENTATION_CONTEXT('2D SPACE',''
  ) );
#2389 = PCURVE('',#489,#2390);
#2390 = DEFINITIONAL_REPRESENTATION('',(#2391),#2395);
#2391 = LINE('',#2392,#2393);
#2392 = CARTESIAN_POINT('',(0.,10.));
#2393 = VECTOR('',#2394,1.);
#2394 = DIRECTION('',(1.,0.));
#2395 = ( GEOMETRIC_REPRESENTATION_CONTEXT(2) 
PARAMETRIC_REPRESENTATION_CONTEXT() REPRESENTATION_CONTEXT('2D SPACE',''
  ) );
#2396 = ORIENTED_EDGE('',*,*,#1119,.F.);
#2397 = FACE_BOUND('',#2398,.T.);
#2398 = EDGE_LOOP('',(#2399,#2427,#2453,#2479));
#2399 = ORIENTED_EDGE('',*,*,#2400,.T.);
#2400 = EDGE_CURVE('',#2401,#2403,#2405,.T.);
#2401 = VERTEX_POINT('',#2402);
#2402 = CARTESIAN_POINT('',(42.,3.315,4.75));
#2403 = VERTEX_POINT('',#2404);
#2404 = CARTESIAN_POINT('',(42.,-3.315,4.75));
#2405 = SURFACE_CURVE('',#2406,(#2410,#2416),.PCURVE_S1.);
#2406 = LINE('',#2407,#2408);
#2407 = CARTESIAN_POINT('',(42.,-5.6575,4.75));
#2408 = VECTOR('',#2409,1.);
#2409 = DIRECTION('',(0.,-1.,0.));
#2410 = PCURVE('',#461,#2411);
#2411 = DEFINITIONAL_REPRESENTATION('',(#2412),#2415);
#2412 = B_SPLINE_CURVE_WITH_KNOTS('',1,(#2413,#2414),.UNSPECIFIED.,.F.,
  .F.,(2,2),(-8.9725,-2.3425),.PIECEWISE_BEZIER_KNOTS.);
#2413 = CARTESIAN_POINT('',(4.75,-11.315));
#2414 = CARTESIAN_POINT('',(4.75,-4.685));
#2415 = ( GEOMETRIC_REPRESENTATION_CONTEXT(2) 
PARAMETRIC_REPRESENTATION_CONTEXT() REPRESENTATION_CONTEXT('2D SPACE',''
  ) );
#2416 = PCURVE('',#2417,#2422);
#2417 = PLANE('',#2418);
#2418 = AXIS2_PLACEMENT_3D('',#2419,#2420,#2421);
#2419 = CARTESIAN_POINT('',(34.75,-3.315,4.75));
#2420 = DIRECTION('',(0.,0.,1.));
#2421 = DIRECTION('',(1.,0.,0.));
#2422 = DEFINITIONAL_REPRESENTATION('',(#2423),#2426);
#2423 = B_SPLINE_CURVE_WITH_KNOTS('',1,(#2424,#2425),.UNSPECIFIED.,.F.,
  .F.,(2,2),(-8.9725,-2.3425),.PIECEWISE_BEZIER_KNOTS.);
#2424 = CARTESIAN_POINT('',(7.25,6.63));
#2425 = CARTESIAN_POINT('',(7.25,0.));
#2426 = ( GEOMETRIC_REPRESENTATION_CONTEXT(2) 
PARAMETRIC_REPRESENTATION_CONTEXT() REPRESENTATION_CONTEXT('2D SPACE',''
  ) );
#2427 = ORIENTED_EDGE('',*,*,#2428,.T.);
#2428 = EDGE_CURVE('',#2403,#2429,#2431,.T.);
#2429 = VERTEX_POINT('',#2430);
#2430 = CARTESIAN_POINT('',(42.,-3.315,13.25));
#2431 = SURFACE_CURVE('',#2432,(#2436,#2442),.PCURVE_S1.);
#2432 = LINE('',#2433,#2434);
#2433 = CARTESIAN_POINT('',(42.,-3.315,2.375));
#2434 = VECTOR('',#2435,1.);
#2435 = DIRECTION('',(0.,0.,1.));
#2436 = PCURVE('',#461,#2437);
#2437 = DEFINITIONAL_REPRESENTATION('',(#2438),#2441);
#2438 = B_SPLINE_CURVE_WITH_KNOTS('',1,(#2439,#2440),.UNSPECIFIED.,.F.,
  .F.,(2,2),(2.375,10.875),.PIECEWISE_BEZIER_KNOTS.);
#2439 = CARTESIAN_POINT('',(4.75,-4.685));
#2440 = CARTESIAN_POINT('',(13.25,-4.685));
#2441 = ( GEOMETRIC_REPRESENTATION_CONTEXT(2) 
PARAMETRIC_REPRESENTATION_CONTEXT() REPRESENTATION_CONTEXT('2D SPACE',''
  ) );
#2442 = PCURVE('',#2443,#2448);
#2443 = PLANE('',#2444);
#2444 = AXIS2_PLACEMENT_3D('',#2445,#2446,#2447);
#2445 = CARTESIAN_POINT('',(34.75,-3.315,4.75));
#2446 = DIRECTION('',(0.,1.,0.));
#2447 = DIRECTION('',(0.,0.,1.));
#2448 = DEFINITIONAL_REPRESENTATION('',(#2449),#2452);
#2449 = B_SPLINE_CURVE_WITH_KNOTS('',1,(#2450,#2451),.UNSPECIFIED.,.F.,
  .F.,(2,2),(2.375,10.875),.PIECEWISE_BEZIER_KNOTS.);
#2450 = CARTESIAN_POINT('',(0.,7.25));
#2451 = CARTESIAN_POINT('',(8.5,7.25));
#2452 = ( GEOMETRIC_REPRESENTATION_CONTEXT(2) 
PARAMETRIC_REPRESENTATION_CONTEXT() REPRESENTATION_CONTEXT('2D SPACE',''
  ) );
#2453 = ORIENTED_EDGE('',*,*,#2454,.F.);
#2454 = EDGE_CURVE('',#2455,#2429,#2457,.T.);
#2455 = VERTEX_POINT('',#2456);
#2456 = CARTESIAN_POINT('',(42.,3.315,13.25));
#2457 = SURFACE_CURVE('',#2458,(#2462,#2468),.PCURVE_S1.);
#2458 = LINE('',#2459,#2460);
#2459 = CARTESIAN_POINT('',(42.,-5.6575,13.25));
#2460 = VECTOR('',#2461,1.);
#2461 = DIRECTION('',(0.,-1.,0.));
#2462 = PCURVE('',#461,#2463);
#2463 = DEFINITIONAL_REPRESENTATION('',(#2464),#2467);
#2464 = B_SPLINE_CURVE_WITH_KNOTS('',1,(#2465,#2466),.UNSPECIFIED.,.F.,
  .F.,(2,2),(-8.9725,-2.3425),.PIECEWISE_BEZIER_KNOTS.);
#2465 = CARTESIAN_POINT('',(13.25,-11.315));
#2466 = CARTESIAN_POINT('',(13.25,-4.685));
#2467 = ( GEOMETRIC_REPRESENTATION_CONTEXT(2) 
PARAMETRIC_REPRESENTATION_CONTEXT() REPRESENTATION_CONTEXT('2D SPACE',''
  ) );
#2468 = PCURVE('',#2469,#2474);
#2469 = PLANE('',#2470);
#2470 = AXIS2_PLACEMENT_3D('',#2471,#2472,#2473);
#2471 = CARTESIAN_POINT('',(34.75,-3.315,13.25));
#2472 = DIRECTION('',(0.,0.,1.));
#2473 = DIRECTION('',(1.,0.,0.));
#2474 = DEFINITIONAL_REPRESENTATION('',(#2475),#2478);
#2475 = B_SPLINE_CURVE_WITH_KNOTS('',1,(#2476,#2477),.UNSPECIFIED.,.F.,
  .F.,(2,2),(-8.9725,-2.3425),.PIECEWISE_BEZIER_KNOTS.);
#2476 = CARTESIAN_POINT('',(7.25,6.63));
#2477 = CARTESIAN_POINT('',(7.25,0.));
#2478 = ( GEOMETRIC_REPRESENTATION_CONTEXT(2) 
PARAMETRIC_REPRESENTATION_CONTEXT() REPRESENTATION_CONTEXT('2D SPACE',''
  ) );
#2479 = ORIENTED_EDGE('',*,*,#2480,.F.);
#2480 = EDGE_CURVE('',#2401,#2455,#2481,.T.);
#2481 = SURFACE_CURVE('',#2482,(#2486,#2492),.PCURVE_S1.);
#2482 = LINE('',#2483,#2484);
#2483 = CARTESIAN_POINT('',(42.,3.315,2.375));
#2484 = VECTOR('',#2485,1.);
#2485 = DIRECTION('',(0.,0.,1.));
#2486 = PCURVE('',#461,#2487);
#2487 = DEFINITIONAL_REPRESENTATION('',(#2488),#2491);
#2488 = B_SPLINE_CURVE_WITH_KNOTS('',1,(#2489,#2490),.UNSPECIFIED.,.F.,
  .F.,(2,2),(2.375,10.875),.PIECEWISE_BEZIER_KNOTS.);
#2489 = CARTESIAN_POINT('',(4.75,-11.315));
#2490 = CARTESIAN_POINT('',(13.25,-11.315));
#2491 = ( GEOMETRIC_REPRESENTATION_CONTEXT(2) 
PARAMETRIC_REPRESENTATION_CONTEXT() REPRESENTATION_CONTEXT('2D SPACE',''
  ) );
#2492 = PCURVE('',#2493,#2498);
#2493 = PLANE('',#2494);
#2494 = AXIS2_PLACEMENT_3D('',#2495,#2496,#2497);
#2495 = CARTESIAN_POINT('',(34.75,3.315,4.75));
#2496 = DIRECTION('',(0.,1.,0.));
#2497 = DIRECTION('',(0.,0.,1.));
#2498 = DEFINITIONAL_REPRESENTATION('',(#2499),#2502);
#2499 = B_SPLINE_CURVE_WITH_KNOTS('',1,(#2500,#2501),.UNSPECIFIED.,.F.,
  .F.,(2,2),(2.375,10.875),.PIECEWISE_BEZIER_KNOTS.);
#2500 = CARTESIAN_POINT('',(0.,7.25));
#2501 = CARTESIAN_POINT('',(8.5,7.25));
#2502 = ( GEOMETRIC_REPRESENTATION_CONTEXT(2) 
PARAMETRIC_REPRESENTATION_CONTEXT() REPRESENTATION_CONTEXT('2D SPACE',''
  ) );
#2503 = ADVANCED_FACE('',(#2504),#489,.T.);
#2504 = FACE_BOUND('',#2505,.T.);
#2505 = EDGE_LOOP('',(#2506,#2507,#2526,#2527));
#2506 = ORIENTED_EDGE('',*,*,#473,.F.);
#2507 = ORIENTED_EDGE('',*,*,#2508,.F.);
#2508 = EDGE_CURVE('',#1143,#474,#2509,.T.);
#2509 = SURFACE_CURVE('',#2510,(#2514,#2520),.PCURVE_S1.);
#2510 = LINE('',#2511,#2512);
#2511 = CARTESIAN_POINT('',(39.,8.,0.));
#2512 = VECTOR('',#2513,1.);
#2513 = DIRECTION('',(0.,0.,-1.));
#2514 = PCURVE('',#489,#2515);
#2515 = DEFINITIONAL_REPRESENTATION('',(#2516),#2519);
#2516 = B_SPLINE_CURVE_WITH_KNOTS('',1,(#2517,#2518),.UNSPECIFIED.,.F.,
  .F.,(2,2),(-18.,0.),.PIECEWISE_BEZIER_KNOTS.);
#2517 = CARTESIAN_POINT('',(18.,7.));
#2518 = CARTESIAN_POINT('',(0.,7.));
#2519 = ( GEOMETRIC_REPRESENTATION_CONTEXT(2) 
PARAMETRIC_REPRESENTATION_CONTEXT() REPRESENTATION_CONTEXT('2D SPACE',''
  ) );
#2520 = PCURVE('',#517,#2521);
#2521 = DEFINITIONAL_REPRESENTATION('',(#2522),#2525);
#2522 = B_SPLINE_CURVE_WITH_KNOTS('',1,(#2523,#2524),.UNSPECIFIED.,.F.,
  .F.,(2,2),(-18.,0.),.PIECEWISE_BEZIER_KNOTS.);
#2523 = CARTESIAN_POINT('',(41.,-18.));
#2524 = CARTESIAN_POINT('',(41.,0.));
#2525 = ( GEOMETRIC_REPRESENTATION_CONTEXT(2) 
PARAMETRIC_REPRESENTATION_CONTEXT() REPRESENTATION_CONTEXT('2D SPACE',''
  ) );
#2526 = ORIENTED_EDGE('',*,*,#1142,.T.);
#2527 = ORIENTED_EDGE('',*,*,#2376,.F.);
#2528 = ADVANCED_FACE('',(#2529),#517,.F.);
#2529 = FACE_BOUND('',#2530,.F.);
#2530 = EDGE_LOOP('',(#2531,#2532,#2533,#2534));
#2531 = ORIENTED_EDGE('',*,*,#501,.F.);
#2532 = ORIENTED_EDGE('',*,*,#2508,.F.);
#2533 = ORIENTED_EDGE('',*,*,#1165,.T.);
#2534 = ORIENTED_EDGE('',*,*,#2535,.T.);
#2535 = EDGE_CURVE('',#1166,#502,#2536,.T.);
#2536 = SURFACE_CURVE('',#2537,(#2541,#2547),.PCURVE_S1.);
#2537 = LINE('',#2538,#2539);
#2538 = CARTESIAN_POINT('',(39.,23.597986752795,0.));
#2539 = VECTOR('',#2540,1.);
#2540 = DIRECTION('',(0.,0.,-1.));
#2541 = PCURVE('',#517,#2542);
#2542 = DEFINITIONAL_REPRESENTATION('',(#2543),#2546);
#2543 = B_SPLINE_CURVE_WITH_KNOTS('',1,(#2544,#2545),.UNSPECIFIED.,.F.,
  .F.,(2,2),(-18.,0.),.PIECEWISE_BEZIER_KNOTS.);
#2544 = CARTESIAN_POINT('',(56.597986752795,-18.));
#2545 = CARTESIAN_POINT('',(56.597986752795,0.));
#2546 = ( GEOMETRIC_REPRESENTATION_CONTEXT(2) 
PARAMETRIC_REPRESENTATION_CONTEXT() REPRESENTATION_CONTEXT('2D SPACE',''
  ) );
#2547 = PCURVE('',#545,#2548);
#2548 = DEFINITIONAL_REPRESENTATION('',(#2549),#2552);
#2549 = B_SPLINE_CURVE_WITH_KNOTS('',1,(#2550,#2551),.UNSPECIFIED.,.F.,
  .F.,(2,2),(-18.,0.),.PIECEWISE_BEZIER_KNOTS.);
#2550 = CARTESIAN_POINT('',(18.,4.909174800153));
#2551 = CARTESIAN_POINT('',(0.,4.909174800153));
#2552 = ( GEOMETRIC_REPRESENTATION_CONTEXT(2) 
PARAMETRIC_REPRESENTATION_CONTEXT() REPRESENTATION_CONTEXT('2D SPACE',''
  ) );
#2553 = ADVANCED_FACE('',(#2554),#545,.F.);
#2554 = FACE_BOUND('',#2555,.F.);
#2555 = EDGE_LOOP('',(#2556,#2557,#2558,#2559));
#2556 = ORIENTED_EDGE('',*,*,#529,.F.);
#2557 = ORIENTED_EDGE('',*,*,#2535,.F.);
#2558 = ORIENTED_EDGE('',*,*,#1188,.T.);
#2559 = ORIENTED_EDGE('',*,*,#2560,.F.);
#2560 = EDGE_CURVE('',#530,#1189,#2561,.T.);
#2561 = SURFACE_CURVE('',#2562,(#2566,#2573),.PCURVE_S1.);
#2562 = LINE('',#2563,#2564);
#2563 = CARTESIAN_POINT('',(43.49493185587,25.987984415237,0.));
#2564 = VECTOR('',#2565,1.);
#2565 = DIRECTION('',(0.,0.,1.));
#2566 = PCURVE('',#545,#2567);
#2567 = DEFINITIONAL_REPRESENTATION('',(#2568),#2572);
#2568 = LINE('',#2569,#2570);
#2569 = CARTESIAN_POINT('',(0.,10.));
#2570 = VECTOR('',#2571,1.);
#2571 = DIRECTION('',(1.,0.));
#2572 = ( GEOMETRIC_REPRESENTATION_CONTEXT(2) 
PARAMETRIC_REPRESENTATION_CONTEXT() REPRESENTATION_CONTEXT('2D SPACE',''
  ) );
#2573 = PCURVE('',#573,#2574);
#2574 = DEFINITIONAL_REPRESENTATION('',(#2575),#2579);
#2575 = LINE('',#2576,#2577);
#2576 = CARTESIAN_POINT('',(0.,0.));
#2577 = VECTOR('',#2578,1.);
#2578 = DIRECTION('',(1.,0.));
#2579 = ( GEOMETRIC_REPRESENTATION_CONTEXT(2) 
PARAMETRIC_REPRESENTATION_CONTEXT() REPRESENTATION_CONTEXT('2D SPACE',''
  ) );
#2580 = ADVANCED_FACE('',(#2581,#2607),#573,.T.);
#2581 = FACE_BOUND('',#2582,.T.);
#2582 = EDGE_LOOP('',(#2583,#2584,#2585,#2606));
#2583 = ORIENTED_EDGE('',*,*,#2560,.F.);
#2584 = ORIENTED_EDGE('',*,*,#557,.T.);
#2585 = ORIENTED_EDGE('',*,*,#2586,.T.);
#2586 = EDGE_CURVE('',#558,#1212,#2587,.T.);
#2587 = SURFACE_CURVE('',#2588,(#2592,#2599),.PCURVE_S1.);
#2588 = LINE('',#2589,#2590);
#2589 = CARTESIAN_POINT('',(35.983386851296,40.11514590098,0.));
#2590 = VECTOR('',#2591,1.);
#2591 = DIRECTION('',(0.,0.,1.));
#2592 = PCURVE('',#573,#2593);
#2593 = DEFINITIONAL_REPRESENTATION('',(#2594),#2598);
#2594 = LINE('',#2595,#2596);
#2595 = CARTESIAN_POINT('',(0.,-16.));
#2596 = VECTOR('',#2597,1.);
#2597 = DIRECTION('',(1.,0.));
#2598 = ( GEOMETRIC_REPRESENTATION_CONTEXT(2) 
PARAMETRIC_REPRESENTATION_CONTEXT() REPRESENTATION_CONTEXT('2D SPACE',''
  ) );
#2599 = PCURVE('',#601,#2600);
#2600 = DEFINITIONAL_REPRESENTATION('',(#2601),#2605);
#2601 = LINE('',#2602,#2603);
#2602 = CARTESIAN_POINT('',(0.,10.));
#2603 = VECTOR('',#2604,1.);
#2604 = DIRECTION('',(1.,0.));
#2605 = ( GEOMETRIC_REPRESENTATION_CONTEXT(2) 
PARAMETRIC_REPRESENTATION_CONTEXT() REPRESENTATION_CONTEXT('2D SPACE',''
  ) );
#2606 = ORIENTED_EDGE('',*,*,#1211,.F.);
#2607 = FACE_BOUND('',#2608,.T.);
#2608 = EDGE_LOOP('',(#2609,#2637,#2663,#2689));
#2609 = ORIENTED_EDGE('',*,*,#2610,.T.);
#2610 = EDGE_CURVE('',#2611,#2613,#2615,.T.);
#2611 = VERTEX_POINT('',#2612);
#2612 = CARTESIAN_POINT('',(38.182861122948,35.978536428436,4.75));
#2613 = VERTEX_POINT('',#2614);
#2614 = CARTESIAN_POINT('',(41.295457584218,30.124593887781,4.75));
#2615 = SURFACE_CURVE('',#2616,(#2620,#2626),.PCURVE_S1.);
#2616 = LINE('',#2617,#2618);
#2617 = CARTESIAN_POINT('',(42.395194720044,28.056289151509,4.75));
#2618 = VECTOR('',#2619,1.);
#2619 = DIRECTION('',(0.469471562786,-0.882947592859,0.));
#2620 = PCURVE('',#573,#2621);
#2621 = DEFINITIONAL_REPRESENTATION('',(#2622),#2625);
#2622 = B_SPLINE_CURVE_WITH_KNOTS('',1,(#2623,#2624),.UNSPECIFIED.,.F.,
  .F.,(2,2),(-8.9725,-2.3425),.PIECEWISE_BEZIER_KNOTS.);
#2623 = CARTESIAN_POINT('',(4.75,-11.315));
#2624 = CARTESIAN_POINT('',(4.75,-4.685));
#2625 = ( GEOMETRIC_REPRESENTATION_CONTEXT(2) 
PARAMETRIC_REPRESENTATION_CONTEXT() REPRESENTATION_CONTEXT('2D SPACE',''
  ) );
#2626 = PCURVE('',#2627,#2632);
#2627 = PLANE('',#2628);
#2628 = AXIS2_PLACEMENT_3D('',#2629,#2630,#2631);
#2629 = CARTESIAN_POINT('',(34.894087535991,26.720925057583,4.75));
#2630 = DIRECTION('',(0.,0.,1.));
#2631 = DIRECTION('',(0.882947592859,0.469471562786,0.));
#2632 = DEFINITIONAL_REPRESENTATION('',(#2633),#2636);
#2633 = B_SPLINE_CURVE_WITH_KNOTS('',1,(#2634,#2635),.UNSPECIFIED.,.F.,
  .F.,(2,2),(-8.9725,-2.3425),.PIECEWISE_BEZIER_KNOTS.);
#2634 = CARTESIAN_POINT('',(7.25,6.63));
#2635 = CARTESIAN_POINT('',(7.25,0.));
#2636 = ( GEOMETRIC_REPRESENTATION_CONTEXT(2) 
PARAMETRIC_REPRESENTATION_CONTEXT() REPRESENTATION_CONTEXT('2D SPACE',''
  ) );
#2637 = ORIENTED_EDGE('',*,*,#2638,.T.);
#2638 = EDGE_CURVE('',#2613,#2639,#2641,.T.);
#2639 = VERTEX_POINT('',#2640);
#2640 = CARTESIAN_POINT('',(41.295457584218,30.124593887781,13.25));
#2641 = SURFACE_CURVE('',#2642,(#2646,#2652),.PCURVE_S1.);
#2642 = LINE('',#2643,#2644);
#2643 = CARTESIAN_POINT('',(41.295457584218,30.124593887781,2.375));
#2644 = VECTOR('',#2645,1.);
#2645 = DIRECTION('',(0.,-0.,1.));
#2646 = PCURVE('',#573,#2647);
#2647 = DEFINITIONAL_REPRESENTATION('',(#2648),#2651);
#2648 = B_SPLINE_CURVE_WITH_KNOTS('',1,(#2649,#2650),.UNSPECIFIED.,.F.,
  .F.,(2,2),(2.375,10.875),.PIECEWISE_BEZIER_KNOTS.);
#2649 = CARTESIAN_POINT('',(4.75,-4.685));
#2650 = CARTESIAN_POINT('',(13.25,-4.685));
#2651 = ( GEOMETRIC_REPRESENTATION_CONTEXT(2) 
PARAMETRIC_REPRESENTATION_CONTEXT() REPRESENTATION_CONTEXT('2D SPACE',''
  ) );
#2652 = PCURVE('',#2653,#2658);
#2653 = PLANE('',#2654);
#2654 = AXIS2_PLACEMENT_3D('',#2655,#2656,#2657);
#2655 = CARTESIAN_POINT('',(34.894087535991,26.720925057583,4.75));
#2656 = DIRECTION('',(-0.469471562786,0.882947592859,0.));
#2657 = DIRECTION('',(0.,0.,1.));
#2658 = DEFINITIONAL_REPRESENTATION('',(#2659),#2662);
#2659 = B_SPLINE_CURVE_WITH_KNOTS('',1,(#2660,#2661),.UNSPECIFIED.,.F.,
  .F.,(2,2),(2.375,10.875),.PIECEWISE_BEZIER_KNOTS.);
#2660 = CARTESIAN_POINT('',(0.,7.25));
#2661 = CARTESIAN_POINT('',(8.5,7.25));
#2662 = ( GEOMETRIC_REPRESENTATION_CONTEXT(2) 
PARAMETRIC_REPRESENTATION_CONTEXT() REPRESENTATION_CONTEXT('2D SPACE',''
  ) );
#2663 = ORIENTED_EDGE('',*,*,#2664,.F.);
#2664 = EDGE_CURVE('',#2665,#2639,#2667,.T.);
#2665 = VERTEX_POINT('',#2666);
#2666 = CARTESIAN_POINT('',(38.182861122948,35.978536428436,13.25));
#2667 = SURFACE_CURVE('',#2668,(#2672,#2678),.PCURVE_S1.);
#2668 = LINE('',#2669,#2670);
#2669 = CARTESIAN_POINT('',(42.395194720044,28.056289151509,13.25));
#2670 = VECTOR('',#2671,1.);
#2671 = DIRECTION('',(0.469471562786,-0.882947592859,0.));
#2672 = PCURVE('',#573,#2673);
#2673 = DEFINITIONAL_REPRESENTATION('',(#2674),#2677);
#2674 = B_SPLINE_CURVE_WITH_KNOTS('',1,(#2675,#2676),.UNSPECIFIED.,.F.,
  .F.,(2,2),(-8.9725,-2.3425),.PIECEWISE_BEZIER_KNOTS.);
#2675 = CARTESIAN_POINT('',(13.25,-11.315));
#2676 = CARTESIAN_POINT('',(13.25,-4.685));
#2677 = ( GEOMETRIC_REPRESENTATION_CONTEXT(2) 
PARAMETRIC_REPRESENTATION_CONTEXT() REPRESENTATION_CONTEXT('2D SPACE',''
  ) );
#2678 = PCURVE('',#2679,#2684);
#2679 = PLANE('',#2680);
#2680 = AXIS2_PLACEMENT_3D('',#2681,#2682,#2683);
#2681 = CARTESIAN_POINT('',(34.894087535991,26.720925057583,13.25));
#2682 = DIRECTION('',(0.,0.,1.));
#2683 = DIRECTION('',(0.882947592859,0.469471562786,0.));
#2684 = DEFINITIONAL_REPRESENTATION('',(#2685),#2688);
#2685 = B_SPLINE_CURVE_WITH_KNOTS('',1,(#2686,#2687),.UNSPECIFIED.,.F.,
  .F.,(2,2),(-8.9725,-2.3425),.PIECEWISE_BEZIER_KNOTS.);
#2686 = CARTESIAN_POINT('',(7.25,6.63));
#2687 = CARTESIAN_POINT('',(7.25,0.));
#2688 = ( GEOMETRIC_REPRESENTATION_CONTEXT(2) 
PARAMETRIC_REPRESENTATION_CONTEXT() REPRESENTATION_CONTEXT('2D SPACE',''
  ) );
#2689 = ORIENTED_EDGE('',*,*,#2690,.F.);
#2690 = EDGE_CURVE('',#2611,#2665,#2691,.T.);
#2691 = SURFACE_CURVE('',#2692,(#2696,#2702),.PCURVE_S1.);
#2692 = LINE('',#2693,#2694);
#2693 = CARTESIAN_POINT('',(38.182861122948,35.978536428436,2.375));
#2694 = VECTOR('',#2695,1.);
#2695 = DIRECTION('',(0.,-0.,1.));
#2696 = PCURVE('',#573,#2697);
#2697 = DEFINITIONAL_REPRESENTATION('',(#2698),#2701);
#2698 = B_SPLINE_CURVE_WITH_KNOTS('',1,(#2699,#2700),.UNSPECIFIED.,.F.,
  .F.,(2,2),(2.375,10.875),.PIECEWISE_BEZIER_KNOTS.);
#2699 = CARTESIAN_POINT('',(4.75,-11.315));
#2700 = CARTESIAN_POINT('',(13.25,-11.315));
#2701 = ( GEOMETRIC_REPRESENTATION_CONTEXT(2) 
PARAMETRIC_REPRESENTATION_CONTEXT() REPRESENTATION_CONTEXT('2D SPACE',''
  ) );
#2702 = PCURVE('',#2703,#2708);
#2703 = PLANE('',#2704);
#2704 = AXIS2_PLACEMENT_3D('',#2705,#2706,#2707);
#2705 = CARTESIAN_POINT('',(31.781491074721,32.574867598238,4.75));
#2706 = DIRECTION('',(-0.469471562786,0.882947592859,0.));
#2707 = DIRECTION('',(0.,0.,1.));
#2708 = DEFINITIONAL_REPRESENTATION('',(#2709),#2712);
#2709 = B_SPLINE_CURVE_WITH_KNOTS('',1,(#2710,#2711),.UNSPECIFIED.,.F.,
  .F.,(2,2),(2.375,10.875),.PIECEWISE_BEZIER_KNOTS.);
#2710 = CARTESIAN_POINT('',(0.,7.25));
#2711 = CARTESIAN_POINT('',(8.5,7.25));
#2712 = ( GEOMETRIC_REPRESENTATION_CONTEXT(2) 
PARAMETRIC_REPRESENTATION_CONTEXT() REPRESENTATION_CONTEXT('2D SPACE',''
  ) );
#2713 = ADVANCED_FACE('',(#2714),#601,.T.);
#2714 = FACE_BOUND('',#2715,.T.);
#2715 = EDGE_LOOP('',(#2716,#2717,#2736,#2737));
#2716 = ORIENTED_EDGE('',*,*,#585,.F.);
#2717 = ORIENTED_EDGE('',*,*,#2718,.F.);
#2718 = EDGE_CURVE('',#1235,#586,#2719,.T.);
#2719 = SURFACE_CURVE('',#2720,(#2724,#2730),.PCURVE_S1.);
#2720 = LINE('',#2721,#2722);
#2721 = CARTESIAN_POINT('',(33.307596869491,38.692403130509,0.));
#2722 = VECTOR('',#2723,1.);
#2723 = DIRECTION('',(-0.,0.,-1.));
#2724 = PCURVE('',#601,#2725);
#2725 = DEFINITIONAL_REPRESENTATION('',(#2726),#2729);
#2726 = B_SPLINE_CURVE_WITH_KNOTS('',1,(#2727,#2728),.UNSPECIFIED.,.F.,
  .F.,(2,2),(-18.,0.),.PIECEWISE_BEZIER_KNOTS.);
#2727 = CARTESIAN_POINT('',(18.,6.969480404674));
#2728 = CARTESIAN_POINT('',(0.,6.969480404674));
#2729 = ( GEOMETRIC_REPRESENTATION_CONTEXT(2) 
PARAMETRIC_REPRESENTATION_CONTEXT() REPRESENTATION_CONTEXT('2D SPACE',''
  ) );
#2730 = PCURVE('',#629,#2731);
#2731 = DEFINITIONAL_REPRESENTATION('',(#2732),#2735);
#2732 = B_SPLINE_CURVE_WITH_KNOTS('',1,(#2733,#2734),.UNSPECIFIED.,.F.,
  .F.,(2,2),(-18.,0.),.PIECEWISE_BEZIER_KNOTS.);
#2733 = CARTESIAN_POINT('',(8.050273709661,-18.));
#2734 = CARTESIAN_POINT('',(8.050273709661,0.));
#2735 = ( GEOMETRIC_REPRESENTATION_CONTEXT(2) 
PARAMETRIC_REPRESENTATION_CONTEXT() REPRESENTATION_CONTEXT('2D SPACE',''
  ) );
#2736 = ORIENTED_EDGE('',*,*,#1234,.T.);
#2737 = ORIENTED_EDGE('',*,*,#2586,.F.);
#2738 = ADVANCED_FACE('',(#2739),#629,.F.);
#2739 = FACE_BOUND('',#2740,.F.);
#2740 = EDGE_LOOP('',(#2741,#2742,#2743,#2744));
#2741 = ORIENTED_EDGE('',*,*,#613,.F.);
#2742 = ORIENTED_EDGE('',*,*,#2718,.F.);
#2743 = ORIENTED_EDGE('',*,*,#1257,.T.);
#2744 = ORIENTED_EDGE('',*,*,#2745,.F.);
#2745 = EDGE_CURVE('',#614,#1258,#2746,.T.);
#2746 = SURFACE_CURVE('',#2747,(#2751,#2758),.PCURVE_S1.);
#2747 = LINE('',#2748,#2749);
#2748 = CARTESIAN_POINT('',(26.,46.,0.));
#2749 = VECTOR('',#2750,1.);
#2750 = DIRECTION('',(0.,0.,1.));
#2751 = PCURVE('',#629,#2752);
#2752 = DEFINITIONAL_REPRESENTATION('',(#2753),#2757);
#2753 = LINE('',#2754,#2755);
#2754 = CARTESIAN_POINT('',(18.38477631085,0.));
#2755 = VECTOR('',#2756,1.);
#2756 = DIRECTION('',(0.,-1.));
#2757 = ( GEOMETRIC_REPRESENTATION_CONTEXT(2) 
PARAMETRIC_REPRESENTATION_CONTEXT() REPRESENTATION_CONTEXT('2D SPACE',''
  ) );
#2758 = PCURVE('',#657,#2759);
#2759 = DEFINITIONAL_REPRESENTATION('',(#2760),#2764);
#2760 = LINE('',#2761,#2762);
#2761 = CARTESIAN_POINT('',(0.,-0.));
#2762 = VECTOR('',#2763,1.);
#2763 = DIRECTION('',(0.,-1.));
#2764 = ( GEOMETRIC_REPRESENTATION_CONTEXT(2) 
PARAMETRIC_REPRESENTATION_CONTEXT() REPRESENTATION_CONTEXT('2D SPACE',''
  ) );
#2765 = ADVANCED_FACE('',(#2766),#657,.F.);
#2766 = FACE_BOUND('',#2767,.F.);
#2767 = EDGE_LOOP('',(#2768,#2769,#2770,#2791));
#2768 = ORIENTED_EDGE('',*,*,#2745,.T.);
#2769 = ORIENTED_EDGE('',*,*,#1280,.T.);
#2770 = ORIENTED_EDGE('',*,*,#2771,.F.);
#2771 = EDGE_CURVE('',#642,#1281,#2772,.T.);
#2772 = SURFACE_CURVE('',#2773,(#2777,#2784),.PCURVE_S1.);
#2773 = LINE('',#2774,#2775);
#2774 = CARTESIAN_POINT('',(-26.,46.,0.));
#2775 = VECTOR('',#2776,1.);
#2776 = DIRECTION('',(0.,0.,1.));
#2777 = PCURVE('',#657,#2778);
#2778 = DEFINITIONAL_REPRESENTATION('',(#2779),#2783);
#2779 = LINE('',#2780,#2781);
#2780 = CARTESIAN_POINT('',(52.,0.));
#2781 = VECTOR('',#2782,1.);
#2782 = DIRECTION('',(0.,-1.));
#2783 = ( GEOMETRIC_REPRESENTATION_CONTEXT(2) 
PARAMETRIC_REPRESENTATION_CONTEXT() REPRESENTATION_CONTEXT('2D SPACE',''
  ) );
#2784 = PCURVE('',#685,#2785);
#2785 = DEFINITIONAL_REPRESENTATION('',(#2786),#2790);
#2786 = LINE('',#2787,#2788);
#2787 = CARTESIAN_POINT('',(0.,0.));
#2788 = VECTOR('',#2789,1.);
#2789 = DIRECTION('',(0.,-1.));
#2790 = ( GEOMETRIC_REPRESENTATION_CONTEXT(2) 
PARAMETRIC_REPRESENTATION_CONTEXT() REPRESENTATION_CONTEXT('2D SPACE',''
  ) );
#2791 = ORIENTED_EDGE('',*,*,#641,.F.);
#2792 = ADVANCED_FACE('',(#2793),#685,.F.);
#2793 = FACE_BOUND('',#2794,.F.);
#2794 = EDGE_LOOP('',(#2795,#2796,#2797,#2798));
#2795 = ORIENTED_EDGE('',*,*,#669,.F.);
#2796 = ORIENTED_EDGE('',*,*,#2771,.T.);
#2797 = ORIENTED_EDGE('',*,*,#1303,.T.);
#2798 = ORIENTED_EDGE('',*,*,#2799,.T.);
#2799 = EDGE_CURVE('',#1304,#670,#2800,.T.);
#2800 = SURFACE_CURVE('',#2801,(#2805,#2811),.PCURVE_S1.);
#2801 = LINE('',#2802,#2803);
#2802 = CARTESIAN_POINT('',(-33.30759686949,38.692403130509,0.));
#2803 = VECTOR('',#2804,1.);
#2804 = DIRECTION('',(0.,-0.,-1.));
#2805 = PCURVE('',#685,#2806);
#2806 = DEFINITIONAL_REPRESENTATION('',(#2807),#2810);
#2807 = B_SPLINE_CURVE_WITH_KNOTS('',1,(#2808,#2809),.UNSPECIFIED.,.F.,
  .F.,(2,2),(-18.,0.),.PIECEWISE_BEZIER_KNOTS.);
#2808 = CARTESIAN_POINT('',(10.33450260119,-18.));
#2809 = CARTESIAN_POINT('',(10.33450260119,0.));
#2810 = ( GEOMETRIC_REPRESENTATION_CONTEXT(2) 
PARAMETRIC_REPRESENTATION_CONTEXT() REPRESENTATION_CONTEXT('2D SPACE',''
  ) );
#2811 = PCURVE('',#713,#2812);
#2812 = DEFINITIONAL_REPRESENTATION('',(#2813),#2816);
#2813 = B_SPLINE_CURVE_WITH_KNOTS('',1,(#2814,#2815),.UNSPECIFIED.,.F.,
  .F.,(2,2),(-18.,0.),.PIECEWISE_BEZIER_KNOTS.);
#2814 = CARTESIAN_POINT('',(18.,6.969480404674));
#2815 = CARTESIAN_POINT('',(0.,6.969480404674));
#2816 = ( GEOMETRIC_REPRESENTATION_CONTEXT(2) 
PARAMETRIC_REPRESENTATION_CONTEXT() REPRESENTATION_CONTEXT('2D SPACE',''
  ) );
#2817 = ADVANCED_FACE('',(#2818),#713,.F.);
#2818 = FACE_BOUND('',#2819,.F.);
#2819 = EDGE_LOOP('',(#2820,#2821,#2822,#2823));
#2820 = ORIENTED_EDGE('',*,*,#697,.F.);
#2821 = ORIENTED_EDGE('',*,*,#2799,.F.);
#2822 = ORIENTED_EDGE('',*,*,#1326,.T.);
#2823 = ORIENTED_EDGE('',*,*,#2824,.F.);
#2824 = EDGE_CURVE('',#698,#1327,#2825,.T.);
#2825 = SURFACE_CURVE('',#2826,(#2830,#2837),.PCURVE_S1.);
#2826 = LINE('',#2827,#2828);
#2827 = CARTESIAN_POINT('',(-35.98338685129,40.11514590098,0.));
#2828 = VECTOR('',#2829,1.);
#2829 = DIRECTION('',(0.,0.,1.));
#2830 = PCURVE('',#713,#2831);
#2831 = DEFINITIONAL_REPRESENTATION('',(#2832),#2836);
#2832 = LINE('',#2833,#2834);
#2833 = CARTESIAN_POINT('',(0.,10.));
#2834 = VECTOR('',#2835,1.);
#2835 = DIRECTION('',(1.,0.));
#2836 = ( GEOMETRIC_REPRESENTATION_CONTEXT(2) 
PARAMETRIC_REPRESENTATION_CONTEXT() REPRESENTATION_CONTEXT('2D SPACE',''
  ) );
#2837 = PCURVE('',#741,#2838);
#2838 = DEFINITIONAL_REPRESENTATION('',(#2839),#2843);
#2839 = LINE('',#2840,#2841);
#2840 = CARTESIAN_POINT('',(0.,0.));
#2841 = VECTOR('',#2842,1.);
#2842 = DIRECTION('',(1.,0.));
#2843 = ( GEOMETRIC_REPRESENTATION_CONTEXT(2) 
PARAMETRIC_REPRESENTATION_CONTEXT() REPRESENTATION_CONTEXT('2D SPACE',''
  ) );
#2844 = ADVANCED_FACE('',(#2845,#2871),#741,.T.);
#2845 = FACE_BOUND('',#2846,.T.);
#2846 = EDGE_LOOP('',(#2847,#2848,#2849,#2870));
#2847 = ORIENTED_EDGE('',*,*,#2824,.F.);
#2848 = ORIENTED_EDGE('',*,*,#725,.T.);
#2849 = ORIENTED_EDGE('',*,*,#2850,.T.);
#2850 = EDGE_CURVE('',#726,#1350,#2851,.T.);
#2851 = SURFACE_CURVE('',#2852,(#2856,#2863),.PCURVE_S1.);
#2852 = LINE('',#2853,#2854);
#2853 = CARTESIAN_POINT('',(-43.49493185587,25.987984415237,0.));
#2854 = VECTOR('',#2855,1.);
#2855 = DIRECTION('',(0.,0.,1.));
#2856 = PCURVE('',#741,#2857);
#2857 = DEFINITIONAL_REPRESENTATION('',(#2858),#2862);
#2858 = LINE('',#2859,#2860);
#2859 = CARTESIAN_POINT('',(0.,-16.));
#2860 = VECTOR('',#2861,1.);
#2861 = DIRECTION('',(1.,0.));
#2862 = ( GEOMETRIC_REPRESENTATION_CONTEXT(2) 
PARAMETRIC_REPRESENTATION_CONTEXT() REPRESENTATION_CONTEXT('2D SPACE',''
  ) );
#2863 = PCURVE('',#769,#2864);
#2864 = DEFINITIONAL_REPRESENTATION('',(#2865),#2869);
#2865 = LINE('',#2866,#2867);
#2866 = CARTESIAN_POINT('',(0.,10.));
#2867 = VECTOR('',#2868,1.);
#2868 = DIRECTION('',(1.,0.));
#2869 = ( GEOMETRIC_REPRESENTATION_CONTEXT(2) 
PARAMETRIC_REPRESENTATION_CONTEXT() REPRESENTATION_CONTEXT('2D SPACE',''
  ) );
#2870 = ORIENTED_EDGE('',*,*,#1349,.F.);
#2871 = FACE_BOUND('',#2872,.T.);
#2872 = EDGE_LOOP('',(#2873,#2901,#2927,#2953));
#2873 = ORIENTED_EDGE('',*,*,#2874,.T.);
#2874 = EDGE_CURVE('',#2875,#2877,#2879,.T.);
#2875 = VERTEX_POINT('',#2876);
#2876 = CARTESIAN_POINT('',(-41.29545758421,30.124593887781,4.75));
#2877 = VERTEX_POINT('',#2878);
#2878 = CARTESIAN_POINT('',(-38.18286112294,35.978536428436,4.75));
#2879 = SURFACE_CURVE('',#2880,(#2884,#2890),.PCURVE_S1.);
#2880 = LINE('',#2881,#2882);
#2881 = CARTESIAN_POINT('',(-37.08312398712,38.046841164708,4.75));
#2882 = VECTOR('',#2883,1.);
#2883 = DIRECTION('',(0.469471562786,0.882947592859,-0.));
#2884 = PCURVE('',#741,#2885);
#2885 = DEFINITIONAL_REPRESENTATION('',(#2886),#2889);
#2886 = B_SPLINE_CURVE_WITH_KNOTS('',1,(#2887,#2888),.UNSPECIFIED.,.F.,
  .F.,(2,2),(-8.9725,-2.3425),.PIECEWISE_BEZIER_KNOTS.);
#2887 = CARTESIAN_POINT('',(4.75,-11.315));
#2888 = CARTESIAN_POINT('',(4.75,-4.685));
#2889 = ( GEOMETRIC_REPRESENTATION_CONTEXT(2) 
PARAMETRIC_REPRESENTATION_CONTEXT() REPRESENTATION_CONTEXT('2D SPACE',''
  ) );
#2890 = PCURVE('',#2891,#2896);
#2891 = PLANE('',#2892);
#2892 = AXIS2_PLACEMENT_3D('',#2893,#2894,#2895);
#2893 = CARTESIAN_POINT('',(-31.78149107472,32.574867598238,4.75));
#2894 = DIRECTION('',(0.,0.,1.));
#2895 = DIRECTION('',(-0.882947592859,0.469471562786,0.));
#2896 = DEFINITIONAL_REPRESENTATION('',(#2897),#2900);
#2897 = B_SPLINE_CURVE_WITH_KNOTS('',1,(#2898,#2899),.UNSPECIFIED.,.F.,
  .F.,(2,2),(-8.9725,-2.3425),.PIECEWISE_BEZIER_KNOTS.);
#2898 = CARTESIAN_POINT('',(7.25,6.63));
#2899 = CARTESIAN_POINT('',(7.25,0.));
#2900 = ( GEOMETRIC_REPRESENTATION_CONTEXT(2) 
PARAMETRIC_REPRESENTATION_CONTEXT() REPRESENTATION_CONTEXT('2D SPACE',''
  ) );
#2901 = ORIENTED_EDGE('',*,*,#2902,.T.);
#2902 = EDGE_CURVE('',#2877,#2903,#2905,.T.);
#2903 = VERTEX_POINT('',#2904);
#2904 = CARTESIAN_POINT('',(-38.18286112294,35.978536428436,13.25));
#2905 = SURFACE_CURVE('',#2906,(#2910,#2916),.PCURVE_S1.);
#2906 = LINE('',#2907,#2908);
#2907 = CARTESIAN_POINT('',(-38.18286112294,35.978536428436,2.375));
#2908 = VECTOR('',#2909,1.);
#2909 = DIRECTION('',(0.,0.,1.));
#2910 = PCURVE('',#741,#2911);
#2911 = DEFINITIONAL_REPRESENTATION('',(#2912),#2915);
#2912 = B_SPLINE_CURVE_WITH_KNOTS('',1,(#2913,#2914),.UNSPECIFIED.,.F.,
  .F.,(2,2),(2.375,10.875),.PIECEWISE_BEZIER_KNOTS.);
#2913 = CARTESIAN_POINT('',(4.75,-4.685));
#2914 = CARTESIAN_POINT('',(13.25,-4.685));
#2915 = ( GEOMETRIC_REPRESENTATION_CONTEXT(2) 
PARAMETRIC_REPRESENTATION_CONTEXT() REPRESENTATION_CONTEXT('2D SPACE',''
  ) );
#2916 = PCURVE('',#2917,#2922);
#2917 = PLANE('',#2918);
#2918 = AXIS2_PLACEMENT_3D('',#2919,#2920,#2921);
#2919 = CARTESIAN_POINT('',(-31.78149107472,32.574867598238,4.75));
#2920 = DIRECTION('',(-0.469471562786,-0.882947592859,0.));
#2921 = DIRECTION('',(0.,0.,1.));
#2922 = DEFINITIONAL_REPRESENTATION('',(#2923),#2926);
#2923 = B_SPLINE_CURVE_WITH_KNOTS('',1,(#2924,#2925),.UNSPECIFIED.,.F.,
  .F.,(2,2),(2.375,10.875),.PIECEWISE_BEZIER_KNOTS.);
#2924 = CARTESIAN_POINT('',(0.,7.25));
#2925 = CARTESIAN_POINT('',(8.5,7.25));
#2926 = ( GEOMETRIC_REPRESENTATION_CONTEXT(2) 
PARAMETRIC_REPRESENTATION_CONTEXT() REPRESENTATION_CONTEXT('2D SPACE',''
  ) );
#2927 = ORIENTED_EDGE('',*,*,#2928,.F.);
#2928 = EDGE_CURVE('',#2929,#2903,#2931,.T.);
#2929 = VERTEX_POINT('',#2930);
#2930 = CARTESIAN_POINT('',(-41.29545758421,30.124593887781,13.25));
#2931 = SURFACE_CURVE('',#2932,(#2936,#2942),.PCURVE_S1.);
#2932 = LINE('',#2933,#2934);
#2933 = CARTESIAN_POINT('',(-37.08312398712,38.046841164708,13.25));
#2934 = VECTOR('',#2935,1.);
#2935 = DIRECTION('',(0.469471562786,0.882947592859,-0.));
#2936 = PCURVE('',#741,#2937);
#2937 = DEFINITIONAL_REPRESENTATION('',(#2938),#2941);
#2938 = B_SPLINE_CURVE_WITH_KNOTS('',1,(#2939,#2940),.UNSPECIFIED.,.F.,
  .F.,(2,2),(-8.9725,-2.3425),.PIECEWISE_BEZIER_KNOTS.);
#2939 = CARTESIAN_POINT('',(13.25,-11.315));
#2940 = CARTESIAN_POINT('',(13.25,-4.685));
#2941 = ( GEOMETRIC_REPRESENTATION_CONTEXT(2) 
PARAMETRIC_REPRESENTATION_CONTEXT() REPRESENTATION_CONTEXT('2D SPACE',''
  ) );
#2942 = PCURVE('',#2943,#2948);
#2943 = PLANE('',#2944);
#2944 = AXIS2_PLACEMENT_3D('',#2945,#2946,#2947);
#2945 = CARTESIAN_POINT('',(-31.78149107472,32.574867598238,13.25));
#2946 = DIRECTION('',(0.,0.,1.));
#2947 = DIRECTION('',(-0.882947592859,0.469471562786,0.));
#2948 = DEFINITIONAL_REPRESENTATION('',(#2949),#2952);
#2949 = B_SPLINE_CURVE_WITH_KNOTS('',1,(#2950,#2951),.UNSPECIFIED.,.F.,
  .F.,(2,2),(-8.9725,-2.3425),.PIECEWISE_BEZIER_KNOTS.);
#2950 = CARTESIAN_POINT('',(7.25,6.63));
#2951 = CARTESIAN_POINT('',(7.25,0.));
#2952 = ( GEOMETRIC_REPRESENTATION_CONTEXT(2) 
PARAMETRIC_REPRESENTATION_CONTEXT() REPRESENTATION_CONTEXT('2D SPACE',''
  ) );
#2953 = ORIENTED_EDGE('',*,*,#2954,.F.);
#2954 = EDGE_CURVE('',#2875,#2929,#2955,.T.);
#2955 = SURFACE_CURVE('',#2956,(#2960,#2966),.PCURVE_S1.);
#2956 = LINE('',#2957,#2958);
#2957 = CARTESIAN_POINT('',(-41.29545758421,30.124593887781,2.375));
#2958 = VECTOR('',#2959,1.);
#2959 = DIRECTION('',(0.,0.,1.));
#2960 = PCURVE('',#741,#2961);
#2961 = DEFINITIONAL_REPRESENTATION('',(#2962),#2965);
#2962 = B_SPLINE_CURVE_WITH_KNOTS('',1,(#2963,#2964),.UNSPECIFIED.,.F.,
  .F.,(2,2),(2.375,10.875),.PIECEWISE_BEZIER_KNOTS.);
#2963 = CARTESIAN_POINT('',(4.75,-11.315));
#2964 = CARTESIAN_POINT('',(13.25,-11.315));
#2965 = ( GEOMETRIC_REPRESENTATION_CONTEXT(2) 
PARAMETRIC_REPRESENTATION_CONTEXT() REPRESENTATION_CONTEXT('2D SPACE',''
  ) );
#2966 = PCURVE('',#2967,#2972);
#2967 = PLANE('',#2968);
#2968 = AXIS2_PLACEMENT_3D('',#2969,#2970,#2971);
#2969 = CARTESIAN_POINT('',(-34.89408753599,26.720925057583,4.75));
#2970 = DIRECTION('',(-0.469471562786,-0.882947592859,0.));
#2971 = DIRECTION('',(0.,0.,1.));
#2972 = DEFINITIONAL_REPRESENTATION('',(#2973),#2976);
#2973 = B_SPLINE_CURVE_WITH_KNOTS('',1,(#2974,#2975),.UNSPECIFIED.,.F.,
  .F.,(2,2),(2.375,10.875),.PIECEWISE_BEZIER_KNOTS.);
#2974 = CARTESIAN_POINT('',(0.,7.25));
#2975 = CARTESIAN_POINT('',(8.5,7.25));
#2976 = ( GEOMETRIC_REPRESENTATION_CONTEXT(2) 
PARAMETRIC_REPRESENTATION_CONTEXT() REPRESENTATION_CONTEXT('2D SPACE',''
  ) );
#2977 = ADVANCED_FACE('',(#2978),#769,.T.);
#2978 = FACE_BOUND('',#2979,.T.);
#2979 = EDGE_LOOP('',(#2980,#2981,#3000,#3001));
#2980 = ORIENTED_EDGE('',*,*,#753,.F.);
#2981 = ORIENTED_EDGE('',*,*,#2982,.F.);
#2982 = EDGE_CURVE('',#1373,#754,#2983,.T.);
#2983 = SURFACE_CURVE('',#2984,(#2988,#2994),.PCURVE_S1.);
#2984 = LINE('',#2985,#2986);
#2985 = CARTESIAN_POINT('',(-39.,23.597986752795,0.));
#2986 = VECTOR('',#2987,1.);
#2987 = DIRECTION('',(0.,0.,-1.));
#2988 = PCURVE('',#769,#2989);
#2989 = DEFINITIONAL_REPRESENTATION('',(#2990),#2993);
#2990 = B_SPLINE_CURVE_WITH_KNOTS('',1,(#2991,#2992),.UNSPECIFIED.,.F.,
  .F.,(2,2),(-18.,0.),.PIECEWISE_BEZIER_KNOTS.);
#2991 = CARTESIAN_POINT('',(18.,4.909174800153));
#2992 = CARTESIAN_POINT('',(0.,4.909174800153));
#2993 = ( GEOMETRIC_REPRESENTATION_CONTEXT(2) 
PARAMETRIC_REPRESENTATION_CONTEXT() REPRESENTATION_CONTEXT('2D SPACE',''
  ) );
#2994 = PCURVE('',#797,#2995);
#2995 = DEFINITIONAL_REPRESENTATION('',(#2996),#2999);
#2996 = B_SPLINE_CURVE_WITH_KNOTS('',1,(#2997,#2998),.UNSPECIFIED.,.F.,
  .F.,(2,2),(-18.,0.),.PIECEWISE_BEZIER_KNOTS.);
#2997 = CARTESIAN_POINT('',(9.402013247205,-18.));
#2998 = CARTESIAN_POINT('',(9.402013247205,0.));
#2999 = ( GEOMETRIC_REPRESENTATION_CONTEXT(2) 
PARAMETRIC_REPRESENTATION_CONTEXT() REPRESENTATION_CONTEXT('2D SPACE',''
  ) );
#3000 = ORIENTED_EDGE('',*,*,#1372,.T.);
#3001 = ORIENTED_EDGE('',*,*,#2850,.F.);
#3002 = ADVANCED_FACE('',(#3003),#797,.F.);
#3003 = FACE_BOUND('',#3004,.F.);
#3004 = EDGE_LOOP('',(#3005,#3006,#3007,#3008));
#3005 = ORIENTED_EDGE('',*,*,#781,.F.);
#3006 = ORIENTED_EDGE('',*,*,#2982,.F.);
#3007 = ORIENTED_EDGE('',*,*,#1395,.T.);
#3008 = ORIENTED_EDGE('',*,*,#3009,.T.);
#3009 = EDGE_CURVE('',#1396,#782,#3010,.T.);
#3010 = SURFACE_CURVE('',#3011,(#3015,#3021),.PCURVE_S1.);
#3011 = LINE('',#3012,#3013);
#3012 = CARTESIAN_POINT('',(-39.,8.,0.));
#3013 = VECTOR('',#3014,1.);
#3014 = DIRECTION('',(0.,0.,-1.));
#3015 = PCURVE('',#797,#3016);
#3016 = DEFINITIONAL_REPRESENTATION('',(#3017),#3020);
#3017 = B_SPLINE_CURVE_WITH_KNOTS('',1,(#3018,#3019),.UNSPECIFIED.,.F.,
  .F.,(2,2),(-18.,0.),.PIECEWISE_BEZIER_KNOTS.);
#3018 = CARTESIAN_POINT('',(25.,-18.));
#3019 = CARTESIAN_POINT('',(25.,0.));
#3020 = ( GEOMETRIC_REPRESENTATION_CONTEXT(2) 
PARAMETRIC_REPRESENTATION_CONTEXT() REPRESENTATION_CONTEXT('2D SPACE',''
  ) );
#3021 = PCURVE('',#825,#3022);
#3022 = DEFINITIONAL_REPRESENTATION('',(#3023),#3026);
#3023 = B_SPLINE_CURVE_WITH_KNOTS('',1,(#3024,#3025),.UNSPECIFIED.,.F.,
  .F.,(2,2),(-18.,0.),.PIECEWISE_BEZIER_KNOTS.);
#3024 = CARTESIAN_POINT('',(18.,7.));
#3025 = CARTESIAN_POINT('',(0.,7.));
#3026 = ( GEOMETRIC_REPRESENTATION_CONTEXT(2) 
PARAMETRIC_REPRESENTATION_CONTEXT() REPRESENTATION_CONTEXT('2D SPACE',''
  ) );
#3027 = ADVANCED_FACE('',(#3028),#825,.F.);
#3028 = FACE_BOUND('',#3029,.F.);
#3029 = EDGE_LOOP('',(#3030,#3031,#3032,#3033));
#3030 = ORIENTED_EDGE('',*,*,#809,.F.);
#3031 = ORIENTED_EDGE('',*,*,#3009,.F.);
#3032 = ORIENTED_EDGE('',*,*,#1418,.T.);
#3033 = ORIENTED_EDGE('',*,*,#3034,.F.);
#3034 = EDGE_CURVE('',#810,#1419,#3035,.T.);
#3035 = SURFACE_CURVE('',#3036,(#3040,#3047),.PCURVE_S1.);
#3036 = LINE('',#3037,#3038);
#3037 = CARTESIAN_POINT('',(-42.,8.,0.));
#3038 = VECTOR('',#3039,1.);
#3039 = DIRECTION('',(0.,0.,1.));
#3040 = PCURVE('',#825,#3041);
#3041 = DEFINITIONAL_REPRESENTATION('',(#3042),#3046);
#3042 = LINE('',#3043,#3044);
#3043 = CARTESIAN_POINT('',(0.,10.));
#3044 = VECTOR('',#3045,1.);
#3045 = DIRECTION('',(1.,0.));
#3046 = ( GEOMETRIC_REPRESENTATION_CONTEXT(2) 
PARAMETRIC_REPRESENTATION_CONTEXT() REPRESENTATION_CONTEXT('2D SPACE',''
  ) );
#3047 = PCURVE('',#853,#3048);
#3048 = DEFINITIONAL_REPRESENTATION('',(#3049),#3053);
#3049 = LINE('',#3050,#3051);
#3050 = CARTESIAN_POINT('',(0.,0.));
#3051 = VECTOR('',#3052,1.);
#3052 = DIRECTION('',(1.,0.));
#3053 = ( GEOMETRIC_REPRESENTATION_CONTEXT(2) 
PARAMETRIC_REPRESENTATION_CONTEXT() REPRESENTATION_CONTEXT('2D SPACE',''
  ) );
#3054 = ADVANCED_FACE('',(#3055,#3081),#853,.T.);
#3055 = FACE_BOUND('',#3056,.T.);
#3056 = EDGE_LOOP('',(#3057,#3058,#3059,#3080));
#3057 = ORIENTED_EDGE('',*,*,#3034,.F.);
#3058 = ORIENTED_EDGE('',*,*,#837,.T.);
#3059 = ORIENTED_EDGE('',*,*,#3060,.T.);
#3060 = EDGE_CURVE('',#838,#1442,#3061,.T.);
#3061 = SURFACE_CURVE('',#3062,(#3066,#3073),.PCURVE_S1.);
#3062 = LINE('',#3063,#3064);
#3063 = CARTESIAN_POINT('',(-42.,-8.,0.));
#3064 = VECTOR('',#3065,1.);
#3065 = DIRECTION('',(0.,0.,1.));
#3066 = PCURVE('',#853,#3067);
#3067 = DEFINITIONAL_REPRESENTATION('',(#3068),#3072);
#3068 = LINE('',#3069,#3070);
#3069 = CARTESIAN_POINT('',(0.,-16.));
#3070 = VECTOR('',#3071,1.);
#3071 = DIRECTION('',(1.,0.));
#3072 = ( GEOMETRIC_REPRESENTATION_CONTEXT(2) 
PARAMETRIC_REPRESENTATION_CONTEXT() REPRESENTATION_CONTEXT('2D SPACE',''
  ) );
#3073 = PCURVE('',#881,#3074);
#3074 = DEFINITIONAL_REPRESENTATION('',(#3075),#3079);
#3075 = LINE('',#3076,#3077);
#3076 = CARTESIAN_POINT('',(0.,10.));
#3077 = VECTOR('',#3078,1.);
#3078 = DIRECTION('',(1.,0.));
#3079 = ( GEOMETRIC_REPRESENTATION_CONTEXT(2) 
PARAMETRIC_REPRESENTATION_CONTEXT() REPRESENTATION_CONTEXT('2D SPACE',''
  ) );
#3080 = ORIENTED_EDGE('',*,*,#1441,.F.);
#3081 = FACE_BOUND('',#3082,.T.);
#3082 = EDGE_LOOP('',(#3083,#3111,#3137,#3163));
#3083 = ORIENTED_EDGE('',*,*,#3084,.T.);
#3084 = EDGE_CURVE('',#3085,#3087,#3089,.T.);
#3085 = VERTEX_POINT('',#3086);
#3086 = CARTESIAN_POINT('',(-42.,-3.315,4.75));
#3087 = VERTEX_POINT('',#3088);
#3088 = CARTESIAN_POINT('',(-42.,3.315,4.75));
#3089 = SURFACE_CURVE('',#3090,(#3094,#3100),.PCURVE_S1.);
#3090 = LINE('',#3091,#3092);
#3091 = CARTESIAN_POINT('',(-42.,5.6575,4.75));
#3092 = VECTOR('',#3093,1.);
#3093 = DIRECTION('',(1.224646799147E-16,1.,-0.));
#3094 = PCURVE('',#853,#3095);
#3095 = DEFINITIONAL_REPRESENTATION('',(#3096),#3099);
#3096 = B_SPLINE_CURVE_WITH_KNOTS('',1,(#3097,#3098),.UNSPECIFIED.,.F.,
  .F.,(2,2),(-8.9725,-2.3425),.PIECEWISE_BEZIER_KNOTS.);
#3097 = CARTESIAN_POINT('',(4.75,-11.315));
#3098 = CARTESIAN_POINT('',(4.75,-4.685));
#3099 = ( GEOMETRIC_REPRESENTATION_CONTEXT(2) 
PARAMETRIC_REPRESENTATION_CONTEXT() REPRESENTATION_CONTEXT('2D SPACE',''
  ) );
#3100 = PCURVE('',#3101,#3106);
#3101 = PLANE('',#3102);
#3102 = AXIS2_PLACEMENT_3D('',#3103,#3104,#3105);
#3103 = CARTESIAN_POINT('',(-34.75,3.315,4.75));
#3104 = DIRECTION('',(0.,0.,1.));
#3105 = DIRECTION('',(-1.,1.224646799147E-16,0.));
#3106 = DEFINITIONAL_REPRESENTATION('',(#3107),#3110);
#3107 = B_SPLINE_CURVE_WITH_KNOTS('',1,(#3108,#3109),.UNSPECIFIED.,.F.,
  .F.,(2,2),(-8.9725,-2.3425),.PIECEWISE_BEZIER_KNOTS.);
#3108 = CARTESIAN_POINT('',(7.25,6.63));
#3109 = CARTESIAN_POINT('',(7.25,0.));
#3110 = ( GEOMETRIC_REPRESENTATION_CONTEXT(2) 
PARAMETRIC_REPRESENTATION_CONTEXT() REPRESENTATION_CONTEXT('2D SPACE',''
  ) );
#3111 = ORIENTED_EDGE('',*,*,#3112,.T.);
#3112 = EDGE_CURVE('',#3087,#3113,#3115,.T.);
#3113 = VERTEX_POINT('',#3114);
#3114 = CARTESIAN_POINT('',(-42.,3.315,13.25));
#3115 = SURFACE_CURVE('',#3116,(#3120,#3126),.PCURVE_S1.);
#3116 = LINE('',#3117,#3118);
#3117 = CARTESIAN_POINT('',(-42.,3.315,2.375));
#3118 = VECTOR('',#3119,1.);
#3119 = DIRECTION('',(0.,0.,1.));
#3120 = PCURVE('',#853,#3121);
#3121 = DEFINITIONAL_REPRESENTATION('',(#3122),#3125);
#3122 = B_SPLINE_CURVE_WITH_KNOTS('',1,(#3123,#3124),.UNSPECIFIED.,.F.,
  .F.,(2,2),(2.375,10.875),.PIECEWISE_BEZIER_KNOTS.);
#3123 = CARTESIAN_POINT('',(4.75,-4.685));
#3124 = CARTESIAN_POINT('',(13.25,-4.685));
#3125 = ( GEOMETRIC_REPRESENTATION_CONTEXT(2) 
PARAMETRIC_REPRESENTATION_CONTEXT() REPRESENTATION_CONTEXT('2D SPACE',''
  ) );
#3126 = PCURVE('',#3127,#3132);
#3127 = PLANE('',#3128);
#3128 = AXIS2_PLACEMENT_3D('',#3129,#3130,#3131);
#3129 = CARTESIAN_POINT('',(-34.75,3.315,4.75));
#3130 = DIRECTION('',(-1.224646799147E-16,-1.,0.));
#3131 = DIRECTION('',(0.,0.,1.));
#3132 = DEFINITIONAL_REPRESENTATION('',(#3133),#3136);
#3133 = B_SPLINE_CURVE_WITH_KNOTS('',1,(#3134,#3135),.UNSPECIFIED.,.F.,
  .F.,(2,2),(2.375,10.875),.PIECEWISE_BEZIER_KNOTS.);
#3134 = CARTESIAN_POINT('',(0.,7.25));
#3135 = CARTESIAN_POINT('',(8.5,7.25));
#3136 = ( GEOMETRIC_REPRESENTATION_CONTEXT(2) 
PARAMETRIC_REPRESENTATION_CONTEXT() REPRESENTATION_CONTEXT('2D SPACE',''
  ) );
#3137 = ORIENTED_EDGE('',*,*,#3138,.F.);
#3138 = EDGE_CURVE('',#3139,#3113,#3141,.T.);
#3139 = VERTEX_POINT('',#3140);
#3140 = CARTESIAN_POINT('',(-42.,-3.315,13.25));
#3141 = SURFACE_CURVE('',#3142,(#3146,#3152),.PCURVE_S1.);
#3142 = LINE('',#3143,#3144);
#3143 = CARTESIAN_POINT('',(-42.,5.6575,13.25));
#3144 = VECTOR('',#3145,1.);
#3145 = DIRECTION('',(1.224646799147E-16,1.,-0.));
#3146 = PCURVE('',#853,#3147);
#3147 = DEFINITIONAL_REPRESENTATION('',(#3148),#3151);
#3148 = B_SPLINE_CURVE_WITH_KNOTS('',1,(#3149,#3150),.UNSPECIFIED.,.F.,
  .F.,(2,2),(-8.9725,-2.3425),.PIECEWISE_BEZIER_KNOTS.);
#3149 = CARTESIAN_POINT('',(13.25,-11.315));
#3150 = CARTESIAN_POINT('',(13.25,-4.685));
#3151 = ( GEOMETRIC_REPRESENTATION_CONTEXT(2) 
PARAMETRIC_REPRESENTATION_CONTEXT() REPRESENTATION_CONTEXT('2D SPACE',''
  ) );
#3152 = PCURVE('',#3153,#3158);
#3153 = PLANE('',#3154);
#3154 = AXIS2_PLACEMENT_3D('',#3155,#3156,#3157);
#3155 = CARTESIAN_POINT('',(-34.75,3.315,13.25));
#3156 = DIRECTION('',(0.,0.,1.));
#3157 = DIRECTION('',(-1.,1.224646799147E-16,0.));
#3158 = DEFINITIONAL_REPRESENTATION('',(#3159),#3162);
#3159 = B_SPLINE_CURVE_WITH_KNOTS('',1,(#3160,#3161),.UNSPECIFIED.,.F.,
  .F.,(2,2),(-8.9725,-2.3425),.PIECEWISE_BEZIER_KNOTS.);
#3160 = CARTESIAN_POINT('',(7.25,6.63));
#3161 = CARTESIAN_POINT('',(7.25,0.));
#3162 = ( GEOMETRIC_REPRESENTATION_CONTEXT(2) 
PARAMETRIC_REPRESENTATION_CONTEXT() REPRESENTATION_CONTEXT('2D SPACE',''
  ) );
#3163 = ORIENTED_EDGE('',*,*,#3164,.F.);
#3164 = EDGE_CURVE('',#3085,#3139,#3165,.T.);
#3165 = SURFACE_CURVE('',#3166,(#3170,#3176),.PCURVE_S1.);
#3166 = LINE('',#3167,#3168);
#3167 = CARTESIAN_POINT('',(-42.,-3.315,2.375));
#3168 = VECTOR('',#3169,1.);
#3169 = DIRECTION('',(0.,0.,1.));
#3170 = PCURVE('',#853,#3171);
#3171 = DEFINITIONAL_REPRESENTATION('',(#3172),#3175);
#3172 = B_SPLINE_CURVE_WITH_KNOTS('',1,(#3173,#3174),.UNSPECIFIED.,.F.,
  .F.,(2,2),(2.375,10.875),.PIECEWISE_BEZIER_KNOTS.);
#3173 = CARTESIAN_POINT('',(4.75,-11.315));
#3174 = CARTESIAN_POINT('',(13.25,-11.315));
#3175 = ( GEOMETRIC_REPRESENTATION_CONTEXT(2) 
PARAMETRIC_REPRESENTATION_CONTEXT() REPRESENTATION_CONTEXT('2D SPACE',''
  ) );
#3176 = PCURVE('',#3177,#3182);
#3177 = PLANE('',#3178);
#3178 = AXIS2_PLACEMENT_3D('',#3179,#3180,#3181);
#3179 = CARTESIAN_POINT('',(-34.75,-3.315,4.75));
#3180 = DIRECTION('',(-1.224646799147E-16,-1.,0.));
#3181 = DIRECTION('',(0.,0.,1.));
#3182 = DEFINITIONAL_REPRESENTATION('',(#3183),#3186);
#3183 = B_SPLINE_CURVE_WITH_KNOTS('',1,(#3184,#3185),.UNSPECIFIED.,.F.,
  .F.,(2,2),(2.375,10.875),.PIECEWISE_BEZIER_KNOTS.);
#3184 = CARTESIAN_POINT('',(0.,7.25));
#3185 = CARTESIAN_POINT('',(8.5,7.25));
#3186 = ( GEOMETRIC_REPRESENTATION_CONTEXT(2) 
PARAMETRIC_REPRESENTATION_CONTEXT() REPRESENTATION_CONTEXT('2D SPACE',''
  ) );
#3187 = ADVANCED_FACE('',(#3188),#881,.T.);
#3188 = FACE_BOUND('',#3189,.T.);
#3189 = EDGE_LOOP('',(#3190,#3191,#3210,#3211));
#3190 = ORIENTED_EDGE('',*,*,#865,.F.);
#3191 = ORIENTED_EDGE('',*,*,#3192,.F.);
#3192 = EDGE_CURVE('',#1465,#866,#3193,.T.);
#3193 = SURFACE_CURVE('',#3194,(#3198,#3204),.PCURVE_S1.);
#3194 = LINE('',#3195,#3196);
#3195 = CARTESIAN_POINT('',(-39.,-8.,0.));
#3196 = VECTOR('',#3197,1.);
#3197 = DIRECTION('',(0.,0.,-1.));
#3198 = PCURVE('',#881,#3199);
#3199 = DEFINITIONAL_REPRESENTATION('',(#3200),#3203);
#3200 = B_SPLINE_CURVE_WITH_KNOTS('',1,(#3201,#3202),.UNSPECIFIED.,.F.,
  .F.,(2,2),(-18.,0.),.PIECEWISE_BEZIER_KNOTS.);
#3201 = CARTESIAN_POINT('',(18.,7.));
#3202 = CARTESIAN_POINT('',(0.,7.));
#3203 = ( GEOMETRIC_REPRESENTATION_CONTEXT(2) 
PARAMETRIC_REPRESENTATION_CONTEXT() REPRESENTATION_CONTEXT('2D SPACE',''
  ) );
#3204 = PCURVE('',#909,#3205);
#3205 = DEFINITIONAL_REPRESENTATION('',(#3206),#3209);
#3206 = B_SPLINE_CURVE_WITH_KNOTS('',1,(#3207,#3208),.UNSPECIFIED.,.F.,
  .F.,(2,2),(-18.,0.),.PIECEWISE_BEZIER_KNOTS.);
#3207 = CARTESIAN_POINT('',(41.,-18.));
#3208 = CARTESIAN_POINT('',(41.,0.));
#3209 = ( GEOMETRIC_REPRESENTATION_CONTEXT(2) 
PARAMETRIC_REPRESENTATION_CONTEXT() REPRESENTATION_CONTEXT('2D SPACE',''
  ) );
#3210 = ORIENTED_EDGE('',*,*,#1464,.T.);
#3211 = ORIENTED_EDGE('',*,*,#3060,.F.);
#3212 = ADVANCED_FACE('',(#3213),#909,.F.);
#3213 = FACE_BOUND('',#3214,.F.);
#3214 = EDGE_LOOP('',(#3215,#3216,#3217,#3218));
#3215 = ORIENTED_EDGE('',*,*,#893,.F.);
#3216 = ORIENTED_EDGE('',*,*,#3192,.F.);
#3217 = ORIENTED_EDGE('',*,*,#1487,.T.);
#3218 = ORIENTED_EDGE('',*,*,#3219,.T.);
#3219 = EDGE_CURVE('',#1488,#894,#3220,.T.);
#3220 = SURFACE_CURVE('',#3221,(#3225,#3231),.PCURVE_S1.);
#3221 = LINE('',#3222,#3223);
#3222 = CARTESIAN_POINT('',(-39.,-23.59798675279,0.));
#3223 = VECTOR('',#3224,1.);
#3224 = DIRECTION('',(0.,-0.,-1.));
#3225 = PCURVE('',#909,#3226);
#3226 = DEFINITIONAL_REPRESENTATION('',(#3227),#3230);
#3227 = B_SPLINE_CURVE_WITH_KNOTS('',1,(#3228,#3229),.UNSPECIFIED.,.F.,
  .F.,(2,2),(-18.,0.),.PIECEWISE_BEZIER_KNOTS.);
#3228 = CARTESIAN_POINT('',(56.597986752795,-18.));
#3229 = CARTESIAN_POINT('',(56.597986752795,0.));
#3230 = ( GEOMETRIC_REPRESENTATION_CONTEXT(2) 
PARAMETRIC_REPRESENTATION_CONTEXT() REPRESENTATION_CONTEXT('2D SPACE',''
  ) );
#3231 = PCURVE('',#937,#3232);
#3232 = DEFINITIONAL_REPRESENTATION('',(#3233),#3236);
#3233 = B_SPLINE_CURVE_WITH_KNOTS('',1,(#3234,#3235),.UNSPECIFIED.,.F.,
  .F.,(2,2),(-18.,0.),.PIECEWISE_BEZIER_KNOTS.);
#3234 = CARTESIAN_POINT('',(18.,4.909174800153));
#3235 = CARTESIAN_POINT('',(0.,4.909174800153));
#3236 = ( GEOMETRIC_REPRESENTATION_CONTEXT(2) 
PARAMETRIC_REPRESENTATION_CONTEXT() REPRESENTATION_CONTEXT('2D SPACE',''
  ) );
#3237 = ADVANCED_FACE('',(#3238),#937,.F.);
#3238 = FACE_BOUND('',#3239,.F.);
#3239 = EDGE_LOOP('',(#3240,#3241,#3242,#3243));
#3240 = ORIENTED_EDGE('',*,*,#921,.F.);
#3241 = ORIENTED_EDGE('',*,*,#3219,.F.);
#3242 = ORIENTED_EDGE('',*,*,#1510,.T.);
#3243 = ORIENTED_EDGE('',*,*,#3244,.F.);
#3244 = EDGE_CURVE('',#922,#1511,#3245,.T.);
#3245 = SURFACE_CURVE('',#3246,(#3250,#3257),.PCURVE_S1.);
#3246 = LINE('',#3247,#3248);
#3247 = CARTESIAN_POINT('',(-43.49493185587,-25.98798441523,0.));
#3248 = VECTOR('',#3249,1.);
#3249 = DIRECTION('',(0.,-0.,1.));
#3250 = PCURVE('',#937,#3251);
#3251 = DEFINITIONAL_REPRESENTATION('',(#3252),#3256);
#3252 = LINE('',#3253,#3254);
#3253 = CARTESIAN_POINT('',(0.,10.));
#3254 = VECTOR('',#3255,1.);
#3255 = DIRECTION('',(1.,0.));
#3256 = ( GEOMETRIC_REPRESENTATION_CONTEXT(2) 
PARAMETRIC_REPRESENTATION_CONTEXT() REPRESENTATION_CONTEXT('2D SPACE',''
  ) );
#3257 = PCURVE('',#965,#3258);
#3258 = DEFINITIONAL_REPRESENTATION('',(#3259),#3263);
#3259 = LINE('',#3260,#3261);
#3260 = CARTESIAN_POINT('',(0.,0.));
#3261 = VECTOR('',#3262,1.);
#3262 = DIRECTION('',(1.,0.));
#3263 = ( GEOMETRIC_REPRESENTATION_CONTEXT(2) 
PARAMETRIC_REPRESENTATION_CONTEXT() REPRESENTATION_CONTEXT('2D SPACE',''
  ) );
#3264 = ADVANCED_FACE('',(#3265,#3271),#965,.T.);
#3265 = FACE_BOUND('',#3266,.T.);
#3266 = EDGE_LOOP('',(#3267,#3268,#3269,#3270));
#3267 = ORIENTED_EDGE('',*,*,#3244,.F.);
#3268 = ORIENTED_EDGE('',*,*,#949,.T.);
#3269 = ORIENTED_EDGE('',*,*,#2113,.T.);
#3270 = ORIENTED_EDGE('',*,*,#1533,.F.);
#3271 = FACE_BOUND('',#3272,.T.);
#3272 = EDGE_LOOP('',(#3273,#3301,#3327,#3353));
#3273 = ORIENTED_EDGE('',*,*,#3274,.T.);
#3274 = EDGE_CURVE('',#3275,#3277,#3279,.T.);
#3275 = VERTEX_POINT('',#3276);
#3276 = CARTESIAN_POINT('',(-38.18286112294,-35.97853642843,4.75));
#3277 = VERTEX_POINT('',#3278);
#3278 = CARTESIAN_POINT('',(-41.29545758421,-30.12459388778,4.75));
#3279 = SURFACE_CURVE('',#3280,(#3284,#3290),.PCURVE_S1.);
#3280 = LINE('',#3281,#3282);
#3281 = CARTESIAN_POINT('',(-42.39519472004,-28.0562891515,4.75));
#3282 = VECTOR('',#3283,1.);
#3283 = DIRECTION('',(-0.469471562786,0.882947592859,0.));
#3284 = PCURVE('',#965,#3285);
#3285 = DEFINITIONAL_REPRESENTATION('',(#3286),#3289);
#3286 = B_SPLINE_CURVE_WITH_KNOTS('',1,(#3287,#3288),.UNSPECIFIED.,.F.,
  .F.,(2,2),(-8.9725,-2.3425),.PIECEWISE_BEZIER_KNOTS.);
#3287 = CARTESIAN_POINT('',(4.75,-11.315));
#3288 = CARTESIAN_POINT('',(4.75,-4.685));
#3289 = ( GEOMETRIC_REPRESENTATION_CONTEXT(2) 
PARAMETRIC_REPRESENTATION_CONTEXT() REPRESENTATION_CONTEXT('2D SPACE',''
  ) );
#3290 = PCURVE('',#3291,#3296);
#3291 = PLANE('',#3292);
#3292 = AXIS2_PLACEMENT_3D('',#3293,#3294,#3295);
#3293 = CARTESIAN_POINT('',(-34.89408753599,-26.72092505758,4.75));
#3294 = DIRECTION('',(0.,-0.,1.));
#3295 = DIRECTION('',(-0.882947592859,-0.469471562786,0.));
#3296 = DEFINITIONAL_REPRESENTATION('',(#3297),#3300);
#3297 = B_SPLINE_CURVE_WITH_KNOTS('',1,(#3298,#3299),.UNSPECIFIED.,.F.,
  .F.,(2,2),(-8.9725,-2.3425),.PIECEWISE_BEZIER_KNOTS.);
#3298 = CARTESIAN_POINT('',(7.25,6.63));
#3299 = CARTESIAN_POINT('',(7.25,0.));
#3300 = ( GEOMETRIC_REPRESENTATION_CONTEXT(2) 
PARAMETRIC_REPRESENTATION_CONTEXT() REPRESENTATION_CONTEXT('2D SPACE',''
  ) );
#3301 = ORIENTED_EDGE('',*,*,#3302,.T.);
#3302 = EDGE_CURVE('',#3277,#3303,#3305,.T.);
#3303 = VERTEX_POINT('',#3304);
#3304 = CARTESIAN_POINT('',(-41.29545758421,-30.12459388778,13.25));
#3305 = SURFACE_CURVE('',#3306,(#3310,#3316),.PCURVE_S1.);
#3306 = LINE('',#3307,#3308);
#3307 = CARTESIAN_POINT('',(-41.29545758421,-30.12459388778,2.375));
#3308 = VECTOR('',#3309,1.);
#3309 = DIRECTION('',(0.,0.,1.));
#3310 = PCURVE('',#965,#3311);
#3311 = DEFINITIONAL_REPRESENTATION('',(#3312),#3315);
#3312 = B_SPLINE_CURVE_WITH_KNOTS('',1,(#3313,#3314),.UNSPECIFIED.,.F.,
  .F.,(2,2),(2.375,10.875),.PIECEWISE_BEZIER_KNOTS.);
#3313 = CARTESIAN_POINT('',(4.75,-4.685));
#3314 = CARTESIAN_POINT('',(13.25,-4.685));
#3315 = ( GEOMETRIC_REPRESENTATION_CONTEXT(2) 
PARAMETRIC_REPRESENTATION_CONTEXT() REPRESENTATION_CONTEXT('2D SPACE',''
  ) );
#3316 = PCURVE('',#3317,#3322);
#3317 = PLANE('',#3318);
#3318 = AXIS2_PLACEMENT_3D('',#3319,#3320,#3321);
#3319 = CARTESIAN_POINT('',(-34.89408753599,-26.72092505758,4.75));
#3320 = DIRECTION('',(0.469471562786,-0.882947592859,0.));
#3321 = DIRECTION('',(0.,-0.,1.));
#3322 = DEFINITIONAL_REPRESENTATION('',(#3323),#3326);
#3323 = B_SPLINE_CURVE_WITH_KNOTS('',1,(#3324,#3325),.UNSPECIFIED.,.F.,
  .F.,(2,2),(2.375,10.875),.PIECEWISE_BEZIER_KNOTS.);
#3324 = CARTESIAN_POINT('',(0.,7.25));
#3325 = CARTESIAN_POINT('',(8.5,7.25));
#3326 = ( GEOMETRIC_REPRESENTATION_CONTEXT(2) 
PARAMETRIC_REPRESENTATION_CONTEXT() REPRESENTATION_CONTEXT('2D SPACE',''
  ) );
#3327 = ORIENTED_EDGE('',*,*,#3328,.F.);
#3328 = EDGE_CURVE('',#3329,#3303,#3331,.T.);
#3329 = VERTEX_POINT('',#3330);
#3330 = CARTESIAN_POINT('',(-38.18286112294,-35.97853642843,13.25));
#3331 = SURFACE_CURVE('',#3332,(#3336,#3342),.PCURVE_S1.);
#3332 = LINE('',#3333,#3334);
#3333 = CARTESIAN_POINT('',(-42.39519472004,-28.0562891515,13.25));
#3334 = VECTOR('',#3335,1.);
#3335 = DIRECTION('',(-0.469471562786,0.882947592859,0.));
#3336 = PCURVE('',#965,#3337);
#3337 = DEFINITIONAL_REPRESENTATION('',(#3338),#3341);
#3338 = B_SPLINE_CURVE_WITH_KNOTS('',1,(#3339,#3340),.UNSPECIFIED.,.F.,
  .F.,(2,2),(-8.9725,-2.3425),.PIECEWISE_BEZIER_KNOTS.);
#3339 = CARTESIAN_POINT('',(13.25,-11.315));
#3340 = CARTESIAN_POINT('',(13.25,-4.685));
#3341 = ( GEOMETRIC_REPRESENTATION_CONTEXT(2) 
PARAMETRIC_REPRESENTATION_CONTEXT() REPRESENTATION_CONTEXT('2D SPACE',''
  ) );
#3342 = PCURVE('',#3343,#3348);
#3343 = PLANE('',#3344);
#3344 = AXIS2_PLACEMENT_3D('',#3345,#3346,#3347);
#3345 = CARTESIAN_POINT('',(-34.89408753599,-26.72092505758,13.25));
#3346 = DIRECTION('',(0.,-0.,1.));
#3347 = DIRECTION('',(-0.882947592859,-0.469471562786,0.));
#3348 = DEFINITIONAL_REPRESENTATION('',(#3349),#3352);
#3349 = B_SPLINE_CURVE_WITH_KNOTS('',1,(#3350,#3351),.UNSPECIFIED.,.F.,
  .F.,(2,2),(-8.9725,-2.3425),.PIECEWISE_BEZIER_KNOTS.);
#3350 = CARTESIAN_POINT('',(7.25,6.63));
#3351 = CARTESIAN_POINT('',(7.25,0.));
#3352 = ( GEOMETRIC_REPRESENTATION_CONTEXT(2) 
PARAMETRIC_REPRESENTATION_CONTEXT() REPRESENTATION_CONTEXT('2D SPACE',''
  ) );
#3353 = ORIENTED_EDGE('',*,*,#3354,.F.);
#3354 = EDGE_CURVE('',#3275,#3329,#3355,.T.);
#3355 = SURFACE_CURVE('',#3356,(#3360,#3366),.PCURVE_S1.);
#3356 = LINE('',#3357,#3358);
#3357 = CARTESIAN_POINT('',(-38.18286112294,-35.97853642843,2.375));
#3358 = VECTOR('',#3359,1.);
#3359 = DIRECTION('',(0.,0.,1.));
#3360 = PCURVE('',#965,#3361);
#3361 = DEFINITIONAL_REPRESENTATION('',(#3362),#3365);
#3362 = B_SPLINE_CURVE_WITH_KNOTS('',1,(#3363,#3364),.UNSPECIFIED.,.F.,
  .F.,(2,2),(2.375,10.875),.PIECEWISE_BEZIER_KNOTS.);
#3363 = CARTESIAN_POINT('',(4.75,-11.315));
#3364 = CARTESIAN_POINT('',(13.25,-11.315));
#3365 = ( GEOMETRIC_REPRESENTATION_CONTEXT(2) 
PARAMETRIC_REPRESENTATION_CONTEXT() REPRESENTATION_CONTEXT('2D SPACE',''
  ) );
#3366 = PCURVE('',#3367,#3372);
#3367 = PLANE('',#3368);
#3368 = AXIS2_PLACEMENT_3D('',#3369,#3370,#3371);
#3369 = CARTESIAN_POINT('',(-31.78149107472,-32.57486759823,4.75));
#3370 = DIRECTION('',(0.469471562786,-0.882947592859,0.));
#3371 = DIRECTION('',(0.,-0.,1.));
#3372 = DEFINITIONAL_REPRESENTATION('',(#3373),#3376);
#3373 = B_SPLINE_CURVE_WITH_KNOTS('',1,(#3374,#3375),.UNSPECIFIED.,.F.,
  .F.,(2,2),(2.375,10.875),.PIECEWISE_BEZIER_KNOTS.);
#3374 = CARTESIAN_POINT('',(0.,7.25));
#3375 = CARTESIAN_POINT('',(8.5,7.25));
#3376 = ( GEOMETRIC_REPRESENTATION_CONTEXT(2) 
PARAMETRIC_REPRESENTATION_CONTEXT() REPRESENTATION_CONTEXT('2D SPACE',''
  ) );
#3377 = ADVANCED_FACE('',(#3378),#1596,.T.);
#3378 = FACE_BOUND('',#3379,.T.);
#3379 = EDGE_LOOP('',(#3380,#3403,#3431,#3452));
#3380 = ORIENTED_EDGE('',*,*,#3381,.F.);
#3381 = EDGE_CURVE('',#3382,#1580,#3384,.T.);
#3382 = VERTEX_POINT('',#3383);
#3383 = CARTESIAN_POINT('',(-17.8,-19.76,12.5));
#3384 = SURFACE_CURVE('',#3385,(#3389,#3396),.PCURVE_S1.);
#3385 = LINE('',#3386,#3387);
#3386 = CARTESIAN_POINT('',(-17.8,-19.76,12.5));
#3387 = VECTOR('',#3388,1.);
#3388 = DIRECTION('',(0.,0.,1.));
#3389 = PCURVE('',#1596,#3390);
#3390 = DEFINITIONAL_REPRESENTATION('',(#3391),#3395);
#3391 = LINE('',#3392,#3393);
#3392 = CARTESIAN_POINT('',(0.,4.4));
#3393 = VECTOR('',#3394,1.);
#3394 = DIRECTION('',(1.,0.));
#3395 = ( GEOMETRIC_REPRESENTATION_CONTEXT(2) 
PARAMETRIC_REPRESENTATION_CONTEXT() REPRESENTATION_CONTEXT('2D SPACE',''
  ) );
#3396 = PCURVE('',#1672,#3397);
#3397 = DEFINITIONAL_REPRESENTATION('',(#3398),#3402);
#3398 = LINE('',#3399,#3400);
#3399 = CARTESIAN_POINT('',(0.,0.));
#3400 = VECTOR('',#3401,1.);
#3401 = DIRECTION('',(1.,0.));
#3402 = ( GEOMETRIC_REPRESENTATION_CONTEXT(2) 
PARAMETRIC_REPRESENTATION_CONTEXT() REPRESENTATION_CONTEXT('2D SPACE',''
  ) );
#3403 = ORIENTED_EDGE('',*,*,#3404,.F.);
#3404 = EDGE_CURVE('',#3405,#3382,#3407,.T.);
#3405 = VERTEX_POINT('',#3406);
#3406 = CARTESIAN_POINT('',(-22.2,-19.76,12.5));
#3407 = SURFACE_CURVE('',#3408,(#3412,#3419),.PCURVE_S1.);
#3408 = LINE('',#3409,#3410);
#3409 = CARTESIAN_POINT('',(-22.2,-19.76,12.5));
#3410 = VECTOR('',#3411,1.);
#3411 = DIRECTION('',(1.,0.,-0.));
#3412 = PCURVE('',#1596,#3413);
#3413 = DEFINITIONAL_REPRESENTATION('',(#3414),#3418);
#3414 = LINE('',#3415,#3416);
#3415 = CARTESIAN_POINT('',(0.,0.));
#3416 = VECTOR('',#3417,1.);
#3417 = DIRECTION('',(0.,1.));
#3418 = ( GEOMETRIC_REPRESENTATION_CONTEXT(2) 
PARAMETRIC_REPRESENTATION_CONTEXT() REPRESENTATION_CONTEXT('2D SPACE',''
  ) );
#3419 = PCURVE('',#3420,#3425);
#3420 = PLANE('',#3421);
#3421 = AXIS2_PLACEMENT_3D('',#3422,#3423,#3424);
#3422 = CARTESIAN_POINT('',(-22.2,-19.76,12.5));
#3423 = DIRECTION('',(0.,0.,1.));
#3424 = DIRECTION('',(1.,0.,-0.));
#3425 = DEFINITIONAL_REPRESENTATION('',(#3426),#3430);
#3426 = LINE('',#3427,#3428);
#3427 = CARTESIAN_POINT('',(0.,0.));
#3428 = VECTOR('',#3429,1.);
#3429 = DIRECTION('',(1.,0.));
#3430 = ( GEOMETRIC_REPRESENTATION_CONTEXT(2) 
PARAMETRIC_REPRESENTATION_CONTEXT() REPRESENTATION_CONTEXT('2D SPACE',''
  ) );
#3431 = ORIENTED_EDGE('',*,*,#3432,.T.);
#3432 = EDGE_CURVE('',#3405,#1582,#3433,.T.);
#3433 = SURFACE_CURVE('',#3434,(#3438,#3445),.PCURVE_S1.);
#3434 = LINE('',#3435,#3436);
#3435 = CARTESIAN_POINT('',(-22.2,-19.76,12.5));
#3436 = VECTOR('',#3437,1.);
#3437 = DIRECTION('',(0.,0.,1.));
#3438 = PCURVE('',#1596,#3439);
#3439 = DEFINITIONAL_REPRESENTATION('',(#3440),#3444);
#3440 = LINE('',#3441,#3442);
#3441 = CARTESIAN_POINT('',(0.,0.));
#3442 = VECTOR('',#3443,1.);
#3443 = DIRECTION('',(1.,0.));
#3444 = ( GEOMETRIC_REPRESENTATION_CONTEXT(2) 
PARAMETRIC_REPRESENTATION_CONTEXT() REPRESENTATION_CONTEXT('2D SPACE',''
  ) );
#3445 = PCURVE('',#1622,#3446);
#3446 = DEFINITIONAL_REPRESENTATION('',(#3447),#3451);
#3447 = LINE('',#3448,#3449);
#3448 = CARTESIAN_POINT('',(0.,0.));
#3449 = VECTOR('',#3450,1.);
#3450 = DIRECTION('',(1.,0.));
#3451 = ( GEOMETRIC_REPRESENTATION_CONTEXT(2) 
PARAMETRIC_REPRESENTATION_CONTEXT() REPRESENTATION_CONTEXT('2D SPACE',''
  ) );
#3452 = ORIENTED_EDGE('',*,*,#1579,.F.);
#3453 = ADVANCED_FACE('',(#3454),#1672,.F.);
#3454 = FACE_BOUND('',#3455,.F.);
#3455 = EDGE_LOOP('',(#3456,#3457,#3480,#3501));
#3456 = ORIENTED_EDGE('',*,*,#3381,.F.);
#3457 = ORIENTED_EDGE('',*,*,#3458,.T.);
#3458 = EDGE_CURVE('',#3382,#3459,#3461,.T.);
#3459 = VERTEX_POINT('',#3460);
#3460 = CARTESIAN_POINT('',(-17.8,-15.36,12.5));
#3461 = SURFACE_CURVE('',#3462,(#3466,#3473),.PCURVE_S1.);
#3462 = LINE('',#3463,#3464);
#3463 = CARTESIAN_POINT('',(-17.8,-19.76,12.5));
#3464 = VECTOR('',#3465,1.);
#3465 = DIRECTION('',(-0.,1.,0.));
#3466 = PCURVE('',#1672,#3467);
#3467 = DEFINITIONAL_REPRESENTATION('',(#3468),#3472);
#3468 = LINE('',#3469,#3470);
#3469 = CARTESIAN_POINT('',(0.,0.));
#3470 = VECTOR('',#3471,1.);
#3471 = DIRECTION('',(0.,-1.));
#3472 = ( GEOMETRIC_REPRESENTATION_CONTEXT(2) 
PARAMETRIC_REPRESENTATION_CONTEXT() REPRESENTATION_CONTEXT('2D SPACE',''
  ) );
#3473 = PCURVE('',#3420,#3474);
#3474 = DEFINITIONAL_REPRESENTATION('',(#3475),#3479);
#3475 = LINE('',#3476,#3477);
#3476 = CARTESIAN_POINT('',(4.4,0.));
#3477 = VECTOR('',#3478,1.);
#3478 = DIRECTION('',(0.,1.));
#3479 = ( GEOMETRIC_REPRESENTATION_CONTEXT(2) 
PARAMETRIC_REPRESENTATION_CONTEXT() REPRESENTATION_CONTEXT('2D SPACE',''
  ) );
#3480 = ORIENTED_EDGE('',*,*,#3481,.T.);
#3481 = EDGE_CURVE('',#3459,#1634,#3482,.T.);
#3482 = SURFACE_CURVE('',#3483,(#3487,#3494),.PCURVE_S1.);
#3483 = LINE('',#3484,#3485);
#3484 = CARTESIAN_POINT('',(-17.8,-15.36,12.5));
#3485 = VECTOR('',#3486,1.);
#3486 = DIRECTION('',(0.,0.,1.));
#3487 = PCURVE('',#1672,#3488);
#3488 = DEFINITIONAL_REPRESENTATION('',(#3489),#3493);
#3489 = LINE('',#3490,#3491);
#3490 = CARTESIAN_POINT('',(0.,-4.4));
#3491 = VECTOR('',#3492,1.);
#3492 = DIRECTION('',(1.,0.));
#3493 = ( GEOMETRIC_REPRESENTATION_CONTEXT(2) 
PARAMETRIC_REPRESENTATION_CONTEXT() REPRESENTATION_CONTEXT('2D SPACE',''
  ) );
#3494 = PCURVE('',#1648,#3495);
#3495 = DEFINITIONAL_REPRESENTATION('',(#3496),#3500);
#3496 = LINE('',#3497,#3498);
#3497 = CARTESIAN_POINT('',(0.,4.4));
#3498 = VECTOR('',#3499,1.);
#3499 = DIRECTION('',(1.,0.));
#3500 = ( GEOMETRIC_REPRESENTATION_CONTEXT(2) 
PARAMETRIC_REPRESENTATION_CONTEXT() REPRESENTATION_CONTEXT('2D SPACE',''
  ) );
#3501 = ORIENTED_EDGE('',*,*,#1659,.F.);
#3502 = ADVANCED_FACE('',(#3503),#1622,.T.);
#3503 = FACE_BOUND('',#3504,.T.);
#3504 = EDGE_LOOP('',(#3505,#3506,#3529,#3550));
#3505 = ORIENTED_EDGE('',*,*,#3432,.F.);
#3506 = ORIENTED_EDGE('',*,*,#3507,.T.);
#3507 = EDGE_CURVE('',#3405,#3508,#3510,.T.);
#3508 = VERTEX_POINT('',#3509);
#3509 = CARTESIAN_POINT('',(-22.2,-15.36,12.5));
#3510 = SURFACE_CURVE('',#3511,(#3515,#3522),.PCURVE_S1.);
#3511 = LINE('',#3512,#3513);
#3512 = CARTESIAN_POINT('',(-22.2,-19.76,12.5));
#3513 = VECTOR('',#3514,1.);
#3514 = DIRECTION('',(-0.,1.,0.));
#3515 = PCURVE('',#1622,#3516);
#3516 = DEFINITIONAL_REPRESENTATION('',(#3517),#3521);
#3517 = LINE('',#3518,#3519);
#3518 = CARTESIAN_POINT('',(0.,0.));
#3519 = VECTOR('',#3520,1.);
#3520 = DIRECTION('',(0.,-1.));
#3521 = ( GEOMETRIC_REPRESENTATION_CONTEXT(2) 
PARAMETRIC_REPRESENTATION_CONTEXT() REPRESENTATION_CONTEXT('2D SPACE',''
  ) );
#3522 = PCURVE('',#3420,#3523);
#3523 = DEFINITIONAL_REPRESENTATION('',(#3524),#3528);
#3524 = LINE('',#3525,#3526);
#3525 = CARTESIAN_POINT('',(0.,0.));
#3526 = VECTOR('',#3527,1.);
#3527 = DIRECTION('',(0.,1.));
#3528 = ( GEOMETRIC_REPRESENTATION_CONTEXT(2) 
PARAMETRIC_REPRESENTATION_CONTEXT() REPRESENTATION_CONTEXT('2D SPACE',''
  ) );
#3529 = ORIENTED_EDGE('',*,*,#3530,.T.);
#3530 = EDGE_CURVE('',#3508,#1608,#3531,.T.);
#3531 = SURFACE_CURVE('',#3532,(#3536,#3543),.PCURVE_S1.);
#3532 = LINE('',#3533,#3534);
#3533 = CARTESIAN_POINT('',(-22.2,-15.36,12.5));
#3534 = VECTOR('',#3535,1.);
#3535 = DIRECTION('',(0.,0.,1.));
#3536 = PCURVE('',#1622,#3537);
#3537 = DEFINITIONAL_REPRESENTATION('',(#3538),#3542);
#3538 = LINE('',#3539,#3540);
#3539 = CARTESIAN_POINT('',(0.,-4.4));
#3540 = VECTOR('',#3541,1.);
#3541 = DIRECTION('',(1.,0.));
#3542 = ( GEOMETRIC_REPRESENTATION_CONTEXT(2) 
PARAMETRIC_REPRESENTATION_CONTEXT() REPRESENTATION_CONTEXT('2D SPACE',''
  ) );
#3543 = PCURVE('',#1648,#3544);
#3544 = DEFINITIONAL_REPRESENTATION('',(#3545),#3549);
#3545 = LINE('',#3546,#3547);
#3546 = CARTESIAN_POINT('',(0.,0.));
#3547 = VECTOR('',#3548,1.);
#3548 = DIRECTION('',(1.,0.));
#3549 = ( GEOMETRIC_REPRESENTATION_CONTEXT(2) 
PARAMETRIC_REPRESENTATION_CONTEXT() REPRESENTATION_CONTEXT('2D SPACE',''
  ) );
#3550 = ORIENTED_EDGE('',*,*,#1607,.F.);
#3551 = ADVANCED_FACE('',(#3552),#1648,.F.);
#3552 = FACE_BOUND('',#3553,.F.);
#3553 = EDGE_LOOP('',(#3554,#3555,#3576,#3577));
#3554 = ORIENTED_EDGE('',*,*,#3481,.F.);
#3555 = ORIENTED_EDGE('',*,*,#3556,.F.);
#3556 = EDGE_CURVE('',#3508,#3459,#3557,.T.);
#3557 = SURFACE_CURVE('',#3558,(#3562,#3569),.PCURVE_S1.);
#3558 = LINE('',#3559,#3560);
#3559 = CARTESIAN_POINT('',(-22.2,-15.36,12.5));
#3560 = VECTOR('',#3561,1.);
#3561 = DIRECTION('',(1.,0.,-0.));
#3562 = PCURVE('',#1648,#3563);
#3563 = DEFINITIONAL_REPRESENTATION('',(#3564),#3568);
#3564 = LINE('',#3565,#3566);
#3565 = CARTESIAN_POINT('',(0.,0.));
#3566 = VECTOR('',#3567,1.);
#3567 = DIRECTION('',(0.,1.));
#3568 = ( GEOMETRIC_REPRESENTATION_CONTEXT(2) 
PARAMETRIC_REPRESENTATION_CONTEXT() REPRESENTATION_CONTEXT('2D SPACE',''
  ) );
#3569 = PCURVE('',#3420,#3570);
#3570 = DEFINITIONAL_REPRESENTATION('',(#3571),#3575);
#3571 = LINE('',#3572,#3573);
#3572 = CARTESIAN_POINT('',(0.,4.4));
#3573 = VECTOR('',#3574,1.);
#3574 = DIRECTION('',(1.,0.));
#3575 = ( GEOMETRIC_REPRESENTATION_CONTEXT(2) 
PARAMETRIC_REPRESENTATION_CONTEXT() REPRESENTATION_CONTEXT('2D SPACE',''
  ) );
#3576 = ORIENTED_EDGE('',*,*,#3530,.T.);
#3577 = ORIENTED_EDGE('',*,*,#1633,.F.);
#3578 = ADVANCED_FACE('',(#3579),#1702,.T.);
#3579 = FACE_BOUND('',#3580,.T.);
#3580 = EDGE_LOOP('',(#3581,#3604,#3632,#3653));
#3581 = ORIENTED_EDGE('',*,*,#3582,.F.);
#3582 = EDGE_CURVE('',#3583,#1686,#3585,.T.);
#3583 = VERTEX_POINT('',#3584);
#3584 = CARTESIAN_POINT('',(5.25,-8.25,11.));
#3585 = SURFACE_CURVE('',#3586,(#3590,#3597),.PCURVE_S1.);
#3586 = LINE('',#3587,#3588);
#3587 = CARTESIAN_POINT('',(5.25,-8.25,11.));
#3588 = VECTOR('',#3589,1.);
#3589 = DIRECTION('',(0.,0.,1.));
#3590 = PCURVE('',#1702,#3591);
#3591 = DEFINITIONAL_REPRESENTATION('',(#3592),#3596);
#3592 = LINE('',#3593,#3594);
#3593 = CARTESIAN_POINT('',(0.,10.5));
#3594 = VECTOR('',#3595,1.);
#3595 = DIRECTION('',(1.,0.));
#3596 = ( GEOMETRIC_REPRESENTATION_CONTEXT(2) 
PARAMETRIC_REPRESENTATION_CONTEXT() REPRESENTATION_CONTEXT('2D SPACE',''
  ) );
#3597 = PCURVE('',#1778,#3598);
#3598 = DEFINITIONAL_REPRESENTATION('',(#3599),#3603);
#3599 = LINE('',#3600,#3601);
#3600 = CARTESIAN_POINT('',(0.,0.));
#3601 = VECTOR('',#3602,1.);
#3602 = DIRECTION('',(1.,0.));
#3603 = ( GEOMETRIC_REPRESENTATION_CONTEXT(2) 
PARAMETRIC_REPRESENTATION_CONTEXT() REPRESENTATION_CONTEXT('2D SPACE',''
  ) );
#3604 = ORIENTED_EDGE('',*,*,#3605,.F.);
#3605 = EDGE_CURVE('',#3606,#3583,#3608,.T.);
#3606 = VERTEX_POINT('',#3607);
#3607 = CARTESIAN_POINT('',(-5.25,-8.25,11.));
#3608 = SURFACE_CURVE('',#3609,(#3613,#3620),.PCURVE_S1.);
#3609 = LINE('',#3610,#3611);
#3610 = CARTESIAN_POINT('',(-5.25,-8.25,11.));
#3611 = VECTOR('',#3612,1.);
#3612 = DIRECTION('',(1.,0.,-0.));
#3613 = PCURVE('',#1702,#3614);
#3614 = DEFINITIONAL_REPRESENTATION('',(#3615),#3619);
#3615 = LINE('',#3616,#3617);
#3616 = CARTESIAN_POINT('',(0.,0.));
#3617 = VECTOR('',#3618,1.);
#3618 = DIRECTION('',(0.,1.));
#3619 = ( GEOMETRIC_REPRESENTATION_CONTEXT(2) 
PARAMETRIC_REPRESENTATION_CONTEXT() REPRESENTATION_CONTEXT('2D SPACE',''
  ) );
#3620 = PCURVE('',#3621,#3626);
#3621 = PLANE('',#3622);
#3622 = AXIS2_PLACEMENT_3D('',#3623,#3624,#3625);
#3623 = CARTESIAN_POINT('',(-5.25,-8.25,11.));
#3624 = DIRECTION('',(0.,0.,1.));
#3625 = DIRECTION('',(1.,0.,-0.));
#3626 = DEFINITIONAL_REPRESENTATION('',(#3627),#3631);
#3627 = LINE('',#3628,#3629);
#3628 = CARTESIAN_POINT('',(0.,0.));
#3629 = VECTOR('',#3630,1.);
#3630 = DIRECTION('',(1.,0.));
#3631 = ( GEOMETRIC_REPRESENTATION_CONTEXT(2) 
PARAMETRIC_REPRESENTATION_CONTEXT() REPRESENTATION_CONTEXT('2D SPACE',''
  ) );
#3632 = ORIENTED_EDGE('',*,*,#3633,.T.);
#3633 = EDGE_CURVE('',#3606,#1688,#3634,.T.);
#3634 = SURFACE_CURVE('',#3635,(#3639,#3646),.PCURVE_S1.);
#3635 = LINE('',#3636,#3637);
#3636 = CARTESIAN_POINT('',(-5.25,-8.25,11.));
#3637 = VECTOR('',#3638,1.);
#3638 = DIRECTION('',(0.,0.,1.));
#3639 = PCURVE('',#1702,#3640);
#3640 = DEFINITIONAL_REPRESENTATION('',(#3641),#3645);
#3641 = LINE('',#3642,#3643);
#3642 = CARTESIAN_POINT('',(0.,0.));
#3643 = VECTOR('',#3644,1.);
#3644 = DIRECTION('',(1.,0.));
#3645 = ( GEOMETRIC_REPRESENTATION_CONTEXT(2) 
PARAMETRIC_REPRESENTATION_CONTEXT() REPRESENTATION_CONTEXT('2D SPACE',''
  ) );
#3646 = PCURVE('',#1728,#3647);
#3647 = DEFINITIONAL_REPRESENTATION('',(#3648),#3652);
#3648 = LINE('',#3649,#3650);
#3649 = CARTESIAN_POINT('',(0.,0.));
#3650 = VECTOR('',#3651,1.);
#3651 = DIRECTION('',(1.,0.));
#3652 = ( GEOMETRIC_REPRESENTATION_CONTEXT(2) 
PARAMETRIC_REPRESENTATION_CONTEXT() REPRESENTATION_CONTEXT('2D SPACE',''
  ) );
#3653 = ORIENTED_EDGE('',*,*,#1685,.F.);
#3654 = ADVANCED_FACE('',(#3655),#1778,.F.);
#3655 = FACE_BOUND('',#3656,.F.);
#3656 = EDGE_LOOP('',(#3657,#3658,#3681,#3702));
#3657 = ORIENTED_EDGE('',*,*,#3582,.F.);
#3658 = ORIENTED_EDGE('',*,*,#3659,.T.);
#3659 = EDGE_CURVE('',#3583,#3660,#3662,.T.);
#3660 = VERTEX_POINT('',#3661);
#3661 = CARTESIAN_POINT('',(5.25,0.25,11.));
#3662 = SURFACE_CURVE('',#3663,(#3667,#3674),.PCURVE_S1.);
#3663 = LINE('',#3664,#3665);
#3664 = CARTESIAN_POINT('',(5.25,-8.25,11.));
#3665 = VECTOR('',#3666,1.);
#3666 = DIRECTION('',(-0.,1.,0.));
#3667 = PCURVE('',#1778,#3668);
#3668 = DEFINITIONAL_REPRESENTATION('',(#3669),#3673);
#3669 = LINE('',#3670,#3671);
#3670 = CARTESIAN_POINT('',(0.,0.));
#3671 = VECTOR('',#3672,1.);
#3672 = DIRECTION('',(0.,-1.));
#3673 = ( GEOMETRIC_REPRESENTATION_CONTEXT(2) 
PARAMETRIC_REPRESENTATION_CONTEXT() REPRESENTATION_CONTEXT('2D SPACE',''
  ) );
#3674 = PCURVE('',#3621,#3675);
#3675 = DEFINITIONAL_REPRESENTATION('',(#3676),#3680);
#3676 = LINE('',#3677,#3678);
#3677 = CARTESIAN_POINT('',(10.5,0.));
#3678 = VECTOR('',#3679,1.);
#3679 = DIRECTION('',(0.,1.));
#3680 = ( GEOMETRIC_REPRESENTATION_CONTEXT(2) 
PARAMETRIC_REPRESENTATION_CONTEXT() REPRESENTATION_CONTEXT('2D SPACE',''
  ) );
#3681 = ORIENTED_EDGE('',*,*,#3682,.T.);
#3682 = EDGE_CURVE('',#3660,#1740,#3683,.T.);
#3683 = SURFACE_CURVE('',#3684,(#3688,#3695),.PCURVE_S1.);
#3684 = LINE('',#3685,#3686);
#3685 = CARTESIAN_POINT('',(5.25,0.25,11.));
#3686 = VECTOR('',#3687,1.);
#3687 = DIRECTION('',(0.,0.,1.));
#3688 = PCURVE('',#1778,#3689);
#3689 = DEFINITIONAL_REPRESENTATION('',(#3690),#3694);
#3690 = LINE('',#3691,#3692);
#3691 = CARTESIAN_POINT('',(0.,-8.5));
#3692 = VECTOR('',#3693,1.);
#3693 = DIRECTION('',(1.,0.));
#3694 = ( GEOMETRIC_REPRESENTATION_CONTEXT(2) 
PARAMETRIC_REPRESENTATION_CONTEXT() REPRESENTATION_CONTEXT('2D SPACE',''
  ) );
#3695 = PCURVE('',#1754,#3696);
#3696 = DEFINITIONAL_REPRESENTATION('',(#3697),#3701);
#3697 = LINE('',#3698,#3699);
#3698 = CARTESIAN_POINT('',(0.,10.5));
#3699 = VECTOR('',#3700,1.);
#3700 = DIRECTION('',(1.,0.));
#3701 = ( GEOMETRIC_REPRESENTATION_CONTEXT(2) 
PARAMETRIC_REPRESENTATION_CONTEXT() REPRESENTATION_CONTEXT('2D SPACE',''
  ) );
#3702 = ORIENTED_EDGE('',*,*,#1765,.F.);
#3703 = ADVANCED_FACE('',(#3704),#1754,.F.);
#3704 = FACE_BOUND('',#3705,.F.);
#3705 = EDGE_LOOP('',(#3706,#3707,#3730,#3751));
#3706 = ORIENTED_EDGE('',*,*,#3682,.F.);
#3707 = ORIENTED_EDGE('',*,*,#3708,.F.);
#3708 = EDGE_CURVE('',#3709,#3660,#3711,.T.);
#3709 = VERTEX_POINT('',#3710);
#3710 = CARTESIAN_POINT('',(-5.25,0.25,11.));
#3711 = SURFACE_CURVE('',#3712,(#3716,#3723),.PCURVE_S1.);
#3712 = LINE('',#3713,#3714);
#3713 = CARTESIAN_POINT('',(-5.25,0.25,11.));
#3714 = VECTOR('',#3715,1.);
#3715 = DIRECTION('',(1.,0.,-0.));
#3716 = PCURVE('',#1754,#3717);
#3717 = DEFINITIONAL_REPRESENTATION('',(#3718),#3722);
#3718 = LINE('',#3719,#3720);
#3719 = CARTESIAN_POINT('',(0.,0.));
#3720 = VECTOR('',#3721,1.);
#3721 = DIRECTION('',(0.,1.));
#3722 = ( GEOMETRIC_REPRESENTATION_CONTEXT(2) 
PARAMETRIC_REPRESENTATION_CONTEXT() REPRESENTATION_CONTEXT('2D SPACE',''
  ) );
#3723 = PCURVE('',#3621,#3724);
#3724 = DEFINITIONAL_REPRESENTATION('',(#3725),#3729);
#3725 = LINE('',#3726,#3727);
#3726 = CARTESIAN_POINT('',(0.,8.5));
#3727 = VECTOR('',#3728,1.);
#3728 = DIRECTION('',(1.,0.));
#3729 = ( GEOMETRIC_REPRESENTATION_CONTEXT(2) 
PARAMETRIC_REPRESENTATION_CONTEXT() REPRESENTATION_CONTEXT('2D SPACE',''
  ) );
#3730 = ORIENTED_EDGE('',*,*,#3731,.T.);
#3731 = EDGE_CURVE('',#3709,#1714,#3732,.T.);
#3732 = SURFACE_CURVE('',#3733,(#3737,#3744),.PCURVE_S1.);
#3733 = LINE('',#3734,#3735);
#3734 = CARTESIAN_POINT('',(-5.25,0.25,11.));
#3735 = VECTOR('',#3736,1.);
#3736 = DIRECTION('',(0.,0.,1.));
#3737 = PCURVE('',#1754,#3738);
#3738 = DEFINITIONAL_REPRESENTATION('',(#3739),#3743);
#3739 = LINE('',#3740,#3741);
#3740 = CARTESIAN_POINT('',(0.,0.));
#3741 = VECTOR('',#3742,1.);
#3742 = DIRECTION('',(1.,0.));
#3743 = ( GEOMETRIC_REPRESENTATION_CONTEXT(2) 
PARAMETRIC_REPRESENTATION_CONTEXT() REPRESENTATION_CONTEXT('2D SPACE',''
  ) );
#3744 = PCURVE('',#1728,#3745);
#3745 = DEFINITIONAL_REPRESENTATION('',(#3746),#3750);
#3746 = LINE('',#3747,#3748);
#3747 = CARTESIAN_POINT('',(0.,-8.5));
#3748 = VECTOR('',#3749,1.);
#3749 = DIRECTION('',(1.,0.));
#3750 = ( GEOMETRIC_REPRESENTATION_CONTEXT(2) 
PARAMETRIC_REPRESENTATION_CONTEXT() REPRESENTATION_CONTEXT('2D SPACE',''
  ) );
#3751 = ORIENTED_EDGE('',*,*,#1739,.F.);
#3752 = ADVANCED_FACE('',(#3753),#1728,.T.);
#3753 = FACE_BOUND('',#3754,.T.);
#3754 = EDGE_LOOP('',(#3755,#3756,#3777,#3778));
#3755 = ORIENTED_EDGE('',*,*,#3633,.F.);
#3756 = ORIENTED_EDGE('',*,*,#3757,.T.);
#3757 = EDGE_CURVE('',#3606,#3709,#3758,.T.);
#3758 = SURFACE_CURVE('',#3759,(#3763,#3770),.PCURVE_S1.);
#3759 = LINE('',#3760,#3761);
#3760 = CARTESIAN_POINT('',(-5.25,-8.25,11.));
#3761 = VECTOR('',#3762,1.);
#3762 = DIRECTION('',(-0.,1.,0.));
#3763 = PCURVE('',#1728,#3764);
#3764 = DEFINITIONAL_REPRESENTATION('',(#3765),#3769);
#3765 = LINE('',#3766,#3767);
#3766 = CARTESIAN_POINT('',(0.,0.));
#3767 = VECTOR('',#3768,1.);
#3768 = DIRECTION('',(0.,-1.));
#3769 = ( GEOMETRIC_REPRESENTATION_CONTEXT(2) 
PARAMETRIC_REPRESENTATION_CONTEXT() REPRESENTATION_CONTEXT('2D SPACE',''
  ) );
#3770 = PCURVE('',#3621,#3771);
#3771 = DEFINITIONAL_REPRESENTATION('',(#3772),#3776);
#3772 = LINE('',#3773,#3774);
#3773 = CARTESIAN_POINT('',(0.,0.));
#3774 = VECTOR('',#3775,1.);
#3775 = DIRECTION('',(0.,1.));
#3776 = ( GEOMETRIC_REPRESENTATION_CONTEXT(2) 
PARAMETRIC_REPRESENTATION_CONTEXT() REPRESENTATION_CONTEXT('2D SPACE',''
  ) );
#3777 = ORIENTED_EDGE('',*,*,#3731,.T.);
#3778 = ORIENTED_EDGE('',*,*,#1713,.F.);
#3779 = ADVANCED_FACE('',(#3780),#1808,.T.);
#3780 = FACE_BOUND('',#3781,.T.);
#3781 = EDGE_LOOP('',(#3782,#3805,#3833,#3854));
#3782 = ORIENTED_EDGE('',*,*,#3783,.F.);
#3783 = EDGE_CURVE('',#3784,#1792,#3786,.T.);
#3784 = VERTEX_POINT('',#3785);
#3785 = CARTESIAN_POINT('',(22.2,-19.76,12.5));
#3786 = SURFACE_CURVE('',#3787,(#3791,#3798),.PCURVE_S1.);
#3787 = LINE('',#3788,#3789);
#3788 = CARTESIAN_POINT('',(22.2,-19.76,12.5));
#3789 = VECTOR('',#3790,1.);
#3790 = DIRECTION('',(0.,0.,1.));
#3791 = PCURVE('',#1808,#3792);
#3792 = DEFINITIONAL_REPRESENTATION('',(#3793),#3797);
#3793 = LINE('',#3794,#3795);
#3794 = CARTESIAN_POINT('',(0.,4.4));
#3795 = VECTOR('',#3796,1.);
#3796 = DIRECTION('',(1.,0.));
#3797 = ( GEOMETRIC_REPRESENTATION_CONTEXT(2) 
PARAMETRIC_REPRESENTATION_CONTEXT() REPRESENTATION_CONTEXT('2D SPACE',''
  ) );
#3798 = PCURVE('',#1884,#3799);
#3799 = DEFINITIONAL_REPRESENTATION('',(#3800),#3804);
#3800 = LINE('',#3801,#3802);
#3801 = CARTESIAN_POINT('',(0.,0.));
#3802 = VECTOR('',#3803,1.);
#3803 = DIRECTION('',(1.,0.));
#3804 = ( GEOMETRIC_REPRESENTATION_CONTEXT(2) 
PARAMETRIC_REPRESENTATION_CONTEXT() REPRESENTATION_CONTEXT('2D SPACE',''
  ) );
#3805 = ORIENTED_EDGE('',*,*,#3806,.F.);
#3806 = EDGE_CURVE('',#3807,#3784,#3809,.T.);
#3807 = VERTEX_POINT('',#3808);
#3808 = CARTESIAN_POINT('',(17.8,-19.76,12.5));
#3809 = SURFACE_CURVE('',#3810,(#3814,#3821),.PCURVE_S1.);
#3810 = LINE('',#3811,#3812);
#3811 = CARTESIAN_POINT('',(17.8,-19.76,12.5));
#3812 = VECTOR('',#3813,1.);
#3813 = DIRECTION('',(1.,0.,-0.));
#3814 = PCURVE('',#1808,#3815);
#3815 = DEFINITIONAL_REPRESENTATION('',(#3816),#3820);
#3816 = LINE('',#3817,#3818);
#3817 = CARTESIAN_POINT('',(0.,0.));
#3818 = VECTOR('',#3819,1.);
#3819 = DIRECTION('',(0.,1.));
#3820 = ( GEOMETRIC_REPRESENTATION_CONTEXT(2) 
PARAMETRIC_REPRESENTATION_CONTEXT() REPRESENTATION_CONTEXT('2D SPACE',''
  ) );
#3821 = PCURVE('',#3822,#3827);
#3822 = PLANE('',#3823);
#3823 = AXIS2_PLACEMENT_3D('',#3824,#3825,#3826);
#3824 = CARTESIAN_POINT('',(17.8,-19.76,12.5));
#3825 = DIRECTION('',(0.,0.,1.));
#3826 = DIRECTION('',(1.,0.,-0.));
#3827 = DEFINITIONAL_REPRESENTATION('',(#3828),#3832);
#3828 = LINE('',#3829,#3830);
#3829 = CARTESIAN_POINT('',(0.,0.));
#3830 = VECTOR('',#3831,1.);
#3831 = DIRECTION('',(1.,0.));
#3832 = ( GEOMETRIC_REPRESENTATION_CONTEXT(2) 
PARAMETRIC_REPRESENTATION_CONTEXT() REPRESENTATION_CONTEXT('2D SPACE',''
  ) );
#3833 = ORIENTED_EDGE('',*,*,#3834,.T.);
#3834 = EDGE_CURVE('',#3807,#1794,#3835,.T.);
#3835 = SURFACE_CURVE('',#3836,(#3840,#3847),.PCURVE_S1.);
#3836 = LINE('',#3837,#3838);
#3837 = CARTESIAN_POINT('',(17.8,-19.76,12.5));
#3838 = VECTOR('',#3839,1.);
#3839 = DIRECTION('',(0.,0.,1.));
#3840 = PCURVE('',#1808,#3841);
#3841 = DEFINITIONAL_REPRESENTATION('',(#3842),#3846);
#3842 = LINE('',#3843,#3844);
#3843 = CARTESIAN_POINT('',(0.,0.));
#3844 = VECTOR('',#3845,1.);
#3845 = DIRECTION('',(1.,0.));
#3846 = ( GEOMETRIC_REPRESENTATION_CONTEXT(2) 
PARAMETRIC_REPRESENTATION_CONTEXT() REPRESENTATION_CONTEXT('2D SPACE',''
  ) );
#3847 = PCURVE('',#1834,#3848);
#3848 = DEFINITIONAL_REPRESENTATION('',(#3849),#3853);
#3849 = LINE('',#3850,#3851);
#3850 = CARTESIAN_POINT('',(0.,0.));
#3851 = VECTOR('',#3852,1.);
#3852 = DIRECTION('',(1.,0.));
#3853 = ( GEOMETRIC_REPRESENTATION_CONTEXT(2) 
PARAMETRIC_REPRESENTATION_CONTEXT() REPRESENTATION_CONTEXT('2D SPACE',''
  ) );
#3854 = ORIENTED_EDGE('',*,*,#1791,.F.);
#3855 = ADVANCED_FACE('',(#3856),#1884,.F.);
#3856 = FACE_BOUND('',#3857,.F.);
#3857 = EDGE_LOOP('',(#3858,#3859,#3882,#3903));
#3858 = ORIENTED_EDGE('',*,*,#3783,.F.);
#3859 = ORIENTED_EDGE('',*,*,#3860,.T.);
#3860 = EDGE_CURVE('',#3784,#3861,#3863,.T.);
#3861 = VERTEX_POINT('',#3862);
#3862 = CARTESIAN_POINT('',(22.2,-15.36,12.5));
#3863 = SURFACE_CURVE('',#3864,(#3868,#3875),.PCURVE_S1.);
#3864 = LINE('',#3865,#3866);
#3865 = CARTESIAN_POINT('',(22.2,-19.76,12.5));
#3866 = VECTOR('',#3867,1.);
#3867 = DIRECTION('',(-0.,1.,0.));
#3868 = PCURVE('',#1884,#3869);
#3869 = DEFINITIONAL_REPRESENTATION('',(#3870),#3874);
#3870 = LINE('',#3871,#3872);
#3871 = CARTESIAN_POINT('',(0.,0.));
#3872 = VECTOR('',#3873,1.);
#3873 = DIRECTION('',(0.,-1.));
#3874 = ( GEOMETRIC_REPRESENTATION_CONTEXT(2) 
PARAMETRIC_REPRESENTATION_CONTEXT() REPRESENTATION_CONTEXT('2D SPACE',''
  ) );
#3875 = PCURVE('',#3822,#3876);
#3876 = DEFINITIONAL_REPRESENTATION('',(#3877),#3881);
#3877 = LINE('',#3878,#3879);
#3878 = CARTESIAN_POINT('',(4.4,0.));
#3879 = VECTOR('',#3880,1.);
#3880 = DIRECTION('',(0.,1.));
#3881 = ( GEOMETRIC_REPRESENTATION_CONTEXT(2) 
PARAMETRIC_REPRESENTATION_CONTEXT() REPRESENTATION_CONTEXT('2D SPACE',''
  ) );
#3882 = ORIENTED_EDGE('',*,*,#3883,.T.);
#3883 = EDGE_CURVE('',#3861,#1846,#3884,.T.);
#3884 = SURFACE_CURVE('',#3885,(#3889,#3896),.PCURVE_S1.);
#3885 = LINE('',#3886,#3887);
#3886 = CARTESIAN_POINT('',(22.2,-15.36,12.5));
#3887 = VECTOR('',#3888,1.);
#3888 = DIRECTION('',(0.,0.,1.));
#3889 = PCURVE('',#1884,#3890);
#3890 = DEFINITIONAL_REPRESENTATION('',(#3891),#3895);
#3891 = LINE('',#3892,#3893);
#3892 = CARTESIAN_POINT('',(0.,-4.4));
#3893 = VECTOR('',#3894,1.);
#3894 = DIRECTION('',(1.,0.));
#3895 = ( GEOMETRIC_REPRESENTATION_CONTEXT(2) 
PARAMETRIC_REPRESENTATION_CONTEXT() REPRESENTATION_CONTEXT('2D SPACE',''
  ) );
#3896 = PCURVE('',#1860,#3897);
#3897 = DEFINITIONAL_REPRESENTATION('',(#3898),#3902);
#3898 = LINE('',#3899,#3900);
#3899 = CARTESIAN_POINT('',(0.,4.4));
#3900 = VECTOR('',#3901,1.);
#3901 = DIRECTION('',(1.,0.));
#3902 = ( GEOMETRIC_REPRESENTATION_CONTEXT(2) 
PARAMETRIC_REPRESENTATION_CONTEXT() REPRESENTATION_CONTEXT('2D SPACE',''
  ) );
#3903 = ORIENTED_EDGE('',*,*,#1871,.F.);
#3904 = ADVANCED_FACE('',(#3905),#1834,.T.);
#3905 = FACE_BOUND('',#3906,.T.);
#3906 = EDGE_LOOP('',(#3907,#3908,#3931,#3952));
#3907 = ORIENTED_EDGE('',*,*,#3834,.F.);
#3908 = ORIENTED_EDGE('',*,*,#3909,.T.);
#3909 = EDGE_CURVE('',#3807,#3910,#3912,.T.);
#3910 = VERTEX_POINT('',#3911);
#3911 = CARTESIAN_POINT('',(17.8,-15.36,12.5));
#3912 = SURFACE_CURVE('',#3913,(#3917,#3924),.PCURVE_S1.);
#3913 = LINE('',#3914,#3915);
#3914 = CARTESIAN_POINT('',(17.8,-19.76,12.5));
#3915 = VECTOR('',#3916,1.);
#3916 = DIRECTION('',(-0.,1.,0.));
#3917 = PCURVE('',#1834,#3918);
#3918 = DEFINITIONAL_REPRESENTATION('',(#3919),#3923);
#3919 = LINE('',#3920,#3921);
#3920 = CARTESIAN_POINT('',(0.,0.));
#3921 = VECTOR('',#3922,1.);
#3922 = DIRECTION('',(0.,-1.));
#3923 = ( GEOMETRIC_REPRESENTATION_CONTEXT(2) 
PARAMETRIC_REPRESENTATION_CONTEXT() REPRESENTATION_CONTEXT('2D SPACE',''
  ) );
#3924 = PCURVE('',#3822,#3925);
#3925 = DEFINITIONAL_REPRESENTATION('',(#3926),#3930);
#3926 = LINE('',#3927,#3928);
#3927 = CARTESIAN_POINT('',(0.,0.));
#3928 = VECTOR('',#3929,1.);
#3929 = DIRECTION('',(0.,1.));
#3930 = ( GEOMETRIC_REPRESENTATION_CONTEXT(2) 
PARAMETRIC_REPRESENTATION_CONTEXT() REPRESENTATION_CONTEXT('2D SPACE',''
  ) );
#3931 = ORIENTED_EDGE('',*,*,#3932,.T.);
#3932 = EDGE_CURVE('',#3910,#1820,#3933,.T.);
#3933 = SURFACE_CURVE('',#3934,(#3938,#3945),.PCURVE_S1.);
#3934 = LINE('',#3935,#3936);
#3935 = CARTESIAN_POINT('',(17.8,-15.36,12.5));
#3936 = VECTOR('',#3937,1.);
#3937 = DIRECTION('',(0.,0.,1.));
#3938 = PCURVE('',#1834,#3939);
#3939 = DEFINITIONAL_REPRESENTATION('',(#3940),#3944);
#3940 = LINE('',#3941,#3942);
#3941 = CARTESIAN_POINT('',(0.,-4.4));
#3942 = VECTOR('',#3943,1.);
#3943 = DIRECTION('',(1.,0.));
#3944 = ( GEOMETRIC_REPRESENTATION_CONTEXT(2) 
PARAMETRIC_REPRESENTATION_CONTEXT() REPRESENTATION_CONTEXT('2D SPACE',''
  ) );
#3945 = PCURVE('',#1860,#3946);
#3946 = DEFINITIONAL_REPRESENTATION('',(#3947),#3951);
#3947 = LINE('',#3948,#3949);
#3948 = CARTESIAN_POINT('',(0.,0.));
#3949 = VECTOR('',#3950,1.);
#3950 = DIRECTION('',(1.,0.));
#3951 = ( GEOMETRIC_REPRESENTATION_CONTEXT(2) 
PARAMETRIC_REPRESENTATION_CONTEXT() REPRESENTATION_CONTEXT('2D SPACE',''
  ) );
#3952 = ORIENTED_EDGE('',*,*,#1819,.F.);
#3953 = ADVANCED_FACE('',(#3954),#1860,.F.);
#3954 = FACE_BOUND('',#3955,.F.);
#3955 = EDGE_LOOP('',(#3956,#3957,#3978,#3979));
#3956 = ORIENTED_EDGE('',*,*,#3883,.F.);
#3957 = ORIENTED_EDGE('',*,*,#3958,.F.);
#3958 = EDGE_CURVE('',#3910,#3861,#3959,.T.);
#3959 = SURFACE_CURVE('',#3960,(#3964,#3971),.PCURVE_S1.);
#3960 = LINE('',#3961,#3962);
#3961 = CARTESIAN_POINT('',(17.8,-15.36,12.5));
#3962 = VECTOR('',#3963,1.);
#3963 = DIRECTION('',(1.,0.,-0.));
#3964 = PCURVE('',#1860,#3965);
#3965 = DEFINITIONAL_REPRESENTATION('',(#3966),#3970);
#3966 = LINE('',#3967,#3968);
#3967 = CARTESIAN_POINT('',(0.,0.));
#3968 = VECTOR('',#3969,1.);
#3969 = DIRECTION('',(0.,1.));
#3970 = ( GEOMETRIC_REPRESENTATION_CONTEXT(2) 
PARAMETRIC_REPRESENTATION_CONTEXT() REPRESENTATION_CONTEXT('2D SPACE',''
  ) );
#3971 = PCURVE('',#3822,#3972);
#3972 = DEFINITIONAL_REPRESENTATION('',(#3973),#3977);
#3973 = LINE('',#3974,#3975);
#3974 = CARTESIAN_POINT('',(0.,4.4));
#3975 = VECTOR('',#3976,1.);
#3976 = DIRECTION('',(1.,0.));
#3977 = ( GEOMETRIC_REPRESENTATION_CONTEXT(2) 
PARAMETRIC_REPRESENTATION_CONTEXT() REPRESENTATION_CONTEXT('2D SPACE',''
  ) );
#3978 = ORIENTED_EDGE('',*,*,#3932,.T.);
#3979 = ORIENTED_EDGE('',*,*,#1845,.F.);
#3980 = ADVANCED_FACE('',(#3981),#1914,.T.);
#3981 = FACE_BOUND('',#3982,.T.);
#3982 = EDGE_LOOP('',(#3983,#4006,#4034,#4055));
#3983 = ORIENTED_EDGE('',*,*,#3984,.F.);
#3984 = EDGE_CURVE('',#3985,#1898,#3987,.T.);
#3985 = VERTEX_POINT('',#3986);
#3986 = CARTESIAN_POINT('',(-17.8,21.24,12.5));
#3987 = SURFACE_CURVE('',#3988,(#3992,#3999),.PCURVE_S1.);
#3988 = LINE('',#3989,#3990);
#3989 = CARTESIAN_POINT('',(-17.8,21.24,12.5));
#3990 = VECTOR('',#3991,1.);
#3991 = DIRECTION('',(0.,0.,1.));
#3992 = PCURVE('',#1914,#3993);
#3993 = DEFINITIONAL_REPRESENTATION('',(#3994),#3998);
#3994 = LINE('',#3995,#3996);
#3995 = CARTESIAN_POINT('',(0.,4.4));
#3996 = VECTOR('',#3997,1.);
#3997 = DIRECTION('',(1.,0.));
#3998 = ( GEOMETRIC_REPRESENTATION_CONTEXT(2) 
PARAMETRIC_REPRESENTATION_CONTEXT() REPRESENTATION_CONTEXT('2D SPACE',''
  ) );
#3999 = PCURVE('',#1990,#4000);
#4000 = DEFINITIONAL_REPRESENTATION('',(#4001),#4005);
#4001 = LINE('',#4002,#4003);
#4002 = CARTESIAN_POINT('',(0.,0.));
#4003 = VECTOR('',#4004,1.);
#4004 = DIRECTION('',(1.,0.));
#4005 = ( GEOMETRIC_REPRESENTATION_CONTEXT(2) 
PARAMETRIC_REPRESENTATION_CONTEXT() REPRESENTATION_CONTEXT('2D SPACE',''
  ) );
#4006 = ORIENTED_EDGE('',*,*,#4007,.F.);
#4007 = EDGE_CURVE('',#4008,#3985,#4010,.T.);
#4008 = VERTEX_POINT('',#4009);
#4009 = CARTESIAN_POINT('',(-22.2,21.24,12.5));
#4010 = SURFACE_CURVE('',#4011,(#4015,#4022),.PCURVE_S1.);
#4011 = LINE('',#4012,#4013);
#4012 = CARTESIAN_POINT('',(-22.2,21.24,12.5));
#4013 = VECTOR('',#4014,1.);
#4014 = DIRECTION('',(1.,0.,-0.));
#4015 = PCURVE('',#1914,#4016);
#4016 = DEFINITIONAL_REPRESENTATION('',(#4017),#4021);
#4017 = LINE('',#4018,#4019);
#4018 = CARTESIAN_POINT('',(0.,0.));
#4019 = VECTOR('',#4020,1.);
#4020 = DIRECTION('',(0.,1.));
#4021 = ( GEOMETRIC_REPRESENTATION_CONTEXT(2) 
PARAMETRIC_REPRESENTATION_CONTEXT() REPRESENTATION_CONTEXT('2D SPACE',''
  ) );
#4022 = PCURVE('',#4023,#4028);
#4023 = PLANE('',#4024);
#4024 = AXIS2_PLACEMENT_3D('',#4025,#4026,#4027);
#4025 = CARTESIAN_POINT('',(-22.2,21.24,12.5));
#4026 = DIRECTION('',(0.,0.,1.));
#4027 = DIRECTION('',(1.,0.,-0.));
#4028 = DEFINITIONAL_REPRESENTATION('',(#4029),#4033);
#4029 = LINE('',#4030,#4031);
#4030 = CARTESIAN_POINT('',(0.,0.));
#4031 = VECTOR('',#4032,1.);
#4032 = DIRECTION('',(1.,0.));
#4033 = ( GEOMETRIC_REPRESENTATION_CONTEXT(2) 
PARAMETRIC_REPRESENTATION_CONTEXT() REPRESENTATION_CONTEXT('2D SPACE',''
  ) );
#4034 = ORIENTED_EDGE('',*,*,#4035,.T.);
#4035 = EDGE_CURVE('',#4008,#1900,#4036,.T.);
#4036 = SURFACE_CURVE('',#4037,(#4041,#4048),.PCURVE_S1.);
#4037 = LINE('',#4038,#4039);
#4038 = CARTESIAN_POINT('',(-22.2,21.24,12.5));
#4039 = VECTOR('',#4040,1.);
#4040 = DIRECTION('',(0.,0.,1.));
#4041 = PCURVE('',#1914,#4042);
#4042 = DEFINITIONAL_REPRESENTATION('',(#4043),#4047);
#4043 = LINE('',#4044,#4045);
#4044 = CARTESIAN_POINT('',(0.,0.));
#4045 = VECTOR('',#4046,1.);
#4046 = DIRECTION('',(1.,0.));
#4047 = ( GEOMETRIC_REPRESENTATION_CONTEXT(2) 
PARAMETRIC_REPRESENTATION_CONTEXT() REPRESENTATION_CONTEXT('2D SPACE',''
  ) );
#4048 = PCURVE('',#1940,#4049);
#4049 = DEFINITIONAL_REPRESENTATION('',(#4050),#4054);
#4050 = LINE('',#4051,#4052);
#4051 = CARTESIAN_POINT('',(0.,0.));
#4052 = VECTOR('',#4053,1.);
#4053 = DIRECTION('',(1.,0.));
#4054 = ( GEOMETRIC_REPRESENTATION_CONTEXT(2) 
PARAMETRIC_REPRESENTATION_CONTEXT() REPRESENTATION_CONTEXT('2D SPACE',''
  ) );
#4055 = ORIENTED_EDGE('',*,*,#1897,.F.);
#4056 = ADVANCED_FACE('',(#4057),#1990,.F.);
#4057 = FACE_BOUND('',#4058,.F.);
#4058 = EDGE_LOOP('',(#4059,#4060,#4083,#4104));
#4059 = ORIENTED_EDGE('',*,*,#3984,.F.);
#4060 = ORIENTED_EDGE('',*,*,#4061,.T.);
#4061 = EDGE_CURVE('',#3985,#4062,#4064,.T.);
#4062 = VERTEX_POINT('',#4063);
#4063 = CARTESIAN_POINT('',(-17.8,25.64,12.5));
#4064 = SURFACE_CURVE('',#4065,(#4069,#4076),.PCURVE_S1.);
#4065 = LINE('',#4066,#4067);
#4066 = CARTESIAN_POINT('',(-17.8,21.24,12.5));
#4067 = VECTOR('',#4068,1.);
#4068 = DIRECTION('',(-0.,1.,0.));
#4069 = PCURVE('',#1990,#4070);
#4070 = DEFINITIONAL_REPRESENTATION('',(#4071),#4075);
#4071 = LINE('',#4072,#4073);
#4072 = CARTESIAN_POINT('',(0.,0.));
#4073 = VECTOR('',#4074,1.);
#4074 = DIRECTION('',(0.,-1.));
#4075 = ( GEOMETRIC_REPRESENTATION_CONTEXT(2) 
PARAMETRIC_REPRESENTATION_CONTEXT() REPRESENTATION_CONTEXT('2D SPACE',''
  ) );
#4076 = PCURVE('',#4023,#4077);
#4077 = DEFINITIONAL_REPRESENTATION('',(#4078),#4082);
#4078 = LINE('',#4079,#4080);
#4079 = CARTESIAN_POINT('',(4.4,0.));
#4080 = VECTOR('',#4081,1.);
#4081 = DIRECTION('',(0.,1.));
#4082 = ( GEOMETRIC_REPRESENTATION_CONTEXT(2) 
PARAMETRIC_REPRESENTATION_CONTEXT() REPRESENTATION_CONTEXT('2D SPACE',''
  ) );
#4083 = ORIENTED_EDGE('',*,*,#4084,.T.);
#4084 = EDGE_CURVE('',#4062,#1952,#4085,.T.);
#4085 = SURFACE_CURVE('',#4086,(#4090,#4097),.PCURVE_S1.);
#4086 = LINE('',#4087,#4088);
#4087 = CARTESIAN_POINT('',(-17.8,25.64,12.5));
#4088 = VECTOR('',#4089,1.);
#4089 = DIRECTION('',(0.,0.,1.));
#4090 = PCURVE('',#1990,#4091);
#4091 = DEFINITIONAL_REPRESENTATION('',(#4092),#4096);
#4092 = LINE('',#4093,#4094);
#4093 = CARTESIAN_POINT('',(0.,-4.4));
#4094 = VECTOR('',#4095,1.);
#4095 = DIRECTION('',(1.,0.));
#4096 = ( GEOMETRIC_REPRESENTATION_CONTEXT(2) 
PARAMETRIC_REPRESENTATION_CONTEXT() REPRESENTATION_CONTEXT('2D SPACE',''
  ) );
#4097 = PCURVE('',#1966,#4098);
#4098 = DEFINITIONAL_REPRESENTATION('',(#4099),#4103);
#4099 = LINE('',#4100,#4101);
#4100 = CARTESIAN_POINT('',(0.,4.4));
#4101 = VECTOR('',#4102,1.);
#4102 = DIRECTION('',(1.,0.));
#4103 = ( GEOMETRIC_REPRESENTATION_CONTEXT(2) 
PARAMETRIC_REPRESENTATION_CONTEXT() REPRESENTATION_CONTEXT('2D SPACE',''
  ) );
#4104 = ORIENTED_EDGE('',*,*,#1977,.F.);
#4105 = ADVANCED_FACE('',(#4106),#1940,.T.);
#4106 = FACE_BOUND('',#4107,.T.);
#4107 = EDGE_LOOP('',(#4108,#4109,#4132,#4153));
#4108 = ORIENTED_EDGE('',*,*,#4035,.F.);
#4109 = ORIENTED_EDGE('',*,*,#4110,.T.);
#4110 = EDGE_CURVE('',#4008,#4111,#4113,.T.);
#4111 = VERTEX_POINT('',#4112);
#4112 = CARTESIAN_POINT('',(-22.2,25.64,12.5));
#4113 = SURFACE_CURVE('',#4114,(#4118,#4125),.PCURVE_S1.);
#4114 = LINE('',#4115,#4116);
#4115 = CARTESIAN_POINT('',(-22.2,21.24,12.5));
#4116 = VECTOR('',#4117,1.);
#4117 = DIRECTION('',(-0.,1.,0.));
#4118 = PCURVE('',#1940,#4119);
#4119 = DEFINITIONAL_REPRESENTATION('',(#4120),#4124);
#4120 = LINE('',#4121,#4122);
#4121 = CARTESIAN_POINT('',(0.,0.));
#4122 = VECTOR('',#4123,1.);
#4123 = DIRECTION('',(0.,-1.));
#4124 = ( GEOMETRIC_REPRESENTATION_CONTEXT(2) 
PARAMETRIC_REPRESENTATION_CONTEXT() REPRESENTATION_CONTEXT('2D SPACE',''
  ) );
#4125 = PCURVE('',#4023,#4126);
#4126 = DEFINITIONAL_REPRESENTATION('',(#4127),#4131);
#4127 = LINE('',#4128,#4129);
#4128 = CARTESIAN_POINT('',(0.,0.));
#4129 = VECTOR('',#4130,1.);
#4130 = DIRECTION('',(0.,1.));
#4131 = ( GEOMETRIC_REPRESENTATION_CONTEXT(2) 
PARAMETRIC_REPRESENTATION_CONTEXT() REPRESENTATION_CONTEXT('2D SPACE',''
  ) );
#4132 = ORIENTED_EDGE('',*,*,#4133,.T.);
#4133 = EDGE_CURVE('',#4111,#1926,#4134,.T.);
#4134 = SURFACE_CURVE('',#4135,(#4139,#4146),.PCURVE_S1.);
#4135 = LINE('',#4136,#4137);
#4136 = CARTESIAN_POINT('',(-22.2,25.64,12.5));
#4137 = VECTOR('',#4138,1.);
#4138 = DIRECTION('',(0.,0.,1.));
#4139 = PCURVE('',#1940,#4140);
#4140 = DEFINITIONAL_REPRESENTATION('',(#4141),#4145);
#4141 = LINE('',#4142,#4143);
#4142 = CARTESIAN_POINT('',(0.,-4.4));
#4143 = VECTOR('',#4144,1.);
#4144 = DIRECTION('',(1.,0.));
#4145 = ( GEOMETRIC_REPRESENTATION_CONTEXT(2) 
PARAMETRIC_REPRESENTATION_CONTEXT() REPRESENTATION_CONTEXT('2D SPACE',''
  ) );
#4146 = PCURVE('',#1966,#4147);
#4147 = DEFINITIONAL_REPRESENTATION('',(#4148),#4152);
#4148 = LINE('',#4149,#4150);
#4149 = CARTESIAN_POINT('',(0.,0.));
#4150 = VECTOR('',#4151,1.);
#4151 = DIRECTION('',(1.,0.));
#4152 = ( GEOMETRIC_REPRESENTATION_CONTEXT(2) 
PARAMETRIC_REPRESENTATION_CONTEXT() REPRESENTATION_CONTEXT('2D SPACE',''
  ) );
#4153 = ORIENTED_EDGE('',*,*,#1925,.F.);
#4154 = ADVANCED_FACE('',(#4155),#1966,.F.);
#4155 = FACE_BOUND('',#4156,.F.);
#4156 = EDGE_LOOP('',(#4157,#4158,#4179,#4180));
#4157 = ORIENTED_EDGE('',*,*,#4084,.F.);
#4158 = ORIENTED_EDGE('',*,*,#4159,.F.);
#4159 = EDGE_CURVE('',#4111,#4062,#4160,.T.);
#4160 = SURFACE_CURVE('',#4161,(#4165,#4172),.PCURVE_S1.);
#4161 = LINE('',#4162,#4163);
#4162 = CARTESIAN_POINT('',(-22.2,25.64,12.5));
#4163 = VECTOR('',#4164,1.);
#4164 = DIRECTION('',(1.,0.,-0.));
#4165 = PCURVE('',#1966,#4166);
#4166 = DEFINITIONAL_REPRESENTATION('',(#4167),#4171);
#4167 = LINE('',#4168,#4169);
#4168 = CARTESIAN_POINT('',(0.,0.));
#4169 = VECTOR('',#4170,1.);
#4170 = DIRECTION('',(0.,1.));
#4171 = ( GEOMETRIC_REPRESENTATION_CONTEXT(2) 
PARAMETRIC_REPRESENTATION_CONTEXT() REPRESENTATION_CONTEXT('2D SPACE',''
  ) );
#4172 = PCURVE('',#4023,#4173);
#4173 = DEFINITIONAL_REPRESENTATION('',(#4174),#4178);
#4174 = LINE('',#4175,#4176);
#4175 = CARTESIAN_POINT('',(0.,4.4));
#4176 = VECTOR('',#4177,1.);
#4177 = DIRECTION('',(1.,0.));
#4178 = ( GEOMETRIC_REPRESENTATION_CONTEXT(2) 
PARAMETRIC_REPRESENTATION_CONTEXT() REPRESENTATION_CONTEXT('2D SPACE',''
  ) );
#4179 = ORIENTED_EDGE('',*,*,#4133,.T.);
#4180 = ORIENTED_EDGE('',*,*,#1951,.F.);
#4181 = ADVANCED_FACE('',(#4182),#2020,.T.);
#4182 = FACE_BOUND('',#4183,.T.);
#4183 = EDGE_LOOP('',(#4184,#4207,#4235,#4256));
#4184 = ORIENTED_EDGE('',*,*,#4185,.F.);
#4185 = EDGE_CURVE('',#4186,#2004,#4188,.T.);
#4186 = VERTEX_POINT('',#4187);
#4187 = CARTESIAN_POINT('',(22.2,21.24,12.5));
#4188 = SURFACE_CURVE('',#4189,(#4193,#4200),.PCURVE_S1.);
#4189 = LINE('',#4190,#4191);
#4190 = CARTESIAN_POINT('',(22.2,21.24,12.5));
#4191 = VECTOR('',#4192,1.);
#4192 = DIRECTION('',(0.,0.,1.));
#4193 = PCURVE('',#2020,#4194);
#4194 = DEFINITIONAL_REPRESENTATION('',(#4195),#4199);
#4195 = LINE('',#4196,#4197);
#4196 = CARTESIAN_POINT('',(0.,4.4));
#4197 = VECTOR('',#4198,1.);
#4198 = DIRECTION('',(1.,0.));
#4199 = ( GEOMETRIC_REPRESENTATION_CONTEXT(2) 
PARAMETRIC_REPRESENTATION_CONTEXT() REPRESENTATION_CONTEXT('2D SPACE',''
  ) );
#4200 = PCURVE('',#2096,#4201);
#4201 = DEFINITIONAL_REPRESENTATION('',(#4202),#4206);
#4202 = LINE('',#4203,#4204);
#4203 = CARTESIAN_POINT('',(0.,0.));
#4204 = VECTOR('',#4205,1.);
#4205 = DIRECTION('',(1.,0.));
#4206 = ( GEOMETRIC_REPRESENTATION_CONTEXT(2) 
PARAMETRIC_REPRESENTATION_CONTEXT() REPRESENTATION_CONTEXT('2D SPACE',''
  ) );
#4207 = ORIENTED_EDGE('',*,*,#4208,.F.);
#4208 = EDGE_CURVE('',#4209,#4186,#4211,.T.);
#4209 = VERTEX_POINT('',#4210);
#4210 = CARTESIAN_POINT('',(17.8,21.24,12.5));
#4211 = SURFACE_CURVE('',#4212,(#4216,#4223),.PCURVE_S1.);
#4212 = LINE('',#4213,#4214);
#4213 = CARTESIAN_POINT('',(17.8,21.24,12.5));
#4214 = VECTOR('',#4215,1.);
#4215 = DIRECTION('',(1.,0.,-0.));
#4216 = PCURVE('',#2020,#4217);
#4217 = DEFINITIONAL_REPRESENTATION('',(#4218),#4222);
#4218 = LINE('',#4219,#4220);
#4219 = CARTESIAN_POINT('',(0.,0.));
#4220 = VECTOR('',#4221,1.);
#4221 = DIRECTION('',(0.,1.));
#4222 = ( GEOMETRIC_REPRESENTATION_CONTEXT(2) 
PARAMETRIC_REPRESENTATION_CONTEXT() REPRESENTATION_CONTEXT('2D SPACE',''
  ) );
#4223 = PCURVE('',#4224,#4229);
#4224 = PLANE('',#4225);
#4225 = AXIS2_PLACEMENT_3D('',#4226,#4227,#4228);
#4226 = CARTESIAN_POINT('',(17.8,21.24,12.5));
#4227 = DIRECTION('',(0.,0.,1.));
#4228 = DIRECTION('',(1.,0.,-0.));
#4229 = DEFINITIONAL_REPRESENTATION('',(#4230),#4234);
#4230 = LINE('',#4231,#4232);
#4231 = CARTESIAN_POINT('',(0.,0.));
#4232 = VECTOR('',#4233,1.);
#4233 = DIRECTION('',(1.,0.));
#4234 = ( GEOMETRIC_REPRESENTATION_CONTEXT(2) 
PARAMETRIC_REPRESENTATION_CONTEXT() REPRESENTATION_CONTEXT('2D SPACE',''
  ) );
#4235 = ORIENTED_EDGE('',*,*,#4236,.T.);
#4236 = EDGE_CURVE('',#4209,#2006,#4237,.T.);
#4237 = SURFACE_CURVE('',#4238,(#4242,#4249),.PCURVE_S1.);
#4238 = LINE('',#4239,#4240);
#4239 = CARTESIAN_POINT('',(17.8,21.24,12.5));
#4240 = VECTOR('',#4241,1.);
#4241 = DIRECTION('',(0.,0.,1.));
#4242 = PCURVE('',#2020,#4243);
#4243 = DEFINITIONAL_REPRESENTATION('',(#4244),#4248);
#4244 = LINE('',#4245,#4246);
#4245 = CARTESIAN_POINT('',(0.,0.));
#4246 = VECTOR('',#4247,1.);
#4247 = DIRECTION('',(1.,0.));
#4248 = ( GEOMETRIC_REPRESENTATION_CONTEXT(2) 
PARAMETRIC_REPRESENTATION_CONTEXT() REPRESENTATION_CONTEXT('2D SPACE',''
  ) );
#4249 = PCURVE('',#2046,#4250);
#4250 = DEFINITIONAL_REPRESENTATION('',(#4251),#4255);
#4251 = LINE('',#4252,#4253);
#4252 = CARTESIAN_POINT('',(0.,0.));
#4253 = VECTOR('',#4254,1.);
#4254 = DIRECTION('',(1.,0.));
#4255 = ( GEOMETRIC_REPRESENTATION_CONTEXT(2) 
PARAMETRIC_REPRESENTATION_CONTEXT() REPRESENTATION_CONTEXT('2D SPACE',''
  ) );
#4256 = ORIENTED_EDGE('',*,*,#2003,.F.);
#4257 = ADVANCED_FACE('',(#4258),#2096,.F.);
#4258 = FACE_BOUND('',#4259,.F.);
#4259 = EDGE_LOOP('',(#4260,#4261,#4284,#4305));
#4260 = ORIENTED_EDGE('',*,*,#4185,.F.);
#4261 = ORIENTED_EDGE('',*,*,#4262,.T.);
#4262 = EDGE_CURVE('',#4186,#4263,#4265,.T.);
#4263 = VERTEX_POINT('',#4264);
#4264 = CARTESIAN_POINT('',(22.2,25.64,12.5));
#4265 = SURFACE_CURVE('',#4266,(#4270,#4277),.PCURVE_S1.);
#4266 = LINE('',#4267,#4268);
#4267 = CARTESIAN_POINT('',(22.2,21.24,12.5));
#4268 = VECTOR('',#4269,1.);
#4269 = DIRECTION('',(-0.,1.,0.));
#4270 = PCURVE('',#2096,#4271);
#4271 = DEFINITIONAL_REPRESENTATION('',(#4272),#4276);
#4272 = LINE('',#4273,#4274);
#4273 = CARTESIAN_POINT('',(0.,0.));
#4274 = VECTOR('',#4275,1.);
#4275 = DIRECTION('',(0.,-1.));
#4276 = ( GEOMETRIC_REPRESENTATION_CONTEXT(2) 
PARAMETRIC_REPRESENTATION_CONTEXT() REPRESENTATION_CONTEXT('2D SPACE',''
  ) );
#4277 = PCURVE('',#4224,#4278);
#4278 = DEFINITIONAL_REPRESENTATION('',(#4279),#4283);
#4279 = LINE('',#4280,#4281);
#4280 = CARTESIAN_POINT('',(4.4,0.));
#4281 = VECTOR('',#4282,1.);
#4282 = DIRECTION('',(0.,1.));
#4283 = ( GEOMETRIC_REPRESENTATION_CONTEXT(2) 
PARAMETRIC_REPRESENTATION_CONTEXT() REPRESENTATION_CONTEXT('2D SPACE',''
  ) );
#4284 = ORIENTED_EDGE('',*,*,#4285,.T.);
#4285 = EDGE_CURVE('',#4263,#2058,#4286,.T.);
#4286 = SURFACE_CURVE('',#4287,(#4291,#4298),.PCURVE_S1.);
#4287 = LINE('',#4288,#4289);
#4288 = CARTESIAN_POINT('',(22.2,25.64,12.5));
#4289 = VECTOR('',#4290,1.);
#4290 = DIRECTION('',(0.,0.,1.));
#4291 = PCURVE('',#2096,#4292);
#4292 = DEFINITIONAL_REPRESENTATION('',(#4293),#4297);
#4293 = LINE('',#4294,#4295);
#4294 = CARTESIAN_POINT('',(0.,-4.4));
#4295 = VECTOR('',#4296,1.);
#4296 = DIRECTION('',(1.,0.));
#4297 = ( GEOMETRIC_REPRESENTATION_CONTEXT(2) 
PARAMETRIC_REPRESENTATION_CONTEXT() REPRESENTATION_CONTEXT('2D SPACE',''
  ) );
#4298 = PCURVE('',#2072,#4299);
#4299 = DEFINITIONAL_REPRESENTATION('',(#4300),#4304);
#4300 = LINE('',#4301,#4302);
#4301 = CARTESIAN_POINT('',(0.,4.4));
#4302 = VECTOR('',#4303,1.);
#4303 = DIRECTION('',(1.,0.));
#4304 = ( GEOMETRIC_REPRESENTATION_CONTEXT(2) 
PARAMETRIC_REPRESENTATION_CONTEXT() REPRESENTATION_CONTEXT('2D SPACE',''
  ) );
#4305 = ORIENTED_EDGE('',*,*,#2083,.F.);
#4306 = ADVANCED_FACE('',(#4307),#2046,.T.);
#4307 = FACE_BOUND('',#4308,.T.);
#4308 = EDGE_LOOP('',(#4309,#4310,#4333,#4354));
#4309 = ORIENTED_EDGE('',*,*,#4236,.F.);
#4310 = ORIENTED_EDGE('',*,*,#4311,.T.);
#4311 = EDGE_CURVE('',#4209,#4312,#4314,.T.);
#4312 = VERTEX_POINT('',#4313);
#4313 = CARTESIAN_POINT('',(17.8,25.64,12.5));
#4314 = SURFACE_CURVE('',#4315,(#4319,#4326),.PCURVE_S1.);
#4315 = LINE('',#4316,#4317);
#4316 = CARTESIAN_POINT('',(17.8,21.24,12.5));
#4317 = VECTOR('',#4318,1.);
#4318 = DIRECTION('',(-0.,1.,0.));
#4319 = PCURVE('',#2046,#4320);
#4320 = DEFINITIONAL_REPRESENTATION('',(#4321),#4325);
#4321 = LINE('',#4322,#4323);
#4322 = CARTESIAN_POINT('',(0.,0.));
#4323 = VECTOR('',#4324,1.);
#4324 = DIRECTION('',(0.,-1.));
#4325 = ( GEOMETRIC_REPRESENTATION_CONTEXT(2) 
PARAMETRIC_REPRESENTATION_CONTEXT() REPRESENTATION_CONTEXT('2D SPACE',''
  ) );
#4326 = PCURVE('',#4224,#4327);
#4327 = DEFINITIONAL_REPRESENTATION('',(#4328),#4332);
#4328 = LINE('',#4329,#4330);
#4329 = CARTESIAN_POINT('',(0.,0.));
#4330 = VECTOR('',#4331,1.);
#4331 = DIRECTION('',(0.,1.));
#4332 = ( GEOMETRIC_REPRESENTATION_CONTEXT(2) 
PARAMETRIC_REPRESENTATION_CONTEXT() REPRESENTATION_CONTEXT('2D SPACE',''
  ) );
#4333 = ORIENTED_EDGE('',*,*,#4334,.T.);
#4334 = EDGE_CURVE('',#4312,#2032,#4335,.T.);
#4335 = SURFACE_CURVE('',#4336,(#4340,#4347),.PCURVE_S1.);
#4336 = LINE('',#4337,#4338);
#4337 = CARTESIAN_POINT('',(17.8,25.64,12.5));
#4338 = VECTOR('',#4339,1.);
#4339 = DIRECTION('',(0.,0.,1.));
#4340 = PCURVE('',#2046,#4341);
#4341 = DEFINITIONAL_REPRESENTATION('',(#4342),#4346);
#4342 = LINE('',#4343,#4344);
#4343 = CARTESIAN_POINT('',(0.,-4.4));
#4344 = VECTOR('',#4345,1.);
#4345 = DIRECTION('',(1.,0.));
#4346 = ( GEOMETRIC_REPRESENTATION_CONTEXT(2) 
PARAMETRIC_REPRESENTATION_CONTEXT() REPRESENTATION_CONTEXT('2D SPACE',''
  ) );
#4347 = PCURVE('',#2072,#4348);
#4348 = DEFINITIONAL_REPRESENTATION('',(#4349),#4353);
#4349 = LINE('',#4350,#4351);
#4350 = CARTESIAN_POINT('',(0.,0.));
#4351 = VECTOR('',#4352,1.);
#4352 = DIRECTION('',(1.,0.));
#4353 = ( GEOMETRIC_REPRESENTATION_CONTEXT(2) 
PARAMETRIC_REPRESENTATION_CONTEXT() REPRESENTATION_CONTEXT('2D SPACE',''
  ) );
#4354 = ORIENTED_EDGE('',*,*,#2031,.F.);
#4355 = ADVANCED_FACE('',(#4356),#2072,.F.);
#4356 = FACE_BOUND('',#4357,.F.);
#4357 = EDGE_LOOP('',(#4358,#4359,#4380,#4381));
#4358 = ORIENTED_EDGE('',*,*,#4285,.F.);
#4359 = ORIENTED_EDGE('',*,*,#4360,.F.);
#4360 = EDGE_CURVE('',#4312,#4263,#4361,.T.);
#4361 = SURFACE_CURVE('',#4362,(#4366,#4373),.PCURVE_S1.);
#4362 = LINE('',#4363,#4364);
#4363 = CARTESIAN_POINT('',(17.8,25.64,12.5));
#4364 = VECTOR('',#4365,1.);
#4365 = DIRECTION('',(1.,0.,-0.));
#4366 = PCURVE('',#2072,#4367);
#4367 = DEFINITIONAL_REPRESENTATION('',(#4368),#4372);
#4368 = LINE('',#4369,#4370);
#4369 = CARTESIAN_POINT('',(0.,0.));
#4370 = VECTOR('',#4371,1.);
#4371 = DIRECTION('',(0.,1.));
#4372 = ( GEOMETRIC_REPRESENTATION_CONTEXT(2) 
PARAMETRIC_REPRESENTATION_CONTEXT() REPRESENTATION_CONTEXT('2D SPACE',''
  ) );
#4373 = PCURVE('',#4224,#4374);
#4374 = DEFINITIONAL_REPRESENTATION('',(#4375),#4379);
#4375 = LINE('',#4376,#4377);
#4376 = CARTESIAN_POINT('',(0.,4.4));
#4377 = VECTOR('',#4378,1.);
#4378 = DIRECTION('',(1.,0.));
#4379 = ( GEOMETRIC_REPRESENTATION_CONTEXT(2) 
PARAMETRIC_REPRESENTATION_CONTEXT() REPRESENTATION_CONTEXT('2D SPACE',''
  ) );
#4380 = ORIENTED_EDGE('',*,*,#4334,.T.);
#4381 = ORIENTED_EDGE('',*,*,#2057,.F.);
#4382 = ADVANCED_FACE('',(#4383),#2207,.T.);
#4383 = FACE_BOUND('',#4384,.T.);
#4384 = EDGE_LOOP('',(#4385,#4408,#4436,#4457));
#4385 = ORIENTED_EDGE('',*,*,#4386,.F.);
#4386 = EDGE_CURVE('',#4387,#2191,#4389,.T.);
#4387 = VERTEX_POINT('',#4388);
#4388 = CARTESIAN_POINT('',(34.894087535991,-26.72092505758,4.75));
#4389 = SURFACE_CURVE('',#4390,(#4394,#4401),.PCURVE_S1.);
#4390 = LINE('',#4391,#4392);
#4391 = CARTESIAN_POINT('',(34.894087535991,-26.72092505758,4.75));
#4392 = VECTOR('',#4393,1.);
#4393 = DIRECTION('',(0.882947592859,-0.469471562786,0.));
#4394 = PCURVE('',#2207,#4395);
#4395 = DEFINITIONAL_REPRESENTATION('',(#4396),#4400);
#4396 = LINE('',#4397,#4398);
#4397 = CARTESIAN_POINT('',(0.,6.63));
#4398 = VECTOR('',#4399,1.);
#4399 = DIRECTION('',(1.,0.));
#4400 = ( GEOMETRIC_REPRESENTATION_CONTEXT(2) 
PARAMETRIC_REPRESENTATION_CONTEXT() REPRESENTATION_CONTEXT('2D SPACE',''
  ) );
#4401 = PCURVE('',#2283,#4402);
#4402 = DEFINITIONAL_REPRESENTATION('',(#4403),#4407);
#4403 = LINE('',#4404,#4405);
#4404 = CARTESIAN_POINT('',(0.,0.));
#4405 = VECTOR('',#4406,1.);
#4406 = DIRECTION('',(0.,1.));
#4407 = ( GEOMETRIC_REPRESENTATION_CONTEXT(2) 
PARAMETRIC_REPRESENTATION_CONTEXT() REPRESENTATION_CONTEXT('2D SPACE',''
  ) );
#4408 = ORIENTED_EDGE('',*,*,#4409,.F.);
#4409 = EDGE_CURVE('',#4410,#4387,#4412,.T.);
#4410 = VERTEX_POINT('',#4411);
#4411 = CARTESIAN_POINT('',(31.781491074721,-32.57486759823,4.75));
#4412 = SURFACE_CURVE('',#4413,(#4417,#4424),.PCURVE_S1.);
#4413 = LINE('',#4414,#4415);
#4414 = CARTESIAN_POINT('',(31.781491074721,-32.57486759823,4.75));
#4415 = VECTOR('',#4416,1.);
#4416 = DIRECTION('',(0.469471562786,0.882947592859,0.));
#4417 = PCURVE('',#2207,#4418);
#4418 = DEFINITIONAL_REPRESENTATION('',(#4419),#4423);
#4419 = LINE('',#4420,#4421);
#4420 = CARTESIAN_POINT('',(0.,0.));
#4421 = VECTOR('',#4422,1.);
#4422 = DIRECTION('',(0.,1.));
#4423 = ( GEOMETRIC_REPRESENTATION_CONTEXT(2) 
PARAMETRIC_REPRESENTATION_CONTEXT() REPRESENTATION_CONTEXT('2D SPACE',''
  ) );
#4424 = PCURVE('',#4425,#4430);
#4425 = PLANE('',#4426);
#4426 = AXIS2_PLACEMENT_3D('',#4427,#4428,#4429);
#4427 = CARTESIAN_POINT('',(31.781491074721,-32.57486759823,4.75));
#4428 = DIRECTION('',(0.882947592859,-0.469471562786,0.));
#4429 = DIRECTION('',(0.,0.,1.));
#4430 = DEFINITIONAL_REPRESENTATION('',(#4431),#4435);
#4431 = LINE('',#4432,#4433);
#4432 = CARTESIAN_POINT('',(0.,0.));
#4433 = VECTOR('',#4434,1.);
#4434 = DIRECTION('',(0.,-1.));
#4435 = ( GEOMETRIC_REPRESENTATION_CONTEXT(2) 
PARAMETRIC_REPRESENTATION_CONTEXT() REPRESENTATION_CONTEXT('2D SPACE',''
  ) );
#4436 = ORIENTED_EDGE('',*,*,#4437,.T.);
#4437 = EDGE_CURVE('',#4410,#2193,#4438,.T.);
#4438 = SURFACE_CURVE('',#4439,(#4443,#4450),.PCURVE_S1.);
#4439 = LINE('',#4440,#4441);
#4440 = CARTESIAN_POINT('',(31.781491074721,-32.57486759823,4.75));
#4441 = VECTOR('',#4442,1.);
#4442 = DIRECTION('',(0.882947592859,-0.469471562786,0.));
#4443 = PCURVE('',#2207,#4444);
#4444 = DEFINITIONAL_REPRESENTATION('',(#4445),#4449);
#4445 = LINE('',#4446,#4447);
#4446 = CARTESIAN_POINT('',(0.,0.));
#4447 = VECTOR('',#4448,1.);
#4448 = DIRECTION('',(1.,0.));
#4449 = ( GEOMETRIC_REPRESENTATION_CONTEXT(2) 
PARAMETRIC_REPRESENTATION_CONTEXT() REPRESENTATION_CONTEXT('2D SPACE',''
  ) );
#4450 = PCURVE('',#2233,#4451);
#4451 = DEFINITIONAL_REPRESENTATION('',(#4452),#4456);
#4452 = LINE('',#4453,#4454);
#4453 = CARTESIAN_POINT('',(0.,0.));
#4454 = VECTOR('',#4455,1.);
#4455 = DIRECTION('',(0.,1.));
#4456 = ( GEOMETRIC_REPRESENTATION_CONTEXT(2) 
PARAMETRIC_REPRESENTATION_CONTEXT() REPRESENTATION_CONTEXT('2D SPACE',''
  ) );
#4457 = ORIENTED_EDGE('',*,*,#2190,.F.);
#4458 = ADVANCED_FACE('',(#4459),#2283,.F.);
#4459 = FACE_BOUND('',#4460,.F.);
#4460 = EDGE_LOOP('',(#4461,#4462,#4485,#4506));
#4461 = ORIENTED_EDGE('',*,*,#4386,.F.);
#4462 = ORIENTED_EDGE('',*,*,#4463,.T.);
#4463 = EDGE_CURVE('',#4387,#4464,#4466,.T.);
#4464 = VERTEX_POINT('',#4465);
#4465 = CARTESIAN_POINT('',(34.894087535991,-26.72092505758,13.25));
#4466 = SURFACE_CURVE('',#4467,(#4471,#4478),.PCURVE_S1.);
#4467 = LINE('',#4468,#4469);
#4468 = CARTESIAN_POINT('',(34.894087535991,-26.72092505758,4.75));
#4469 = VECTOR('',#4470,1.);
#4470 = DIRECTION('',(0.,0.,1.));
#4471 = PCURVE('',#2283,#4472);
#4472 = DEFINITIONAL_REPRESENTATION('',(#4473),#4477);
#4473 = LINE('',#4474,#4475);
#4474 = CARTESIAN_POINT('',(0.,0.));
#4475 = VECTOR('',#4476,1.);
#4476 = DIRECTION('',(1.,0.));
#4477 = ( GEOMETRIC_REPRESENTATION_CONTEXT(2) 
PARAMETRIC_REPRESENTATION_CONTEXT() REPRESENTATION_CONTEXT('2D SPACE',''
  ) );
#4478 = PCURVE('',#4425,#4479);
#4479 = DEFINITIONAL_REPRESENTATION('',(#4480),#4484);
#4480 = LINE('',#4481,#4482);
#4481 = CARTESIAN_POINT('',(0.,-6.63));
#4482 = VECTOR('',#4483,1.);
#4483 = DIRECTION('',(1.,0.));
#4484 = ( GEOMETRIC_REPRESENTATION_CONTEXT(2) 
PARAMETRIC_REPRESENTATION_CONTEXT() REPRESENTATION_CONTEXT('2D SPACE',''
  ) );
#4485 = ORIENTED_EDGE('',*,*,#4486,.T.);
#4486 = EDGE_CURVE('',#4464,#2245,#4487,.T.);
#4487 = SURFACE_CURVE('',#4488,(#4492,#4499),.PCURVE_S1.);
#4488 = LINE('',#4489,#4490);
#4489 = CARTESIAN_POINT('',(34.894087535991,-26.72092505758,13.25));
#4490 = VECTOR('',#4491,1.);
#4491 = DIRECTION('',(0.882947592859,-0.469471562786,0.));
#4492 = PCURVE('',#2283,#4493);
#4493 = DEFINITIONAL_REPRESENTATION('',(#4494),#4498);
#4494 = LINE('',#4495,#4496);
#4495 = CARTESIAN_POINT('',(8.5,0.));
#4496 = VECTOR('',#4497,1.);
#4497 = DIRECTION('',(0.,1.));
#4498 = ( GEOMETRIC_REPRESENTATION_CONTEXT(2) 
PARAMETRIC_REPRESENTATION_CONTEXT() REPRESENTATION_CONTEXT('2D SPACE',''
  ) );
#4499 = PCURVE('',#2259,#4500);
#4500 = DEFINITIONAL_REPRESENTATION('',(#4501),#4505);
#4501 = LINE('',#4502,#4503);
#4502 = CARTESIAN_POINT('',(0.,6.63));
#4503 = VECTOR('',#4504,1.);
#4504 = DIRECTION('',(1.,0.));
#4505 = ( GEOMETRIC_REPRESENTATION_CONTEXT(2) 
PARAMETRIC_REPRESENTATION_CONTEXT() REPRESENTATION_CONTEXT('2D SPACE',''
  ) );
#4506 = ORIENTED_EDGE('',*,*,#2270,.F.);
#4507 = ADVANCED_FACE('',(#4508),#2259,.F.);
#4508 = FACE_BOUND('',#4509,.F.);
#4509 = EDGE_LOOP('',(#4510,#4511,#4534,#4555));
#4510 = ORIENTED_EDGE('',*,*,#4486,.F.);
#4511 = ORIENTED_EDGE('',*,*,#4512,.F.);
#4512 = EDGE_CURVE('',#4513,#4464,#4515,.T.);
#4513 = VERTEX_POINT('',#4514);
#4514 = CARTESIAN_POINT('',(31.781491074721,-32.57486759823,13.25));
#4515 = SURFACE_CURVE('',#4516,(#4520,#4527),.PCURVE_S1.);
#4516 = LINE('',#4517,#4518);
#4517 = CARTESIAN_POINT('',(31.781491074721,-32.57486759823,13.25));
#4518 = VECTOR('',#4519,1.);
#4519 = DIRECTION('',(0.469471562786,0.882947592859,0.));
#4520 = PCURVE('',#2259,#4521);
#4521 = DEFINITIONAL_REPRESENTATION('',(#4522),#4526);
#4522 = LINE('',#4523,#4524);
#4523 = CARTESIAN_POINT('',(0.,0.));
#4524 = VECTOR('',#4525,1.);
#4525 = DIRECTION('',(0.,1.));
#4526 = ( GEOMETRIC_REPRESENTATION_CONTEXT(2) 
PARAMETRIC_REPRESENTATION_CONTEXT() REPRESENTATION_CONTEXT('2D SPACE',''
  ) );
#4527 = PCURVE('',#4425,#4528);
#4528 = DEFINITIONAL_REPRESENTATION('',(#4529),#4533);
#4529 = LINE('',#4530,#4531);
#4530 = CARTESIAN_POINT('',(8.5,0.));
#4531 = VECTOR('',#4532,1.);
#4532 = DIRECTION('',(0.,-1.));
#4533 = ( GEOMETRIC_REPRESENTATION_CONTEXT(2) 
PARAMETRIC_REPRESENTATION_CONTEXT() REPRESENTATION_CONTEXT('2D SPACE',''
  ) );
#4534 = ORIENTED_EDGE('',*,*,#4535,.T.);
#4535 = EDGE_CURVE('',#4513,#2219,#4536,.T.);
#4536 = SURFACE_CURVE('',#4537,(#4541,#4548),.PCURVE_S1.);
#4537 = LINE('',#4538,#4539);
#4538 = CARTESIAN_POINT('',(31.781491074721,-32.57486759823,13.25));
#4539 = VECTOR('',#4540,1.);
#4540 = DIRECTION('',(0.882947592859,-0.469471562786,0.));
#4541 = PCURVE('',#2259,#4542);
#4542 = DEFINITIONAL_REPRESENTATION('',(#4543),#4547);
#4543 = LINE('',#4544,#4545);
#4544 = CARTESIAN_POINT('',(0.,0.));
#4545 = VECTOR('',#4546,1.);
#4546 = DIRECTION('',(1.,0.));
#4547 = ( GEOMETRIC_REPRESENTATION_CONTEXT(2) 
PARAMETRIC_REPRESENTATION_CONTEXT() REPRESENTATION_CONTEXT('2D SPACE',''
  ) );
#4548 = PCURVE('',#2233,#4549);
#4549 = DEFINITIONAL_REPRESENTATION('',(#4550),#4554);
#4550 = LINE('',#4551,#4552);
#4551 = CARTESIAN_POINT('',(8.5,0.));
#4552 = VECTOR('',#4553,1.);
#4553 = DIRECTION('',(0.,1.));
#4554 = ( GEOMETRIC_REPRESENTATION_CONTEXT(2) 
PARAMETRIC_REPRESENTATION_CONTEXT() REPRESENTATION_CONTEXT('2D SPACE',''
  ) );
#4555 = ORIENTED_EDGE('',*,*,#2244,.F.);
#4556 = ADVANCED_FACE('',(#4557),#2233,.T.);
#4557 = FACE_BOUND('',#4558,.T.);
#4558 = EDGE_LOOP('',(#4559,#4560,#4581,#4582));
#4559 = ORIENTED_EDGE('',*,*,#4437,.F.);
#4560 = ORIENTED_EDGE('',*,*,#4561,.T.);
#4561 = EDGE_CURVE('',#4410,#4513,#4562,.T.);
#4562 = SURFACE_CURVE('',#4563,(#4567,#4574),.PCURVE_S1.);
#4563 = LINE('',#4564,#4565);
#4564 = CARTESIAN_POINT('',(31.781491074721,-32.57486759823,4.75));
#4565 = VECTOR('',#4566,1.);
#4566 = DIRECTION('',(0.,0.,1.));
#4567 = PCURVE('',#2233,#4568);
#4568 = DEFINITIONAL_REPRESENTATION('',(#4569),#4573);
#4569 = LINE('',#4570,#4571);
#4570 = CARTESIAN_POINT('',(0.,0.));
#4571 = VECTOR('',#4572,1.);
#4572 = DIRECTION('',(1.,0.));
#4573 = ( GEOMETRIC_REPRESENTATION_CONTEXT(2) 
PARAMETRIC_REPRESENTATION_CONTEXT() REPRESENTATION_CONTEXT('2D SPACE',''
  ) );
#4574 = PCURVE('',#4425,#4575);
#4575 = DEFINITIONAL_REPRESENTATION('',(#4576),#4580);
#4576 = LINE('',#4577,#4578);
#4577 = CARTESIAN_POINT('',(0.,0.));
#4578 = VECTOR('',#4579,1.);
#4579 = DIRECTION('',(1.,0.));
#4580 = ( GEOMETRIC_REPRESENTATION_CONTEXT(2) 
PARAMETRIC_REPRESENTATION_CONTEXT() REPRESENTATION_CONTEXT('2D SPACE',''
  ) );
#4581 = ORIENTED_EDGE('',*,*,#4535,.T.);
#4582 = ORIENTED_EDGE('',*,*,#2218,.F.);
#4583 = ADVANCED_FACE('',(#4584),#2417,.T.);
#4584 = FACE_BOUND('',#4585,.T.);
#4585 = EDGE_LOOP('',(#4586,#4609,#4637,#4658));
#4586 = ORIENTED_EDGE('',*,*,#4587,.F.);
#4587 = EDGE_CURVE('',#4588,#2401,#4590,.T.);
#4588 = VERTEX_POINT('',#4589);
#4589 = CARTESIAN_POINT('',(34.75,3.315,4.75));
#4590 = SURFACE_CURVE('',#4591,(#4595,#4602),.PCURVE_S1.);
#4591 = LINE('',#4592,#4593);
#4592 = CARTESIAN_POINT('',(34.75,3.315,4.75));
#4593 = VECTOR('',#4594,1.);
#4594 = DIRECTION('',(1.,0.,0.));
#4595 = PCURVE('',#2417,#4596);
#4596 = DEFINITIONAL_REPRESENTATION('',(#4597),#4601);
#4597 = LINE('',#4598,#4599);
#4598 = CARTESIAN_POINT('',(0.,6.63));
#4599 = VECTOR('',#4600,1.);
#4600 = DIRECTION('',(1.,0.));
#4601 = ( GEOMETRIC_REPRESENTATION_CONTEXT(2) 
PARAMETRIC_REPRESENTATION_CONTEXT() REPRESENTATION_CONTEXT('2D SPACE',''
  ) );
#4602 = PCURVE('',#2493,#4603);
#4603 = DEFINITIONAL_REPRESENTATION('',(#4604),#4608);
#4604 = LINE('',#4605,#4606);
#4605 = CARTESIAN_POINT('',(0.,0.));
#4606 = VECTOR('',#4607,1.);
#4607 = DIRECTION('',(0.,1.));
#4608 = ( GEOMETRIC_REPRESENTATION_CONTEXT(2) 
PARAMETRIC_REPRESENTATION_CONTEXT() REPRESENTATION_CONTEXT('2D SPACE',''
  ) );
#4609 = ORIENTED_EDGE('',*,*,#4610,.F.);
#4610 = EDGE_CURVE('',#4611,#4588,#4613,.T.);
#4611 = VERTEX_POINT('',#4612);
#4612 = CARTESIAN_POINT('',(34.75,-3.315,4.75));
#4613 = SURFACE_CURVE('',#4614,(#4618,#4625),.PCURVE_S1.);
#4614 = LINE('',#4615,#4616);
#4615 = CARTESIAN_POINT('',(34.75,-3.315,4.75));
#4616 = VECTOR('',#4617,1.);
#4617 = DIRECTION('',(0.,1.,0.));
#4618 = PCURVE('',#2417,#4619);
#4619 = DEFINITIONAL_REPRESENTATION('',(#4620),#4624);
#4620 = LINE('',#4621,#4622);
#4621 = CARTESIAN_POINT('',(0.,0.));
#4622 = VECTOR('',#4623,1.);
#4623 = DIRECTION('',(0.,1.));
#4624 = ( GEOMETRIC_REPRESENTATION_CONTEXT(2) 
PARAMETRIC_REPRESENTATION_CONTEXT() REPRESENTATION_CONTEXT('2D SPACE',''
  ) );
#4625 = PCURVE('',#4626,#4631);
#4626 = PLANE('',#4627);
#4627 = AXIS2_PLACEMENT_3D('',#4628,#4629,#4630);
#4628 = CARTESIAN_POINT('',(34.75,-3.315,4.75));
#4629 = DIRECTION('',(1.,0.,0.));
#4630 = DIRECTION('',(0.,0.,1.));
#4631 = DEFINITIONAL_REPRESENTATION('',(#4632),#4636);
#4632 = LINE('',#4633,#4634);
#4633 = CARTESIAN_POINT('',(0.,0.));
#4634 = VECTOR('',#4635,1.);
#4635 = DIRECTION('',(0.,-1.));
#4636 = ( GEOMETRIC_REPRESENTATION_CONTEXT(2) 
PARAMETRIC_REPRESENTATION_CONTEXT() REPRESENTATION_CONTEXT('2D SPACE',''
  ) );
#4637 = ORIENTED_EDGE('',*,*,#4638,.T.);
#4638 = EDGE_CURVE('',#4611,#2403,#4639,.T.);
#4639 = SURFACE_CURVE('',#4640,(#4644,#4651),.PCURVE_S1.);
#4640 = LINE('',#4641,#4642);
#4641 = CARTESIAN_POINT('',(34.75,-3.315,4.75));
#4642 = VECTOR('',#4643,1.);
#4643 = DIRECTION('',(1.,0.,0.));
#4644 = PCURVE('',#2417,#4645);
#4645 = DEFINITIONAL_REPRESENTATION('',(#4646),#4650);
#4646 = LINE('',#4647,#4648);
#4647 = CARTESIAN_POINT('',(0.,0.));
#4648 = VECTOR('',#4649,1.);
#4649 = DIRECTION('',(1.,0.));
#4650 = ( GEOMETRIC_REPRESENTATION_CONTEXT(2) 
PARAMETRIC_REPRESENTATION_CONTEXT() REPRESENTATION_CONTEXT('2D SPACE',''
  ) );
#4651 = PCURVE('',#2443,#4652);
#4652 = DEFINITIONAL_REPRESENTATION('',(#4653),#4657);
#4653 = LINE('',#4654,#4655);
#4654 = CARTESIAN_POINT('',(0.,0.));
#4655 = VECTOR('',#4656,1.);
#4656 = DIRECTION('',(0.,1.));
#4657 = ( GEOMETRIC_REPRESENTATION_CONTEXT(2) 
PARAMETRIC_REPRESENTATION_CONTEXT() REPRESENTATION_CONTEXT('2D SPACE',''
  ) );
#4658 = ORIENTED_EDGE('',*,*,#2400,.F.);
#4659 = ADVANCED_FACE('',(#4660),#2493,.F.);
#4660 = FACE_BOUND('',#4661,.F.);
#4661 = EDGE_LOOP('',(#4662,#4663,#4686,#4707));
#4662 = ORIENTED_EDGE('',*,*,#4587,.F.);
#4663 = ORIENTED_EDGE('',*,*,#4664,.T.);
#4664 = EDGE_CURVE('',#4588,#4665,#4667,.T.);
#4665 = VERTEX_POINT('',#4666);
#4666 = CARTESIAN_POINT('',(34.75,3.315,13.25));
#4667 = SURFACE_CURVE('',#4668,(#4672,#4679),.PCURVE_S1.);
#4668 = LINE('',#4669,#4670);
#4669 = CARTESIAN_POINT('',(34.75,3.315,4.75));
#4670 = VECTOR('',#4671,1.);
#4671 = DIRECTION('',(0.,0.,1.));
#4672 = PCURVE('',#2493,#4673);
#4673 = DEFINITIONAL_REPRESENTATION('',(#4674),#4678);
#4674 = LINE('',#4675,#4676);
#4675 = CARTESIAN_POINT('',(0.,0.));
#4676 = VECTOR('',#4677,1.);
#4677 = DIRECTION('',(1.,0.));
#4678 = ( GEOMETRIC_REPRESENTATION_CONTEXT(2) 
PARAMETRIC_REPRESENTATION_CONTEXT() REPRESENTATION_CONTEXT('2D SPACE',''
  ) );
#4679 = PCURVE('',#4626,#4680);
#4680 = DEFINITIONAL_REPRESENTATION('',(#4681),#4685);
#4681 = LINE('',#4682,#4683);
#4682 = CARTESIAN_POINT('',(0.,-6.63));
#4683 = VECTOR('',#4684,1.);
#4684 = DIRECTION('',(1.,0.));
#4685 = ( GEOMETRIC_REPRESENTATION_CONTEXT(2) 
PARAMETRIC_REPRESENTATION_CONTEXT() REPRESENTATION_CONTEXT('2D SPACE',''
  ) );
#4686 = ORIENTED_EDGE('',*,*,#4687,.T.);
#4687 = EDGE_CURVE('',#4665,#2455,#4688,.T.);
#4688 = SURFACE_CURVE('',#4689,(#4693,#4700),.PCURVE_S1.);
#4689 = LINE('',#4690,#4691);
#4690 = CARTESIAN_POINT('',(34.75,3.315,13.25));
#4691 = VECTOR('',#4692,1.);
#4692 = DIRECTION('',(1.,0.,0.));
#4693 = PCURVE('',#2493,#4694);
#4694 = DEFINITIONAL_REPRESENTATION('',(#4695),#4699);
#4695 = LINE('',#4696,#4697);
#4696 = CARTESIAN_POINT('',(8.5,0.));
#4697 = VECTOR('',#4698,1.);
#4698 = DIRECTION('',(0.,1.));
#4699 = ( GEOMETRIC_REPRESENTATION_CONTEXT(2) 
PARAMETRIC_REPRESENTATION_CONTEXT() REPRESENTATION_CONTEXT('2D SPACE',''
  ) );
#4700 = PCURVE('',#2469,#4701);
#4701 = DEFINITIONAL_REPRESENTATION('',(#4702),#4706);
#4702 = LINE('',#4703,#4704);
#4703 = CARTESIAN_POINT('',(0.,6.63));
#4704 = VECTOR('',#4705,1.);
#4705 = DIRECTION('',(1.,0.));
#4706 = ( GEOMETRIC_REPRESENTATION_CONTEXT(2) 
PARAMETRIC_REPRESENTATION_CONTEXT() REPRESENTATION_CONTEXT('2D SPACE',''
  ) );
#4707 = ORIENTED_EDGE('',*,*,#2480,.F.);
#4708 = ADVANCED_FACE('',(#4709),#2469,.F.);
#4709 = FACE_BOUND('',#4710,.F.);
#4710 = EDGE_LOOP('',(#4711,#4712,#4735,#4756));
#4711 = ORIENTED_EDGE('',*,*,#4687,.F.);
#4712 = ORIENTED_EDGE('',*,*,#4713,.F.);
#4713 = EDGE_CURVE('',#4714,#4665,#4716,.T.);
#4714 = VERTEX_POINT('',#4715);
#4715 = CARTESIAN_POINT('',(34.75,-3.315,13.25));
#4716 = SURFACE_CURVE('',#4717,(#4721,#4728),.PCURVE_S1.);
#4717 = LINE('',#4718,#4719);
#4718 = CARTESIAN_POINT('',(34.75,-3.315,13.25));
#4719 = VECTOR('',#4720,1.);
#4720 = DIRECTION('',(0.,1.,0.));
#4721 = PCURVE('',#2469,#4722);
#4722 = DEFINITIONAL_REPRESENTATION('',(#4723),#4727);
#4723 = LINE('',#4724,#4725);
#4724 = CARTESIAN_POINT('',(0.,0.));
#4725 = VECTOR('',#4726,1.);
#4726 = DIRECTION('',(0.,1.));
#4727 = ( GEOMETRIC_REPRESENTATION_CONTEXT(2) 
PARAMETRIC_REPRESENTATION_CONTEXT() REPRESENTATION_CONTEXT('2D SPACE',''
  ) );
#4728 = PCURVE('',#4626,#4729);
#4729 = DEFINITIONAL_REPRESENTATION('',(#4730),#4734);
#4730 = LINE('',#4731,#4732);
#4731 = CARTESIAN_POINT('',(8.5,0.));
#4732 = VECTOR('',#4733,1.);
#4733 = DIRECTION('',(0.,-1.));
#4734 = ( GEOMETRIC_REPRESENTATION_CONTEXT(2) 
PARAMETRIC_REPRESENTATION_CONTEXT() REPRESENTATION_CONTEXT('2D SPACE',''
  ) );
#4735 = ORIENTED_EDGE('',*,*,#4736,.T.);
#4736 = EDGE_CURVE('',#4714,#2429,#4737,.T.);
#4737 = SURFACE_CURVE('',#4738,(#4742,#4749),.PCURVE_S1.);
#4738 = LINE('',#4739,#4740);
#4739 = CARTESIAN_POINT('',(34.75,-3.315,13.25));
#4740 = VECTOR('',#4741,1.);
#4741 = DIRECTION('',(1.,0.,0.));
#4742 = PCURVE('',#2469,#4743);
#4743 = DEFINITIONAL_REPRESENTATION('',(#4744),#4748);
#4744 = LINE('',#4745,#4746);
#4745 = CARTESIAN_POINT('',(0.,0.));
#4746 = VECTOR('',#4747,1.);
#4747 = DIRECTION('',(1.,0.));
#4748 = ( GEOMETRIC_REPRESENTATION_CONTEXT(2) 
PARAMETRIC_REPRESENTATION_CONTEXT() REPRESENTATION_CONTEXT('2D SPACE',''
  ) );
#4749 = PCURVE('',#2443,#4750);
#4750 = DEFINITIONAL_REPRESENTATION('',(#4751),#4755);
#4751 = LINE('',#4752,#4753);
#4752 = CARTESIAN_POINT('',(8.5,0.));
#4753 = VECTOR('',#4754,1.);
#4754 = DIRECTION('',(0.,1.));
#4755 = ( GEOMETRIC_REPRESENTATION_CONTEXT(2) 
PARAMETRIC_REPRESENTATION_CONTEXT() REPRESENTATION_CONTEXT('2D SPACE',''
  ) );
#4756 = ORIENTED_EDGE('',*,*,#2454,.F.);
#4757 = ADVANCED_FACE('',(#4758),#2443,.T.);
#4758 = FACE_BOUND('',#4759,.T.);
#4759 = EDGE_LOOP('',(#4760,#4761,#4782,#4783));
#4760 = ORIENTED_EDGE('',*,*,#4638,.F.);
#4761 = ORIENTED_EDGE('',*,*,#4762,.T.);
#4762 = EDGE_CURVE('',#4611,#4714,#4763,.T.);
#4763 = SURFACE_CURVE('',#4764,(#4768,#4775),.PCURVE_S1.);
#4764 = LINE('',#4765,#4766);
#4765 = CARTESIAN_POINT('',(34.75,-3.315,4.75));
#4766 = VECTOR('',#4767,1.);
#4767 = DIRECTION('',(0.,0.,1.));
#4768 = PCURVE('',#2443,#4769);
#4769 = DEFINITIONAL_REPRESENTATION('',(#4770),#4774);
#4770 = LINE('',#4771,#4772);
#4771 = CARTESIAN_POINT('',(0.,0.));
#4772 = VECTOR('',#4773,1.);
#4773 = DIRECTION('',(1.,0.));
#4774 = ( GEOMETRIC_REPRESENTATION_CONTEXT(2) 
PARAMETRIC_REPRESENTATION_CONTEXT() REPRESENTATION_CONTEXT('2D SPACE',''
  ) );
#4775 = PCURVE('',#4626,#4776);
#4776 = DEFINITIONAL_REPRESENTATION('',(#4777),#4781);
#4777 = LINE('',#4778,#4779);
#4778 = CARTESIAN_POINT('',(0.,0.));
#4779 = VECTOR('',#4780,1.);
#4780 = DIRECTION('',(1.,0.));
#4781 = ( GEOMETRIC_REPRESENTATION_CONTEXT(2) 
PARAMETRIC_REPRESENTATION_CONTEXT() REPRESENTATION_CONTEXT('2D SPACE',''
  ) );
#4782 = ORIENTED_EDGE('',*,*,#4736,.T.);
#4783 = ORIENTED_EDGE('',*,*,#2428,.F.);
#4784 = ADVANCED_FACE('',(#4785),#2627,.T.);
#4785 = FACE_BOUND('',#4786,.T.);
#4786 = EDGE_LOOP('',(#4787,#4810,#4838,#4859));
#4787 = ORIENTED_EDGE('',*,*,#4788,.F.);
#4788 = EDGE_CURVE('',#4789,#2611,#4791,.T.);
#4789 = VERTEX_POINT('',#4790);
#4790 = CARTESIAN_POINT('',(31.781491074721,32.574867598238,4.75));
#4791 = SURFACE_CURVE('',#4792,(#4796,#4803),.PCURVE_S1.);
#4792 = LINE('',#4793,#4794);
#4793 = CARTESIAN_POINT('',(31.781491074721,32.574867598238,4.75));
#4794 = VECTOR('',#4795,1.);
#4795 = DIRECTION('',(0.882947592859,0.469471562786,0.));
#4796 = PCURVE('',#2627,#4797);
#4797 = DEFINITIONAL_REPRESENTATION('',(#4798),#4802);
#4798 = LINE('',#4799,#4800);
#4799 = CARTESIAN_POINT('',(0.,6.63));
#4800 = VECTOR('',#4801,1.);
#4801 = DIRECTION('',(1.,0.));
#4802 = ( GEOMETRIC_REPRESENTATION_CONTEXT(2) 
PARAMETRIC_REPRESENTATION_CONTEXT() REPRESENTATION_CONTEXT('2D SPACE',''
  ) );
#4803 = PCURVE('',#2703,#4804);
#4804 = DEFINITIONAL_REPRESENTATION('',(#4805),#4809);
#4805 = LINE('',#4806,#4807);
#4806 = CARTESIAN_POINT('',(0.,0.));
#4807 = VECTOR('',#4808,1.);
#4808 = DIRECTION('',(0.,1.));
#4809 = ( GEOMETRIC_REPRESENTATION_CONTEXT(2) 
PARAMETRIC_REPRESENTATION_CONTEXT() REPRESENTATION_CONTEXT('2D SPACE',''
  ) );
#4810 = ORIENTED_EDGE('',*,*,#4811,.F.);
#4811 = EDGE_CURVE('',#4812,#4789,#4814,.T.);
#4812 = VERTEX_POINT('',#4813);
#4813 = CARTESIAN_POINT('',(34.894087535991,26.720925057583,4.75));
#4814 = SURFACE_CURVE('',#4815,(#4819,#4826),.PCURVE_S1.);
#4815 = LINE('',#4816,#4817);
#4816 = CARTESIAN_POINT('',(34.894087535991,26.720925057583,4.75));
#4817 = VECTOR('',#4818,1.);
#4818 = DIRECTION('',(-0.469471562786,0.882947592859,0.));
#4819 = PCURVE('',#2627,#4820);
#4820 = DEFINITIONAL_REPRESENTATION('',(#4821),#4825);
#4821 = LINE('',#4822,#4823);
#4822 = CARTESIAN_POINT('',(0.,0.));
#4823 = VECTOR('',#4824,1.);
#4824 = DIRECTION('',(0.,1.));
#4825 = ( GEOMETRIC_REPRESENTATION_CONTEXT(2) 
PARAMETRIC_REPRESENTATION_CONTEXT() REPRESENTATION_CONTEXT('2D SPACE',''
  ) );
#4826 = PCURVE('',#4827,#4832);
#4827 = PLANE('',#4828);
#4828 = AXIS2_PLACEMENT_3D('',#4829,#4830,#4831);
#4829 = CARTESIAN_POINT('',(34.894087535991,26.720925057583,4.75));
#4830 = DIRECTION('',(0.882947592859,0.469471562786,0.));
#4831 = DIRECTION('',(0.,0.,1.));
#4832 = DEFINITIONAL_REPRESENTATION('',(#4833),#4837);
#4833 = LINE('',#4834,#4835);
#4834 = CARTESIAN_POINT('',(0.,0.));
#4835 = VECTOR('',#4836,1.);
#4836 = DIRECTION('',(0.,-1.));
#4837 = ( GEOMETRIC_REPRESENTATION_CONTEXT(2) 
PARAMETRIC_REPRESENTATION_CONTEXT() REPRESENTATION_CONTEXT('2D SPACE',''
  ) );
#4838 = ORIENTED_EDGE('',*,*,#4839,.T.);
#4839 = EDGE_CURVE('',#4812,#2613,#4840,.T.);
#4840 = SURFACE_CURVE('',#4841,(#4845,#4852),.PCURVE_S1.);
#4841 = LINE('',#4842,#4843);
#4842 = CARTESIAN_POINT('',(34.894087535991,26.720925057583,4.75));
#4843 = VECTOR('',#4844,1.);
#4844 = DIRECTION('',(0.882947592859,0.469471562786,0.));
#4845 = PCURVE('',#2627,#4846);
#4846 = DEFINITIONAL_REPRESENTATION('',(#4847),#4851);
#4847 = LINE('',#4848,#4849);
#4848 = CARTESIAN_POINT('',(0.,0.));
#4849 = VECTOR('',#4850,1.);
#4850 = DIRECTION('',(1.,0.));
#4851 = ( GEOMETRIC_REPRESENTATION_CONTEXT(2) 
PARAMETRIC_REPRESENTATION_CONTEXT() REPRESENTATION_CONTEXT('2D SPACE',''
  ) );
#4852 = PCURVE('',#2653,#4853);
#4853 = DEFINITIONAL_REPRESENTATION('',(#4854),#4858);
#4854 = LINE('',#4855,#4856);
#4855 = CARTESIAN_POINT('',(0.,0.));
#4856 = VECTOR('',#4857,1.);
#4857 = DIRECTION('',(0.,1.));
#4858 = ( GEOMETRIC_REPRESENTATION_CONTEXT(2) 
PARAMETRIC_REPRESENTATION_CONTEXT() REPRESENTATION_CONTEXT('2D SPACE',''
  ) );
#4859 = ORIENTED_EDGE('',*,*,#2610,.F.);
#4860 = ADVANCED_FACE('',(#4861),#2703,.F.);
#4861 = FACE_BOUND('',#4862,.F.);
#4862 = EDGE_LOOP('',(#4863,#4864,#4887,#4908));
#4863 = ORIENTED_EDGE('',*,*,#4788,.F.);
#4864 = ORIENTED_EDGE('',*,*,#4865,.T.);
#4865 = EDGE_CURVE('',#4789,#4866,#4868,.T.);
#4866 = VERTEX_POINT('',#4867);
#4867 = CARTESIAN_POINT('',(31.781491074721,32.574867598238,13.25));
#4868 = SURFACE_CURVE('',#4869,(#4873,#4880),.PCURVE_S1.);
#4869 = LINE('',#4870,#4871);
#4870 = CARTESIAN_POINT('',(31.781491074721,32.574867598238,4.75));
#4871 = VECTOR('',#4872,1.);
#4872 = DIRECTION('',(0.,0.,1.));
#4873 = PCURVE('',#2703,#4874);
#4874 = DEFINITIONAL_REPRESENTATION('',(#4875),#4879);
#4875 = LINE('',#4876,#4877);
#4876 = CARTESIAN_POINT('',(0.,0.));
#4877 = VECTOR('',#4878,1.);
#4878 = DIRECTION('',(1.,0.));
#4879 = ( GEOMETRIC_REPRESENTATION_CONTEXT(2) 
PARAMETRIC_REPRESENTATION_CONTEXT() REPRESENTATION_CONTEXT('2D SPACE',''
  ) );
#4880 = PCURVE('',#4827,#4881);
#4881 = DEFINITIONAL_REPRESENTATION('',(#4882),#4886);
#4882 = LINE('',#4883,#4884);
#4883 = CARTESIAN_POINT('',(0.,-6.63));
#4884 = VECTOR('',#4885,1.);
#4885 = DIRECTION('',(1.,0.));
#4886 = ( GEOMETRIC_REPRESENTATION_CONTEXT(2) 
PARAMETRIC_REPRESENTATION_CONTEXT() REPRESENTATION_CONTEXT('2D SPACE',''
  ) );
#4887 = ORIENTED_EDGE('',*,*,#4888,.T.);
#4888 = EDGE_CURVE('',#4866,#2665,#4889,.T.);
#4889 = SURFACE_CURVE('',#4890,(#4894,#4901),.PCURVE_S1.);
#4890 = LINE('',#4891,#4892);
#4891 = CARTESIAN_POINT('',(31.781491074721,32.574867598238,13.25));
#4892 = VECTOR('',#4893,1.);
#4893 = DIRECTION('',(0.882947592859,0.469471562786,0.));
#4894 = PCURVE('',#2703,#4895);
#4895 = DEFINITIONAL_REPRESENTATION('',(#4896),#4900);
#4896 = LINE('',#4897,#4898);
#4897 = CARTESIAN_POINT('',(8.5,0.));
#4898 = VECTOR('',#4899,1.);
#4899 = DIRECTION('',(0.,1.));
#4900 = ( GEOMETRIC_REPRESENTATION_CONTEXT(2) 
PARAMETRIC_REPRESENTATION_CONTEXT() REPRESENTATION_CONTEXT('2D SPACE',''
  ) );
#4901 = PCURVE('',#2679,#4902);
#4902 = DEFINITIONAL_REPRESENTATION('',(#4903),#4907);
#4903 = LINE('',#4904,#4905);
#4904 = CARTESIAN_POINT('',(0.,6.63));
#4905 = VECTOR('',#4906,1.);
#4906 = DIRECTION('',(1.,0.));
#4907 = ( GEOMETRIC_REPRESENTATION_CONTEXT(2) 
PARAMETRIC_REPRESENTATION_CONTEXT() REPRESENTATION_CONTEXT('2D SPACE',''
  ) );
#4908 = ORIENTED_EDGE('',*,*,#2690,.F.);
#4909 = ADVANCED_FACE('',(#4910),#2679,.F.);
#4910 = FACE_BOUND('',#4911,.F.);
#4911 = EDGE_LOOP('',(#4912,#4913,#4936,#4957));
#4912 = ORIENTED_EDGE('',*,*,#4888,.F.);
#4913 = ORIENTED_EDGE('',*,*,#4914,.F.);
#4914 = EDGE_CURVE('',#4915,#4866,#4917,.T.);
#4915 = VERTEX_POINT('',#4916);
#4916 = CARTESIAN_POINT('',(34.894087535991,26.720925057583,13.25));
#4917 = SURFACE_CURVE('',#4918,(#4922,#4929),.PCURVE_S1.);
#4918 = LINE('',#4919,#4920);
#4919 = CARTESIAN_POINT('',(34.894087535991,26.720925057583,13.25));
#4920 = VECTOR('',#4921,1.);
#4921 = DIRECTION('',(-0.469471562786,0.882947592859,0.));
#4922 = PCURVE('',#2679,#4923);
#4923 = DEFINITIONAL_REPRESENTATION('',(#4924),#4928);
#4924 = LINE('',#4925,#4926);
#4925 = CARTESIAN_POINT('',(0.,0.));
#4926 = VECTOR('',#4927,1.);
#4927 = DIRECTION('',(0.,1.));
#4928 = ( GEOMETRIC_REPRESENTATION_CONTEXT(2) 
PARAMETRIC_REPRESENTATION_CONTEXT() REPRESENTATION_CONTEXT('2D SPACE',''
  ) );
#4929 = PCURVE('',#4827,#4930);
#4930 = DEFINITIONAL_REPRESENTATION('',(#4931),#4935);
#4931 = LINE('',#4932,#4933);
#4932 = CARTESIAN_POINT('',(8.5,0.));
#4933 = VECTOR('',#4934,1.);
#4934 = DIRECTION('',(0.,-1.));
#4935 = ( GEOMETRIC_REPRESENTATION_CONTEXT(2) 
PARAMETRIC_REPRESENTATION_CONTEXT() REPRESENTATION_CONTEXT('2D SPACE',''
  ) );
#4936 = ORIENTED_EDGE('',*,*,#4937,.T.);
#4937 = EDGE_CURVE('',#4915,#2639,#4938,.T.);
#4938 = SURFACE_CURVE('',#4939,(#4943,#4950),.PCURVE_S1.);
#4939 = LINE('',#4940,#4941);
#4940 = CARTESIAN_POINT('',(34.894087535991,26.720925057583,13.25));
#4941 = VECTOR('',#4942,1.);
#4942 = DIRECTION('',(0.882947592859,0.469471562786,0.));
#4943 = PCURVE('',#2679,#4944);
#4944 = DEFINITIONAL_REPRESENTATION('',(#4945),#4949);
#4945 = LINE('',#4946,#4947);
#4946 = CARTESIAN_POINT('',(0.,0.));
#4947 = VECTOR('',#4948,1.);
#4948 = DIRECTION('',(1.,0.));
#4949 = ( GEOMETRIC_REPRESENTATION_CONTEXT(2) 
PARAMETRIC_REPRESENTATION_CONTEXT() REPRESENTATION_CONTEXT('2D SPACE',''
  ) );
#4950 = PCURVE('',#2653,#4951);
#4951 = DEFINITIONAL_REPRESENTATION('',(#4952),#4956);
#4952 = LINE('',#4953,#4954);
#4953 = CARTESIAN_POINT('',(8.5,0.));
#4954 = VECTOR('',#4955,1.);
#4955 = DIRECTION('',(0.,1.));
#4956 = ( GEOMETRIC_REPRESENTATION_CONTEXT(2) 
PARAMETRIC_REPRESENTATION_CONTEXT() REPRESENTATION_CONTEXT('2D SPACE',''
  ) );
#4957 = ORIENTED_EDGE('',*,*,#2664,.F.);
#4958 = ADVANCED_FACE('',(#4959),#2653,.T.);
#4959 = FACE_BOUND('',#4960,.T.);
#4960 = EDGE_LOOP('',(#4961,#4962,#4983,#4984));
#4961 = ORIENTED_EDGE('',*,*,#4839,.F.);
#4962 = ORIENTED_EDGE('',*,*,#4963,.T.);
#4963 = EDGE_CURVE('',#4812,#4915,#4964,.T.);
#4964 = SURFACE_CURVE('',#4965,(#4969,#4976),.PCURVE_S1.);
#4965 = LINE('',#4966,#4967);
#4966 = CARTESIAN_POINT('',(34.894087535991,26.720925057583,4.75));
#4967 = VECTOR('',#4968,1.);
#4968 = DIRECTION('',(0.,0.,1.));
#4969 = PCURVE('',#2653,#4970);
#4970 = DEFINITIONAL_REPRESENTATION('',(#4971),#4975);
#4971 = LINE('',#4972,#4973);
#4972 = CARTESIAN_POINT('',(0.,0.));
#4973 = VECTOR('',#4974,1.);
#4974 = DIRECTION('',(1.,0.));
#4975 = ( GEOMETRIC_REPRESENTATION_CONTEXT(2) 
PARAMETRIC_REPRESENTATION_CONTEXT() REPRESENTATION_CONTEXT('2D SPACE',''
  ) );
#4976 = PCURVE('',#4827,#4977);
#4977 = DEFINITIONAL_REPRESENTATION('',(#4978),#4982);
#4978 = LINE('',#4979,#4980);
#4979 = CARTESIAN_POINT('',(0.,0.));
#4980 = VECTOR('',#4981,1.);
#4981 = DIRECTION('',(1.,0.));
#4982 = ( GEOMETRIC_REPRESENTATION_CONTEXT(2) 
PARAMETRIC_REPRESENTATION_CONTEXT() REPRESENTATION_CONTEXT('2D SPACE',''
  ) );
#4983 = ORIENTED_EDGE('',*,*,#4937,.T.);
#4984 = ORIENTED_EDGE('',*,*,#2638,.F.);
#4985 = ADVANCED_FACE('',(#4986),#2891,.T.);
#4986 = FACE_BOUND('',#4987,.T.);
#4987 = EDGE_LOOP('',(#4988,#5011,#5039,#5060));
#4988 = ORIENTED_EDGE('',*,*,#4989,.F.);
#4989 = EDGE_CURVE('',#4990,#2875,#4992,.T.);
#4990 = VERTEX_POINT('',#4991);
#4991 = CARTESIAN_POINT('',(-34.89408753599,26.720925057583,4.75));
#4992 = SURFACE_CURVE('',#4993,(#4997,#5004),.PCURVE_S1.);
#4993 = LINE('',#4994,#4995);
#4994 = CARTESIAN_POINT('',(-34.89408753599,26.720925057583,4.75));
#4995 = VECTOR('',#4996,1.);
#4996 = DIRECTION('',(-0.882947592859,0.469471562786,0.));
#4997 = PCURVE('',#2891,#4998);
#4998 = DEFINITIONAL_REPRESENTATION('',(#4999),#5003);
#4999 = LINE('',#5000,#5001);
#5000 = CARTESIAN_POINT('',(0.,6.63));
#5001 = VECTOR('',#5002,1.);
#5002 = DIRECTION('',(1.,0.));
#5003 = ( GEOMETRIC_REPRESENTATION_CONTEXT(2) 
PARAMETRIC_REPRESENTATION_CONTEXT() REPRESENTATION_CONTEXT('2D SPACE',''
  ) );
#5004 = PCURVE('',#2967,#5005);
#5005 = DEFINITIONAL_REPRESENTATION('',(#5006),#5010);
#5006 = LINE('',#5007,#5008);
#5007 = CARTESIAN_POINT('',(0.,0.));
#5008 = VECTOR('',#5009,1.);
#5009 = DIRECTION('',(0.,1.));
#5010 = ( GEOMETRIC_REPRESENTATION_CONTEXT(2) 
PARAMETRIC_REPRESENTATION_CONTEXT() REPRESENTATION_CONTEXT('2D SPACE',''
  ) );
#5011 = ORIENTED_EDGE('',*,*,#5012,.F.);
#5012 = EDGE_CURVE('',#5013,#4990,#5015,.T.);
#5013 = VERTEX_POINT('',#5014);
#5014 = CARTESIAN_POINT('',(-31.78149107472,32.574867598238,4.75));
#5015 = SURFACE_CURVE('',#5016,(#5020,#5027),.PCURVE_S1.);
#5016 = LINE('',#5017,#5018);
#5017 = CARTESIAN_POINT('',(-31.78149107472,32.574867598238,4.75));
#5018 = VECTOR('',#5019,1.);
#5019 = DIRECTION('',(-0.469471562786,-0.882947592859,0.));
#5020 = PCURVE('',#2891,#5021);
#5021 = DEFINITIONAL_REPRESENTATION('',(#5022),#5026);
#5022 = LINE('',#5023,#5024);
#5023 = CARTESIAN_POINT('',(0.,0.));
#5024 = VECTOR('',#5025,1.);
#5025 = DIRECTION('',(0.,1.));
#5026 = ( GEOMETRIC_REPRESENTATION_CONTEXT(2) 
PARAMETRIC_REPRESENTATION_CONTEXT() REPRESENTATION_CONTEXT('2D SPACE',''
  ) );
#5027 = PCURVE('',#5028,#5033);
#5028 = PLANE('',#5029);
#5029 = AXIS2_PLACEMENT_3D('',#5030,#5031,#5032);
#5030 = CARTESIAN_POINT('',(-31.78149107472,32.574867598238,4.75));
#5031 = DIRECTION('',(-0.882947592859,0.469471562786,0.));
#5032 = DIRECTION('',(0.,0.,1.));
#5033 = DEFINITIONAL_REPRESENTATION('',(#5034),#5038);
#5034 = LINE('',#5035,#5036);
#5035 = CARTESIAN_POINT('',(0.,0.));
#5036 = VECTOR('',#5037,1.);
#5037 = DIRECTION('',(0.,-1.));
#5038 = ( GEOMETRIC_REPRESENTATION_CONTEXT(2) 
PARAMETRIC_REPRESENTATION_CONTEXT() REPRESENTATION_CONTEXT('2D SPACE',''
  ) );
#5039 = ORIENTED_EDGE('',*,*,#5040,.T.);
#5040 = EDGE_CURVE('',#5013,#2877,#5041,.T.);
#5041 = SURFACE_CURVE('',#5042,(#5046,#5053),.PCURVE_S1.);
#5042 = LINE('',#5043,#5044);
#5043 = CARTESIAN_POINT('',(-31.78149107472,32.574867598238,4.75));
#5044 = VECTOR('',#5045,1.);
#5045 = DIRECTION('',(-0.882947592859,0.469471562786,0.));
#5046 = PCURVE('',#2891,#5047);
#5047 = DEFINITIONAL_REPRESENTATION('',(#5048),#5052);
#5048 = LINE('',#5049,#5050);
#5049 = CARTESIAN_POINT('',(0.,0.));
#5050 = VECTOR('',#5051,1.);
#5051 = DIRECTION('',(1.,0.));
#5052 = ( GEOMETRIC_REPRESENTATION_CONTEXT(2) 
PARAMETRIC_REPRESENTATION_CONTEXT() REPRESENTATION_CONTEXT('2D SPACE',''
  ) );
#5053 = PCURVE('',#2917,#5054);
#5054 = DEFINITIONAL_REPRESENTATION('',(#5055),#5059);
#5055 = LINE('',#5056,#5057);
#5056 = CARTESIAN_POINT('',(0.,0.));
#5057 = VECTOR('',#5058,1.);
#5058 = DIRECTION('',(0.,1.));
#5059 = ( GEOMETRIC_REPRESENTATION_CONTEXT(2) 
PARAMETRIC_REPRESENTATION_CONTEXT() REPRESENTATION_CONTEXT('2D SPACE',''
  ) );
#5060 = ORIENTED_EDGE('',*,*,#2874,.F.);
#5061 = ADVANCED_FACE('',(#5062),#2967,.F.);
#5062 = FACE_BOUND('',#5063,.F.);
#5063 = EDGE_LOOP('',(#5064,#5065,#5088,#5109));
#5064 = ORIENTED_EDGE('',*,*,#4989,.F.);
#5065 = ORIENTED_EDGE('',*,*,#5066,.T.);
#5066 = EDGE_CURVE('',#4990,#5067,#5069,.T.);
#5067 = VERTEX_POINT('',#5068);
#5068 = CARTESIAN_POINT('',(-34.89408753599,26.720925057583,13.25));
#5069 = SURFACE_CURVE('',#5070,(#5074,#5081),.PCURVE_S1.);
#5070 = LINE('',#5071,#5072);
#5071 = CARTESIAN_POINT('',(-34.89408753599,26.720925057583,4.75));
#5072 = VECTOR('',#5073,1.);
#5073 = DIRECTION('',(0.,0.,1.));
#5074 = PCURVE('',#2967,#5075);
#5075 = DEFINITIONAL_REPRESENTATION('',(#5076),#5080);
#5076 = LINE('',#5077,#5078);
#5077 = CARTESIAN_POINT('',(0.,0.));
#5078 = VECTOR('',#5079,1.);
#5079 = DIRECTION('',(1.,0.));
#5080 = ( GEOMETRIC_REPRESENTATION_CONTEXT(2) 
PARAMETRIC_REPRESENTATION_CONTEXT() REPRESENTATION_CONTEXT('2D SPACE',''
  ) );
#5081 = PCURVE('',#5028,#5082);
#5082 = DEFINITIONAL_REPRESENTATION('',(#5083),#5087);
#5083 = LINE('',#5084,#5085);
#5084 = CARTESIAN_POINT('',(0.,-6.63));
#5085 = VECTOR('',#5086,1.);
#5086 = DIRECTION('',(1.,0.));
#5087 = ( GEOMETRIC_REPRESENTATION_CONTEXT(2) 
PARAMETRIC_REPRESENTATION_CONTEXT() REPRESENTATION_CONTEXT('2D SPACE',''
  ) );
#5088 = ORIENTED_EDGE('',*,*,#5089,.T.);
#5089 = EDGE_CURVE('',#5067,#2929,#5090,.T.);
#5090 = SURFACE_CURVE('',#5091,(#5095,#5102),.PCURVE_S1.);
#5091 = LINE('',#5092,#5093);
#5092 = CARTESIAN_POINT('',(-34.89408753599,26.720925057583,13.25));
#5093 = VECTOR('',#5094,1.);
#5094 = DIRECTION('',(-0.882947592859,0.469471562786,0.));
#5095 = PCURVE('',#2967,#5096);
#5096 = DEFINITIONAL_REPRESENTATION('',(#5097),#5101);
#5097 = LINE('',#5098,#5099);
#5098 = CARTESIAN_POINT('',(8.5,0.));
#5099 = VECTOR('',#5100,1.);
#5100 = DIRECTION('',(0.,1.));
#5101 = ( GEOMETRIC_REPRESENTATION_CONTEXT(2) 
PARAMETRIC_REPRESENTATION_CONTEXT() REPRESENTATION_CONTEXT('2D SPACE',''
  ) );
#5102 = PCURVE('',#2943,#5103);
#5103 = DEFINITIONAL_REPRESENTATION('',(#5104),#5108);
#5104 = LINE('',#5105,#5106);
#5105 = CARTESIAN_POINT('',(0.,6.63));
#5106 = VECTOR('',#5107,1.);
#5107 = DIRECTION('',(1.,0.));
#5108 = ( GEOMETRIC_REPRESENTATION_CONTEXT(2) 
PARAMETRIC_REPRESENTATION_CONTEXT() REPRESENTATION_CONTEXT('2D SPACE',''
  ) );
#5109 = ORIENTED_EDGE('',*,*,#2954,.F.);
#5110 = ADVANCED_FACE('',(#5111),#2943,.F.);
#5111 = FACE_BOUND('',#5112,.F.);
#5112 = EDGE_LOOP('',(#5113,#5114,#5137,#5158));
#5113 = ORIENTED_EDGE('',*,*,#5089,.F.);
#5114 = ORIENTED_EDGE('',*,*,#5115,.F.);
#5115 = EDGE_CURVE('',#5116,#5067,#5118,.T.);
#5116 = VERTEX_POINT('',#5117);
#5117 = CARTESIAN_POINT('',(-31.78149107472,32.574867598238,13.25));
#5118 = SURFACE_CURVE('',#5119,(#5123,#5130),.PCURVE_S1.);
#5119 = LINE('',#5120,#5121);
#5120 = CARTESIAN_POINT('',(-31.78149107472,32.574867598238,13.25));
#5121 = VECTOR('',#5122,1.);
#5122 = DIRECTION('',(-0.469471562786,-0.882947592859,0.));
#5123 = PCURVE('',#2943,#5124);
#5124 = DEFINITIONAL_REPRESENTATION('',(#5125),#5129);
#5125 = LINE('',#5126,#5127);
#5126 = CARTESIAN_POINT('',(0.,0.));
#5127 = VECTOR('',#5128,1.);
#5128 = DIRECTION('',(0.,1.));
#5129 = ( GEOMETRIC_REPRESENTATION_CONTEXT(2) 
PARAMETRIC_REPRESENTATION_CONTEXT() REPRESENTATION_CONTEXT('2D SPACE',''
  ) );
#5130 = PCURVE('',#5028,#5131);
#5131 = DEFINITIONAL_REPRESENTATION('',(#5132),#5136);
#5132 = LINE('',#5133,#5134);
#5133 = CARTESIAN_POINT('',(8.5,0.));
#5134 = VECTOR('',#5135,1.);
#5135 = DIRECTION('',(0.,-1.));
#5136 = ( GEOMETRIC_REPRESENTATION_CONTEXT(2) 
PARAMETRIC_REPRESENTATION_CONTEXT() REPRESENTATION_CONTEXT('2D SPACE',''
  ) );
#5137 = ORIENTED_EDGE('',*,*,#5138,.T.);
#5138 = EDGE_CURVE('',#5116,#2903,#5139,.T.);
#5139 = SURFACE_CURVE('',#5140,(#5144,#5151),.PCURVE_S1.);
#5140 = LINE('',#5141,#5142);
#5141 = CARTESIAN_POINT('',(-31.78149107472,32.574867598238,13.25));
#5142 = VECTOR('',#5143,1.);
#5143 = DIRECTION('',(-0.882947592859,0.469471562786,0.));
#5144 = PCURVE('',#2943,#5145);
#5145 = DEFINITIONAL_REPRESENTATION('',(#5146),#5150);
#5146 = LINE('',#5147,#5148);
#5147 = CARTESIAN_POINT('',(0.,0.));
#5148 = VECTOR('',#5149,1.);
#5149 = DIRECTION('',(1.,0.));
#5150 = ( GEOMETRIC_REPRESENTATION_CONTEXT(2) 
PARAMETRIC_REPRESENTATION_CONTEXT() REPRESENTATION_CONTEXT('2D SPACE',''
  ) );
#5151 = PCURVE('',#2917,#5152);
#5152 = DEFINITIONAL_REPRESENTATION('',(#5153),#5157);
#5153 = LINE('',#5154,#5155);
#5154 = CARTESIAN_POINT('',(8.5,0.));
#5155 = VECTOR('',#5156,1.);
#5156 = DIRECTION('',(0.,1.));
#5157 = ( GEOMETRIC_REPRESENTATION_CONTEXT(2) 
PARAMETRIC_REPRESENTATION_CONTEXT() REPRESENTATION_CONTEXT('2D SPACE',''
  ) );
#5158 = ORIENTED_EDGE('',*,*,#2928,.F.);
#5159 = ADVANCED_FACE('',(#5160),#2917,.T.);
#5160 = FACE_BOUND('',#5161,.T.);
#5161 = EDGE_LOOP('',(#5162,#5163,#5184,#5185));
#5162 = ORIENTED_EDGE('',*,*,#5040,.F.);
#5163 = ORIENTED_EDGE('',*,*,#5164,.T.);
#5164 = EDGE_CURVE('',#5013,#5116,#5165,.T.);
#5165 = SURFACE_CURVE('',#5166,(#5170,#5177),.PCURVE_S1.);
#5166 = LINE('',#5167,#5168);
#5167 = CARTESIAN_POINT('',(-31.78149107472,32.574867598238,4.75));
#5168 = VECTOR('',#5169,1.);
#5169 = DIRECTION('',(0.,0.,1.));
#5170 = PCURVE('',#2917,#5171);
#5171 = DEFINITIONAL_REPRESENTATION('',(#5172),#5176);
#5172 = LINE('',#5173,#5174);
#5173 = CARTESIAN_POINT('',(0.,0.));
#5174 = VECTOR('',#5175,1.);
#5175 = DIRECTION('',(1.,0.));
#5176 = ( GEOMETRIC_REPRESENTATION_CONTEXT(2) 
PARAMETRIC_REPRESENTATION_CONTEXT() REPRESENTATION_CONTEXT('2D SPACE',''
  ) );
#5177 = PCURVE('',#5028,#5178);
#5178 = DEFINITIONAL_REPRESENTATION('',(#5179),#5183);
#5179 = LINE('',#5180,#5181);
#5180 = CARTESIAN_POINT('',(0.,0.));
#5181 = VECTOR('',#5182,1.);
#5182 = DIRECTION('',(1.,0.));
#5183 = ( GEOMETRIC_REPRESENTATION_CONTEXT(2) 
PARAMETRIC_REPRESENTATION_CONTEXT() REPRESENTATION_CONTEXT('2D SPACE',''
  ) );
#5184 = ORIENTED_EDGE('',*,*,#5138,.T.);
#5185 = ORIENTED_EDGE('',*,*,#2902,.F.);
#5186 = ADVANCED_FACE('',(#5187),#3101,.T.);
#5187 = FACE_BOUND('',#5188,.T.);
#5188 = EDGE_LOOP('',(#5189,#5212,#5240,#5261));
#5189 = ORIENTED_EDGE('',*,*,#5190,.F.);
#5190 = EDGE_CURVE('',#5191,#3085,#5193,.T.);
#5191 = VERTEX_POINT('',#5192);
#5192 = CARTESIAN_POINT('',(-34.75,-3.315,4.75));
#5193 = SURFACE_CURVE('',#5194,(#5198,#5205),.PCURVE_S1.);
#5194 = LINE('',#5195,#5196);
#5195 = CARTESIAN_POINT('',(-34.75,-3.315,4.75));
#5196 = VECTOR('',#5197,1.);
#5197 = DIRECTION('',(-1.,1.224646799147E-16,0.));
#5198 = PCURVE('',#3101,#5199);
#5199 = DEFINITIONAL_REPRESENTATION('',(#5200),#5204);
#5200 = LINE('',#5201,#5202);
#5201 = CARTESIAN_POINT('',(0.,6.63));
#5202 = VECTOR('',#5203,1.);
#5203 = DIRECTION('',(1.,0.));
#5204 = ( GEOMETRIC_REPRESENTATION_CONTEXT(2) 
PARAMETRIC_REPRESENTATION_CONTEXT() REPRESENTATION_CONTEXT('2D SPACE',''
  ) );
#5205 = PCURVE('',#3177,#5206);
#5206 = DEFINITIONAL_REPRESENTATION('',(#5207),#5211);
#5207 = LINE('',#5208,#5209);
#5208 = CARTESIAN_POINT('',(0.,0.));
#5209 = VECTOR('',#5210,1.);
#5210 = DIRECTION('',(0.,1.));
#5211 = ( GEOMETRIC_REPRESENTATION_CONTEXT(2) 
PARAMETRIC_REPRESENTATION_CONTEXT() REPRESENTATION_CONTEXT('2D SPACE',''
  ) );
#5212 = ORIENTED_EDGE('',*,*,#5213,.F.);
#5213 = EDGE_CURVE('',#5214,#5191,#5216,.T.);
#5214 = VERTEX_POINT('',#5215);
#5215 = CARTESIAN_POINT('',(-34.75,3.315,4.75));
#5216 = SURFACE_CURVE('',#5217,(#5221,#5228),.PCURVE_S1.);
#5217 = LINE('',#5218,#5219);
#5218 = CARTESIAN_POINT('',(-34.75,3.315,4.75));
#5219 = VECTOR('',#5220,1.);
#5220 = DIRECTION('',(-1.224646799147E-16,-1.,0.));
#5221 = PCURVE('',#3101,#5222);
#5222 = DEFINITIONAL_REPRESENTATION('',(#5223),#5227);
#5223 = LINE('',#5224,#5225);
#5224 = CARTESIAN_POINT('',(0.,0.));
#5225 = VECTOR('',#5226,1.);
#5226 = DIRECTION('',(0.,1.));
#5227 = ( GEOMETRIC_REPRESENTATION_CONTEXT(2) 
PARAMETRIC_REPRESENTATION_CONTEXT() REPRESENTATION_CONTEXT('2D SPACE',''
  ) );
#5228 = PCURVE('',#5229,#5234);
#5229 = PLANE('',#5230);
#5230 = AXIS2_PLACEMENT_3D('',#5231,#5232,#5233);
#5231 = CARTESIAN_POINT('',(-34.75,3.315,4.75));
#5232 = DIRECTION('',(-1.,1.224646799147E-16,0.));
#5233 = DIRECTION('',(0.,0.,1.));
#5234 = DEFINITIONAL_REPRESENTATION('',(#5235),#5239);
#5235 = LINE('',#5236,#5237);
#5236 = CARTESIAN_POINT('',(0.,0.));
#5237 = VECTOR('',#5238,1.);
#5238 = DIRECTION('',(0.,-1.));
#5239 = ( GEOMETRIC_REPRESENTATION_CONTEXT(2) 
PARAMETRIC_REPRESENTATION_CONTEXT() REPRESENTATION_CONTEXT('2D SPACE',''
  ) );
#5240 = ORIENTED_EDGE('',*,*,#5241,.T.);
#5241 = EDGE_CURVE('',#5214,#3087,#5242,.T.);
#5242 = SURFACE_CURVE('',#5243,(#5247,#5254),.PCURVE_S1.);
#5243 = LINE('',#5244,#5245);
#5244 = CARTESIAN_POINT('',(-34.75,3.315,4.75));
#5245 = VECTOR('',#5246,1.);
#5246 = DIRECTION('',(-1.,1.224646799147E-16,0.));
#5247 = PCURVE('',#3101,#5248);
#5248 = DEFINITIONAL_REPRESENTATION('',(#5249),#5253);
#5249 = LINE('',#5250,#5251);
#5250 = CARTESIAN_POINT('',(0.,0.));
#5251 = VECTOR('',#5252,1.);
#5252 = DIRECTION('',(1.,0.));
#5253 = ( GEOMETRIC_REPRESENTATION_CONTEXT(2) 
PARAMETRIC_REPRESENTATION_CONTEXT() REPRESENTATION_CONTEXT('2D SPACE',''
  ) );
#5254 = PCURVE('',#3127,#5255);
#5255 = DEFINITIONAL_REPRESENTATION('',(#5256),#5260);
#5256 = LINE('',#5257,#5258);
#5257 = CARTESIAN_POINT('',(0.,0.));
#5258 = VECTOR('',#5259,1.);
#5259 = DIRECTION('',(0.,1.));
#5260 = ( GEOMETRIC_REPRESENTATION_CONTEXT(2) 
PARAMETRIC_REPRESENTATION_CONTEXT() REPRESENTATION_CONTEXT('2D SPACE',''
  ) );
#5261 = ORIENTED_EDGE('',*,*,#3084,.F.);
#5262 = ADVANCED_FACE('',(#5263),#3177,.F.);
#5263 = FACE_BOUND('',#5264,.F.);
#5264 = EDGE_LOOP('',(#5265,#5266,#5289,#5310));
#5265 = ORIENTED_EDGE('',*,*,#5190,.F.);
#5266 = ORIENTED_EDGE('',*,*,#5267,.T.);
#5267 = EDGE_CURVE('',#5191,#5268,#5270,.T.);
#5268 = VERTEX_POINT('',#5269);
#5269 = CARTESIAN_POINT('',(-34.75,-3.315,13.25));
#5270 = SURFACE_CURVE('',#5271,(#5275,#5282),.PCURVE_S1.);
#5271 = LINE('',#5272,#5273);
#5272 = CARTESIAN_POINT('',(-34.75,-3.315,4.75));
#5273 = VECTOR('',#5274,1.);
#5274 = DIRECTION('',(0.,0.,1.));
#5275 = PCURVE('',#3177,#5276);
#5276 = DEFINITIONAL_REPRESENTATION('',(#5277),#5281);
#5277 = LINE('',#5278,#5279);
#5278 = CARTESIAN_POINT('',(0.,0.));
#5279 = VECTOR('',#5280,1.);
#5280 = DIRECTION('',(1.,0.));
#5281 = ( GEOMETRIC_REPRESENTATION_CONTEXT(2) 
PARAMETRIC_REPRESENTATION_CONTEXT() REPRESENTATION_CONTEXT('2D SPACE',''
  ) );
#5282 = PCURVE('',#5229,#5283);
#5283 = DEFINITIONAL_REPRESENTATION('',(#5284),#5288);
#5284 = LINE('',#5285,#5286);
#5285 = CARTESIAN_POINT('',(0.,-6.63));
#5286 = VECTOR('',#5287,1.);
#5287 = DIRECTION('',(1.,0.));
#5288 = ( GEOMETRIC_REPRESENTATION_CONTEXT(2) 
PARAMETRIC_REPRESENTATION_CONTEXT() REPRESENTATION_CONTEXT('2D SPACE',''
  ) );
#5289 = ORIENTED_EDGE('',*,*,#5290,.T.);
#5290 = EDGE_CURVE('',#5268,#3139,#5291,.T.);
#5291 = SURFACE_CURVE('',#5292,(#5296,#5303),.PCURVE_S1.);
#5292 = LINE('',#5293,#5294);
#5293 = CARTESIAN_POINT('',(-34.75,-3.315,13.25));
#5294 = VECTOR('',#5295,1.);
#5295 = DIRECTION('',(-1.,1.224646799147E-16,0.));
#5296 = PCURVE('',#3177,#5297);
#5297 = DEFINITIONAL_REPRESENTATION('',(#5298),#5302);
#5298 = LINE('',#5299,#5300);
#5299 = CARTESIAN_POINT('',(8.5,0.));
#5300 = VECTOR('',#5301,1.);
#5301 = DIRECTION('',(0.,1.));
#5302 = ( GEOMETRIC_REPRESENTATION_CONTEXT(2) 
PARAMETRIC_REPRESENTATION_CONTEXT() REPRESENTATION_CONTEXT('2D SPACE',''
  ) );
#5303 = PCURVE('',#3153,#5304);
#5304 = DEFINITIONAL_REPRESENTATION('',(#5305),#5309);
#5305 = LINE('',#5306,#5307);
#5306 = CARTESIAN_POINT('',(0.,6.63));
#5307 = VECTOR('',#5308,1.);
#5308 = DIRECTION('',(1.,0.));
#5309 = ( GEOMETRIC_REPRESENTATION_CONTEXT(2) 
PARAMETRIC_REPRESENTATION_CONTEXT() REPRESENTATION_CONTEXT('2D SPACE',''
  ) );
#5310 = ORIENTED_EDGE('',*,*,#3164,.F.);
#5311 = ADVANCED_FACE('',(#5312),#3153,.F.);
#5312 = FACE_BOUND('',#5313,.F.);
#5313 = EDGE_LOOP('',(#5314,#5315,#5338,#5359));
#5314 = ORIENTED_EDGE('',*,*,#5290,.F.);
#5315 = ORIENTED_EDGE('',*,*,#5316,.F.);
#5316 = EDGE_CURVE('',#5317,#5268,#5319,.T.);
#5317 = VERTEX_POINT('',#5318);
#5318 = CARTESIAN_POINT('',(-34.75,3.315,13.25));
#5319 = SURFACE_CURVE('',#5320,(#5324,#5331),.PCURVE_S1.);
#5320 = LINE('',#5321,#5322);
#5321 = CARTESIAN_POINT('',(-34.75,3.315,13.25));
#5322 = VECTOR('',#5323,1.);
#5323 = DIRECTION('',(-1.224646799147E-16,-1.,0.));
#5324 = PCURVE('',#3153,#5325);
#5325 = DEFINITIONAL_REPRESENTATION('',(#5326),#5330);
#5326 = LINE('',#5327,#5328);
#5327 = CARTESIAN_POINT('',(0.,0.));
#5328 = VECTOR('',#5329,1.);
#5329 = DIRECTION('',(0.,1.));
#5330 = ( GEOMETRIC_REPRESENTATION_CONTEXT(2) 
PARAMETRIC_REPRESENTATION_CONTEXT() REPRESENTATION_CONTEXT('2D SPACE',''
  ) );
#5331 = PCURVE('',#5229,#5332);
#5332 = DEFINITIONAL_REPRESENTATION('',(#5333),#5337);
#5333 = LINE('',#5334,#5335);
#5334 = CARTESIAN_POINT('',(8.5,0.));
#5335 = VECTOR('',#5336,1.);
#5336 = DIRECTION('',(0.,-1.));
#5337 = ( GEOMETRIC_REPRESENTATION_CONTEXT(2) 
PARAMETRIC_REPRESENTATION_CONTEXT() REPRESENTATION_CONTEXT('2D SPACE',''
  ) );
#5338 = ORIENTED_EDGE('',*,*,#5339,.T.);
#5339 = EDGE_CURVE('',#5317,#3113,#5340,.T.);
#5340 = SURFACE_CURVE('',#5341,(#5345,#5352),.PCURVE_S1.);
#5341 = LINE('',#5342,#5343);
#5342 = CARTESIAN_POINT('',(-34.75,3.315,13.25));
#5343 = VECTOR('',#5344,1.);
#5344 = DIRECTION('',(-1.,1.224646799147E-16,0.));
#5345 = PCURVE('',#3153,#5346);
#5346 = DEFINITIONAL_REPRESENTATION('',(#5347),#5351);
#5347 = LINE('',#5348,#5349);
#5348 = CARTESIAN_POINT('',(0.,0.));
#5349 = VECTOR('',#5350,1.);
#5350 = DIRECTION('',(1.,0.));
#5351 = ( GEOMETRIC_REPRESENTATION_CONTEXT(2) 
PARAMETRIC_REPRESENTATION_CONTEXT() REPRESENTATION_CONTEXT('2D SPACE',''
  ) );
#5352 = PCURVE('',#3127,#5353);
#5353 = DEFINITIONAL_REPRESENTATION('',(#5354),#5358);
#5354 = LINE('',#5355,#5356);
#5355 = CARTESIAN_POINT('',(8.5,0.));
#5356 = VECTOR('',#5357,1.);
#5357 = DIRECTION('',(0.,1.));
#5358 = ( GEOMETRIC_REPRESENTATION_CONTEXT(2) 
PARAMETRIC_REPRESENTATION_CONTEXT() REPRESENTATION_CONTEXT('2D SPACE',''
  ) );
#5359 = ORIENTED_EDGE('',*,*,#3138,.F.);
#5360 = ADVANCED_FACE('',(#5361),#3127,.T.);
#5361 = FACE_BOUND('',#5362,.T.);
#5362 = EDGE_LOOP('',(#5363,#5364,#5385,#5386));
#5363 = ORIENTED_EDGE('',*,*,#5241,.F.);
#5364 = ORIENTED_EDGE('',*,*,#5365,.T.);
#5365 = EDGE_CURVE('',#5214,#5317,#5366,.T.);
#5366 = SURFACE_CURVE('',#5367,(#5371,#5378),.PCURVE_S1.);
#5367 = LINE('',#5368,#5369);
#5368 = CARTESIAN_POINT('',(-34.75,3.315,4.75));
#5369 = VECTOR('',#5370,1.);
#5370 = DIRECTION('',(0.,0.,1.));
#5371 = PCURVE('',#3127,#5372);
#5372 = DEFINITIONAL_REPRESENTATION('',(#5373),#5377);
#5373 = LINE('',#5374,#5375);
#5374 = CARTESIAN_POINT('',(0.,0.));
#5375 = VECTOR('',#5376,1.);
#5376 = DIRECTION('',(1.,0.));
#5377 = ( GEOMETRIC_REPRESENTATION_CONTEXT(2) 
PARAMETRIC_REPRESENTATION_CONTEXT() REPRESENTATION_CONTEXT('2D SPACE',''
  ) );
#5378 = PCURVE('',#5229,#5379);
#5379 = DEFINITIONAL_REPRESENTATION('',(#5380),#5384);
#5380 = LINE('',#5381,#5382);
#5381 = CARTESIAN_POINT('',(0.,0.));
#5382 = VECTOR('',#5383,1.);
#5383 = DIRECTION('',(1.,0.));
#5384 = ( GEOMETRIC_REPRESENTATION_CONTEXT(2) 
PARAMETRIC_REPRESENTATION_CONTEXT() REPRESENTATION_CONTEXT('2D SPACE',''
  ) );
#5385 = ORIENTED_EDGE('',*,*,#5339,.T.);
#5386 = ORIENTED_EDGE('',*,*,#3112,.F.);
#5387 = ADVANCED_FACE('',(#5388),#3291,.T.);
#5388 = FACE_BOUND('',#5389,.T.);
#5389 = EDGE_LOOP('',(#5390,#5413,#5441,#5462));
#5390 = ORIENTED_EDGE('',*,*,#5391,.F.);
#5391 = EDGE_CURVE('',#5392,#3275,#5394,.T.);
#5392 = VERTEX_POINT('',#5393);
#5393 = CARTESIAN_POINT('',(-31.78149107472,-32.57486759823,4.75));
#5394 = SURFACE_CURVE('',#5395,(#5399,#5406),.PCURVE_S1.);
#5395 = LINE('',#5396,#5397);
#5396 = CARTESIAN_POINT('',(-31.78149107472,-32.57486759823,4.75));
#5397 = VECTOR('',#5398,1.);
#5398 = DIRECTION('',(-0.882947592859,-0.469471562786,0.));
#5399 = PCURVE('',#3291,#5400);
#5400 = DEFINITIONAL_REPRESENTATION('',(#5401),#5405);
#5401 = LINE('',#5402,#5403);
#5402 = CARTESIAN_POINT('',(0.,6.63));
#5403 = VECTOR('',#5404,1.);
#5404 = DIRECTION('',(1.,0.));
#5405 = ( GEOMETRIC_REPRESENTATION_CONTEXT(2) 
PARAMETRIC_REPRESENTATION_CONTEXT() REPRESENTATION_CONTEXT('2D SPACE',''
  ) );
#5406 = PCURVE('',#3367,#5407);
#5407 = DEFINITIONAL_REPRESENTATION('',(#5408),#5412);
#5408 = LINE('',#5409,#5410);
#5409 = CARTESIAN_POINT('',(0.,0.));
#5410 = VECTOR('',#5411,1.);
#5411 = DIRECTION('',(0.,1.));
#5412 = ( GEOMETRIC_REPRESENTATION_CONTEXT(2) 
PARAMETRIC_REPRESENTATION_CONTEXT() REPRESENTATION_CONTEXT('2D SPACE',''
  ) );
#5413 = ORIENTED_EDGE('',*,*,#5414,.F.);
#5414 = EDGE_CURVE('',#5415,#5392,#5417,.T.);
#5415 = VERTEX_POINT('',#5416);
#5416 = CARTESIAN_POINT('',(-34.89408753599,-26.72092505758,4.75));
#5417 = SURFACE_CURVE('',#5418,(#5422,#5429),.PCURVE_S1.);
#5418 = LINE('',#5419,#5420);
#5419 = CARTESIAN_POINT('',(-34.89408753599,-26.72092505758,4.75));
#5420 = VECTOR('',#5421,1.);
#5421 = DIRECTION('',(0.469471562786,-0.882947592859,0.));
#5422 = PCURVE('',#3291,#5423);
#5423 = DEFINITIONAL_REPRESENTATION('',(#5424),#5428);
#5424 = LINE('',#5425,#5426);
#5425 = CARTESIAN_POINT('',(0.,0.));
#5426 = VECTOR('',#5427,1.);
#5427 = DIRECTION('',(0.,1.));
#5428 = ( GEOMETRIC_REPRESENTATION_CONTEXT(2) 
PARAMETRIC_REPRESENTATION_CONTEXT() REPRESENTATION_CONTEXT('2D SPACE',''
  ) );
#5429 = PCURVE('',#5430,#5435);
#5430 = PLANE('',#5431);
#5431 = AXIS2_PLACEMENT_3D('',#5432,#5433,#5434);
#5432 = CARTESIAN_POINT('',(-34.89408753599,-26.72092505758,4.75));
#5433 = DIRECTION('',(-0.882947592859,-0.469471562786,0.));
#5434 = DIRECTION('',(0.,-0.,1.));
#5435 = DEFINITIONAL_REPRESENTATION('',(#5436),#5440);
#5436 = LINE('',#5437,#5438);
#5437 = CARTESIAN_POINT('',(0.,0.));
#5438 = VECTOR('',#5439,1.);
#5439 = DIRECTION('',(0.,-1.));
#5440 = ( GEOMETRIC_REPRESENTATION_CONTEXT(2) 
PARAMETRIC_REPRESENTATION_CONTEXT() REPRESENTATION_CONTEXT('2D SPACE',''
  ) );
#5441 = ORIENTED_EDGE('',*,*,#5442,.T.);
#5442 = EDGE_CURVE('',#5415,#3277,#5443,.T.);
#5443 = SURFACE_CURVE('',#5444,(#5448,#5455),.PCURVE_S1.);
#5444 = LINE('',#5445,#5446);
#5445 = CARTESIAN_POINT('',(-34.89408753599,-26.72092505758,4.75));
#5446 = VECTOR('',#5447,1.);
#5447 = DIRECTION('',(-0.882947592859,-0.469471562786,0.));
#5448 = PCURVE('',#3291,#5449);
#5449 = DEFINITIONAL_REPRESENTATION('',(#5450),#5454);
#5450 = LINE('',#5451,#5452);
#5451 = CARTESIAN_POINT('',(0.,0.));
#5452 = VECTOR('',#5453,1.);
#5453 = DIRECTION('',(1.,0.));
#5454 = ( GEOMETRIC_REPRESENTATION_CONTEXT(2) 
PARAMETRIC_REPRESENTATION_CONTEXT() REPRESENTATION_CONTEXT('2D SPACE',''
  ) );
#5455 = PCURVE('',#3317,#5456);
#5456 = DEFINITIONAL_REPRESENTATION('',(#5457),#5461);
#5457 = LINE('',#5458,#5459);
#5458 = CARTESIAN_POINT('',(0.,0.));
#5459 = VECTOR('',#5460,1.);
#5460 = DIRECTION('',(0.,1.));
#5461 = ( GEOMETRIC_REPRESENTATION_CONTEXT(2) 
PARAMETRIC_REPRESENTATION_CONTEXT() REPRESENTATION_CONTEXT('2D SPACE',''
  ) );
#5462 = ORIENTED_EDGE('',*,*,#3274,.F.);
#5463 = ADVANCED_FACE('',(#5464),#3367,.F.);
#5464 = FACE_BOUND('',#5465,.F.);
#5465 = EDGE_LOOP('',(#5466,#5467,#5490,#5511));
#5466 = ORIENTED_EDGE('',*,*,#5391,.F.);
#5467 = ORIENTED_EDGE('',*,*,#5468,.T.);
#5468 = EDGE_CURVE('',#5392,#5469,#5471,.T.);
#5469 = VERTEX_POINT('',#5470);
#5470 = CARTESIAN_POINT('',(-31.78149107472,-32.57486759823,13.25));
#5471 = SURFACE_CURVE('',#5472,(#5476,#5483),.PCURVE_S1.);
#5472 = LINE('',#5473,#5474);
#5473 = CARTESIAN_POINT('',(-31.78149107472,-32.57486759823,4.75));
#5474 = VECTOR('',#5475,1.);
#5475 = DIRECTION('',(0.,-0.,1.));
#5476 = PCURVE('',#3367,#5477);
#5477 = DEFINITIONAL_REPRESENTATION('',(#5478),#5482);
#5478 = LINE('',#5479,#5480);
#5479 = CARTESIAN_POINT('',(0.,0.));
#5480 = VECTOR('',#5481,1.);
#5481 = DIRECTION('',(1.,0.));
#5482 = ( GEOMETRIC_REPRESENTATION_CONTEXT(2) 
PARAMETRIC_REPRESENTATION_CONTEXT() REPRESENTATION_CONTEXT('2D SPACE',''
  ) );
#5483 = PCURVE('',#5430,#5484);
#5484 = DEFINITIONAL_REPRESENTATION('',(#5485),#5489);
#5485 = LINE('',#5486,#5487);
#5486 = CARTESIAN_POINT('',(0.,-6.63));
#5487 = VECTOR('',#5488,1.);
#5488 = DIRECTION('',(1.,0.));
#5489 = ( GEOMETRIC_REPRESENTATION_CONTEXT(2) 
PARAMETRIC_REPRESENTATION_CONTEXT() REPRESENTATION_CONTEXT('2D SPACE',''
  ) );
#5490 = ORIENTED_EDGE('',*,*,#5491,.T.);
#5491 = EDGE_CURVE('',#5469,#3329,#5492,.T.);
#5492 = SURFACE_CURVE('',#5493,(#5497,#5504),.PCURVE_S1.);
#5493 = LINE('',#5494,#5495);
#5494 = CARTESIAN_POINT('',(-31.78149107472,-32.57486759823,13.25));
#5495 = VECTOR('',#5496,1.);
#5496 = DIRECTION('',(-0.882947592859,-0.469471562786,0.));
#5497 = PCURVE('',#3367,#5498);
#5498 = DEFINITIONAL_REPRESENTATION('',(#5499),#5503);
#5499 = LINE('',#5500,#5501);
#5500 = CARTESIAN_POINT('',(8.5,0.));
#5501 = VECTOR('',#5502,1.);
#5502 = DIRECTION('',(0.,1.));
#5503 = ( GEOMETRIC_REPRESENTATION_CONTEXT(2) 
PARAMETRIC_REPRESENTATION_CONTEXT() REPRESENTATION_CONTEXT('2D SPACE',''
  ) );
#5504 = PCURVE('',#3343,#5505);
#5505 = DEFINITIONAL_REPRESENTATION('',(#5506),#5510);
#5506 = LINE('',#5507,#5508);
#5507 = CARTESIAN_POINT('',(0.,6.63));
#5508 = VECTOR('',#5509,1.);
#5509 = DIRECTION('',(1.,0.));
#5510 = ( GEOMETRIC_REPRESENTATION_CONTEXT(2) 
PARAMETRIC_REPRESENTATION_CONTEXT() REPRESENTATION_CONTEXT('2D SPACE',''
  ) );
#5511 = ORIENTED_EDGE('',*,*,#3354,.F.);
#5512 = ADVANCED_FACE('',(#5513),#3343,.F.);
#5513 = FACE_BOUND('',#5514,.F.);
#5514 = EDGE_LOOP('',(#5515,#5516,#5539,#5560));
#5515 = ORIENTED_EDGE('',*,*,#5491,.F.);
#5516 = ORIENTED_EDGE('',*,*,#5517,.F.);
#5517 = EDGE_CURVE('',#5518,#5469,#5520,.T.);
#5518 = VERTEX_POINT('',#5519);
#5519 = CARTESIAN_POINT('',(-34.89408753599,-26.72092505758,13.25));
#5520 = SURFACE_CURVE('',#5521,(#5525,#5532),.PCURVE_S1.);
#5521 = LINE('',#5522,#5523);
#5522 = CARTESIAN_POINT('',(-34.89408753599,-26.72092505758,13.25));
#5523 = VECTOR('',#5524,1.);
#5524 = DIRECTION('',(0.469471562786,-0.882947592859,0.));
#5525 = PCURVE('',#3343,#5526);
#5526 = DEFINITIONAL_REPRESENTATION('',(#5527),#5531);
#5527 = LINE('',#5528,#5529);
#5528 = CARTESIAN_POINT('',(0.,0.));
#5529 = VECTOR('',#5530,1.);
#5530 = DIRECTION('',(0.,1.));
#5531 = ( GEOMETRIC_REPRESENTATION_CONTEXT(2) 
PARAMETRIC_REPRESENTATION_CONTEXT() REPRESENTATION_CONTEXT('2D SPACE',''
  ) );
#5532 = PCURVE('',#5430,#5533);
#5533 = DEFINITIONAL_REPRESENTATION('',(#5534),#5538);
#5534 = LINE('',#5535,#5536);
#5535 = CARTESIAN_POINT('',(8.5,0.));
#5536 = VECTOR('',#5537,1.);
#5537 = DIRECTION('',(0.,-1.));
#5538 = ( GEOMETRIC_REPRESENTATION_CONTEXT(2) 
PARAMETRIC_REPRESENTATION_CONTEXT() REPRESENTATION_CONTEXT('2D SPACE',''
  ) );
#5539 = ORIENTED_EDGE('',*,*,#5540,.T.);
#5540 = EDGE_CURVE('',#5518,#3303,#5541,.T.);
#5541 = SURFACE_CURVE('',#5542,(#5546,#5553),.PCURVE_S1.);
#5542 = LINE('',#5543,#5544);
#5543 = CARTESIAN_POINT('',(-34.89408753599,-26.72092505758,13.25));
#5544 = VECTOR('',#5545,1.);
#5545 = DIRECTION('',(-0.882947592859,-0.469471562786,0.));
#5546 = PCURVE('',#3343,#5547);
#5547 = DEFINITIONAL_REPRESENTATION('',(#5548),#5552);
#5548 = LINE('',#5549,#5550);
#5549 = CARTESIAN_POINT('',(0.,0.));
#5550 = VECTOR('',#5551,1.);
#5551 = DIRECTION('',(1.,0.));
#5552 = ( GEOMETRIC_REPRESENTATION_CONTEXT(2) 
PARAMETRIC_REPRESENTATION_CONTEXT() REPRESENTATION_CONTEXT('2D SPACE',''
  ) );
#5553 = PCURVE('',#3317,#5554);
#5554 = DEFINITIONAL_REPRESENTATION('',(#5555),#5559);
#5555 = LINE('',#5556,#5557);
#5556 = CARTESIAN_POINT('',(8.5,0.));
#5557 = VECTOR('',#5558,1.);
#5558 = DIRECTION('',(0.,1.));
#5559 = ( GEOMETRIC_REPRESENTATION_CONTEXT(2) 
PARAMETRIC_REPRESENTATION_CONTEXT() REPRESENTATION_CONTEXT('2D SPACE',''
  ) );
#5560 = ORIENTED_EDGE('',*,*,#3328,.F.);
#5561 = ADVANCED_FACE('',(#5562),#3317,.T.);
#5562 = FACE_BOUND('',#5563,.T.);
#5563 = EDGE_LOOP('',(#5564,#5565,#5586,#5587));
#5564 = ORIENTED_EDGE('',*,*,#5442,.F.);
#5565 = ORIENTED_EDGE('',*,*,#5566,.T.);
#5566 = EDGE_CURVE('',#5415,#5518,#5567,.T.);
#5567 = SURFACE_CURVE('',#5568,(#5572,#5579),.PCURVE_S1.);
#5568 = LINE('',#5569,#5570);
#5569 = CARTESIAN_POINT('',(-34.89408753599,-26.72092505758,4.75));
#5570 = VECTOR('',#5571,1.);
#5571 = DIRECTION('',(0.,-0.,1.));
#5572 = PCURVE('',#3317,#5573);
#5573 = DEFINITIONAL_REPRESENTATION('',(#5574),#5578);
#5574 = LINE('',#5575,#5576);
#5575 = CARTESIAN_POINT('',(0.,0.));
#5576 = VECTOR('',#5577,1.);
#5577 = DIRECTION('',(1.,0.));
#5578 = ( GEOMETRIC_REPRESENTATION_CONTEXT(2) 
PARAMETRIC_REPRESENTATION_CONTEXT() REPRESENTATION_CONTEXT('2D SPACE',''
  ) );
#5579 = PCURVE('',#5430,#5580);
#5580 = DEFINITIONAL_REPRESENTATION('',(#5581),#5585);
#5581 = LINE('',#5582,#5583);
#5582 = CARTESIAN_POINT('',(0.,0.));
#5583 = VECTOR('',#5584,1.);
#5584 = DIRECTION('',(1.,0.));
#5585 = ( GEOMETRIC_REPRESENTATION_CONTEXT(2) 
PARAMETRIC_REPRESENTATION_CONTEXT() REPRESENTATION_CONTEXT('2D SPACE',''
  ) );
#5586 = ORIENTED_EDGE('',*,*,#5540,.T.);
#5587 = ORIENTED_EDGE('',*,*,#3302,.F.);
#5588 = ADVANCED_FACE('',(#5589),#3420,.T.);
#5589 = FACE_BOUND('',#5590,.T.);
#5590 = EDGE_LOOP('',(#5591,#5592,#5593,#5594));
#5591 = ORIENTED_EDGE('',*,*,#3507,.F.);
#5592 = ORIENTED_EDGE('',*,*,#3404,.T.);
#5593 = ORIENTED_EDGE('',*,*,#3458,.T.);
#5594 = ORIENTED_EDGE('',*,*,#3556,.F.);
#5595 = ADVANCED_FACE('',(#5596),#3621,.T.);
#5596 = FACE_BOUND('',#5597,.T.);
#5597 = EDGE_LOOP('',(#5598,#5599,#5600,#5601));
#5598 = ORIENTED_EDGE('',*,*,#3757,.F.);
#5599 = ORIENTED_EDGE('',*,*,#3605,.T.);
#5600 = ORIENTED_EDGE('',*,*,#3659,.T.);
#5601 = ORIENTED_EDGE('',*,*,#3708,.F.);
#5602 = ADVANCED_FACE('',(#5603),#3822,.T.);
#5603 = FACE_BOUND('',#5604,.T.);
#5604 = EDGE_LOOP('',(#5605,#5606,#5607,#5608));
#5605 = ORIENTED_EDGE('',*,*,#3909,.F.);
#5606 = ORIENTED_EDGE('',*,*,#3806,.T.);
#5607 = ORIENTED_EDGE('',*,*,#3860,.T.);
#5608 = ORIENTED_EDGE('',*,*,#3958,.F.);
#5609 = ADVANCED_FACE('',(#5610),#4023,.T.);
#5610 = FACE_BOUND('',#5611,.T.);
#5611 = EDGE_LOOP('',(#5612,#5613,#5614,#5615));
#5612 = ORIENTED_EDGE('',*,*,#4110,.F.);
#5613 = ORIENTED_EDGE('',*,*,#4007,.T.);
#5614 = ORIENTED_EDGE('',*,*,#4061,.T.);
#5615 = ORIENTED_EDGE('',*,*,#4159,.F.);
#5616 = ADVANCED_FACE('',(#5617),#4224,.T.);
#5617 = FACE_BOUND('',#5618,.T.);
#5618 = EDGE_LOOP('',(#5619,#5620,#5621,#5622));
#5619 = ORIENTED_EDGE('',*,*,#4311,.F.);
#5620 = ORIENTED_EDGE('',*,*,#4208,.T.);
#5621 = ORIENTED_EDGE('',*,*,#4262,.T.);
#5622 = ORIENTED_EDGE('',*,*,#4360,.F.);
#5623 = ADVANCED_FACE('',(#5624),#4425,.T.);
#5624 = FACE_BOUND('',#5625,.T.);
#5625 = EDGE_LOOP('',(#5626,#5627,#5628,#5629));
#5626 = ORIENTED_EDGE('',*,*,#4561,.F.);
#5627 = ORIENTED_EDGE('',*,*,#4409,.T.);
#5628 = ORIENTED_EDGE('',*,*,#4463,.T.);
#5629 = ORIENTED_EDGE('',*,*,#4512,.F.);
#5630 = ADVANCED_FACE('',(#5631),#4626,.T.);
#5631 = FACE_BOUND('',#5632,.T.);
#5632 = EDGE_LOOP('',(#5633,#5634,#5635,#5636));
#5633 = ORIENTED_EDGE('',*,*,#4762,.F.);
#5634 = ORIENTED_EDGE('',*,*,#4610,.T.);
#5635 = ORIENTED_EDGE('',*,*,#4664,.T.);
#5636 = ORIENTED_EDGE('',*,*,#4713,.F.);
#5637 = ADVANCED_FACE('',(#5638),#4827,.T.);
#5638 = FACE_BOUND('',#5639,.T.);
#5639 = EDGE_LOOP('',(#5640,#5641,#5642,#5643));
#5640 = ORIENTED_EDGE('',*,*,#4963,.F.);
#5641 = ORIENTED_EDGE('',*,*,#4811,.T.);
#5642 = ORIENTED_EDGE('',*,*,#4865,.T.);
#5643 = ORIENTED_EDGE('',*,*,#4914,.F.);
#5644 = ADVANCED_FACE('',(#5645),#5028,.T.);
#5645 = FACE_BOUND('',#5646,.T.);
#5646 = EDGE_LOOP('',(#5647,#5648,#5649,#5650));
#5647 = ORIENTED_EDGE('',*,*,#5164,.F.);
#5648 = ORIENTED_EDGE('',*,*,#5012,.T.);
#5649 = ORIENTED_EDGE('',*,*,#5066,.T.);
#5650 = ORIENTED_EDGE('',*,*,#5115,.F.);
#5651 = ADVANCED_FACE('',(#5652),#5229,.T.);
#5652 = FACE_BOUND('',#5653,.T.);
#5653 = EDGE_LOOP('',(#5654,#5655,#5656,#5657));
#5654 = ORIENTED_EDGE('',*,*,#5365,.F.);
#5655 = ORIENTED_EDGE('',*,*,#5213,.T.);
#5656 = ORIENTED_EDGE('',*,*,#5267,.T.);
#5657 = ORIENTED_EDGE('',*,*,#5316,.F.);
#5658 = ADVANCED_FACE('',(#5659),#5430,.T.);
#5659 = FACE_BOUND('',#5660,.T.);
#5660 = EDGE_LOOP('',(#5661,#5662,#5663,#5664));
#5661 = ORIENTED_EDGE('',*,*,#5566,.F.);
#5662 = ORIENTED_EDGE('',*,*,#5414,.T.);
#5663 = ORIENTED_EDGE('',*,*,#5468,.T.);
#5664 = ORIENTED_EDGE('',*,*,#5517,.F.);
#5665 = ( GEOMETRIC_REPRESENTATION_CONTEXT(3) 
GLOBAL_UNCERTAINTY_ASSIGNED_CONTEXT((#5669)) 
GLOBAL_UNIT_ASSIGNED_CONTEXT((#5666,#5667,#5668)) REPRESENTATION_CONTEXT
('Context #1','3D Context with UNIT and UNCERTAINTY') );
#5666 = ( LENGTH_UNIT() NAMED_UNIT(*) SI_UNIT(.MILLI.,.METRE.) );
#5667 = ( NAMED_UNIT(*) PLANE_ANGLE_UNIT() SI_UNIT($,.RADIAN.) );
#5668 = ( NAMED_UNIT(*) SI_UNIT($,.STERADIAN.) SOLID_ANGLE_UNIT() );
#5669 = UNCERTAINTY_MEASURE_WITH_UNIT(LENGTH_MEASURE(2.E-07),#5666,
  'distance_accuracy_value','confusion accuracy');
#5670 = CONTEXT_DEPENDENT_SHAPE_REPRESENTATION(#5671,#5673);
#5671 = ( REPRESENTATION_RELATIONSHIP('','',#32,#10) 
REPRESENTATION_RELATIONSHIP_WITH_TRANSFORMATION(#5672) 
SHAPE_REPRESENTATION_RELATIONSHIP() );
#5672 = ITEM_DEFINED_TRANSFORMATION('','',#11,#15);
#5673 = PRODUCT_DEFINITION_SHAPE('Placement','Placement of an item',
  #5674);
#5674 = NEXT_ASSEMBLY_USAGE_OCCURRENCE('55','=>[0:1:1:2]','',#5,#27,$);
#5675 = PRODUCT_RELATED_PRODUCT_CATEGORY('part',$,(#29));
#5676 = MECHANICAL_DESIGN_GEOMETRIC_PRESENTATION_REPRESENTATION('',(
    #5677),#5665);
#5677 = STYLED_ITEM('color',(#5678),#33);
#5678 = PRESENTATION_STYLE_ASSIGNMENT((#5679));
#5679 = SURFACE_STYLE_USAGE(.BOTH.,#5680);
#5680 = SURFACE_SIDE_STYLE('',(#5681));
#5681 = SURFACE_STYLE_FILL_AREA(#5682);
#5682 = FILL_AREA_STYLE('',(#5683));
#5683 = FILL_AREA_STYLE_COLOUR('',#5684);
#5684 = COLOUR_RGB('',9.80391996994E-02,0.105882402328,0.109803897777);

#5685=DESCRIPTIVE_REPRESENTATION_ITEM('cadgen:generator','cadgen');
#5686=REPRESENTATION('cadgen:generator',(#5685),#19);
#5687=PROPERTY_DEFINITION('cadgen metadata','cadgen:generator',#5);
#5688=PROPERTY_DEFINITION_REPRESENTATION(#5687,#5686);
#5689=DESCRIPTIVE_REPRESENTATION_ITEM('cadgen:entryKind','part');
#5690=REPRESENTATION('cadgen:entryKind',(#5689),#19);
#5691=PROPERTY_DEFINITION('cadgen metadata','cadgen:entryKind',#5);
#5692=PROPERTY_DEFINITION_REPRESENTATION(#5691,#5690);
#5693=DESCRIPTIVE_REPRESENTATION_ITEM('cadgen:sourcePath','part_chassis_core.step.py');
#5694=REPRESENTATION('cadgen:sourcePath',(#5693),#19);
#5695=PROPERTY_DEFINITION('cadgen metadata','cadgen:sourcePath',#5);
#5696=PROPERTY_DEFINITION_REPRESENTATION(#5695,#5694);
#5697=DESCRIPTIVE_REPRESENTATION_ITEM('cadgen:sourceHash','b5af138ee26d8a784e1a79f630070356a093411ec92c56e04292a8498bd31aa4');
#5698=REPRESENTATION('cadgen:sourceHash',(#5697),#19);
#5699=PROPERTY_DEFINITION('cadgen metadata','cadgen:sourceHash',#5);
#5700=PROPERTY_DEFINITION_REPRESENTATION(#5699,#5698);
ENDSEC;
END-ISO-10303-21;
