ISO-10303-21;
HEADER;
FILE_DESCRIPTION(('Open CASCADE Model'),'2;1');
FILE_NAME('Open CASCADE Shape Model','1970-01-01T00:00:00',('Author'),(
    'Open CASCADE'),'Open CASCADE STEP processor 7.9','cadgen','Unknown'
  );
FILE_SCHEMA(('AUTOMOTIVE_DESIGN { 1 0 10303 214 1 1 1 1 }'));
ENDSEC;
DATA;
#1 = APPLICATION_PROTOCOL_DEFINITION('international standard',
  'automotive_design',2000,#2);
#2 = APPLICATION_CONTEXT(
  'core data for automotive mechanical design processes');
#3 = SHAPE_DEFINITION_REPRESENTATION(#4,#10);
#4 = PRODUCT_DEFINITION_SHAPE('','',#5);
#5 = PRODUCT_DEFINITION('design','',#6,#9);
#6 = PRODUCT_DEFINITION_FORMATION('','',#7);
#7 = PRODUCT('=>[0:1:1:2]','=>[0:1:1:2]','',(#8));
#8 = PRODUCT_CONTEXT('',#2,'mechanical');
#9 = PRODUCT_DEFINITION_CONTEXT('part definition',#2,'design');
#10 = SHAPE_REPRESENTATION('',(#11,#15),#19);
#11 = AXIS2_PLACEMENT_3D('',#12,#13,#14);
#12 = CARTESIAN_POINT('',(0.,0.,0.));
#13 = DIRECTION('',(0.,0.,1.));
#14 = DIRECTION('',(1.,0.,-0.));
#15 = AXIS2_PLACEMENT_3D('',#16,#17,#18);
#16 = CARTESIAN_POINT('',(0.,160.,0.));
#17 = DIRECTION('',(0.,-1.224646799147E-16,-1.));
#18 = DIRECTION('',(1.,0.,0.));
#19 = ( GEOMETRIC_REPRESENTATION_CONTEXT(3) 
GLOBAL_UNCERTAINTY_ASSIGNED_CONTEXT((#23)) GLOBAL_UNIT_ASSIGNED_CONTEXT(
(#20,#21,#22)) REPRESENTATION_CONTEXT('Context #1',
  '3D Context with UNIT and UNCERTAINTY') );
#20 = ( LENGTH_UNIT() NAMED_UNIT(*) SI_UNIT(.MILLI.,.METRE.) );
#21 = ( NAMED_UNIT(*) PLANE_ANGLE_UNIT() SI_UNIT($,.RADIAN.) );
#22 = ( NAMED_UNIT(*) SI_UNIT($,.STERADIAN.) SOLID_ANGLE_UNIT() );
#23 = UNCERTAINTY_MEASURE_WITH_UNIT(LENGTH_MEASURE(2.E-07),#20,
  'distance_accuracy_value','confusion accuracy');
#24 = PRODUCT_RELATED_PRODUCT_CATEGORY('part',$,(#7));
#25 = SHAPE_DEFINITION_REPRESENTATION(#26,#32);
#26 = PRODUCT_DEFINITION_SHAPE('','',#27);
#27 = PRODUCT_DEFINITION('design','',#28,#31);
#28 = PRODUCT_DEFINITION_FORMATION('','',#29);
#29 = PRODUCT('COMPOUND','COMPOUND','',(#30));
#30 = PRODUCT_CONTEXT('',#2,'mechanical');
#31 = PRODUCT_DEFINITION_CONTEXT('part definition',#2,'design');
#32 = ADVANCED_BREP_SHAPE_REPRESENTATION('',(#11,#33),#11093);
#33 = MANIFOLD_SOLID_BREP('',#34);
#34 = CLOSED_SHELL('',(#35,#374,#502,#3216,#3263,#3680,#3705,#3754,#3900
    ,#3947,#3996,#4376,#5535,#5917,#5964,#5989,#6016,#6063,#6090,#6139,
    #6164,#6213,#6238,#6265,#6292,#6319,#6366,#6391,#6440,#6467,#6516,
    #6543,#6590,#6615,#6662,#6689,#6738,#6765,#6814,#6839,#6886,#6911,
    #6960,#6987,#7036,#7063,#7110,#7117,#7166,#7215,#7262,#7309,#7336,
    #7383,#7408,#7457,#7464,#7513,#7560,#7607,#7656,#7705,#7732,#7759,
    #7809,#7859,#7914,#7941,#7968,#8023,#8073,#8100,#8305,#8381,#8430,
    #8479,#8506,#8533,#8583,#8633,#8688,#8764,#8811,#8858,#8907,#8956,
    #9005,#9054,#9101,#9148,#9197,#9246,#9273,#9300,#9327,#9354,#9404,
    #9431,#9481,#9508,#9535,#9562,#9617,#9667,#9694,#9701,#9750,#9797,
    #9828,#9928,#9975,#10024,#10049,#10101,#10148,#10196,#10203,#10248,
    #10296,#10341,#10366,#10413,#10438,#10483,#10531,#10576,#10621,
    #10668,#10696,#10723,#10750,#10777,#10804,#10831,#10858,#10885,
    #10912,#10919,#10949,#10976,#11004,#11029,#11041,#11048,#11052,
    #11056,#11063,#11067,#11082,#11086));
#35 = ADVANCED_FACE('',(#36),#50,.F.);
#36 = FACE_BOUND('',#37,.F.);
#37 = EDGE_LOOP('',(#38,#73,#101,#129,#157,#185,#208,#236,#264,#292,#320
    ,#348));
#38 = ORIENTED_EDGE('',*,*,#39,.F.);
#39 = EDGE_CURVE('',#40,#42,#44,.T.);
#40 = VERTEX_POINT('',#41);
#41 = CARTESIAN_POINT('',(0.,0.1,-6.));
#42 = VERTEX_POINT('',#43);
#43 = CARTESIAN_POINT('',(0.,0.1,0.));
#44 = SURFACE_CURVE('',#45,(#49,#61),.PCURVE_S1.);
#45 = LINE('',#46,#47);
#46 = CARTESIAN_POINT('',(0.,0.1,-6.));
#47 = VECTOR('',#48,1.);
#48 = DIRECTION('',(0.,0.,1.));
#49 = PCURVE('',#50,#55);
#50 = PLANE('',#51);
#51 = AXIS2_PLACEMENT_3D('',#52,#53,#54);
#52 = CARTESIAN_POINT('',(0.,0.1,-6.));
#53 = DIRECTION('',(1.,0.,-0.));
#54 = DIRECTION('',(0.,0.,1.));
#55 = DEFINITIONAL_REPRESENTATION('',(#56),#60);
#56 = LINE('',#57,#58);
#57 = CARTESIAN_POINT('',(0.,0.));
#58 = VECTOR('',#59,1.);
#59 = DIRECTION('',(1.,0.));
#60 = ( GEOMETRIC_REPRESENTATION_CONTEXT(2) 
PARAMETRIC_REPRESENTATION_CONTEXT() REPRESENTATION_CONTEXT('2D SPACE',''
  ) );
#61 = PCURVE('',#62,#67);
#62 = PLANE('',#63);
#63 = AXIS2_PLACEMENT_3D('',#64,#65,#66);
#64 = CARTESIAN_POINT('',(0.,0.1,-6.));
#65 = DIRECTION('',(-0.,1.,0.));
#66 = DIRECTION('',(0.,0.,1.));
#67 = DEFINITIONAL_REPRESENTATION('',(#68),#72);
#68 = LINE('',#69,#70);
#69 = CARTESIAN_POINT('',(0.,0.));
#70 = VECTOR('',#71,1.);
#71 = DIRECTION('',(1.,0.));
#72 = ( GEOMETRIC_REPRESENTATION_CONTEXT(2) 
PARAMETRIC_REPRESENTATION_CONTEXT() REPRESENTATION_CONTEXT('2D SPACE',''
  ) );
#73 = ORIENTED_EDGE('',*,*,#74,.T.);
#74 = EDGE_CURVE('',#40,#75,#77,.T.);
#75 = VERTEX_POINT('',#76);
#76 = CARTESIAN_POINT('',(0.,118.5,-6.));
#77 = SURFACE_CURVE('',#78,(#82,#89),.PCURVE_S1.);
#78 = LINE('',#79,#80);
#79 = CARTESIAN_POINT('',(0.,0.1,-6.));
#80 = VECTOR('',#81,1.);
#81 = DIRECTION('',(-0.,1.,0.));
#82 = PCURVE('',#50,#83);
#83 = DEFINITIONAL_REPRESENTATION('',(#84),#88);
#84 = LINE('',#85,#86);
#85 = CARTESIAN_POINT('',(0.,0.));
#86 = VECTOR('',#87,1.);
#87 = DIRECTION('',(0.,-1.));
#88 = ( GEOMETRIC_REPRESENTATION_CONTEXT(2) 
PARAMETRIC_REPRESENTATION_CONTEXT() REPRESENTATION_CONTEXT('2D SPACE',''
  ) );
#89 = PCURVE('',#90,#95);
#90 = PLANE('',#91);
#91 = AXIS2_PLACEMENT_3D('',#92,#93,#94);
#92 = CARTESIAN_POINT('',(0.,0.1,-6.));
#93 = DIRECTION('',(0.,0.,1.));
#94 = DIRECTION('',(1.,0.,-0.));
#95 = DEFINITIONAL_REPRESENTATION('',(#96),#100);
#96 = LINE('',#97,#98);
#97 = CARTESIAN_POINT('',(0.,0.));
#98 = VECTOR('',#99,1.);
#99 = DIRECTION('',(0.,1.));
#100 = ( GEOMETRIC_REPRESENTATION_CONTEXT(2) 
PARAMETRIC_REPRESENTATION_CONTEXT() REPRESENTATION_CONTEXT('2D SPACE',''
  ) );
#101 = ORIENTED_EDGE('',*,*,#102,.F.);
#102 = EDGE_CURVE('',#103,#75,#105,.T.);
#103 = VERTEX_POINT('',#104);
#104 = CARTESIAN_POINT('',(0.,118.5,-14.));
#105 = SURFACE_CURVE('',#106,(#110,#117),.PCURVE_S1.);
#106 = LINE('',#107,#108);
#107 = CARTESIAN_POINT('',(0.,118.5,-14.));
#108 = VECTOR('',#109,1.);
#109 = DIRECTION('',(0.,0.,1.));
#110 = PCURVE('',#50,#111);
#111 = DEFINITIONAL_REPRESENTATION('',(#112),#116);
#112 = LINE('',#113,#114);
#113 = CARTESIAN_POINT('',(-8.,-118.4));
#114 = VECTOR('',#115,1.);
#115 = DIRECTION('',(1.,0.));
#116 = ( GEOMETRIC_REPRESENTATION_CONTEXT(2) 
PARAMETRIC_REPRESENTATION_CONTEXT() REPRESENTATION_CONTEXT('2D SPACE',''
  ) );
#117 = PCURVE('',#118,#123);
#118 = PLANE('',#119);
#119 = AXIS2_PLACEMENT_3D('',#120,#121,#122);
#120 = CARTESIAN_POINT('',(0.,118.5,-14.));
#121 = DIRECTION('',(-0.,1.,0.));
#122 = DIRECTION('',(0.,0.,1.));
#123 = DEFINITIONAL_REPRESENTATION('',(#124),#128);
#124 = LINE('',#125,#126);
#125 = CARTESIAN_POINT('',(0.,0.));
#126 = VECTOR('',#127,1.);
#127 = DIRECTION('',(1.,0.));
#128 = ( GEOMETRIC_REPRESENTATION_CONTEXT(2) 
PARAMETRIC_REPRESENTATION_CONTEXT() REPRESENTATION_CONTEXT('2D SPACE',''
  ) );
#129 = ORIENTED_EDGE('',*,*,#130,.T.);
#130 = EDGE_CURVE('',#103,#131,#133,.T.);
#131 = VERTEX_POINT('',#132);
#132 = CARTESIAN_POINT('',(0.,121.5,-14.));
#133 = SURFACE_CURVE('',#134,(#138,#145),.PCURVE_S1.);
#134 = LINE('',#135,#136);
#135 = CARTESIAN_POINT('',(0.,118.5,-14.));
#136 = VECTOR('',#137,1.);
#137 = DIRECTION('',(-0.,1.,0.));
#138 = PCURVE('',#50,#139);
#139 = DEFINITIONAL_REPRESENTATION('',(#140),#144);
#140 = LINE('',#141,#142);
#141 = CARTESIAN_POINT('',(-8.,-118.4));
#142 = VECTOR('',#143,1.);
#143 = DIRECTION('',(0.,-1.));
#144 = ( GEOMETRIC_REPRESENTATION_CONTEXT(2) 
PARAMETRIC_REPRESENTATION_CONTEXT() REPRESENTATION_CONTEXT('2D SPACE',''
  ) );
#145 = PCURVE('',#146,#151);
#146 = PLANE('',#147);
#147 = AXIS2_PLACEMENT_3D('',#148,#149,#150);
#148 = CARTESIAN_POINT('',(0.,118.5,-14.));
#149 = DIRECTION('',(0.,0.,1.));
#150 = DIRECTION('',(1.,0.,-0.));
#151 = DEFINITIONAL_REPRESENTATION('',(#152),#156);
#152 = LINE('',#153,#154);
#153 = CARTESIAN_POINT('',(0.,0.));
#154 = VECTOR('',#155,1.);
#155 = DIRECTION('',(0.,1.));
#156 = ( GEOMETRIC_REPRESENTATION_CONTEXT(2) 
PARAMETRIC_REPRESENTATION_CONTEXT() REPRESENTATION_CONTEXT('2D SPACE',''
  ) );
#157 = ORIENTED_EDGE('',*,*,#158,.T.);
#158 = EDGE_CURVE('',#131,#159,#161,.T.);
#159 = VERTEX_POINT('',#160);
#160 = CARTESIAN_POINT('',(0.,121.5,-6.));
#161 = SURFACE_CURVE('',#162,(#166,#173),.PCURVE_S1.);
#162 = LINE('',#163,#164);
#163 = CARTESIAN_POINT('',(0.,121.5,-14.));
#164 = VECTOR('',#165,1.);
#165 = DIRECTION('',(0.,0.,1.));
#166 = PCURVE('',#50,#167);
#167 = DEFINITIONAL_REPRESENTATION('',(#168),#172);
#168 = LINE('',#169,#170);
#169 = CARTESIAN_POINT('',(-8.,-121.4));
#170 = VECTOR('',#171,1.);
#171 = DIRECTION('',(1.,0.));
#172 = ( GEOMETRIC_REPRESENTATION_CONTEXT(2) 
PARAMETRIC_REPRESENTATION_CONTEXT() REPRESENTATION_CONTEXT('2D SPACE',''
  ) );
#173 = PCURVE('',#174,#179);
#174 = PLANE('',#175);
#175 = AXIS2_PLACEMENT_3D('',#176,#177,#178);
#176 = CARTESIAN_POINT('',(0.,121.5,-14.));
#177 = DIRECTION('',(-0.,1.,0.));
#178 = DIRECTION('',(0.,0.,1.));
#179 = DEFINITIONAL_REPRESENTATION('',(#180),#184);
#180 = LINE('',#181,#182);
#181 = CARTESIAN_POINT('',(0.,0.));
#182 = VECTOR('',#183,1.);
#183 = DIRECTION('',(1.,0.));
#184 = ( GEOMETRIC_REPRESENTATION_CONTEXT(2) 
PARAMETRIC_REPRESENTATION_CONTEXT() REPRESENTATION_CONTEXT('2D SPACE',''
  ) );
#185 = ORIENTED_EDGE('',*,*,#186,.T.);
#186 = EDGE_CURVE('',#159,#187,#189,.T.);
#187 = VERTEX_POINT('',#188);
#188 = CARTESIAN_POINT('',(0.,150.5,-6.));
#189 = SURFACE_CURVE('',#190,(#194,#201),.PCURVE_S1.);
#190 = LINE('',#191,#192);
#191 = CARTESIAN_POINT('',(0.,0.1,-6.));
#192 = VECTOR('',#193,1.);
#193 = DIRECTION('',(-0.,1.,0.));
#194 = PCURVE('',#50,#195);
#195 = DEFINITIONAL_REPRESENTATION('',(#196),#200);
#196 = LINE('',#197,#198);
#197 = CARTESIAN_POINT('',(0.,0.));
#198 = VECTOR('',#199,1.);
#199 = DIRECTION('',(0.,-1.));
#200 = ( GEOMETRIC_REPRESENTATION_CONTEXT(2) 
PARAMETRIC_REPRESENTATION_CONTEXT() REPRESENTATION_CONTEXT('2D SPACE',''
  ) );
#201 = PCURVE('',#90,#202);
#202 = DEFINITIONAL_REPRESENTATION('',(#203),#207);
#203 = LINE('',#204,#205);
#204 = CARTESIAN_POINT('',(0.,0.));
#205 = VECTOR('',#206,1.);
#206 = DIRECTION('',(0.,1.));
#207 = ( GEOMETRIC_REPRESENTATION_CONTEXT(2) 
PARAMETRIC_REPRESENTATION_CONTEXT() REPRESENTATION_CONTEXT('2D SPACE',''
  ) );
#208 = ORIENTED_EDGE('',*,*,#209,.F.);
#209 = EDGE_CURVE('',#210,#187,#212,.T.);
#210 = VERTEX_POINT('',#211);
#211 = CARTESIAN_POINT('',(0.,150.5,-14.));
#212 = SURFACE_CURVE('',#213,(#217,#224),.PCURVE_S1.);
#213 = LINE('',#214,#215);
#214 = CARTESIAN_POINT('',(0.,150.5,-14.));
#215 = VECTOR('',#216,1.);
#216 = DIRECTION('',(0.,0.,1.));
#217 = PCURVE('',#50,#218);
#218 = DEFINITIONAL_REPRESENTATION('',(#219),#223);
#219 = LINE('',#220,#221);
#220 = CARTESIAN_POINT('',(-8.,-150.4));
#221 = VECTOR('',#222,1.);
#222 = DIRECTION('',(1.,0.));
#223 = ( GEOMETRIC_REPRESENTATION_CONTEXT(2) 
PARAMETRIC_REPRESENTATION_CONTEXT() REPRESENTATION_CONTEXT('2D SPACE',''
  ) );
#224 = PCURVE('',#225,#230);
#225 = PLANE('',#226);
#226 = AXIS2_PLACEMENT_3D('',#227,#228,#229);
#227 = CARTESIAN_POINT('',(0.,150.5,-14.));
#228 = DIRECTION('',(-0.,1.,0.));
#229 = DIRECTION('',(0.,0.,1.));
#230 = DEFINITIONAL_REPRESENTATION('',(#231),#235);
#231 = LINE('',#232,#233);
#232 = CARTESIAN_POINT('',(0.,0.));
#233 = VECTOR('',#234,1.);
#234 = DIRECTION('',(1.,0.));
#235 = ( GEOMETRIC_REPRESENTATION_CONTEXT(2) 
PARAMETRIC_REPRESENTATION_CONTEXT() REPRESENTATION_CONTEXT('2D SPACE',''
  ) );
#236 = ORIENTED_EDGE('',*,*,#237,.T.);
#237 = EDGE_CURVE('',#210,#238,#240,.T.);
#238 = VERTEX_POINT('',#239);
#239 = CARTESIAN_POINT('',(0.,153.5,-14.));
#240 = SURFACE_CURVE('',#241,(#245,#252),.PCURVE_S1.);
#241 = LINE('',#242,#243);
#242 = CARTESIAN_POINT('',(0.,150.5,-14.));
#243 = VECTOR('',#244,1.);
#244 = DIRECTION('',(-0.,1.,0.));
#245 = PCURVE('',#50,#246);
#246 = DEFINITIONAL_REPRESENTATION('',(#247),#251);
#247 = LINE('',#248,#249);
#248 = CARTESIAN_POINT('',(-8.,-150.4));
#249 = VECTOR('',#250,1.);
#250 = DIRECTION('',(0.,-1.));
#251 = ( GEOMETRIC_REPRESENTATION_CONTEXT(2) 
PARAMETRIC_REPRESENTATION_CONTEXT() REPRESENTATION_CONTEXT('2D SPACE',''
  ) );
#252 = PCURVE('',#253,#258);
#253 = PLANE('',#254);
#254 = AXIS2_PLACEMENT_3D('',#255,#256,#257);
#255 = CARTESIAN_POINT('',(0.,150.5,-14.));
#256 = DIRECTION('',(0.,0.,1.));
#257 = DIRECTION('',(1.,0.,-0.));
#258 = DEFINITIONAL_REPRESENTATION('',(#259),#263);
#259 = LINE('',#260,#261);
#260 = CARTESIAN_POINT('',(0.,0.));
#261 = VECTOR('',#262,1.);
#262 = DIRECTION('',(0.,1.));
#263 = ( GEOMETRIC_REPRESENTATION_CONTEXT(2) 
PARAMETRIC_REPRESENTATION_CONTEXT() REPRESENTATION_CONTEXT('2D SPACE',''
  ) );
#264 = ORIENTED_EDGE('',*,*,#265,.T.);
#265 = EDGE_CURVE('',#238,#266,#268,.T.);
#266 = VERTEX_POINT('',#267);
#267 = CARTESIAN_POINT('',(0.,153.5,-6.));
#268 = SURFACE_CURVE('',#269,(#273,#280),.PCURVE_S1.);
#269 = LINE('',#270,#271);
#270 = CARTESIAN_POINT('',(0.,153.5,-14.));
#271 = VECTOR('',#272,1.);
#272 = DIRECTION('',(0.,0.,1.));
#273 = PCURVE('',#50,#274);
#274 = DEFINITIONAL_REPRESENTATION('',(#275),#279);
#275 = LINE('',#276,#277);
#276 = CARTESIAN_POINT('',(-8.,-153.4));
#277 = VECTOR('',#278,1.);
#278 = DIRECTION('',(1.,0.));
#279 = ( GEOMETRIC_REPRESENTATION_CONTEXT(2) 
PARAMETRIC_REPRESENTATION_CONTEXT() REPRESENTATION_CONTEXT('2D SPACE',''
  ) );
#280 = PCURVE('',#281,#286);
#281 = PLANE('',#282);
#282 = AXIS2_PLACEMENT_3D('',#283,#284,#285);
#283 = CARTESIAN_POINT('',(0.,153.5,-14.));
#284 = DIRECTION('',(-0.,1.,0.));
#285 = DIRECTION('',(0.,0.,1.));
#286 = DEFINITIONAL_REPRESENTATION('',(#287),#291);
#287 = LINE('',#288,#289);
#288 = CARTESIAN_POINT('',(0.,0.));
#289 = VECTOR('',#290,1.);
#290 = DIRECTION('',(1.,0.));
#291 = ( GEOMETRIC_REPRESENTATION_CONTEXT(2) 
PARAMETRIC_REPRESENTATION_CONTEXT() REPRESENTATION_CONTEXT('2D SPACE',''
  ) );
#292 = ORIENTED_EDGE('',*,*,#293,.T.);
#293 = EDGE_CURVE('',#266,#294,#296,.T.);
#294 = VERTEX_POINT('',#295);
#295 = CARTESIAN_POINT('',(0.,160.,-6.));
#296 = SURFACE_CURVE('',#297,(#301,#308),.PCURVE_S1.);
#297 = LINE('',#298,#299);
#298 = CARTESIAN_POINT('',(0.,0.1,-6.));
#299 = VECTOR('',#300,1.);
#300 = DIRECTION('',(-0.,1.,0.));
#301 = PCURVE('',#50,#302);
#302 = DEFINITIONAL_REPRESENTATION('',(#303),#307);
#303 = LINE('',#304,#305);
#304 = CARTESIAN_POINT('',(0.,0.));
#305 = VECTOR('',#306,1.);
#306 = DIRECTION('',(0.,-1.));
#307 = ( GEOMETRIC_REPRESENTATION_CONTEXT(2) 
PARAMETRIC_REPRESENTATION_CONTEXT() REPRESENTATION_CONTEXT('2D SPACE',''
  ) );
#308 = PCURVE('',#309,#314);
#309 = PLANE('',#310);
#310 = AXIS2_PLACEMENT_3D('',#311,#312,#313);
#311 = CARTESIAN_POINT('',(0.,0.1,-6.));
#312 = DIRECTION('',(0.,0.,1.));
#313 = DIRECTION('',(1.,0.,-0.));
#314 = DEFINITIONAL_REPRESENTATION('',(#315),#319);
#315 = LINE('',#316,#317);
#316 = CARTESIAN_POINT('',(0.,0.));
#317 = VECTOR('',#318,1.);
#318 = DIRECTION('',(0.,1.));
#319 = ( GEOMETRIC_REPRESENTATION_CONTEXT(2) 
PARAMETRIC_REPRESENTATION_CONTEXT() REPRESENTATION_CONTEXT('2D SPACE',''
  ) );
#320 = ORIENTED_EDGE('',*,*,#321,.T.);
#321 = EDGE_CURVE('',#294,#322,#324,.T.);
#322 = VERTEX_POINT('',#323);
#323 = CARTESIAN_POINT('',(0.,160.,0.));
#324 = SURFACE_CURVE('',#325,(#329,#336),.PCURVE_S1.);
#325 = LINE('',#326,#327);
#326 = CARTESIAN_POINT('',(0.,160.,-6.));
#327 = VECTOR('',#328,1.);
#328 = DIRECTION('',(0.,0.,1.));
#329 = PCURVE('',#50,#330);
#330 = DEFINITIONAL_REPRESENTATION('',(#331),#335);
#331 = LINE('',#332,#333);
#332 = CARTESIAN_POINT('',(0.,-159.9));
#333 = VECTOR('',#334,1.);
#334 = DIRECTION('',(1.,0.));
#335 = ( GEOMETRIC_REPRESENTATION_CONTEXT(2) 
PARAMETRIC_REPRESENTATION_CONTEXT() REPRESENTATION_CONTEXT('2D SPACE',''
  ) );
#336 = PCURVE('',#337,#342);
#337 = PLANE('',#338);
#338 = AXIS2_PLACEMENT_3D('',#339,#340,#341);
#339 = CARTESIAN_POINT('',(0.,160.,-6.));
#340 = DIRECTION('',(-0.,1.,0.));
#341 = DIRECTION('',(0.,0.,1.));
#342 = DEFINITIONAL_REPRESENTATION('',(#343),#347);
#343 = LINE('',#344,#345);
#344 = CARTESIAN_POINT('',(0.,0.));
#345 = VECTOR('',#346,1.);
#346 = DIRECTION('',(1.,0.));
#347 = ( GEOMETRIC_REPRESENTATION_CONTEXT(2) 
PARAMETRIC_REPRESENTATION_CONTEXT() REPRESENTATION_CONTEXT('2D SPACE',''
  ) );
#348 = ORIENTED_EDGE('',*,*,#349,.F.);
#349 = EDGE_CURVE('',#42,#322,#350,.T.);
#350 = SURFACE_CURVE('',#351,(#355,#362),.PCURVE_S1.);
#351 = LINE('',#352,#353);
#352 = CARTESIAN_POINT('',(0.,0.1,0.));
#353 = VECTOR('',#354,1.);
#354 = DIRECTION('',(-0.,1.,0.));
#355 = PCURVE('',#50,#356);
#356 = DEFINITIONAL_REPRESENTATION('',(#357),#361);
#357 = LINE('',#358,#359);
#358 = CARTESIAN_POINT('',(6.,0.));
#359 = VECTOR('',#360,1.);
#360 = DIRECTION('',(0.,-1.));
#361 = ( GEOMETRIC_REPRESENTATION_CONTEXT(2) 
PARAMETRIC_REPRESENTATION_CONTEXT() REPRESENTATION_CONTEXT('2D SPACE',''
  ) );
#362 = PCURVE('',#363,#368);
#363 = PLANE('',#364);
#364 = AXIS2_PLACEMENT_3D('',#365,#366,#367);
#365 = CARTESIAN_POINT('',(0.,0.1,0.));
#366 = DIRECTION('',(0.,0.,1.));
#367 = DIRECTION('',(1.,0.,-0.));
#368 = DEFINITIONAL_REPRESENTATION('',(#369),#373);
#369 = LINE('',#370,#371);
#370 = CARTESIAN_POINT('',(0.,0.));
#371 = VECTOR('',#372,1.);
#372 = DIRECTION('',(0.,1.));
#373 = ( GEOMETRIC_REPRESENTATION_CONTEXT(2) 
PARAMETRIC_REPRESENTATION_CONTEXT() REPRESENTATION_CONTEXT('2D SPACE',''
  ) );
#374 = ADVANCED_FACE('',(#375),#62,.F.);
#375 = FACE_BOUND('',#376,.F.);
#376 = EDGE_LOOP('',(#377,#407,#428,#429,#452,#478));
#377 = ORIENTED_EDGE('',*,*,#378,.F.);
#378 = EDGE_CURVE('',#379,#381,#383,.T.);
#379 = VERTEX_POINT('',#380);
#380 = CARTESIAN_POINT('',(159.9,0.1,-6.));
#381 = VERTEX_POINT('',#382);
#382 = CARTESIAN_POINT('',(159.9,0.1,-1.2));
#383 = SURFACE_CURVE('',#384,(#388,#395),.PCURVE_S1.);
#384 = LINE('',#385,#386);
#385 = CARTESIAN_POINT('',(159.9,0.1,-6.));
#386 = VECTOR('',#387,1.);
#387 = DIRECTION('',(0.,0.,1.));
#388 = PCURVE('',#62,#389);
#389 = DEFINITIONAL_REPRESENTATION('',(#390),#394);
#390 = LINE('',#391,#392);
#391 = CARTESIAN_POINT('',(0.,159.9));
#392 = VECTOR('',#393,1.);
#393 = DIRECTION('',(1.,0.));
#394 = ( GEOMETRIC_REPRESENTATION_CONTEXT(2) 
PARAMETRIC_REPRESENTATION_CONTEXT() REPRESENTATION_CONTEXT('2D SPACE',''
  ) );
#395 = PCURVE('',#396,#401);
#396 = PLANE('',#397);
#397 = AXIS2_PLACEMENT_3D('',#398,#399,#400);
#398 = CARTESIAN_POINT('',(159.9,0.1,-6.));
#399 = DIRECTION('',(1.,0.,-0.));
#400 = DIRECTION('',(0.,0.,1.));
#401 = DEFINITIONAL_REPRESENTATION('',(#402),#406);
#402 = LINE('',#403,#404);
#403 = CARTESIAN_POINT('',(0.,0.));
#404 = VECTOR('',#405,1.);
#405 = DIRECTION('',(1.,0.));
#406 = ( GEOMETRIC_REPRESENTATION_CONTEXT(2) 
PARAMETRIC_REPRESENTATION_CONTEXT() REPRESENTATION_CONTEXT('2D SPACE',''
  ) );
#407 = ORIENTED_EDGE('',*,*,#408,.F.);
#408 = EDGE_CURVE('',#40,#379,#409,.T.);
#409 = SURFACE_CURVE('',#410,(#414,#421),.PCURVE_S1.);
#410 = LINE('',#411,#412);
#411 = CARTESIAN_POINT('',(0.,0.1,-6.));
#412 = VECTOR('',#413,1.);
#413 = DIRECTION('',(1.,0.,-0.));
#414 = PCURVE('',#62,#415);
#415 = DEFINITIONAL_REPRESENTATION('',(#416),#420);
#416 = LINE('',#417,#418);
#417 = CARTESIAN_POINT('',(0.,0.));
#418 = VECTOR('',#419,1.);
#419 = DIRECTION('',(0.,1.));
#420 = ( GEOMETRIC_REPRESENTATION_CONTEXT(2) 
PARAMETRIC_REPRESENTATION_CONTEXT() REPRESENTATION_CONTEXT('2D SPACE',''
  ) );
#421 = PCURVE('',#90,#422);
#422 = DEFINITIONAL_REPRESENTATION('',(#423),#427);
#423 = LINE('',#424,#425);
#424 = CARTESIAN_POINT('',(0.,0.));
#425 = VECTOR('',#426,1.);
#426 = DIRECTION('',(1.,0.));
#427 = ( GEOMETRIC_REPRESENTATION_CONTEXT(2) 
PARAMETRIC_REPRESENTATION_CONTEXT() REPRESENTATION_CONTEXT('2D SPACE',''
  ) );
#428 = ORIENTED_EDGE('',*,*,#39,.T.);
#429 = ORIENTED_EDGE('',*,*,#430,.T.);
#430 = EDGE_CURVE('',#42,#431,#433,.T.);
#431 = VERTEX_POINT('',#432);
#432 = CARTESIAN_POINT('',(127.75,0.1,0.));
#433 = SURFACE_CURVE('',#434,(#438,#445),.PCURVE_S1.);
#434 = LINE('',#435,#436);
#435 = CARTESIAN_POINT('',(0.,0.1,0.));
#436 = VECTOR('',#437,1.);
#437 = DIRECTION('',(1.,0.,-0.));
#438 = PCURVE('',#62,#439);
#439 = DEFINITIONAL_REPRESENTATION('',(#440),#444);
#440 = LINE('',#441,#442);
#441 = CARTESIAN_POINT('',(6.,0.));
#442 = VECTOR('',#443,1.);
#443 = DIRECTION('',(0.,1.));
#444 = ( GEOMETRIC_REPRESENTATION_CONTEXT(2) 
PARAMETRIC_REPRESENTATION_CONTEXT() REPRESENTATION_CONTEXT('2D SPACE',''
  ) );
#445 = PCURVE('',#363,#446);
#446 = DEFINITIONAL_REPRESENTATION('',(#447),#451);
#447 = LINE('',#448,#449);
#448 = CARTESIAN_POINT('',(0.,0.));
#449 = VECTOR('',#450,1.);
#450 = DIRECTION('',(1.,0.));
#451 = ( GEOMETRIC_REPRESENTATION_CONTEXT(2) 
PARAMETRIC_REPRESENTATION_CONTEXT() REPRESENTATION_CONTEXT('2D SPACE',''
  ) );
#452 = ORIENTED_EDGE('',*,*,#453,.T.);
#453 = EDGE_CURVE('',#431,#454,#456,.T.);
#454 = VERTEX_POINT('',#455);
#455 = CARTESIAN_POINT('',(127.75,0.1,-1.2));
#456 = SURFACE_CURVE('',#457,(#461,#467),.PCURVE_S1.);
#457 = LINE('',#458,#459);
#458 = CARTESIAN_POINT('',(127.75,0.1,-3.6));
#459 = VECTOR('',#460,1.);
#460 = DIRECTION('',(-0.,0.,-1.));
#461 = PCURVE('',#62,#462);
#462 = DEFINITIONAL_REPRESENTATION('',(#463),#466);
#463 = B_SPLINE_CURVE_WITH_KNOTS('',1,(#464,#465),.UNSPECIFIED.,.F.,.F.,
  (2,2),(-3.6,-2.4),.PIECEWISE_BEZIER_KNOTS.);
#464 = CARTESIAN_POINT('',(6.,127.75));
#465 = CARTESIAN_POINT('',(4.8,127.75));
#466 = ( GEOMETRIC_REPRESENTATION_CONTEXT(2) 
PARAMETRIC_REPRESENTATION_CONTEXT() REPRESENTATION_CONTEXT('2D SPACE',''
  ) );
#467 = PCURVE('',#468,#473);
#468 = PLANE('',#469);
#469 = AXIS2_PLACEMENT_3D('',#470,#471,#472);
#470 = CARTESIAN_POINT('',(127.75,-46.25,-1.2));
#471 = DIRECTION('',(1.,0.,-0.));
#472 = DIRECTION('',(0.,0.,1.));
#473 = DEFINITIONAL_REPRESENTATION('',(#474),#477);
#474 = B_SPLINE_CURVE_WITH_KNOTS('',1,(#475,#476),.UNSPECIFIED.,.F.,.F.,
  (2,2),(-3.6,-2.4),.PIECEWISE_BEZIER_KNOTS.);
#475 = CARTESIAN_POINT('',(1.2,-46.35));
#476 = CARTESIAN_POINT('',(0.,-46.35));
#477 = ( GEOMETRIC_REPRESENTATION_CONTEXT(2) 
PARAMETRIC_REPRESENTATION_CONTEXT() REPRESENTATION_CONTEXT('2D SPACE',''
  ) );
#478 = ORIENTED_EDGE('',*,*,#479,.T.);
#479 = EDGE_CURVE('',#454,#381,#480,.T.);
#480 = SURFACE_CURVE('',#481,(#485,#491),.PCURVE_S1.);
#481 = LINE('',#482,#483);
#482 = CARTESIAN_POINT('',(63.875,0.1,-1.2));
#483 = VECTOR('',#484,1.);
#484 = DIRECTION('',(1.,0.,-0.));
#485 = PCURVE('',#62,#486);
#486 = DEFINITIONAL_REPRESENTATION('',(#487),#490);
#487 = B_SPLINE_CURVE_WITH_KNOTS('',1,(#488,#489),.UNSPECIFIED.,.F.,.F.,
  (2,2),(63.875,96.025),.PIECEWISE_BEZIER_KNOTS.);
#488 = CARTESIAN_POINT('',(4.8,127.75));
#489 = CARTESIAN_POINT('',(4.8,159.9));
#490 = ( GEOMETRIC_REPRESENTATION_CONTEXT(2) 
PARAMETRIC_REPRESENTATION_CONTEXT() REPRESENTATION_CONTEXT('2D SPACE',''
  ) );
#491 = PCURVE('',#492,#497);
#492 = PLANE('',#493);
#493 = AXIS2_PLACEMENT_3D('',#494,#495,#496);
#494 = CARTESIAN_POINT('',(127.75,-46.25,-1.2));
#495 = DIRECTION('',(0.,0.,1.));
#496 = DIRECTION('',(1.,0.,-0.));
#497 = DEFINITIONAL_REPRESENTATION('',(#498),#501);
#498 = B_SPLINE_CURVE_WITH_KNOTS('',1,(#499,#500),.UNSPECIFIED.,.F.,.F.,
  (2,2),(63.875,96.025),.PIECEWISE_BEZIER_KNOTS.);
#499 = CARTESIAN_POINT('',(0.,46.35));
#500 = CARTESIAN_POINT('',(32.15,46.35));
#501 = ( GEOMETRIC_REPRESENTATION_CONTEXT(2) 
PARAMETRIC_REPRESENTATION_CONTEXT() REPRESENTATION_CONTEXT('2D SPACE',''
  ) );
#502 = ADVANCED_FACE('',(#503,#1958,#1989,#2020,#2051,#2082,#2113,#2144,
    #2175,#2206,#2237,#2268,#2382,#2413,#2444,#2475,#2506,#2844,#2875,
    #2906,#2937,#2968,#2999,#3030,#3061,#3092,#3123,#3154,#3185),#90,.F.
  );
#503 = FACE_BOUND('',#504,.F.);
#504 = EDGE_LOOP('',(#505,#506,#507,#530,#558,#586,#614,#642,#665,#693,
    #721,#749,#777,#805,#833,#861,#889,#917,#945,#973,#1001,#1029,#1057,
    #1085,#1113,#1141,#1169,#1197,#1225,#1253,#1281,#1309,#1332,#1360,
    #1388,#1416,#1437,#1438,#1461,#1489,#1517,#1545,#1573,#1601,#1629,
    #1657,#1685,#1713,#1741,#1769,#1797,#1825,#1853,#1881,#1909,#1937));
#505 = ORIENTED_EDGE('',*,*,#74,.F.);
#506 = ORIENTED_EDGE('',*,*,#408,.T.);
#507 = ORIENTED_EDGE('',*,*,#508,.T.);
#508 = EDGE_CURVE('',#379,#509,#511,.T.);
#509 = VERTEX_POINT('',#510);
#510 = CARTESIAN_POINT('',(159.9,150.5,-6.));
#511 = SURFACE_CURVE('',#512,(#516,#523),.PCURVE_S1.);
#512 = LINE('',#513,#514);
#513 = CARTESIAN_POINT('',(159.9,0.1,-6.));
#514 = VECTOR('',#515,1.);
#515 = DIRECTION('',(-0.,1.,0.));
#516 = PCURVE('',#90,#517);
#517 = DEFINITIONAL_REPRESENTATION('',(#518),#522);
#518 = LINE('',#519,#520);
#519 = CARTESIAN_POINT('',(159.9,0.));
#520 = VECTOR('',#521,1.);
#521 = DIRECTION('',(0.,1.));
#522 = ( GEOMETRIC_REPRESENTATION_CONTEXT(2) 
PARAMETRIC_REPRESENTATION_CONTEXT() REPRESENTATION_CONTEXT('2D SPACE',''
  ) );
#523 = PCURVE('',#396,#524);
#524 = DEFINITIONAL_REPRESENTATION('',(#525),#529);
#525 = LINE('',#526,#527);
#526 = CARTESIAN_POINT('',(0.,0.));
#527 = VECTOR('',#528,1.);
#528 = DIRECTION('',(0.,-1.));
#529 = ( GEOMETRIC_REPRESENTATION_CONTEXT(2) 
PARAMETRIC_REPRESENTATION_CONTEXT() REPRESENTATION_CONTEXT('2D SPACE',''
  ) );
#530 = ORIENTED_EDGE('',*,*,#531,.F.);
#531 = EDGE_CURVE('',#532,#509,#534,.T.);
#532 = VERTEX_POINT('',#533);
#533 = CARTESIAN_POINT('',(153.5,150.5,-6.));
#534 = SURFACE_CURVE('',#535,(#539,#546),.PCURVE_S1.);
#535 = LINE('',#536,#537);
#536 = CARTESIAN_POINT('',(151.,150.5,-6.));
#537 = VECTOR('',#538,1.);
#538 = DIRECTION('',(1.,0.,-0.));
#539 = PCURVE('',#90,#540);
#540 = DEFINITIONAL_REPRESENTATION('',(#541),#545);
#541 = LINE('',#542,#543);
#542 = CARTESIAN_POINT('',(151.,150.4));
#543 = VECTOR('',#544,1.);
#544 = DIRECTION('',(1.,0.));
#545 = ( GEOMETRIC_REPRESENTATION_CONTEXT(2) 
PARAMETRIC_REPRESENTATION_CONTEXT() REPRESENTATION_CONTEXT('2D SPACE',''
  ) );
#546 = PCURVE('',#547,#552);
#547 = PLANE('',#548);
#548 = AXIS2_PLACEMENT_3D('',#549,#550,#551);
#549 = CARTESIAN_POINT('',(151.,150.5,-14.));
#550 = DIRECTION('',(-0.,1.,0.));
#551 = DIRECTION('',(0.,0.,1.));
#552 = DEFINITIONAL_REPRESENTATION('',(#553),#557);
#553 = LINE('',#554,#555);
#554 = CARTESIAN_POINT('',(8.,0.));
#555 = VECTOR('',#556,1.);
#556 = DIRECTION('',(0.,1.));
#557 = ( GEOMETRIC_REPRESENTATION_CONTEXT(2) 
PARAMETRIC_REPRESENTATION_CONTEXT() REPRESENTATION_CONTEXT('2D SPACE',''
  ) );
#558 = ORIENTED_EDGE('',*,*,#559,.F.);
#559 = EDGE_CURVE('',#560,#532,#562,.T.);
#560 = VERTEX_POINT('',#561);
#561 = CARTESIAN_POINT('',(153.5,145.,-6.));
#562 = SURFACE_CURVE('',#563,(#567,#574),.PCURVE_S1.);
#563 = LINE('',#564,#565);
#564 = CARTESIAN_POINT('',(153.5,145.,-6.));
#565 = VECTOR('',#566,1.);
#566 = DIRECTION('',(-0.,1.,0.));
#567 = PCURVE('',#90,#568);
#568 = DEFINITIONAL_REPRESENTATION('',(#569),#573);
#569 = LINE('',#570,#571);
#570 = CARTESIAN_POINT('',(153.5,144.9));
#571 = VECTOR('',#572,1.);
#572 = DIRECTION('',(0.,1.));
#573 = ( GEOMETRIC_REPRESENTATION_CONTEXT(2) 
PARAMETRIC_REPRESENTATION_CONTEXT() REPRESENTATION_CONTEXT('2D SPACE',''
  ) );
#574 = PCURVE('',#575,#580);
#575 = PLANE('',#576);
#576 = AXIS2_PLACEMENT_3D('',#577,#578,#579);
#577 = CARTESIAN_POINT('',(153.5,145.,-14.));
#578 = DIRECTION('',(1.,0.,-0.));
#579 = DIRECTION('',(0.,0.,1.));
#580 = DEFINITIONAL_REPRESENTATION('',(#581),#585);
#581 = LINE('',#582,#583);
#582 = CARTESIAN_POINT('',(8.,0.));
#583 = VECTOR('',#584,1.);
#584 = DIRECTION('',(0.,-1.));
#585 = ( GEOMETRIC_REPRESENTATION_CONTEXT(2) 
PARAMETRIC_REPRESENTATION_CONTEXT() REPRESENTATION_CONTEXT('2D SPACE',''
  ) );
#586 = ORIENTED_EDGE('',*,*,#587,.F.);
#587 = EDGE_CURVE('',#588,#560,#590,.T.);
#588 = VERTEX_POINT('',#589);
#589 = CARTESIAN_POINT('',(150.5,145.,-6.));
#590 = SURFACE_CURVE('',#591,(#595,#602),.PCURVE_S1.);
#591 = LINE('',#592,#593);
#592 = CARTESIAN_POINT('',(150.5,145.,-6.));
#593 = VECTOR('',#594,1.);
#594 = DIRECTION('',(1.,0.,-0.));
#595 = PCURVE('',#90,#596);
#596 = DEFINITIONAL_REPRESENTATION('',(#597),#601);
#597 = LINE('',#598,#599);
#598 = CARTESIAN_POINT('',(150.5,144.9));
#599 = VECTOR('',#600,1.);
#600 = DIRECTION('',(1.,0.));
#601 = ( GEOMETRIC_REPRESENTATION_CONTEXT(2) 
PARAMETRIC_REPRESENTATION_CONTEXT() REPRESENTATION_CONTEXT('2D SPACE',''
  ) );
#602 = PCURVE('',#603,#608);
#603 = PLANE('',#604);
#604 = AXIS2_PLACEMENT_3D('',#605,#606,#607);
#605 = CARTESIAN_POINT('',(150.5,145.,-14.));
#606 = DIRECTION('',(-0.,1.,0.));
#607 = DIRECTION('',(0.,0.,1.));
#608 = DEFINITIONAL_REPRESENTATION('',(#609),#613);
#609 = LINE('',#610,#611);
#610 = CARTESIAN_POINT('',(8.,0.));
#611 = VECTOR('',#612,1.);
#612 = DIRECTION('',(0.,1.));
#613 = ( GEOMETRIC_REPRESENTATION_CONTEXT(2) 
PARAMETRIC_REPRESENTATION_CONTEXT() REPRESENTATION_CONTEXT('2D SPACE',''
  ) );
#614 = ORIENTED_EDGE('',*,*,#615,.T.);
#615 = EDGE_CURVE('',#588,#616,#618,.T.);
#616 = VERTEX_POINT('',#617);
#617 = CARTESIAN_POINT('',(150.5,160.,-6.));
#618 = SURFACE_CURVE('',#619,(#623,#630),.PCURVE_S1.);
#619 = LINE('',#620,#621);
#620 = CARTESIAN_POINT('',(150.5,145.,-6.));
#621 = VECTOR('',#622,1.);
#622 = DIRECTION('',(-0.,1.,0.));
#623 = PCURVE('',#90,#624);
#624 = DEFINITIONAL_REPRESENTATION('',(#625),#629);
#625 = LINE('',#626,#627);
#626 = CARTESIAN_POINT('',(150.5,144.9));
#627 = VECTOR('',#628,1.);
#628 = DIRECTION('',(0.,1.));
#629 = ( GEOMETRIC_REPRESENTATION_CONTEXT(2) 
PARAMETRIC_REPRESENTATION_CONTEXT() REPRESENTATION_CONTEXT('2D SPACE',''
  ) );
#630 = PCURVE('',#631,#636);
#631 = PLANE('',#632);
#632 = AXIS2_PLACEMENT_3D('',#633,#634,#635);
#633 = CARTESIAN_POINT('',(150.5,145.,-14.));
#634 = DIRECTION('',(1.,0.,-0.));
#635 = DIRECTION('',(0.,0.,1.));
#636 = DEFINITIONAL_REPRESENTATION('',(#637),#641);
#637 = LINE('',#638,#639);
#638 = CARTESIAN_POINT('',(8.,0.));
#639 = VECTOR('',#640,1.);
#640 = DIRECTION('',(0.,-1.));
#641 = ( GEOMETRIC_REPRESENTATION_CONTEXT(2) 
PARAMETRIC_REPRESENTATION_CONTEXT() REPRESENTATION_CONTEXT('2D SPACE',''
  ) );
#642 = ORIENTED_EDGE('',*,*,#643,.F.);
#643 = EDGE_CURVE('',#644,#616,#646,.T.);
#644 = VERTEX_POINT('',#645);
#645 = CARTESIAN_POINT('',(121.5,160.,-6.));
#646 = SURFACE_CURVE('',#647,(#651,#658),.PCURVE_S1.);
#647 = LINE('',#648,#649);
#648 = CARTESIAN_POINT('',(0.,160.,-6.));
#649 = VECTOR('',#650,1.);
#650 = DIRECTION('',(1.,0.,-0.));
#651 = PCURVE('',#90,#652);
#652 = DEFINITIONAL_REPRESENTATION('',(#653),#657);
#653 = LINE('',#654,#655);
#654 = CARTESIAN_POINT('',(0.,159.9));
#655 = VECTOR('',#656,1.);
#656 = DIRECTION('',(1.,0.));
#657 = ( GEOMETRIC_REPRESENTATION_CONTEXT(2) 
PARAMETRIC_REPRESENTATION_CONTEXT() REPRESENTATION_CONTEXT('2D SPACE',''
  ) );
#658 = PCURVE('',#337,#659);
#659 = DEFINITIONAL_REPRESENTATION('',(#660),#664);
#660 = LINE('',#661,#662);
#661 = CARTESIAN_POINT('',(0.,0.));
#662 = VECTOR('',#663,1.);
#663 = DIRECTION('',(0.,1.));
#664 = ( GEOMETRIC_REPRESENTATION_CONTEXT(2) 
PARAMETRIC_REPRESENTATION_CONTEXT() REPRESENTATION_CONTEXT('2D SPACE',''
  ) );
#665 = ORIENTED_EDGE('',*,*,#666,.F.);
#666 = EDGE_CURVE('',#667,#644,#669,.T.);
#667 = VERTEX_POINT('',#668);
#668 = CARTESIAN_POINT('',(121.5,153.5,-6.));
#669 = SURFACE_CURVE('',#670,(#674,#681),.PCURVE_S1.);
#670 = LINE('',#671,#672);
#671 = CARTESIAN_POINT('',(121.5,105.,-6.));
#672 = VECTOR('',#673,1.);
#673 = DIRECTION('',(-0.,1.,0.));
#674 = PCURVE('',#90,#675);
#675 = DEFINITIONAL_REPRESENTATION('',(#676),#680);
#676 = LINE('',#677,#678);
#677 = CARTESIAN_POINT('',(121.5,104.9));
#678 = VECTOR('',#679,1.);
#679 = DIRECTION('',(0.,1.));
#680 = ( GEOMETRIC_REPRESENTATION_CONTEXT(2) 
PARAMETRIC_REPRESENTATION_CONTEXT() REPRESENTATION_CONTEXT('2D SPACE',''
  ) );
#681 = PCURVE('',#682,#687);
#682 = PLANE('',#683);
#683 = AXIS2_PLACEMENT_3D('',#684,#685,#686);
#684 = CARTESIAN_POINT('',(121.5,105.,-14.));
#685 = DIRECTION('',(1.,0.,-0.));
#686 = DIRECTION('',(0.,0.,1.));
#687 = DEFINITIONAL_REPRESENTATION('',(#688),#692);
#688 = LINE('',#689,#690);
#689 = CARTESIAN_POINT('',(8.,0.));
#690 = VECTOR('',#691,1.);
#691 = DIRECTION('',(0.,-1.));
#692 = ( GEOMETRIC_REPRESENTATION_CONTEXT(2) 
PARAMETRIC_REPRESENTATION_CONTEXT() REPRESENTATION_CONTEXT('2D SPACE',''
  ) );
#693 = ORIENTED_EDGE('',*,*,#694,.T.);
#694 = EDGE_CURVE('',#667,#695,#697,.T.);
#695 = VERTEX_POINT('',#696);
#696 = CARTESIAN_POINT('',(137.,153.5,-6.));
#697 = SURFACE_CURVE('',#698,(#702,#709),.PCURVE_S1.);
#698 = LINE('',#699,#700);
#699 = CARTESIAN_POINT('',(65.,153.5,-6.));
#700 = VECTOR('',#701,1.);
#701 = DIRECTION('',(1.,0.,-0.));
#702 = PCURVE('',#90,#703);
#703 = DEFINITIONAL_REPRESENTATION('',(#704),#708);
#704 = LINE('',#705,#706);
#705 = CARTESIAN_POINT('',(65.,153.4));
#706 = VECTOR('',#707,1.);
#707 = DIRECTION('',(1.,0.));
#708 = ( GEOMETRIC_REPRESENTATION_CONTEXT(2) 
PARAMETRIC_REPRESENTATION_CONTEXT() REPRESENTATION_CONTEXT('2D SPACE',''
  ) );
#709 = PCURVE('',#710,#715);
#710 = PLANE('',#711);
#711 = AXIS2_PLACEMENT_3D('',#712,#713,#714);
#712 = CARTESIAN_POINT('',(65.,153.5,-14.));
#713 = DIRECTION('',(-0.,1.,0.));
#714 = DIRECTION('',(0.,0.,1.));
#715 = DEFINITIONAL_REPRESENTATION('',(#716),#720);
#716 = LINE('',#717,#718);
#717 = CARTESIAN_POINT('',(8.,0.));
#718 = VECTOR('',#719,1.);
#719 = DIRECTION('',(0.,1.));
#720 = ( GEOMETRIC_REPRESENTATION_CONTEXT(2) 
PARAMETRIC_REPRESENTATION_CONTEXT() REPRESENTATION_CONTEXT('2D SPACE',''
  ) );
#721 = ORIENTED_EDGE('',*,*,#722,.F.);
#722 = EDGE_CURVE('',#723,#695,#725,.T.);
#723 = VERTEX_POINT('',#724);
#724 = CARTESIAN_POINT('',(137.,150.5,-6.));
#725 = SURFACE_CURVE('',#726,(#730,#737),.PCURVE_S1.);
#726 = LINE('',#727,#728);
#727 = CARTESIAN_POINT('',(137.,150.5,-6.));
#728 = VECTOR('',#729,1.);
#729 = DIRECTION('',(-0.,1.,0.));
#730 = PCURVE('',#90,#731);
#731 = DEFINITIONAL_REPRESENTATION('',(#732),#736);
#732 = LINE('',#733,#734);
#733 = CARTESIAN_POINT('',(137.,150.4));
#734 = VECTOR('',#735,1.);
#735 = DIRECTION('',(0.,1.));
#736 = ( GEOMETRIC_REPRESENTATION_CONTEXT(2) 
PARAMETRIC_REPRESENTATION_CONTEXT() REPRESENTATION_CONTEXT('2D SPACE',''
  ) );
#737 = PCURVE('',#738,#743);
#738 = PLANE('',#739);
#739 = AXIS2_PLACEMENT_3D('',#740,#741,#742);
#740 = CARTESIAN_POINT('',(137.,150.5,-14.));
#741 = DIRECTION('',(1.,0.,-0.));
#742 = DIRECTION('',(0.,0.,1.));
#743 = DEFINITIONAL_REPRESENTATION('',(#744),#748);
#744 = LINE('',#745,#746);
#745 = CARTESIAN_POINT('',(8.,0.));
#746 = VECTOR('',#747,1.);
#747 = DIRECTION('',(0.,-1.));
#748 = ( GEOMETRIC_REPRESENTATION_CONTEXT(2) 
PARAMETRIC_REPRESENTATION_CONTEXT() REPRESENTATION_CONTEXT('2D SPACE',''
  ) );
#749 = ORIENTED_EDGE('',*,*,#750,.F.);
#750 = EDGE_CURVE('',#751,#723,#753,.T.);
#751 = VERTEX_POINT('',#752);
#752 = CARTESIAN_POINT('',(121.5,150.5,-6.));
#753 = SURFACE_CURVE('',#754,(#758,#765),.PCURVE_S1.);
#754 = LINE('',#755,#756);
#755 = CARTESIAN_POINT('',(65.,150.5,-6.));
#756 = VECTOR('',#757,1.);
#757 = DIRECTION('',(1.,0.,-0.));
#758 = PCURVE('',#90,#759);
#759 = DEFINITIONAL_REPRESENTATION('',(#760),#764);
#760 = LINE('',#761,#762);
#761 = CARTESIAN_POINT('',(65.,150.4));
#762 = VECTOR('',#763,1.);
#763 = DIRECTION('',(1.,0.));
#764 = ( GEOMETRIC_REPRESENTATION_CONTEXT(2) 
PARAMETRIC_REPRESENTATION_CONTEXT() REPRESENTATION_CONTEXT('2D SPACE',''
  ) );
#765 = PCURVE('',#766,#771);
#766 = PLANE('',#767);
#767 = AXIS2_PLACEMENT_3D('',#768,#769,#770);
#768 = CARTESIAN_POINT('',(65.,150.5,-14.));
#769 = DIRECTION('',(-0.,1.,0.));
#770 = DIRECTION('',(0.,0.,1.));
#771 = DEFINITIONAL_REPRESENTATION('',(#772),#776);
#772 = LINE('',#773,#774);
#773 = CARTESIAN_POINT('',(8.,0.));
#774 = VECTOR('',#775,1.);
#775 = DIRECTION('',(0.,1.));
#776 = ( GEOMETRIC_REPRESENTATION_CONTEXT(2) 
PARAMETRIC_REPRESENTATION_CONTEXT() REPRESENTATION_CONTEXT('2D SPACE',''
  ) );
#777 = ORIENTED_EDGE('',*,*,#778,.F.);
#778 = EDGE_CURVE('',#779,#751,#781,.T.);
#779 = VERTEX_POINT('',#780);
#780 = CARTESIAN_POINT('',(121.5,121.5,-6.));
#781 = SURFACE_CURVE('',#782,(#786,#793),.PCURVE_S1.);
#782 = LINE('',#783,#784);
#783 = CARTESIAN_POINT('',(121.5,105.,-6.));
#784 = VECTOR('',#785,1.);
#785 = DIRECTION('',(-0.,1.,0.));
#786 = PCURVE('',#90,#787);
#787 = DEFINITIONAL_REPRESENTATION('',(#788),#792);
#788 = LINE('',#789,#790);
#789 = CARTESIAN_POINT('',(121.5,104.9));
#790 = VECTOR('',#791,1.);
#791 = DIRECTION('',(0.,1.));
#792 = ( GEOMETRIC_REPRESENTATION_CONTEXT(2) 
PARAMETRIC_REPRESENTATION_CONTEXT() REPRESENTATION_CONTEXT('2D SPACE',''
  ) );
#793 = PCURVE('',#794,#799);
#794 = PLANE('',#795);
#795 = AXIS2_PLACEMENT_3D('',#796,#797,#798);
#796 = CARTESIAN_POINT('',(121.5,105.,-14.));
#797 = DIRECTION('',(1.,0.,-0.));
#798 = DIRECTION('',(0.,0.,1.));
#799 = DEFINITIONAL_REPRESENTATION('',(#800),#804);
#800 = LINE('',#801,#802);
#801 = CARTESIAN_POINT('',(8.,0.));
#802 = VECTOR('',#803,1.);
#803 = DIRECTION('',(0.,-1.));
#804 = ( GEOMETRIC_REPRESENTATION_CONTEXT(2) 
PARAMETRIC_REPRESENTATION_CONTEXT() REPRESENTATION_CONTEXT('2D SPACE',''
  ) );
#805 = ORIENTED_EDGE('',*,*,#806,.T.);
#806 = EDGE_CURVE('',#779,#807,#809,.T.);
#807 = VERTEX_POINT('',#808);
#808 = CARTESIAN_POINT('',(143.,121.5,-6.));
#809 = SURFACE_CURVE('',#810,(#814,#821),.PCURVE_S1.);
#810 = LINE('',#811,#812);
#811 = CARTESIAN_POINT('',(101.,121.5,-6.));
#812 = VECTOR('',#813,1.);
#813 = DIRECTION('',(1.,0.,-0.));
#814 = PCURVE('',#90,#815);
#815 = DEFINITIONAL_REPRESENTATION('',(#816),#820);
#816 = LINE('',#817,#818);
#817 = CARTESIAN_POINT('',(101.,121.4));
#818 = VECTOR('',#819,1.);
#819 = DIRECTION('',(1.,0.));
#820 = ( GEOMETRIC_REPRESENTATION_CONTEXT(2) 
PARAMETRIC_REPRESENTATION_CONTEXT() REPRESENTATION_CONTEXT('2D SPACE',''
  ) );
#821 = PCURVE('',#822,#827);
#822 = PLANE('',#823);
#823 = AXIS2_PLACEMENT_3D('',#824,#825,#826);
#824 = CARTESIAN_POINT('',(101.,121.5,-14.));
#825 = DIRECTION('',(-0.,1.,0.));
#826 = DIRECTION('',(0.,0.,1.));
#827 = DEFINITIONAL_REPRESENTATION('',(#828),#832);
#828 = LINE('',#829,#830);
#829 = CARTESIAN_POINT('',(8.,0.));
#830 = VECTOR('',#831,1.);
#831 = DIRECTION('',(0.,1.));
#832 = ( GEOMETRIC_REPRESENTATION_CONTEXT(2) 
PARAMETRIC_REPRESENTATION_CONTEXT() REPRESENTATION_CONTEXT('2D SPACE',''
  ) );
#833 = ORIENTED_EDGE('',*,*,#834,.F.);
#834 = EDGE_CURVE('',#835,#807,#837,.T.);
#835 = VERTEX_POINT('',#836);
#836 = CARTESIAN_POINT('',(143.,118.5,-6.));
#837 = SURFACE_CURVE('',#838,(#842,#849),.PCURVE_S1.);
#838 = LINE('',#839,#840);
#839 = CARTESIAN_POINT('',(143.,118.5,-6.));
#840 = VECTOR('',#841,1.);
#841 = DIRECTION('',(-0.,1.,0.));
#842 = PCURVE('',#90,#843);
#843 = DEFINITIONAL_REPRESENTATION('',(#844),#848);
#844 = LINE('',#845,#846);
#845 = CARTESIAN_POINT('',(143.,118.4));
#846 = VECTOR('',#847,1.);
#847 = DIRECTION('',(0.,1.));
#848 = ( GEOMETRIC_REPRESENTATION_CONTEXT(2) 
PARAMETRIC_REPRESENTATION_CONTEXT() REPRESENTATION_CONTEXT('2D SPACE',''
  ) );
#849 = PCURVE('',#850,#855);
#850 = PLANE('',#851);
#851 = AXIS2_PLACEMENT_3D('',#852,#853,#854);
#852 = CARTESIAN_POINT('',(143.,118.5,-14.));
#853 = DIRECTION('',(1.,0.,-0.));
#854 = DIRECTION('',(0.,0.,1.));
#855 = DEFINITIONAL_REPRESENTATION('',(#856),#860);
#856 = LINE('',#857,#858);
#857 = CARTESIAN_POINT('',(8.,0.));
#858 = VECTOR('',#859,1.);
#859 = DIRECTION('',(0.,-1.));
#860 = ( GEOMETRIC_REPRESENTATION_CONTEXT(2) 
PARAMETRIC_REPRESENTATION_CONTEXT() REPRESENTATION_CONTEXT('2D SPACE',''
  ) );
#861 = ORIENTED_EDGE('',*,*,#862,.F.);
#862 = EDGE_CURVE('',#863,#835,#865,.T.);
#863 = VERTEX_POINT('',#864);
#864 = CARTESIAN_POINT('',(121.5,118.5,-6.));
#865 = SURFACE_CURVE('',#866,(#870,#877),.PCURVE_S1.);
#866 = LINE('',#867,#868);
#867 = CARTESIAN_POINT('',(101.,118.5,-6.));
#868 = VECTOR('',#869,1.);
#869 = DIRECTION('',(1.,0.,-0.));
#870 = PCURVE('',#90,#871);
#871 = DEFINITIONAL_REPRESENTATION('',(#872),#876);
#872 = LINE('',#873,#874);
#873 = CARTESIAN_POINT('',(101.,118.4));
#874 = VECTOR('',#875,1.);
#875 = DIRECTION('',(1.,0.));
#876 = ( GEOMETRIC_REPRESENTATION_CONTEXT(2) 
PARAMETRIC_REPRESENTATION_CONTEXT() REPRESENTATION_CONTEXT('2D SPACE',''
  ) );
#877 = PCURVE('',#878,#883);
#878 = PLANE('',#879);
#879 = AXIS2_PLACEMENT_3D('',#880,#881,#882);
#880 = CARTESIAN_POINT('',(101.,118.5,-14.));
#881 = DIRECTION('',(-0.,1.,0.));
#882 = DIRECTION('',(0.,0.,1.));
#883 = DEFINITIONAL_REPRESENTATION('',(#884),#888);
#884 = LINE('',#885,#886);
#885 = CARTESIAN_POINT('',(8.,0.));
#886 = VECTOR('',#887,1.);
#887 = DIRECTION('',(0.,1.));
#888 = ( GEOMETRIC_REPRESENTATION_CONTEXT(2) 
PARAMETRIC_REPRESENTATION_CONTEXT() REPRESENTATION_CONTEXT('2D SPACE',''
  ) );
#889 = ORIENTED_EDGE('',*,*,#890,.F.);
#890 = EDGE_CURVE('',#891,#863,#893,.T.);
#891 = VERTEX_POINT('',#892);
#892 = CARTESIAN_POINT('',(121.5,105.,-6.));
#893 = SURFACE_CURVE('',#894,(#898,#905),.PCURVE_S1.);
#894 = LINE('',#895,#896);
#895 = CARTESIAN_POINT('',(121.5,105.,-6.));
#896 = VECTOR('',#897,1.);
#897 = DIRECTION('',(-0.,1.,0.));
#898 = PCURVE('',#90,#899);
#899 = DEFINITIONAL_REPRESENTATION('',(#900),#904);
#900 = LINE('',#901,#902);
#901 = CARTESIAN_POINT('',(121.5,104.9));
#902 = VECTOR('',#903,1.);
#903 = DIRECTION('',(0.,1.));
#904 = ( GEOMETRIC_REPRESENTATION_CONTEXT(2) 
PARAMETRIC_REPRESENTATION_CONTEXT() REPRESENTATION_CONTEXT('2D SPACE',''
  ) );
#905 = PCURVE('',#906,#911);
#906 = PLANE('',#907);
#907 = AXIS2_PLACEMENT_3D('',#908,#909,#910);
#908 = CARTESIAN_POINT('',(121.5,105.,-14.));
#909 = DIRECTION('',(1.,0.,-0.));
#910 = DIRECTION('',(0.,0.,1.));
#911 = DEFINITIONAL_REPRESENTATION('',(#912),#916);
#912 = LINE('',#913,#914);
#913 = CARTESIAN_POINT('',(8.,0.));
#914 = VECTOR('',#915,1.);
#915 = DIRECTION('',(0.,-1.));
#916 = ( GEOMETRIC_REPRESENTATION_CONTEXT(2) 
PARAMETRIC_REPRESENTATION_CONTEXT() REPRESENTATION_CONTEXT('2D SPACE',''
  ) );
#917 = ORIENTED_EDGE('',*,*,#918,.F.);
#918 = EDGE_CURVE('',#919,#891,#921,.T.);
#919 = VERTEX_POINT('',#920);
#920 = CARTESIAN_POINT('',(118.5,105.,-6.));
#921 = SURFACE_CURVE('',#922,(#926,#933),.PCURVE_S1.);
#922 = LINE('',#923,#924);
#923 = CARTESIAN_POINT('',(118.5,105.,-6.));
#924 = VECTOR('',#925,1.);
#925 = DIRECTION('',(1.,0.,-0.));
#926 = PCURVE('',#90,#927);
#927 = DEFINITIONAL_REPRESENTATION('',(#928),#932);
#928 = LINE('',#929,#930);
#929 = CARTESIAN_POINT('',(118.5,104.9));
#930 = VECTOR('',#931,1.);
#931 = DIRECTION('',(1.,0.));
#932 = ( GEOMETRIC_REPRESENTATION_CONTEXT(2) 
PARAMETRIC_REPRESENTATION_CONTEXT() REPRESENTATION_CONTEXT('2D SPACE',''
  ) );
#933 = PCURVE('',#934,#939);
#934 = PLANE('',#935);
#935 = AXIS2_PLACEMENT_3D('',#936,#937,#938);
#936 = CARTESIAN_POINT('',(118.5,105.,-14.));
#937 = DIRECTION('',(-0.,1.,0.));
#938 = DIRECTION('',(0.,0.,1.));
#939 = DEFINITIONAL_REPRESENTATION('',(#940),#944);
#940 = LINE('',#941,#942);
#941 = CARTESIAN_POINT('',(8.,0.));
#942 = VECTOR('',#943,1.);
#943 = DIRECTION('',(0.,1.));
#944 = ( GEOMETRIC_REPRESENTATION_CONTEXT(2) 
PARAMETRIC_REPRESENTATION_CONTEXT() REPRESENTATION_CONTEXT('2D SPACE',''
  ) );
#945 = ORIENTED_EDGE('',*,*,#946,.T.);
#946 = EDGE_CURVE('',#919,#947,#949,.T.);
#947 = VERTEX_POINT('',#948);
#948 = CARTESIAN_POINT('',(118.5,118.5,-6.));
#949 = SURFACE_CURVE('',#950,(#954,#961),.PCURVE_S1.);
#950 = LINE('',#951,#952);
#951 = CARTESIAN_POINT('',(118.5,105.,-6.));
#952 = VECTOR('',#953,1.);
#953 = DIRECTION('',(-0.,1.,0.));
#954 = PCURVE('',#90,#955);
#955 = DEFINITIONAL_REPRESENTATION('',(#956),#960);
#956 = LINE('',#957,#958);
#957 = CARTESIAN_POINT('',(118.5,104.9));
#958 = VECTOR('',#959,1.);
#959 = DIRECTION('',(0.,1.));
#960 = ( GEOMETRIC_REPRESENTATION_CONTEXT(2) 
PARAMETRIC_REPRESENTATION_CONTEXT() REPRESENTATION_CONTEXT('2D SPACE',''
  ) );
#961 = PCURVE('',#962,#967);
#962 = PLANE('',#963);
#963 = AXIS2_PLACEMENT_3D('',#964,#965,#966);
#964 = CARTESIAN_POINT('',(118.5,105.,-14.));
#965 = DIRECTION('',(1.,0.,-0.));
#966 = DIRECTION('',(0.,0.,1.));
#967 = DEFINITIONAL_REPRESENTATION('',(#968),#972);
#968 = LINE('',#969,#970);
#969 = CARTESIAN_POINT('',(8.,0.));
#970 = VECTOR('',#971,1.);
#971 = DIRECTION('',(0.,-1.));
#972 = ( GEOMETRIC_REPRESENTATION_CONTEXT(2) 
PARAMETRIC_REPRESENTATION_CONTEXT() REPRESENTATION_CONTEXT('2D SPACE',''
  ) );
#973 = ORIENTED_EDGE('',*,*,#974,.F.);
#974 = EDGE_CURVE('',#975,#947,#977,.T.);
#975 = VERTEX_POINT('',#976);
#976 = CARTESIAN_POINT('',(101.,118.5,-6.));
#977 = SURFACE_CURVE('',#978,(#982,#989),.PCURVE_S1.);
#978 = LINE('',#979,#980);
#979 = CARTESIAN_POINT('',(101.,118.5,-6.));
#980 = VECTOR('',#981,1.);
#981 = DIRECTION('',(1.,0.,-0.));
#982 = PCURVE('',#90,#983);
#983 = DEFINITIONAL_REPRESENTATION('',(#984),#988);
#984 = LINE('',#985,#986);
#985 = CARTESIAN_POINT('',(101.,118.4));
#986 = VECTOR('',#987,1.);
#987 = DIRECTION('',(1.,0.));
#988 = ( GEOMETRIC_REPRESENTATION_CONTEXT(2) 
PARAMETRIC_REPRESENTATION_CONTEXT() REPRESENTATION_CONTEXT('2D SPACE',''
  ) );
#989 = PCURVE('',#990,#995);
#990 = PLANE('',#991);
#991 = AXIS2_PLACEMENT_3D('',#992,#993,#994);
#992 = CARTESIAN_POINT('',(101.,118.5,-14.));
#993 = DIRECTION('',(-0.,1.,0.));
#994 = DIRECTION('',(0.,0.,1.));
#995 = DEFINITIONAL_REPRESENTATION('',(#996),#1000);
#996 = LINE('',#997,#998);
#997 = CARTESIAN_POINT('',(8.,0.));
#998 = VECTOR('',#999,1.);
#999 = DIRECTION('',(0.,1.));
#1000 = ( GEOMETRIC_REPRESENTATION_CONTEXT(2) 
PARAMETRIC_REPRESENTATION_CONTEXT() REPRESENTATION_CONTEXT('2D SPACE',''
  ) );
#1001 = ORIENTED_EDGE('',*,*,#1002,.T.);
#1002 = EDGE_CURVE('',#975,#1003,#1005,.T.);
#1003 = VERTEX_POINT('',#1004);
#1004 = CARTESIAN_POINT('',(101.,121.5,-6.));
#1005 = SURFACE_CURVE('',#1006,(#1010,#1017),.PCURVE_S1.);
#1006 = LINE('',#1007,#1008);
#1007 = CARTESIAN_POINT('',(101.,118.5,-6.));
#1008 = VECTOR('',#1009,1.);
#1009 = DIRECTION('',(-0.,1.,0.));
#1010 = PCURVE('',#90,#1011);
#1011 = DEFINITIONAL_REPRESENTATION('',(#1012),#1016);
#1012 = LINE('',#1013,#1014);
#1013 = CARTESIAN_POINT('',(101.,118.4));
#1014 = VECTOR('',#1015,1.);
#1015 = DIRECTION('',(0.,1.));
#1016 = ( GEOMETRIC_REPRESENTATION_CONTEXT(2) 
PARAMETRIC_REPRESENTATION_CONTEXT() REPRESENTATION_CONTEXT('2D SPACE',''
  ) );
#1017 = PCURVE('',#1018,#1023);
#1018 = PLANE('',#1019);
#1019 = AXIS2_PLACEMENT_3D('',#1020,#1021,#1022);
#1020 = CARTESIAN_POINT('',(101.,118.5,-14.));
#1021 = DIRECTION('',(1.,0.,-0.));
#1022 = DIRECTION('',(0.,0.,1.));
#1023 = DEFINITIONAL_REPRESENTATION('',(#1024),#1028);
#1024 = LINE('',#1025,#1026);
#1025 = CARTESIAN_POINT('',(8.,0.));
#1026 = VECTOR('',#1027,1.);
#1027 = DIRECTION('',(0.,-1.));
#1028 = ( GEOMETRIC_REPRESENTATION_CONTEXT(2) 
PARAMETRIC_REPRESENTATION_CONTEXT() REPRESENTATION_CONTEXT('2D SPACE',''
  ) );
#1029 = ORIENTED_EDGE('',*,*,#1030,.T.);
#1030 = EDGE_CURVE('',#1003,#1031,#1033,.T.);
#1031 = VERTEX_POINT('',#1032);
#1032 = CARTESIAN_POINT('',(118.5,121.5,-6.));
#1033 = SURFACE_CURVE('',#1034,(#1038,#1045),.PCURVE_S1.);
#1034 = LINE('',#1035,#1036);
#1035 = CARTESIAN_POINT('',(101.,121.5,-6.));
#1036 = VECTOR('',#1037,1.);
#1037 = DIRECTION('',(1.,0.,-0.));
#1038 = PCURVE('',#90,#1039);
#1039 = DEFINITIONAL_REPRESENTATION('',(#1040),#1044);
#1040 = LINE('',#1041,#1042);
#1041 = CARTESIAN_POINT('',(101.,121.4));
#1042 = VECTOR('',#1043,1.);
#1043 = DIRECTION('',(1.,0.));
#1044 = ( GEOMETRIC_REPRESENTATION_CONTEXT(2) 
PARAMETRIC_REPRESENTATION_CONTEXT() REPRESENTATION_CONTEXT('2D SPACE',''
  ) );
#1045 = PCURVE('',#1046,#1051);
#1046 = PLANE('',#1047);
#1047 = AXIS2_PLACEMENT_3D('',#1048,#1049,#1050);
#1048 = CARTESIAN_POINT('',(101.,121.5,-14.));
#1049 = DIRECTION('',(-0.,1.,0.));
#1050 = DIRECTION('',(0.,0.,1.));
#1051 = DEFINITIONAL_REPRESENTATION('',(#1052),#1056);
#1052 = LINE('',#1053,#1054);
#1053 = CARTESIAN_POINT('',(8.,0.));
#1054 = VECTOR('',#1055,1.);
#1055 = DIRECTION('',(0.,1.));
#1056 = ( GEOMETRIC_REPRESENTATION_CONTEXT(2) 
PARAMETRIC_REPRESENTATION_CONTEXT() REPRESENTATION_CONTEXT('2D SPACE',''
  ) );
#1057 = ORIENTED_EDGE('',*,*,#1058,.T.);
#1058 = EDGE_CURVE('',#1031,#1059,#1061,.T.);
#1059 = VERTEX_POINT('',#1060);
#1060 = CARTESIAN_POINT('',(118.5,150.5,-6.));
#1061 = SURFACE_CURVE('',#1062,(#1066,#1073),.PCURVE_S1.);
#1062 = LINE('',#1063,#1064);
#1063 = CARTESIAN_POINT('',(118.5,105.,-6.));
#1064 = VECTOR('',#1065,1.);
#1065 = DIRECTION('',(-0.,1.,0.));
#1066 = PCURVE('',#90,#1067);
#1067 = DEFINITIONAL_REPRESENTATION('',(#1068),#1072);
#1068 = LINE('',#1069,#1070);
#1069 = CARTESIAN_POINT('',(118.5,104.9));
#1070 = VECTOR('',#1071,1.);
#1071 = DIRECTION('',(0.,1.));
#1072 = ( GEOMETRIC_REPRESENTATION_CONTEXT(2) 
PARAMETRIC_REPRESENTATION_CONTEXT() REPRESENTATION_CONTEXT('2D SPACE',''
  ) );
#1073 = PCURVE('',#1074,#1079);
#1074 = PLANE('',#1075);
#1075 = AXIS2_PLACEMENT_3D('',#1076,#1077,#1078);
#1076 = CARTESIAN_POINT('',(118.5,105.,-14.));
#1077 = DIRECTION('',(1.,0.,-0.));
#1078 = DIRECTION('',(0.,0.,1.));
#1079 = DEFINITIONAL_REPRESENTATION('',(#1080),#1084);
#1080 = LINE('',#1081,#1082);
#1081 = CARTESIAN_POINT('',(8.,0.));
#1082 = VECTOR('',#1083,1.);
#1083 = DIRECTION('',(0.,-1.));
#1084 = ( GEOMETRIC_REPRESENTATION_CONTEXT(2) 
PARAMETRIC_REPRESENTATION_CONTEXT() REPRESENTATION_CONTEXT('2D SPACE',''
  ) );
#1085 = ORIENTED_EDGE('',*,*,#1086,.F.);
#1086 = EDGE_CURVE('',#1087,#1059,#1089,.T.);
#1087 = VERTEX_POINT('',#1088);
#1088 = CARTESIAN_POINT('',(81.5,150.5,-6.));
#1089 = SURFACE_CURVE('',#1090,(#1094,#1101),.PCURVE_S1.);
#1090 = LINE('',#1091,#1092);
#1091 = CARTESIAN_POINT('',(65.,150.5,-6.));
#1092 = VECTOR('',#1093,1.);
#1093 = DIRECTION('',(1.,0.,-0.));
#1094 = PCURVE('',#90,#1095);
#1095 = DEFINITIONAL_REPRESENTATION('',(#1096),#1100);
#1096 = LINE('',#1097,#1098);
#1097 = CARTESIAN_POINT('',(65.,150.4));
#1098 = VECTOR('',#1099,1.);
#1099 = DIRECTION('',(1.,0.));
#1100 = ( GEOMETRIC_REPRESENTATION_CONTEXT(2) 
PARAMETRIC_REPRESENTATION_CONTEXT() REPRESENTATION_CONTEXT('2D SPACE',''
  ) );
#1101 = PCURVE('',#1102,#1107);
#1102 = PLANE('',#1103);
#1103 = AXIS2_PLACEMENT_3D('',#1104,#1105,#1106);
#1104 = CARTESIAN_POINT('',(65.,150.5,-14.));
#1105 = DIRECTION('',(-0.,1.,0.));
#1106 = DIRECTION('',(0.,0.,1.));
#1107 = DEFINITIONAL_REPRESENTATION('',(#1108),#1112);
#1108 = LINE('',#1109,#1110);
#1109 = CARTESIAN_POINT('',(8.,0.));
#1110 = VECTOR('',#1111,1.);
#1111 = DIRECTION('',(0.,1.));
#1112 = ( GEOMETRIC_REPRESENTATION_CONTEXT(2) 
PARAMETRIC_REPRESENTATION_CONTEXT() REPRESENTATION_CONTEXT('2D SPACE',''
  ) );
#1113 = ORIENTED_EDGE('',*,*,#1114,.F.);
#1114 = EDGE_CURVE('',#1115,#1087,#1117,.T.);
#1115 = VERTEX_POINT('',#1116);
#1116 = CARTESIAN_POINT('',(81.5,123.,-6.));
#1117 = SURFACE_CURVE('',#1118,(#1122,#1129),.PCURVE_S1.);
#1118 = LINE('',#1119,#1120);
#1119 = CARTESIAN_POINT('',(81.5,123.,-6.));
#1120 = VECTOR('',#1121,1.);
#1121 = DIRECTION('',(-0.,1.,0.));
#1122 = PCURVE('',#90,#1123);
#1123 = DEFINITIONAL_REPRESENTATION('',(#1124),#1128);
#1124 = LINE('',#1125,#1126);
#1125 = CARTESIAN_POINT('',(81.5,122.9));
#1126 = VECTOR('',#1127,1.);
#1127 = DIRECTION('',(0.,1.));
#1128 = ( GEOMETRIC_REPRESENTATION_CONTEXT(2) 
PARAMETRIC_REPRESENTATION_CONTEXT() REPRESENTATION_CONTEXT('2D SPACE',''
  ) );
#1129 = PCURVE('',#1130,#1135);
#1130 = PLANE('',#1131);
#1131 = AXIS2_PLACEMENT_3D('',#1132,#1133,#1134);
#1132 = CARTESIAN_POINT('',(81.5,123.,-14.));
#1133 = DIRECTION('',(1.,0.,-0.));
#1134 = DIRECTION('',(0.,0.,1.));
#1135 = DEFINITIONAL_REPRESENTATION('',(#1136),#1140);
#1136 = LINE('',#1137,#1138);
#1137 = CARTESIAN_POINT('',(8.,0.));
#1138 = VECTOR('',#1139,1.);
#1139 = DIRECTION('',(0.,-1.));
#1140 = ( GEOMETRIC_REPRESENTATION_CONTEXT(2) 
PARAMETRIC_REPRESENTATION_CONTEXT() REPRESENTATION_CONTEXT('2D SPACE',''
  ) );
#1141 = ORIENTED_EDGE('',*,*,#1142,.F.);
#1142 = EDGE_CURVE('',#1143,#1115,#1145,.T.);
#1143 = VERTEX_POINT('',#1144);
#1144 = CARTESIAN_POINT('',(78.5,123.,-6.));
#1145 = SURFACE_CURVE('',#1146,(#1150,#1157),.PCURVE_S1.);
#1146 = LINE('',#1147,#1148);
#1147 = CARTESIAN_POINT('',(78.5,123.,-6.));
#1148 = VECTOR('',#1149,1.);
#1149 = DIRECTION('',(1.,0.,-0.));
#1150 = PCURVE('',#90,#1151);
#1151 = DEFINITIONAL_REPRESENTATION('',(#1152),#1156);
#1152 = LINE('',#1153,#1154);
#1153 = CARTESIAN_POINT('',(78.5,122.9));
#1154 = VECTOR('',#1155,1.);
#1155 = DIRECTION('',(1.,0.));
#1156 = ( GEOMETRIC_REPRESENTATION_CONTEXT(2) 
PARAMETRIC_REPRESENTATION_CONTEXT() REPRESENTATION_CONTEXT('2D SPACE',''
  ) );
#1157 = PCURVE('',#1158,#1163);
#1158 = PLANE('',#1159);
#1159 = AXIS2_PLACEMENT_3D('',#1160,#1161,#1162);
#1160 = CARTESIAN_POINT('',(78.5,123.,-14.));
#1161 = DIRECTION('',(-0.,1.,0.));
#1162 = DIRECTION('',(0.,0.,1.));
#1163 = DEFINITIONAL_REPRESENTATION('',(#1164),#1168);
#1164 = LINE('',#1165,#1166);
#1165 = CARTESIAN_POINT('',(8.,0.));
#1166 = VECTOR('',#1167,1.);
#1167 = DIRECTION('',(0.,1.));
#1168 = ( GEOMETRIC_REPRESENTATION_CONTEXT(2) 
PARAMETRIC_REPRESENTATION_CONTEXT() REPRESENTATION_CONTEXT('2D SPACE',''
  ) );
#1169 = ORIENTED_EDGE('',*,*,#1170,.T.);
#1170 = EDGE_CURVE('',#1143,#1171,#1173,.T.);
#1171 = VERTEX_POINT('',#1172);
#1172 = CARTESIAN_POINT('',(78.5,150.5,-6.));
#1173 = SURFACE_CURVE('',#1174,(#1178,#1185),.PCURVE_S1.);
#1174 = LINE('',#1175,#1176);
#1175 = CARTESIAN_POINT('',(78.5,123.,-6.));
#1176 = VECTOR('',#1177,1.);
#1177 = DIRECTION('',(-0.,1.,0.));
#1178 = PCURVE('',#90,#1179);
#1179 = DEFINITIONAL_REPRESENTATION('',(#1180),#1184);
#1180 = LINE('',#1181,#1182);
#1181 = CARTESIAN_POINT('',(78.5,122.9));
#1182 = VECTOR('',#1183,1.);
#1183 = DIRECTION('',(0.,1.));
#1184 = ( GEOMETRIC_REPRESENTATION_CONTEXT(2) 
PARAMETRIC_REPRESENTATION_CONTEXT() REPRESENTATION_CONTEXT('2D SPACE',''
  ) );
#1185 = PCURVE('',#1186,#1191);
#1186 = PLANE('',#1187);
#1187 = AXIS2_PLACEMENT_3D('',#1188,#1189,#1190);
#1188 = CARTESIAN_POINT('',(78.5,123.,-14.));
#1189 = DIRECTION('',(1.,0.,-0.));
#1190 = DIRECTION('',(0.,0.,1.));
#1191 = DEFINITIONAL_REPRESENTATION('',(#1192),#1196);
#1192 = LINE('',#1193,#1194);
#1193 = CARTESIAN_POINT('',(8.,0.));
#1194 = VECTOR('',#1195,1.);
#1195 = DIRECTION('',(0.,-1.));
#1196 = ( GEOMETRIC_REPRESENTATION_CONTEXT(2) 
PARAMETRIC_REPRESENTATION_CONTEXT() REPRESENTATION_CONTEXT('2D SPACE',''
  ) );
#1197 = ORIENTED_EDGE('',*,*,#1198,.F.);
#1198 = EDGE_CURVE('',#1199,#1171,#1201,.T.);
#1199 = VERTEX_POINT('',#1200);
#1200 = CARTESIAN_POINT('',(65.,150.5,-6.));
#1201 = SURFACE_CURVE('',#1202,(#1206,#1213),.PCURVE_S1.);
#1202 = LINE('',#1203,#1204);
#1203 = CARTESIAN_POINT('',(65.,150.5,-6.));
#1204 = VECTOR('',#1205,1.);
#1205 = DIRECTION('',(1.,0.,-0.));
#1206 = PCURVE('',#90,#1207);
#1207 = DEFINITIONAL_REPRESENTATION('',(#1208),#1212);
#1208 = LINE('',#1209,#1210);
#1209 = CARTESIAN_POINT('',(65.,150.4));
#1210 = VECTOR('',#1211,1.);
#1211 = DIRECTION('',(1.,0.));
#1212 = ( GEOMETRIC_REPRESENTATION_CONTEXT(2) 
PARAMETRIC_REPRESENTATION_CONTEXT() REPRESENTATION_CONTEXT('2D SPACE',''
  ) );
#1213 = PCURVE('',#1214,#1219);
#1214 = PLANE('',#1215);
#1215 = AXIS2_PLACEMENT_3D('',#1216,#1217,#1218);
#1216 = CARTESIAN_POINT('',(65.,150.5,-14.));
#1217 = DIRECTION('',(-0.,1.,0.));
#1218 = DIRECTION('',(0.,0.,1.));
#1219 = DEFINITIONAL_REPRESENTATION('',(#1220),#1224);
#1220 = LINE('',#1221,#1222);
#1221 = CARTESIAN_POINT('',(8.,0.));
#1222 = VECTOR('',#1223,1.);
#1223 = DIRECTION('',(0.,1.));
#1224 = ( GEOMETRIC_REPRESENTATION_CONTEXT(2) 
PARAMETRIC_REPRESENTATION_CONTEXT() REPRESENTATION_CONTEXT('2D SPACE',''
  ) );
#1225 = ORIENTED_EDGE('',*,*,#1226,.T.);
#1226 = EDGE_CURVE('',#1199,#1227,#1229,.T.);
#1227 = VERTEX_POINT('',#1228);
#1228 = CARTESIAN_POINT('',(65.,153.5,-6.));
#1229 = SURFACE_CURVE('',#1230,(#1234,#1241),.PCURVE_S1.);
#1230 = LINE('',#1231,#1232);
#1231 = CARTESIAN_POINT('',(65.,150.5,-6.));
#1232 = VECTOR('',#1233,1.);
#1233 = DIRECTION('',(-0.,1.,0.));
#1234 = PCURVE('',#90,#1235);
#1235 = DEFINITIONAL_REPRESENTATION('',(#1236),#1240);
#1236 = LINE('',#1237,#1238);
#1237 = CARTESIAN_POINT('',(65.,150.4));
#1238 = VECTOR('',#1239,1.);
#1239 = DIRECTION('',(0.,1.));
#1240 = ( GEOMETRIC_REPRESENTATION_CONTEXT(2) 
PARAMETRIC_REPRESENTATION_CONTEXT() REPRESENTATION_CONTEXT('2D SPACE',''
  ) );
#1241 = PCURVE('',#1242,#1247);
#1242 = PLANE('',#1243);
#1243 = AXIS2_PLACEMENT_3D('',#1244,#1245,#1246);
#1244 = CARTESIAN_POINT('',(65.,150.5,-14.));
#1245 = DIRECTION('',(1.,0.,-0.));
#1246 = DIRECTION('',(0.,0.,1.));
#1247 = DEFINITIONAL_REPRESENTATION('',(#1248),#1252);
#1248 = LINE('',#1249,#1250);
#1249 = CARTESIAN_POINT('',(8.,0.));
#1250 = VECTOR('',#1251,1.);
#1251 = DIRECTION('',(0.,-1.));
#1252 = ( GEOMETRIC_REPRESENTATION_CONTEXT(2) 
PARAMETRIC_REPRESENTATION_CONTEXT() REPRESENTATION_CONTEXT('2D SPACE',''
  ) );
#1253 = ORIENTED_EDGE('',*,*,#1254,.T.);
#1254 = EDGE_CURVE('',#1227,#1255,#1257,.T.);
#1255 = VERTEX_POINT('',#1256);
#1256 = CARTESIAN_POINT('',(78.5,153.5,-6.));
#1257 = SURFACE_CURVE('',#1258,(#1262,#1269),.PCURVE_S1.);
#1258 = LINE('',#1259,#1260);
#1259 = CARTESIAN_POINT('',(65.,153.5,-6.));
#1260 = VECTOR('',#1261,1.);
#1261 = DIRECTION('',(1.,0.,-0.));
#1262 = PCURVE('',#90,#1263);
#1263 = DEFINITIONAL_REPRESENTATION('',(#1264),#1268);
#1264 = LINE('',#1265,#1266);
#1265 = CARTESIAN_POINT('',(65.,153.4));
#1266 = VECTOR('',#1267,1.);
#1267 = DIRECTION('',(1.,0.));
#1268 = ( GEOMETRIC_REPRESENTATION_CONTEXT(2) 
PARAMETRIC_REPRESENTATION_CONTEXT() REPRESENTATION_CONTEXT('2D SPACE',''
  ) );
#1269 = PCURVE('',#1270,#1275);
#1270 = PLANE('',#1271);
#1271 = AXIS2_PLACEMENT_3D('',#1272,#1273,#1274);
#1272 = CARTESIAN_POINT('',(65.,153.5,-14.));
#1273 = DIRECTION('',(-0.,1.,0.));
#1274 = DIRECTION('',(0.,0.,1.));
#1275 = DEFINITIONAL_REPRESENTATION('',(#1276),#1280);
#1276 = LINE('',#1277,#1278);
#1277 = CARTESIAN_POINT('',(8.,0.));
#1278 = VECTOR('',#1279,1.);
#1279 = DIRECTION('',(0.,1.));
#1280 = ( GEOMETRIC_REPRESENTATION_CONTEXT(2) 
PARAMETRIC_REPRESENTATION_CONTEXT() REPRESENTATION_CONTEXT('2D SPACE',''
  ) );
#1281 = ORIENTED_EDGE('',*,*,#1282,.T.);
#1282 = EDGE_CURVE('',#1255,#1283,#1285,.T.);
#1283 = VERTEX_POINT('',#1284);
#1284 = CARTESIAN_POINT('',(78.5,160.,-6.));
#1285 = SURFACE_CURVE('',#1286,(#1290,#1297),.PCURVE_S1.);
#1286 = LINE('',#1287,#1288);
#1287 = CARTESIAN_POINT('',(78.5,123.,-6.));
#1288 = VECTOR('',#1289,1.);
#1289 = DIRECTION('',(-0.,1.,0.));
#1290 = PCURVE('',#90,#1291);
#1291 = DEFINITIONAL_REPRESENTATION('',(#1292),#1296);
#1292 = LINE('',#1293,#1294);
#1293 = CARTESIAN_POINT('',(78.5,122.9));
#1294 = VECTOR('',#1295,1.);
#1295 = DIRECTION('',(0.,1.));
#1296 = ( GEOMETRIC_REPRESENTATION_CONTEXT(2) 
PARAMETRIC_REPRESENTATION_CONTEXT() REPRESENTATION_CONTEXT('2D SPACE',''
  ) );
#1297 = PCURVE('',#1298,#1303);
#1298 = PLANE('',#1299);
#1299 = AXIS2_PLACEMENT_3D('',#1300,#1301,#1302);
#1300 = CARTESIAN_POINT('',(78.5,123.,-14.));
#1301 = DIRECTION('',(1.,0.,-0.));
#1302 = DIRECTION('',(0.,0.,1.));
#1303 = DEFINITIONAL_REPRESENTATION('',(#1304),#1308);
#1304 = LINE('',#1305,#1306);
#1305 = CARTESIAN_POINT('',(8.,0.));
#1306 = VECTOR('',#1307,1.);
#1307 = DIRECTION('',(0.,-1.));
#1308 = ( GEOMETRIC_REPRESENTATION_CONTEXT(2) 
PARAMETRIC_REPRESENTATION_CONTEXT() REPRESENTATION_CONTEXT('2D SPACE',''
  ) );
#1309 = ORIENTED_EDGE('',*,*,#1310,.F.);
#1310 = EDGE_CURVE('',#1311,#1283,#1313,.T.);
#1311 = VERTEX_POINT('',#1312);
#1312 = CARTESIAN_POINT('',(9.5,160.,-6.));
#1313 = SURFACE_CURVE('',#1314,(#1318,#1325),.PCURVE_S1.);
#1314 = LINE('',#1315,#1316);
#1315 = CARTESIAN_POINT('',(0.,160.,-6.));
#1316 = VECTOR('',#1317,1.);
#1317 = DIRECTION('',(1.,0.,-0.));
#1318 = PCURVE('',#90,#1319);
#1319 = DEFINITIONAL_REPRESENTATION('',(#1320),#1324);
#1320 = LINE('',#1321,#1322);
#1321 = CARTESIAN_POINT('',(0.,159.9));
#1322 = VECTOR('',#1323,1.);
#1323 = DIRECTION('',(1.,0.));
#1324 = ( GEOMETRIC_REPRESENTATION_CONTEXT(2) 
PARAMETRIC_REPRESENTATION_CONTEXT() REPRESENTATION_CONTEXT('2D SPACE',''
  ) );
#1325 = PCURVE('',#337,#1326);
#1326 = DEFINITIONAL_REPRESENTATION('',(#1327),#1331);
#1327 = LINE('',#1328,#1329);
#1328 = CARTESIAN_POINT('',(0.,0.));
#1329 = VECTOR('',#1330,1.);
#1330 = DIRECTION('',(0.,1.));
#1331 = ( GEOMETRIC_REPRESENTATION_CONTEXT(2) 
PARAMETRIC_REPRESENTATION_CONTEXT() REPRESENTATION_CONTEXT('2D SPACE',''
  ) );
#1332 = ORIENTED_EDGE('',*,*,#1333,.F.);
#1333 = EDGE_CURVE('',#1334,#1311,#1336,.T.);
#1334 = VERTEX_POINT('',#1335);
#1335 = CARTESIAN_POINT('',(9.5,153.5,-6.));
#1336 = SURFACE_CURVE('',#1337,(#1341,#1348),.PCURVE_S1.);
#1337 = LINE('',#1338,#1339);
#1338 = CARTESIAN_POINT('',(9.5,151.,-6.));
#1339 = VECTOR('',#1340,1.);
#1340 = DIRECTION('',(-0.,1.,0.));
#1341 = PCURVE('',#90,#1342);
#1342 = DEFINITIONAL_REPRESENTATION('',(#1343),#1347);
#1343 = LINE('',#1344,#1345);
#1344 = CARTESIAN_POINT('',(9.5,150.9));
#1345 = VECTOR('',#1346,1.);
#1346 = DIRECTION('',(0.,1.));
#1347 = ( GEOMETRIC_REPRESENTATION_CONTEXT(2) 
PARAMETRIC_REPRESENTATION_CONTEXT() REPRESENTATION_CONTEXT('2D SPACE',''
  ) );
#1348 = PCURVE('',#1349,#1354);
#1349 = PLANE('',#1350);
#1350 = AXIS2_PLACEMENT_3D('',#1351,#1352,#1353);
#1351 = CARTESIAN_POINT('',(9.5,151.,-14.));
#1352 = DIRECTION('',(1.,0.,-0.));
#1353 = DIRECTION('',(0.,0.,1.));
#1354 = DEFINITIONAL_REPRESENTATION('',(#1355),#1359);
#1355 = LINE('',#1356,#1357);
#1356 = CARTESIAN_POINT('',(8.,0.));
#1357 = VECTOR('',#1358,1.);
#1358 = DIRECTION('',(0.,-1.));
#1359 = ( GEOMETRIC_REPRESENTATION_CONTEXT(2) 
PARAMETRIC_REPRESENTATION_CONTEXT() REPRESENTATION_CONTEXT('2D SPACE',''
  ) );
#1360 = ORIENTED_EDGE('',*,*,#1361,.T.);
#1361 = EDGE_CURVE('',#1334,#1362,#1364,.T.);
#1362 = VERTEX_POINT('',#1363);
#1363 = CARTESIAN_POINT('',(21.,153.5,-6.));
#1364 = SURFACE_CURVE('',#1365,(#1369,#1376),.PCURVE_S1.);
#1365 = LINE('',#1366,#1367);
#1366 = CARTESIAN_POINT('',(0.,153.5,-6.));
#1367 = VECTOR('',#1368,1.);
#1368 = DIRECTION('',(1.,0.,-0.));
#1369 = PCURVE('',#90,#1370);
#1370 = DEFINITIONAL_REPRESENTATION('',(#1371),#1375);
#1371 = LINE('',#1372,#1373);
#1372 = CARTESIAN_POINT('',(0.,153.4));
#1373 = VECTOR('',#1374,1.);
#1374 = DIRECTION('',(1.,0.));
#1375 = ( GEOMETRIC_REPRESENTATION_CONTEXT(2) 
PARAMETRIC_REPRESENTATION_CONTEXT() REPRESENTATION_CONTEXT('2D SPACE',''
  ) );
#1376 = PCURVE('',#1377,#1382);
#1377 = PLANE('',#1378);
#1378 = AXIS2_PLACEMENT_3D('',#1379,#1380,#1381);
#1379 = CARTESIAN_POINT('',(0.,153.5,-14.));
#1380 = DIRECTION('',(-0.,1.,0.));
#1381 = DIRECTION('',(0.,0.,1.));
#1382 = DEFINITIONAL_REPRESENTATION('',(#1383),#1387);
#1383 = LINE('',#1384,#1385);
#1384 = CARTESIAN_POINT('',(8.,0.));
#1385 = VECTOR('',#1386,1.);
#1386 = DIRECTION('',(0.,1.));
#1387 = ( GEOMETRIC_REPRESENTATION_CONTEXT(2) 
PARAMETRIC_REPRESENTATION_CONTEXT() REPRESENTATION_CONTEXT('2D SPACE',''
  ) );
#1388 = ORIENTED_EDGE('',*,*,#1389,.F.);
#1389 = EDGE_CURVE('',#1390,#1362,#1392,.T.);
#1390 = VERTEX_POINT('',#1391);
#1391 = CARTESIAN_POINT('',(21.,150.5,-6.));
#1392 = SURFACE_CURVE('',#1393,(#1397,#1404),.PCURVE_S1.);
#1393 = LINE('',#1394,#1395);
#1394 = CARTESIAN_POINT('',(21.,150.5,-6.));
#1395 = VECTOR('',#1396,1.);
#1396 = DIRECTION('',(-0.,1.,0.));
#1397 = PCURVE('',#90,#1398);
#1398 = DEFINITIONAL_REPRESENTATION('',(#1399),#1403);
#1399 = LINE('',#1400,#1401);
#1400 = CARTESIAN_POINT('',(21.,150.4));
#1401 = VECTOR('',#1402,1.);
#1402 = DIRECTION('',(0.,1.));
#1403 = ( GEOMETRIC_REPRESENTATION_CONTEXT(2) 
PARAMETRIC_REPRESENTATION_CONTEXT() REPRESENTATION_CONTEXT('2D SPACE',''
  ) );
#1404 = PCURVE('',#1405,#1410);
#1405 = PLANE('',#1406);
#1406 = AXIS2_PLACEMENT_3D('',#1407,#1408,#1409);
#1407 = CARTESIAN_POINT('',(21.,150.5,-14.));
#1408 = DIRECTION('',(1.,0.,-0.));
#1409 = DIRECTION('',(0.,0.,1.));
#1410 = DEFINITIONAL_REPRESENTATION('',(#1411),#1415);
#1411 = LINE('',#1412,#1413);
#1412 = CARTESIAN_POINT('',(8.,0.));
#1413 = VECTOR('',#1414,1.);
#1414 = DIRECTION('',(0.,-1.));
#1415 = ( GEOMETRIC_REPRESENTATION_CONTEXT(2) 
PARAMETRIC_REPRESENTATION_CONTEXT() REPRESENTATION_CONTEXT('2D SPACE',''
  ) );
#1416 = ORIENTED_EDGE('',*,*,#1417,.F.);
#1417 = EDGE_CURVE('',#187,#1390,#1418,.T.);
#1418 = SURFACE_CURVE('',#1419,(#1423,#1430),.PCURVE_S1.);
#1419 = LINE('',#1420,#1421);
#1420 = CARTESIAN_POINT('',(0.,150.5,-6.));
#1421 = VECTOR('',#1422,1.);
#1422 = DIRECTION('',(1.,0.,-0.));
#1423 = PCURVE('',#90,#1424);
#1424 = DEFINITIONAL_REPRESENTATION('',(#1425),#1429);
#1425 = LINE('',#1426,#1427);
#1426 = CARTESIAN_POINT('',(0.,150.4));
#1427 = VECTOR('',#1428,1.);
#1428 = DIRECTION('',(1.,0.));
#1429 = ( GEOMETRIC_REPRESENTATION_CONTEXT(2) 
PARAMETRIC_REPRESENTATION_CONTEXT() REPRESENTATION_CONTEXT('2D SPACE',''
  ) );
#1430 = PCURVE('',#225,#1431);
#1431 = DEFINITIONAL_REPRESENTATION('',(#1432),#1436);
#1432 = LINE('',#1433,#1434);
#1433 = CARTESIAN_POINT('',(8.,0.));
#1434 = VECTOR('',#1435,1.);
#1435 = DIRECTION('',(0.,1.));
#1436 = ( GEOMETRIC_REPRESENTATION_CONTEXT(2) 
PARAMETRIC_REPRESENTATION_CONTEXT() REPRESENTATION_CONTEXT('2D SPACE',''
  ) );
#1437 = ORIENTED_EDGE('',*,*,#186,.F.);
#1438 = ORIENTED_EDGE('',*,*,#1439,.T.);
#1439 = EDGE_CURVE('',#159,#1440,#1442,.T.);
#1440 = VERTEX_POINT('',#1441);
#1441 = CARTESIAN_POINT('',(6.5,121.5,-6.));
#1442 = SURFACE_CURVE('',#1443,(#1447,#1454),.PCURVE_S1.);
#1443 = LINE('',#1444,#1445);
#1444 = CARTESIAN_POINT('',(0.,121.5,-6.));
#1445 = VECTOR('',#1446,1.);
#1446 = DIRECTION('',(1.,0.,-0.));
#1447 = PCURVE('',#90,#1448);
#1448 = DEFINITIONAL_REPRESENTATION('',(#1449),#1453);
#1449 = LINE('',#1450,#1451);
#1450 = CARTESIAN_POINT('',(0.,121.4));
#1451 = VECTOR('',#1452,1.);
#1452 = DIRECTION('',(1.,0.));
#1453 = ( GEOMETRIC_REPRESENTATION_CONTEXT(2) 
PARAMETRIC_REPRESENTATION_CONTEXT() REPRESENTATION_CONTEXT('2D SPACE',''
  ) );
#1454 = PCURVE('',#174,#1455);
#1455 = DEFINITIONAL_REPRESENTATION('',(#1456),#1460);
#1456 = LINE('',#1457,#1458);
#1457 = CARTESIAN_POINT('',(8.,0.));
#1458 = VECTOR('',#1459,1.);
#1459 = DIRECTION('',(0.,1.));
#1460 = ( GEOMETRIC_REPRESENTATION_CONTEXT(2) 
PARAMETRIC_REPRESENTATION_CONTEXT() REPRESENTATION_CONTEXT('2D SPACE',''
  ) );
#1461 = ORIENTED_EDGE('',*,*,#1462,.T.);
#1462 = EDGE_CURVE('',#1440,#1463,#1465,.T.);
#1463 = VERTEX_POINT('',#1464);
#1464 = CARTESIAN_POINT('',(6.5,125.,-6.));
#1465 = SURFACE_CURVE('',#1466,(#1470,#1477),.PCURVE_S1.);
#1466 = LINE('',#1467,#1468);
#1467 = CARTESIAN_POINT('',(6.5,111.,-6.));
#1468 = VECTOR('',#1469,1.);
#1469 = DIRECTION('',(-0.,1.,0.));
#1470 = PCURVE('',#90,#1471);
#1471 = DEFINITIONAL_REPRESENTATION('',(#1472),#1476);
#1472 = LINE('',#1473,#1474);
#1473 = CARTESIAN_POINT('',(6.5,110.9));
#1474 = VECTOR('',#1475,1.);
#1475 = DIRECTION('',(0.,1.));
#1476 = ( GEOMETRIC_REPRESENTATION_CONTEXT(2) 
PARAMETRIC_REPRESENTATION_CONTEXT() REPRESENTATION_CONTEXT('2D SPACE',''
  ) );
#1477 = PCURVE('',#1478,#1483);
#1478 = PLANE('',#1479);
#1479 = AXIS2_PLACEMENT_3D('',#1480,#1481,#1482);
#1480 = CARTESIAN_POINT('',(6.5,111.,-14.));
#1481 = DIRECTION('',(1.,0.,-0.));
#1482 = DIRECTION('',(0.,0.,1.));
#1483 = DEFINITIONAL_REPRESENTATION('',(#1484),#1488);
#1484 = LINE('',#1485,#1486);
#1485 = CARTESIAN_POINT('',(8.,0.));
#1486 = VECTOR('',#1487,1.);
#1487 = DIRECTION('',(0.,-1.));
#1488 = ( GEOMETRIC_REPRESENTATION_CONTEXT(2) 
PARAMETRIC_REPRESENTATION_CONTEXT() REPRESENTATION_CONTEXT('2D SPACE',''
  ) );
#1489 = ORIENTED_EDGE('',*,*,#1490,.T.);
#1490 = EDGE_CURVE('',#1463,#1491,#1493,.T.);
#1491 = VERTEX_POINT('',#1492);
#1492 = CARTESIAN_POINT('',(9.5,125.,-6.));
#1493 = SURFACE_CURVE('',#1494,(#1498,#1505),.PCURVE_S1.);
#1494 = LINE('',#1495,#1496);
#1495 = CARTESIAN_POINT('',(6.5,125.,-6.));
#1496 = VECTOR('',#1497,1.);
#1497 = DIRECTION('',(1.,0.,-0.));
#1498 = PCURVE('',#90,#1499);
#1499 = DEFINITIONAL_REPRESENTATION('',(#1500),#1504);
#1500 = LINE('',#1501,#1502);
#1501 = CARTESIAN_POINT('',(6.5,124.9));
#1502 = VECTOR('',#1503,1.);
#1503 = DIRECTION('',(1.,0.));
#1504 = ( GEOMETRIC_REPRESENTATION_CONTEXT(2) 
PARAMETRIC_REPRESENTATION_CONTEXT() REPRESENTATION_CONTEXT('2D SPACE',''
  ) );
#1505 = PCURVE('',#1506,#1511);
#1506 = PLANE('',#1507);
#1507 = AXIS2_PLACEMENT_3D('',#1508,#1509,#1510);
#1508 = CARTESIAN_POINT('',(6.5,125.,-14.));
#1509 = DIRECTION('',(-0.,1.,0.));
#1510 = DIRECTION('',(0.,0.,1.));
#1511 = DEFINITIONAL_REPRESENTATION('',(#1512),#1516);
#1512 = LINE('',#1513,#1514);
#1513 = CARTESIAN_POINT('',(8.,0.));
#1514 = VECTOR('',#1515,1.);
#1515 = DIRECTION('',(0.,1.));
#1516 = ( GEOMETRIC_REPRESENTATION_CONTEXT(2) 
PARAMETRIC_REPRESENTATION_CONTEXT() REPRESENTATION_CONTEXT('2D SPACE',''
  ) );
#1517 = ORIENTED_EDGE('',*,*,#1518,.F.);
#1518 = EDGE_CURVE('',#1519,#1491,#1521,.T.);
#1519 = VERTEX_POINT('',#1520);
#1520 = CARTESIAN_POINT('',(9.5,121.5,-6.));
#1521 = SURFACE_CURVE('',#1522,(#1526,#1533),.PCURVE_S1.);
#1522 = LINE('',#1523,#1524);
#1523 = CARTESIAN_POINT('',(9.5,111.,-6.));
#1524 = VECTOR('',#1525,1.);
#1525 = DIRECTION('',(-0.,1.,0.));
#1526 = PCURVE('',#90,#1527);
#1527 = DEFINITIONAL_REPRESENTATION('',(#1528),#1532);
#1528 = LINE('',#1529,#1530);
#1529 = CARTESIAN_POINT('',(9.5,110.9));
#1530 = VECTOR('',#1531,1.);
#1531 = DIRECTION('',(0.,1.));
#1532 = ( GEOMETRIC_REPRESENTATION_CONTEXT(2) 
PARAMETRIC_REPRESENTATION_CONTEXT() REPRESENTATION_CONTEXT('2D SPACE',''
  ) );
#1533 = PCURVE('',#1534,#1539);
#1534 = PLANE('',#1535);
#1535 = AXIS2_PLACEMENT_3D('',#1536,#1537,#1538);
#1536 = CARTESIAN_POINT('',(9.5,111.,-14.));
#1537 = DIRECTION('',(1.,0.,-0.));
#1538 = DIRECTION('',(0.,0.,1.));
#1539 = DEFINITIONAL_REPRESENTATION('',(#1540),#1544);
#1540 = LINE('',#1541,#1542);
#1541 = CARTESIAN_POINT('',(8.,0.));
#1542 = VECTOR('',#1543,1.);
#1543 = DIRECTION('',(0.,-1.));
#1544 = ( GEOMETRIC_REPRESENTATION_CONTEXT(2) 
PARAMETRIC_REPRESENTATION_CONTEXT() REPRESENTATION_CONTEXT('2D SPACE',''
  ) );
#1545 = ORIENTED_EDGE('',*,*,#1546,.T.);
#1546 = EDGE_CURVE('',#1519,#1547,#1549,.T.);
#1547 = VERTEX_POINT('',#1548);
#1548 = CARTESIAN_POINT('',(38.5,121.5,-6.));
#1549 = SURFACE_CURVE('',#1550,(#1554,#1561),.PCURVE_S1.);
#1550 = LINE('',#1551,#1552);
#1551 = CARTESIAN_POINT('',(0.,121.5,-6.));
#1552 = VECTOR('',#1553,1.);
#1553 = DIRECTION('',(1.,0.,-0.));
#1554 = PCURVE('',#90,#1555);
#1555 = DEFINITIONAL_REPRESENTATION('',(#1556),#1560);
#1556 = LINE('',#1557,#1558);
#1557 = CARTESIAN_POINT('',(0.,121.4));
#1558 = VECTOR('',#1559,1.);
#1559 = DIRECTION('',(1.,0.));
#1560 = ( GEOMETRIC_REPRESENTATION_CONTEXT(2) 
PARAMETRIC_REPRESENTATION_CONTEXT() REPRESENTATION_CONTEXT('2D SPACE',''
  ) );
#1561 = PCURVE('',#1562,#1567);
#1562 = PLANE('',#1563);
#1563 = AXIS2_PLACEMENT_3D('',#1564,#1565,#1566);
#1564 = CARTESIAN_POINT('',(0.,121.5,-14.));
#1565 = DIRECTION('',(-0.,1.,0.));
#1566 = DIRECTION('',(0.,0.,1.));
#1567 = DEFINITIONAL_REPRESENTATION('',(#1568),#1572);
#1568 = LINE('',#1569,#1570);
#1569 = CARTESIAN_POINT('',(8.,0.));
#1570 = VECTOR('',#1571,1.);
#1571 = DIRECTION('',(0.,1.));
#1572 = ( GEOMETRIC_REPRESENTATION_CONTEXT(2) 
PARAMETRIC_REPRESENTATION_CONTEXT() REPRESENTATION_CONTEXT('2D SPACE',''
  ) );
#1573 = ORIENTED_EDGE('',*,*,#1574,.T.);
#1574 = EDGE_CURVE('',#1547,#1575,#1577,.T.);
#1575 = VERTEX_POINT('',#1576);
#1576 = CARTESIAN_POINT('',(38.5,127.,-6.));
#1577 = SURFACE_CURVE('',#1578,(#1582,#1589),.PCURVE_S1.);
#1578 = LINE('',#1579,#1580);
#1579 = CARTESIAN_POINT('',(38.5,111.,-6.));
#1580 = VECTOR('',#1581,1.);
#1581 = DIRECTION('',(-0.,1.,0.));
#1582 = PCURVE('',#90,#1583);
#1583 = DEFINITIONAL_REPRESENTATION('',(#1584),#1588);
#1584 = LINE('',#1585,#1586);
#1585 = CARTESIAN_POINT('',(38.5,110.9));
#1586 = VECTOR('',#1587,1.);
#1587 = DIRECTION('',(0.,1.));
#1588 = ( GEOMETRIC_REPRESENTATION_CONTEXT(2) 
PARAMETRIC_REPRESENTATION_CONTEXT() REPRESENTATION_CONTEXT('2D SPACE',''
  ) );
#1589 = PCURVE('',#1590,#1595);
#1590 = PLANE('',#1591);
#1591 = AXIS2_PLACEMENT_3D('',#1592,#1593,#1594);
#1592 = CARTESIAN_POINT('',(38.5,111.,-14.));
#1593 = DIRECTION('',(1.,0.,-0.));
#1594 = DIRECTION('',(0.,0.,1.));
#1595 = DEFINITIONAL_REPRESENTATION('',(#1596),#1600);
#1596 = LINE('',#1597,#1598);
#1597 = CARTESIAN_POINT('',(8.,0.));
#1598 = VECTOR('',#1599,1.);
#1599 = DIRECTION('',(0.,-1.));
#1600 = ( GEOMETRIC_REPRESENTATION_CONTEXT(2) 
PARAMETRIC_REPRESENTATION_CONTEXT() REPRESENTATION_CONTEXT('2D SPACE',''
  ) );
#1601 = ORIENTED_EDGE('',*,*,#1602,.T.);
#1602 = EDGE_CURVE('',#1575,#1603,#1605,.T.);
#1603 = VERTEX_POINT('',#1604);
#1604 = CARTESIAN_POINT('',(41.5,127.,-6.));
#1605 = SURFACE_CURVE('',#1606,(#1610,#1617),.PCURVE_S1.);
#1606 = LINE('',#1607,#1608);
#1607 = CARTESIAN_POINT('',(38.5,127.,-6.));
#1608 = VECTOR('',#1609,1.);
#1609 = DIRECTION('',(1.,0.,-0.));
#1610 = PCURVE('',#90,#1611);
#1611 = DEFINITIONAL_REPRESENTATION('',(#1612),#1616);
#1612 = LINE('',#1613,#1614);
#1613 = CARTESIAN_POINT('',(38.5,126.9));
#1614 = VECTOR('',#1615,1.);
#1615 = DIRECTION('',(1.,0.));
#1616 = ( GEOMETRIC_REPRESENTATION_CONTEXT(2) 
PARAMETRIC_REPRESENTATION_CONTEXT() REPRESENTATION_CONTEXT('2D SPACE',''
  ) );
#1617 = PCURVE('',#1618,#1623);
#1618 = PLANE('',#1619);
#1619 = AXIS2_PLACEMENT_3D('',#1620,#1621,#1622);
#1620 = CARTESIAN_POINT('',(38.5,127.,-14.));
#1621 = DIRECTION('',(-0.,1.,0.));
#1622 = DIRECTION('',(0.,0.,1.));
#1623 = DEFINITIONAL_REPRESENTATION('',(#1624),#1628);
#1624 = LINE('',#1625,#1626);
#1625 = CARTESIAN_POINT('',(8.,0.));
#1626 = VECTOR('',#1627,1.);
#1627 = DIRECTION('',(0.,1.));
#1628 = ( GEOMETRIC_REPRESENTATION_CONTEXT(2) 
PARAMETRIC_REPRESENTATION_CONTEXT() REPRESENTATION_CONTEXT('2D SPACE',''
  ) );
#1629 = ORIENTED_EDGE('',*,*,#1630,.F.);
#1630 = EDGE_CURVE('',#1631,#1603,#1633,.T.);
#1631 = VERTEX_POINT('',#1632);
#1632 = CARTESIAN_POINT('',(41.5,121.5,-6.));
#1633 = SURFACE_CURVE('',#1634,(#1638,#1645),.PCURVE_S1.);
#1634 = LINE('',#1635,#1636);
#1635 = CARTESIAN_POINT('',(41.5,111.,-6.));
#1636 = VECTOR('',#1637,1.);
#1637 = DIRECTION('',(-0.,1.,0.));
#1638 = PCURVE('',#90,#1639);
#1639 = DEFINITIONAL_REPRESENTATION('',(#1640),#1644);
#1640 = LINE('',#1641,#1642);
#1641 = CARTESIAN_POINT('',(41.5,110.9));
#1642 = VECTOR('',#1643,1.);
#1643 = DIRECTION('',(0.,1.));
#1644 = ( GEOMETRIC_REPRESENTATION_CONTEXT(2) 
PARAMETRIC_REPRESENTATION_CONTEXT() REPRESENTATION_CONTEXT('2D SPACE',''
  ) );
#1645 = PCURVE('',#1646,#1651);
#1646 = PLANE('',#1647);
#1647 = AXIS2_PLACEMENT_3D('',#1648,#1649,#1650);
#1648 = CARTESIAN_POINT('',(41.5,111.,-14.));
#1649 = DIRECTION('',(1.,0.,-0.));
#1650 = DIRECTION('',(0.,0.,1.));
#1651 = DEFINITIONAL_REPRESENTATION('',(#1652),#1656);
#1652 = LINE('',#1653,#1654);
#1653 = CARTESIAN_POINT('',(8.,0.));
#1654 = VECTOR('',#1655,1.);
#1655 = DIRECTION('',(0.,-1.));
#1656 = ( GEOMETRIC_REPRESENTATION_CONTEXT(2) 
PARAMETRIC_REPRESENTATION_CONTEXT() REPRESENTATION_CONTEXT('2D SPACE',''
  ) );
#1657 = ORIENTED_EDGE('',*,*,#1658,.T.);
#1658 = EDGE_CURVE('',#1631,#1659,#1661,.T.);
#1659 = VERTEX_POINT('',#1660);
#1660 = CARTESIAN_POINT('',(67.,121.5,-6.));
#1661 = SURFACE_CURVE('',#1662,(#1666,#1673),.PCURVE_S1.);
#1662 = LINE('',#1663,#1664);
#1663 = CARTESIAN_POINT('',(0.,121.5,-6.));
#1664 = VECTOR('',#1665,1.);
#1665 = DIRECTION('',(1.,0.,-0.));
#1666 = PCURVE('',#90,#1667);
#1667 = DEFINITIONAL_REPRESENTATION('',(#1668),#1672);
#1668 = LINE('',#1669,#1670);
#1669 = CARTESIAN_POINT('',(0.,121.4));
#1670 = VECTOR('',#1671,1.);
#1671 = DIRECTION('',(1.,0.));
#1672 = ( GEOMETRIC_REPRESENTATION_CONTEXT(2) 
PARAMETRIC_REPRESENTATION_CONTEXT() REPRESENTATION_CONTEXT('2D SPACE',''
  ) );
#1673 = PCURVE('',#1674,#1679);
#1674 = PLANE('',#1675);
#1675 = AXIS2_PLACEMENT_3D('',#1676,#1677,#1678);
#1676 = CARTESIAN_POINT('',(0.,121.5,-14.));
#1677 = DIRECTION('',(-0.,1.,0.));
#1678 = DIRECTION('',(0.,0.,1.));
#1679 = DEFINITIONAL_REPRESENTATION('',(#1680),#1684);
#1680 = LINE('',#1681,#1682);
#1681 = CARTESIAN_POINT('',(8.,0.));
#1682 = VECTOR('',#1683,1.);
#1683 = DIRECTION('',(0.,1.));
#1684 = ( GEOMETRIC_REPRESENTATION_CONTEXT(2) 
PARAMETRIC_REPRESENTATION_CONTEXT() REPRESENTATION_CONTEXT('2D SPACE',''
  ) );
#1685 = ORIENTED_EDGE('',*,*,#1686,.F.);
#1686 = EDGE_CURVE('',#1687,#1659,#1689,.T.);
#1687 = VERTEX_POINT('',#1688);
#1688 = CARTESIAN_POINT('',(67.,118.5,-6.));
#1689 = SURFACE_CURVE('',#1690,(#1694,#1701),.PCURVE_S1.);
#1690 = LINE('',#1691,#1692);
#1691 = CARTESIAN_POINT('',(67.,118.5,-6.));
#1692 = VECTOR('',#1693,1.);
#1693 = DIRECTION('',(-0.,1.,0.));
#1694 = PCURVE('',#90,#1695);
#1695 = DEFINITIONAL_REPRESENTATION('',(#1696),#1700);
#1696 = LINE('',#1697,#1698);
#1697 = CARTESIAN_POINT('',(67.,118.4));
#1698 = VECTOR('',#1699,1.);
#1699 = DIRECTION('',(0.,1.));
#1700 = ( GEOMETRIC_REPRESENTATION_CONTEXT(2) 
PARAMETRIC_REPRESENTATION_CONTEXT() REPRESENTATION_CONTEXT('2D SPACE',''
  ) );
#1701 = PCURVE('',#1702,#1707);
#1702 = PLANE('',#1703);
#1703 = AXIS2_PLACEMENT_3D('',#1704,#1705,#1706);
#1704 = CARTESIAN_POINT('',(67.,118.5,-14.));
#1705 = DIRECTION('',(1.,0.,-0.));
#1706 = DIRECTION('',(0.,0.,1.));
#1707 = DEFINITIONAL_REPRESENTATION('',(#1708),#1712);
#1708 = LINE('',#1709,#1710);
#1709 = CARTESIAN_POINT('',(8.,0.));
#1710 = VECTOR('',#1711,1.);
#1711 = DIRECTION('',(0.,-1.));
#1712 = ( GEOMETRIC_REPRESENTATION_CONTEXT(2) 
PARAMETRIC_REPRESENTATION_CONTEXT() REPRESENTATION_CONTEXT('2D SPACE',''
  ) );
#1713 = ORIENTED_EDGE('',*,*,#1714,.F.);
#1714 = EDGE_CURVE('',#1715,#1687,#1717,.T.);
#1715 = VERTEX_POINT('',#1716);
#1716 = CARTESIAN_POINT('',(41.5,118.5,-6.));
#1717 = SURFACE_CURVE('',#1718,(#1722,#1729),.PCURVE_S1.);
#1718 = LINE('',#1719,#1720);
#1719 = CARTESIAN_POINT('',(0.,118.5,-6.));
#1720 = VECTOR('',#1721,1.);
#1721 = DIRECTION('',(1.,0.,-0.));
#1722 = PCURVE('',#90,#1723);
#1723 = DEFINITIONAL_REPRESENTATION('',(#1724),#1728);
#1724 = LINE('',#1725,#1726);
#1725 = CARTESIAN_POINT('',(0.,118.4));
#1726 = VECTOR('',#1727,1.);
#1727 = DIRECTION('',(1.,0.));
#1728 = ( GEOMETRIC_REPRESENTATION_CONTEXT(2) 
PARAMETRIC_REPRESENTATION_CONTEXT() REPRESENTATION_CONTEXT('2D SPACE',''
  ) );
#1729 = PCURVE('',#1730,#1735);
#1730 = PLANE('',#1731);
#1731 = AXIS2_PLACEMENT_3D('',#1732,#1733,#1734);
#1732 = CARTESIAN_POINT('',(0.,118.5,-14.));
#1733 = DIRECTION('',(-0.,1.,0.));
#1734 = DIRECTION('',(0.,0.,1.));
#1735 = DEFINITIONAL_REPRESENTATION('',(#1736),#1740);
#1736 = LINE('',#1737,#1738);
#1737 = CARTESIAN_POINT('',(8.,0.));
#1738 = VECTOR('',#1739,1.);
#1739 = DIRECTION('',(0.,1.));
#1740 = ( GEOMETRIC_REPRESENTATION_CONTEXT(2) 
PARAMETRIC_REPRESENTATION_CONTEXT() REPRESENTATION_CONTEXT('2D SPACE',''
  ) );
#1741 = ORIENTED_EDGE('',*,*,#1742,.F.);
#1742 = EDGE_CURVE('',#1743,#1715,#1745,.T.);
#1743 = VERTEX_POINT('',#1744);
#1744 = CARTESIAN_POINT('',(41.5,111.,-6.));
#1745 = SURFACE_CURVE('',#1746,(#1750,#1757),.PCURVE_S1.);
#1746 = LINE('',#1747,#1748);
#1747 = CARTESIAN_POINT('',(41.5,111.,-6.));
#1748 = VECTOR('',#1749,1.);
#1749 = DIRECTION('',(-0.,1.,0.));
#1750 = PCURVE('',#90,#1751);
#1751 = DEFINITIONAL_REPRESENTATION('',(#1752),#1756);
#1752 = LINE('',#1753,#1754);
#1753 = CARTESIAN_POINT('',(41.5,110.9));
#1754 = VECTOR('',#1755,1.);
#1755 = DIRECTION('',(0.,1.));
#1756 = ( GEOMETRIC_REPRESENTATION_CONTEXT(2) 
PARAMETRIC_REPRESENTATION_CONTEXT() REPRESENTATION_CONTEXT('2D SPACE',''
  ) );
#1757 = PCURVE('',#1758,#1763);
#1758 = PLANE('',#1759);
#1759 = AXIS2_PLACEMENT_3D('',#1760,#1761,#1762);
#1760 = CARTESIAN_POINT('',(41.5,111.,-14.));
#1761 = DIRECTION('',(1.,0.,-0.));
#1762 = DIRECTION('',(0.,0.,1.));
#1763 = DEFINITIONAL_REPRESENTATION('',(#1764),#1768);
#1764 = LINE('',#1765,#1766);
#1765 = CARTESIAN_POINT('',(8.,0.));
#1766 = VECTOR('',#1767,1.);
#1767 = DIRECTION('',(0.,-1.));
#1768 = ( GEOMETRIC_REPRESENTATION_CONTEXT(2) 
PARAMETRIC_REPRESENTATION_CONTEXT() REPRESENTATION_CONTEXT('2D SPACE',''
  ) );
#1769 = ORIENTED_EDGE('',*,*,#1770,.F.);
#1770 = EDGE_CURVE('',#1771,#1743,#1773,.T.);
#1771 = VERTEX_POINT('',#1772);
#1772 = CARTESIAN_POINT('',(38.5,111.,-6.));
#1773 = SURFACE_CURVE('',#1774,(#1778,#1785),.PCURVE_S1.);
#1774 = LINE('',#1775,#1776);
#1775 = CARTESIAN_POINT('',(38.5,111.,-6.));
#1776 = VECTOR('',#1777,1.);
#1777 = DIRECTION('',(1.,0.,-0.));
#1778 = PCURVE('',#90,#1779);
#1779 = DEFINITIONAL_REPRESENTATION('',(#1780),#1784);
#1780 = LINE('',#1781,#1782);
#1781 = CARTESIAN_POINT('',(38.5,110.9));
#1782 = VECTOR('',#1783,1.);
#1783 = DIRECTION('',(1.,0.));
#1784 = ( GEOMETRIC_REPRESENTATION_CONTEXT(2) 
PARAMETRIC_REPRESENTATION_CONTEXT() REPRESENTATION_CONTEXT('2D SPACE',''
  ) );
#1785 = PCURVE('',#1786,#1791);
#1786 = PLANE('',#1787);
#1787 = AXIS2_PLACEMENT_3D('',#1788,#1789,#1790);
#1788 = CARTESIAN_POINT('',(38.5,111.,-14.));
#1789 = DIRECTION('',(-0.,1.,0.));
#1790 = DIRECTION('',(0.,0.,1.));
#1791 = DEFINITIONAL_REPRESENTATION('',(#1792),#1796);
#1792 = LINE('',#1793,#1794);
#1793 = CARTESIAN_POINT('',(8.,0.));
#1794 = VECTOR('',#1795,1.);
#1795 = DIRECTION('',(0.,1.));
#1796 = ( GEOMETRIC_REPRESENTATION_CONTEXT(2) 
PARAMETRIC_REPRESENTATION_CONTEXT() REPRESENTATION_CONTEXT('2D SPACE',''
  ) );
#1797 = ORIENTED_EDGE('',*,*,#1798,.T.);
#1798 = EDGE_CURVE('',#1771,#1799,#1801,.T.);
#1799 = VERTEX_POINT('',#1800);
#1800 = CARTESIAN_POINT('',(38.5,118.5,-6.));
#1801 = SURFACE_CURVE('',#1802,(#1806,#1813),.PCURVE_S1.);
#1802 = LINE('',#1803,#1804);
#1803 = CARTESIAN_POINT('',(38.5,111.,-6.));
#1804 = VECTOR('',#1805,1.);
#1805 = DIRECTION('',(-0.,1.,0.));
#1806 = PCURVE('',#90,#1807);
#1807 = DEFINITIONAL_REPRESENTATION('',(#1808),#1812);
#1808 = LINE('',#1809,#1810);
#1809 = CARTESIAN_POINT('',(38.5,110.9));
#1810 = VECTOR('',#1811,1.);
#1811 = DIRECTION('',(0.,1.));
#1812 = ( GEOMETRIC_REPRESENTATION_CONTEXT(2) 
PARAMETRIC_REPRESENTATION_CONTEXT() REPRESENTATION_CONTEXT('2D SPACE',''
  ) );
#1813 = PCURVE('',#1814,#1819);
#1814 = PLANE('',#1815);
#1815 = AXIS2_PLACEMENT_3D('',#1816,#1817,#1818);
#1816 = CARTESIAN_POINT('',(38.5,111.,-14.));
#1817 = DIRECTION('',(1.,0.,-0.));
#1818 = DIRECTION('',(0.,0.,1.));
#1819 = DEFINITIONAL_REPRESENTATION('',(#1820),#1824);
#1820 = LINE('',#1821,#1822);
#1821 = CARTESIAN_POINT('',(8.,0.));
#1822 = VECTOR('',#1823,1.);
#1823 = DIRECTION('',(0.,-1.));
#1824 = ( GEOMETRIC_REPRESENTATION_CONTEXT(2) 
PARAMETRIC_REPRESENTATION_CONTEXT() REPRESENTATION_CONTEXT('2D SPACE',''
  ) );
#1825 = ORIENTED_EDGE('',*,*,#1826,.F.);
#1826 = EDGE_CURVE('',#1827,#1799,#1829,.T.);
#1827 = VERTEX_POINT('',#1828);
#1828 = CARTESIAN_POINT('',(9.5,118.5,-6.));
#1829 = SURFACE_CURVE('',#1830,(#1834,#1841),.PCURVE_S1.);
#1830 = LINE('',#1831,#1832);
#1831 = CARTESIAN_POINT('',(0.,118.5,-6.));
#1832 = VECTOR('',#1833,1.);
#1833 = DIRECTION('',(1.,0.,-0.));
#1834 = PCURVE('',#90,#1835);
#1835 = DEFINITIONAL_REPRESENTATION('',(#1836),#1840);
#1836 = LINE('',#1837,#1838);
#1837 = CARTESIAN_POINT('',(0.,118.4));
#1838 = VECTOR('',#1839,1.);
#1839 = DIRECTION('',(1.,0.));
#1840 = ( GEOMETRIC_REPRESENTATION_CONTEXT(2) 
PARAMETRIC_REPRESENTATION_CONTEXT() REPRESENTATION_CONTEXT('2D SPACE',''
  ) );
#1841 = PCURVE('',#1842,#1847);
#1842 = PLANE('',#1843);
#1843 = AXIS2_PLACEMENT_3D('',#1844,#1845,#1846);
#1844 = CARTESIAN_POINT('',(0.,118.5,-14.));
#1845 = DIRECTION('',(-0.,1.,0.));
#1846 = DIRECTION('',(0.,0.,1.));
#1847 = DEFINITIONAL_REPRESENTATION('',(#1848),#1852);
#1848 = LINE('',#1849,#1850);
#1849 = CARTESIAN_POINT('',(8.,0.));
#1850 = VECTOR('',#1851,1.);
#1851 = DIRECTION('',(0.,1.));
#1852 = ( GEOMETRIC_REPRESENTATION_CONTEXT(2) 
PARAMETRIC_REPRESENTATION_CONTEXT() REPRESENTATION_CONTEXT('2D SPACE',''
  ) );
#1853 = ORIENTED_EDGE('',*,*,#1854,.F.);
#1854 = EDGE_CURVE('',#1855,#1827,#1857,.T.);
#1855 = VERTEX_POINT('',#1856);
#1856 = CARTESIAN_POINT('',(9.5,111.,-6.));
#1857 = SURFACE_CURVE('',#1858,(#1862,#1869),.PCURVE_S1.);
#1858 = LINE('',#1859,#1860);
#1859 = CARTESIAN_POINT('',(9.5,111.,-6.));
#1860 = VECTOR('',#1861,1.);
#1861 = DIRECTION('',(-0.,1.,0.));
#1862 = PCURVE('',#90,#1863);
#1863 = DEFINITIONAL_REPRESENTATION('',(#1864),#1868);
#1864 = LINE('',#1865,#1866);
#1865 = CARTESIAN_POINT('',(9.5,110.9));
#1866 = VECTOR('',#1867,1.);
#1867 = DIRECTION('',(0.,1.));
#1868 = ( GEOMETRIC_REPRESENTATION_CONTEXT(2) 
PARAMETRIC_REPRESENTATION_CONTEXT() REPRESENTATION_CONTEXT('2D SPACE',''
  ) );
#1869 = PCURVE('',#1870,#1875);
#1870 = PLANE('',#1871);
#1871 = AXIS2_PLACEMENT_3D('',#1872,#1873,#1874);
#1872 = CARTESIAN_POINT('',(9.5,111.,-14.));
#1873 = DIRECTION('',(1.,0.,-0.));
#1874 = DIRECTION('',(0.,0.,1.));
#1875 = DEFINITIONAL_REPRESENTATION('',(#1876),#1880);
#1876 = LINE('',#1877,#1878);
#1877 = CARTESIAN_POINT('',(8.,0.));
#1878 = VECTOR('',#1879,1.);
#1879 = DIRECTION('',(0.,-1.));
#1880 = ( GEOMETRIC_REPRESENTATION_CONTEXT(2) 
PARAMETRIC_REPRESENTATION_CONTEXT() REPRESENTATION_CONTEXT('2D SPACE',''
  ) );
#1881 = ORIENTED_EDGE('',*,*,#1882,.F.);
#1882 = EDGE_CURVE('',#1883,#1855,#1885,.T.);
#1883 = VERTEX_POINT('',#1884);
#1884 = CARTESIAN_POINT('',(6.5,111.,-6.));
#1885 = SURFACE_CURVE('',#1886,(#1890,#1897),.PCURVE_S1.);
#1886 = LINE('',#1887,#1888);
#1887 = CARTESIAN_POINT('',(6.5,111.,-6.));
#1888 = VECTOR('',#1889,1.);
#1889 = DIRECTION('',(1.,0.,-0.));
#1890 = PCURVE('',#90,#1891);
#1891 = DEFINITIONAL_REPRESENTATION('',(#1892),#1896);
#1892 = LINE('',#1893,#1894);
#1893 = CARTESIAN_POINT('',(6.5,110.9));
#1894 = VECTOR('',#1895,1.);
#1895 = DIRECTION('',(1.,0.));
#1896 = ( GEOMETRIC_REPRESENTATION_CONTEXT(2) 
PARAMETRIC_REPRESENTATION_CONTEXT() REPRESENTATION_CONTEXT('2D SPACE',''
  ) );
#1897 = PCURVE('',#1898,#1903);
#1898 = PLANE('',#1899);
#1899 = AXIS2_PLACEMENT_3D('',#1900,#1901,#1902);
#1900 = CARTESIAN_POINT('',(6.5,111.,-14.));
#1901 = DIRECTION('',(-0.,1.,0.));
#1902 = DIRECTION('',(0.,0.,1.));
#1903 = DEFINITIONAL_REPRESENTATION('',(#1904),#1908);
#1904 = LINE('',#1905,#1906);
#1905 = CARTESIAN_POINT('',(8.,0.));
#1906 = VECTOR('',#1907,1.);
#1907 = DIRECTION('',(0.,1.));
#1908 = ( GEOMETRIC_REPRESENTATION_CONTEXT(2) 
PARAMETRIC_REPRESENTATION_CONTEXT() REPRESENTATION_CONTEXT('2D SPACE',''
  ) );
#1909 = ORIENTED_EDGE('',*,*,#1910,.T.);
#1910 = EDGE_CURVE('',#1883,#1911,#1913,.T.);
#1911 = VERTEX_POINT('',#1912);
#1912 = CARTESIAN_POINT('',(6.5,118.5,-6.));
#1913 = SURFACE_CURVE('',#1914,(#1918,#1925),.PCURVE_S1.);
#1914 = LINE('',#1915,#1916);
#1915 = CARTESIAN_POINT('',(6.5,111.,-6.));
#1916 = VECTOR('',#1917,1.);
#1917 = DIRECTION('',(-0.,1.,0.));
#1918 = PCURVE('',#90,#1919);
#1919 = DEFINITIONAL_REPRESENTATION('',(#1920),#1924);
#1920 = LINE('',#1921,#1922);
#1921 = CARTESIAN_POINT('',(6.5,110.9));
#1922 = VECTOR('',#1923,1.);
#1923 = DIRECTION('',(0.,1.));
#1924 = ( GEOMETRIC_REPRESENTATION_CONTEXT(2) 
PARAMETRIC_REPRESENTATION_CONTEXT() REPRESENTATION_CONTEXT('2D SPACE',''
  ) );
#1925 = PCURVE('',#1926,#1931);
#1926 = PLANE('',#1927);
#1927 = AXIS2_PLACEMENT_3D('',#1928,#1929,#1930);
#1928 = CARTESIAN_POINT('',(6.5,111.,-14.));
#1929 = DIRECTION('',(1.,0.,-0.));
#1930 = DIRECTION('',(0.,0.,1.));
#1931 = DEFINITIONAL_REPRESENTATION('',(#1932),#1936);
#1932 = LINE('',#1933,#1934);
#1933 = CARTESIAN_POINT('',(8.,0.));
#1934 = VECTOR('',#1935,1.);
#1935 = DIRECTION('',(0.,-1.));
#1936 = ( GEOMETRIC_REPRESENTATION_CONTEXT(2) 
PARAMETRIC_REPRESENTATION_CONTEXT() REPRESENTATION_CONTEXT('2D SPACE',''
  ) );
#1937 = ORIENTED_EDGE('',*,*,#1938,.F.);
#1938 = EDGE_CURVE('',#75,#1911,#1939,.T.);
#1939 = SURFACE_CURVE('',#1940,(#1944,#1951),.PCURVE_S1.);
#1940 = LINE('',#1941,#1942);
#1941 = CARTESIAN_POINT('',(0.,118.5,-6.));
#1942 = VECTOR('',#1943,1.);
#1943 = DIRECTION('',(1.,0.,-0.));
#1944 = PCURVE('',#90,#1945);
#1945 = DEFINITIONAL_REPRESENTATION('',(#1946),#1950);
#1946 = LINE('',#1947,#1948);
#1947 = CARTESIAN_POINT('',(0.,118.4));
#1948 = VECTOR('',#1949,1.);
#1949 = DIRECTION('',(1.,0.));
#1950 = ( GEOMETRIC_REPRESENTATION_CONTEXT(2) 
PARAMETRIC_REPRESENTATION_CONTEXT() REPRESENTATION_CONTEXT('2D SPACE',''
  ) );
#1951 = PCURVE('',#118,#1952);
#1952 = DEFINITIONAL_REPRESENTATION('',(#1953),#1957);
#1953 = LINE('',#1954,#1955);
#1954 = CARTESIAN_POINT('',(8.,0.));
#1955 = VECTOR('',#1956,1.);
#1956 = DIRECTION('',(0.,1.));
#1957 = ( GEOMETRIC_REPRESENTATION_CONTEXT(2) 
PARAMETRIC_REPRESENTATION_CONTEXT() REPRESENTATION_CONTEXT('2D SPACE',''
  ) );
#1958 = FACE_BOUND('',#1959,.F.);
#1959 = EDGE_LOOP('',(#1960));
#1960 = ORIENTED_EDGE('',*,*,#1961,.F.);
#1961 = EDGE_CURVE('',#1962,#1962,#1964,.T.);
#1962 = VERTEX_POINT('',#1963);
#1963 = CARTESIAN_POINT('',(7.25,16.,-6.));
#1964 = SURFACE_CURVE('',#1965,(#1970,#1977),.PCURVE_S1.);
#1965 = CIRCLE('',#1966,2.25);
#1966 = AXIS2_PLACEMENT_3D('',#1967,#1968,#1969);
#1967 = CARTESIAN_POINT('',(5.,16.,-6.));
#1968 = DIRECTION('',(0.,0.,1.));
#1969 = DIRECTION('',(1.,0.,-0.));
#1970 = PCURVE('',#90,#1971);
#1971 = DEFINITIONAL_REPRESENTATION('',(#1972),#1976);
#1972 = CIRCLE('',#1973,2.25);
#1973 = AXIS2_PLACEMENT_2D('',#1974,#1975);
#1974 = CARTESIAN_POINT('',(5.,15.9));
#1975 = DIRECTION('',(1.,0.));
#1976 = ( GEOMETRIC_REPRESENTATION_CONTEXT(2) 
PARAMETRIC_REPRESENTATION_CONTEXT() REPRESENTATION_CONTEXT('2D SPACE',''
  ) );
#1977 = PCURVE('',#1978,#1983);
#1978 = CYLINDRICAL_SURFACE('',#1979,2.25);
#1979 = AXIS2_PLACEMENT_3D('',#1980,#1981,#1982);
#1980 = CARTESIAN_POINT('',(5.,16.,-14.));
#1981 = DIRECTION('',(0.,0.,1.));
#1982 = DIRECTION('',(1.,0.,-0.));
#1983 = DEFINITIONAL_REPRESENTATION('',(#1984),#1988);
#1984 = LINE('',#1985,#1986);
#1985 = CARTESIAN_POINT('',(0.,8.));
#1986 = VECTOR('',#1987,1.);
#1987 = DIRECTION('',(1.,0.));
#1988 = ( GEOMETRIC_REPRESENTATION_CONTEXT(2) 
PARAMETRIC_REPRESENTATION_CONTEXT() REPRESENTATION_CONTEXT('2D SPACE',''
  ) );
#1989 = FACE_BOUND('',#1990,.F.);
#1990 = EDGE_LOOP('',(#1991));
#1991 = ORIENTED_EDGE('',*,*,#1992,.F.);
#1992 = EDGE_CURVE('',#1993,#1993,#1995,.T.);
#1993 = VERTEX_POINT('',#1994);
#1994 = CARTESIAN_POINT('',(18.125398376672,41.99799987724,-6.));
#1995 = SURFACE_CURVE('',#1996,(#2001,#2008),.PCURVE_S1.);
#1996 = CIRCLE('',#1997,2.25);
#1997 = AXIS2_PLACEMENT_3D('',#1998,#1999,#2000);
#1998 = CARTESIAN_POINT('',(15.875398376672,41.99799987724,-6.));
#1999 = DIRECTION('',(0.,0.,1.));
#2000 = DIRECTION('',(1.,0.,-0.));
#2001 = PCURVE('',#90,#2002);
#2002 = DEFINITIONAL_REPRESENTATION('',(#2003),#2007);
#2003 = CIRCLE('',#2004,2.25);
#2004 = AXIS2_PLACEMENT_2D('',#2005,#2006);
#2005 = CARTESIAN_POINT('',(15.875398376672,41.89799987724));
#2006 = DIRECTION('',(1.,0.));
#2007 = ( GEOMETRIC_REPRESENTATION_CONTEXT(2) 
PARAMETRIC_REPRESENTATION_CONTEXT() REPRESENTATION_CONTEXT('2D SPACE',''
  ) );
#2008 = PCURVE('',#2009,#2014);
#2009 = CYLINDRICAL_SURFACE('',#2010,2.25);
#2010 = AXIS2_PLACEMENT_3D('',#2011,#2012,#2013);
#2011 = CARTESIAN_POINT('',(15.875398376672,41.99799987724,-14.));
#2012 = DIRECTION('',(0.,0.,1.));
#2013 = DIRECTION('',(1.,0.,-0.));
#2014 = DEFINITIONAL_REPRESENTATION('',(#2015),#2019);
#2015 = LINE('',#2016,#2017);
#2016 = CARTESIAN_POINT('',(0.,8.));
#2017 = VECTOR('',#2018,1.);
#2018 = DIRECTION('',(1.,0.));
#2019 = ( GEOMETRIC_REPRESENTATION_CONTEXT(2) 
PARAMETRIC_REPRESENTATION_CONTEXT() REPRESENTATION_CONTEXT('2D SPACE',''
  ) );
#2020 = FACE_BOUND('',#2021,.F.);
#2021 = EDGE_LOOP('',(#2022));
#2022 = ORIENTED_EDGE('',*,*,#2023,.F.);
#2023 = EDGE_CURVE('',#2024,#2024,#2026,.T.);
#2024 = VERTEX_POINT('',#2025);
#2025 = CARTESIAN_POINT('',(66.25,8.,-6.));
#2026 = SURFACE_CURVE('',#2027,(#2032,#2039),.PCURVE_S1.);
#2027 = CIRCLE('',#2028,2.25);
#2028 = AXIS2_PLACEMENT_3D('',#2029,#2030,#2031);
#2029 = CARTESIAN_POINT('',(64.,8.,-6.));
#2030 = DIRECTION('',(0.,0.,1.));
#2031 = DIRECTION('',(1.,0.,-0.));
#2032 = PCURVE('',#90,#2033);
#2033 = DEFINITIONAL_REPRESENTATION('',(#2034),#2038);
#2034 = CIRCLE('',#2035,2.25);
#2035 = AXIS2_PLACEMENT_2D('',#2036,#2037);
#2036 = CARTESIAN_POINT('',(64.,7.9));
#2037 = DIRECTION('',(1.,0.));
#2038 = ( GEOMETRIC_REPRESENTATION_CONTEXT(2) 
PARAMETRIC_REPRESENTATION_CONTEXT() REPRESENTATION_CONTEXT('2D SPACE',''
  ) );
#2039 = PCURVE('',#2040,#2045);
#2040 = CYLINDRICAL_SURFACE('',#2041,2.25);
#2041 = AXIS2_PLACEMENT_3D('',#2042,#2043,#2044);
#2042 = CARTESIAN_POINT('',(64.,8.,-14.));
#2043 = DIRECTION('',(0.,0.,1.));
#2044 = DIRECTION('',(1.,0.,-0.));
#2045 = DEFINITIONAL_REPRESENTATION('',(#2046),#2050);
#2046 = LINE('',#2047,#2048);
#2047 = CARTESIAN_POINT('',(0.,8.));
#2048 = VECTOR('',#2049,1.);
#2049 = DIRECTION('',(1.,0.));
#2050 = ( GEOMETRIC_REPRESENTATION_CONTEXT(2) 
PARAMETRIC_REPRESENTATION_CONTEXT() REPRESENTATION_CONTEXT('2D SPACE',''
  ) );
#2051 = FACE_BOUND('',#2052,.F.);
#2052 = EDGE_LOOP('',(#2053));
#2053 = ORIENTED_EDGE('',*,*,#2054,.F.);
#2054 = EDGE_CURVE('',#2055,#2055,#2057,.T.);
#2055 = VERTEX_POINT('',#2056);
#2056 = CARTESIAN_POINT('',(79.1,8.,-6.));
#2057 = SURFACE_CURVE('',#2058,(#2063,#2070),.PCURVE_S1.);
#2058 = CIRCLE('',#2059,3.1);
#2059 = AXIS2_PLACEMENT_3D('',#2060,#2061,#2062);
#2060 = CARTESIAN_POINT('',(76.,8.,-6.));
#2061 = DIRECTION('',(0.,0.,1.));
#2062 = DIRECTION('',(1.,0.,-0.));
#2063 = PCURVE('',#90,#2064);
#2064 = DEFINITIONAL_REPRESENTATION('',(#2065),#2069);
#2065 = CIRCLE('',#2066,3.1);
#2066 = AXIS2_PLACEMENT_2D('',#2067,#2068);
#2067 = CARTESIAN_POINT('',(76.,7.9));
#2068 = DIRECTION('',(1.,0.));
#2069 = ( GEOMETRIC_REPRESENTATION_CONTEXT(2) 
PARAMETRIC_REPRESENTATION_CONTEXT() REPRESENTATION_CONTEXT('2D SPACE',''
  ) );
#2070 = PCURVE('',#2071,#2076);
#2071 = CYLINDRICAL_SURFACE('',#2072,3.1);
#2072 = AXIS2_PLACEMENT_3D('',#2073,#2074,#2075);
#2073 = CARTESIAN_POINT('',(76.,8.,-6.));
#2074 = DIRECTION('',(0.,0.,1.));
#2075 = DIRECTION('',(1.,0.,-0.));
#2076 = DEFINITIONAL_REPRESENTATION('',(#2077),#2081);
#2077 = LINE('',#2078,#2079);
#2078 = CARTESIAN_POINT('',(0.,0.));
#2079 = VECTOR('',#2080,1.);
#2080 = DIRECTION('',(1.,0.));
#2081 = ( GEOMETRIC_REPRESENTATION_CONTEXT(2) 
PARAMETRIC_REPRESENTATION_CONTEXT() REPRESENTATION_CONTEXT('2D SPACE',''
  ) );
#2082 = FACE_BOUND('',#2083,.F.);
#2083 = EDGE_LOOP('',(#2084));
#2084 = ORIENTED_EDGE('',*,*,#2085,.F.);
#2085 = EDGE_CURVE('',#2086,#2086,#2088,.T.);
#2086 = VERTEX_POINT('',#2087);
#2087 = CARTESIAN_POINT('',(7.25,80.,-6.));
#2088 = SURFACE_CURVE('',#2089,(#2094,#2101),.PCURVE_S1.);
#2089 = CIRCLE('',#2090,2.25);
#2090 = AXIS2_PLACEMENT_3D('',#2091,#2092,#2093);
#2091 = CARTESIAN_POINT('',(5.,80.,-6.));
#2092 = DIRECTION('',(0.,0.,1.));
#2093 = DIRECTION('',(1.,0.,-0.));
#2094 = PCURVE('',#90,#2095);
#2095 = DEFINITIONAL_REPRESENTATION('',(#2096),#2100);
#2096 = CIRCLE('',#2097,2.25);
#2097 = AXIS2_PLACEMENT_2D('',#2098,#2099);
#2098 = CARTESIAN_POINT('',(5.,79.9));
#2099 = DIRECTION('',(1.,0.));
#2100 = ( GEOMETRIC_REPRESENTATION_CONTEXT(2) 
PARAMETRIC_REPRESENTATION_CONTEXT() REPRESENTATION_CONTEXT('2D SPACE',''
  ) );
#2101 = PCURVE('',#2102,#2107);
#2102 = CYLINDRICAL_SURFACE('',#2103,2.25);
#2103 = AXIS2_PLACEMENT_3D('',#2104,#2105,#2106);
#2104 = CARTESIAN_POINT('',(5.,80.,-14.));
#2105 = DIRECTION('',(0.,0.,1.));
#2106 = DIRECTION('',(1.,0.,-0.));
#2107 = DEFINITIONAL_REPRESENTATION('',(#2108),#2112);
#2108 = LINE('',#2109,#2110);
#2109 = CARTESIAN_POINT('',(0.,8.));
#2110 = VECTOR('',#2111,1.);
#2111 = DIRECTION('',(1.,0.));
#2112 = ( GEOMETRIC_REPRESENTATION_CONTEXT(2) 
PARAMETRIC_REPRESENTATION_CONTEXT() REPRESENTATION_CONTEXT('2D SPACE',''
  ) );
#2113 = FACE_BOUND('',#2114,.F.);
#2114 = EDGE_LOOP('',(#2115));
#2115 = ORIENTED_EDGE('',*,*,#2116,.F.);
#2116 = EDGE_CURVE('',#2117,#2117,#2119,.T.);
#2117 = VERTEX_POINT('',#2118);
#2118 = CARTESIAN_POINT('',(76.25,56.,-6.));
#2119 = SURFACE_CURVE('',#2120,(#2125,#2132),.PCURVE_S1.);
#2120 = CIRCLE('',#2121,2.25);
#2121 = AXIS2_PLACEMENT_3D('',#2122,#2123,#2124);
#2122 = CARTESIAN_POINT('',(74.,56.,-6.));
#2123 = DIRECTION('',(0.,0.,1.));
#2124 = DIRECTION('',(1.,0.,-0.));
#2125 = PCURVE('',#90,#2126);
#2126 = DEFINITIONAL_REPRESENTATION('',(#2127),#2131);
#2127 = CIRCLE('',#2128,2.25);
#2128 = AXIS2_PLACEMENT_2D('',#2129,#2130);
#2129 = CARTESIAN_POINT('',(74.,55.9));
#2130 = DIRECTION('',(1.,0.));
#2131 = ( GEOMETRIC_REPRESENTATION_CONTEXT(2) 
PARAMETRIC_REPRESENTATION_CONTEXT() REPRESENTATION_CONTEXT('2D SPACE',''
  ) );
#2132 = PCURVE('',#2133,#2138);
#2133 = CYLINDRICAL_SURFACE('',#2134,2.25);
#2134 = AXIS2_PLACEMENT_3D('',#2135,#2136,#2137);
#2135 = CARTESIAN_POINT('',(74.,56.,-14.));
#2136 = DIRECTION('',(0.,0.,1.));
#2137 = DIRECTION('',(1.,0.,-0.));
#2138 = DEFINITIONAL_REPRESENTATION('',(#2139),#2143);
#2139 = LINE('',#2140,#2141);
#2140 = CARTESIAN_POINT('',(0.,8.));
#2141 = VECTOR('',#2142,1.);
#2142 = DIRECTION('',(1.,0.));
#2143 = ( GEOMETRIC_REPRESENTATION_CONTEXT(2) 
PARAMETRIC_REPRESENTATION_CONTEXT() REPRESENTATION_CONTEXT('2D SPACE',''
  ) );
#2144 = FACE_BOUND('',#2145,.F.);
#2145 = EDGE_LOOP('',(#2146));
#2146 = ORIENTED_EDGE('',*,*,#2147,.F.);
#2147 = EDGE_CURVE('',#2148,#2148,#2150,.T.);
#2148 = VERTEX_POINT('',#2149);
#2149 = CARTESIAN_POINT('',(103.1,8.,-6.));
#2150 = SURFACE_CURVE('',#2151,(#2156,#2163),.PCURVE_S1.);
#2151 = CIRCLE('',#2152,3.1);
#2152 = AXIS2_PLACEMENT_3D('',#2153,#2154,#2155);
#2153 = CARTESIAN_POINT('',(100.,8.,-6.));
#2154 = DIRECTION('',(0.,0.,1.));
#2155 = DIRECTION('',(1.,0.,-0.));
#2156 = PCURVE('',#90,#2157);
#2157 = DEFINITIONAL_REPRESENTATION('',(#2158),#2162);
#2158 = CIRCLE('',#2159,3.1);
#2159 = AXIS2_PLACEMENT_2D('',#2160,#2161);
#2160 = CARTESIAN_POINT('',(100.,7.9));
#2161 = DIRECTION('',(1.,0.));
#2162 = ( GEOMETRIC_REPRESENTATION_CONTEXT(2) 
PARAMETRIC_REPRESENTATION_CONTEXT() REPRESENTATION_CONTEXT('2D SPACE',''
  ) );
#2163 = PCURVE('',#2164,#2169);
#2164 = CYLINDRICAL_SURFACE('',#2165,3.1);
#2165 = AXIS2_PLACEMENT_3D('',#2166,#2167,#2168);
#2166 = CARTESIAN_POINT('',(100.,8.,-6.));
#2167 = DIRECTION('',(0.,0.,1.));
#2168 = DIRECTION('',(1.,0.,-0.));
#2169 = DEFINITIONAL_REPRESENTATION('',(#2170),#2174);
#2170 = LINE('',#2171,#2172);
#2171 = CARTESIAN_POINT('',(0.,0.));
#2172 = VECTOR('',#2173,1.);
#2173 = DIRECTION('',(1.,0.));
#2174 = ( GEOMETRIC_REPRESENTATION_CONTEXT(2) 
PARAMETRIC_REPRESENTATION_CONTEXT() REPRESENTATION_CONTEXT('2D SPACE',''
  ) );
#2175 = FACE_BOUND('',#2176,.F.);
#2176 = EDGE_LOOP('',(#2177));
#2177 = ORIENTED_EDGE('',*,*,#2178,.F.);
#2178 = EDGE_CURVE('',#2179,#2179,#2181,.T.);
#2179 = VERTEX_POINT('',#2180);
#2180 = CARTESIAN_POINT('',(114.25,8.,-6.));
#2181 = SURFACE_CURVE('',#2182,(#2187,#2194),.PCURVE_S1.);
#2182 = CIRCLE('',#2183,2.25);
#2183 = AXIS2_PLACEMENT_3D('',#2184,#2185,#2186);
#2184 = CARTESIAN_POINT('',(112.,8.,-6.));
#2185 = DIRECTION('',(0.,0.,1.));
#2186 = DIRECTION('',(1.,0.,-0.));
#2187 = PCURVE('',#90,#2188);
#2188 = DEFINITIONAL_REPRESENTATION('',(#2189),#2193);
#2189 = CIRCLE('',#2190,2.25);
#2190 = AXIS2_PLACEMENT_2D('',#2191,#2192);
#2191 = CARTESIAN_POINT('',(112.,7.9));
#2192 = DIRECTION('',(1.,0.));
#2193 = ( GEOMETRIC_REPRESENTATION_CONTEXT(2) 
PARAMETRIC_REPRESENTATION_CONTEXT() REPRESENTATION_CONTEXT('2D SPACE',''
  ) );
#2194 = PCURVE('',#2195,#2200);
#2195 = CYLINDRICAL_SURFACE('',#2196,2.25);
#2196 = AXIS2_PLACEMENT_3D('',#2197,#2198,#2199);
#2197 = CARTESIAN_POINT('',(112.,8.,-14.));
#2198 = DIRECTION('',(0.,0.,1.));
#2199 = DIRECTION('',(1.,0.,-0.));
#2200 = DEFINITIONAL_REPRESENTATION('',(#2201),#2205);
#2201 = LINE('',#2202,#2203);
#2202 = CARTESIAN_POINT('',(0.,8.));
#2203 = VECTOR('',#2204,1.);
#2204 = DIRECTION('',(1.,0.));
#2205 = ( GEOMETRIC_REPRESENTATION_CONTEXT(2) 
PARAMETRIC_REPRESENTATION_CONTEXT() REPRESENTATION_CONTEXT('2D SPACE',''
  ) );
#2206 = FACE_BOUND('',#2207,.F.);
#2207 = EDGE_LOOP('',(#2208));
#2208 = ORIENTED_EDGE('',*,*,#2209,.F.);
#2209 = EDGE_CURVE('',#2210,#2210,#2212,.T.);
#2210 = VERTEX_POINT('',#2211);
#2211 = CARTESIAN_POINT('',(116.25,36.,-6.));
#2212 = SURFACE_CURVE('',#2213,(#2218,#2225),.PCURVE_S1.);
#2213 = CIRCLE('',#2214,2.25);
#2214 = AXIS2_PLACEMENT_3D('',#2215,#2216,#2217);
#2215 = CARTESIAN_POINT('',(114.,36.,-6.));
#2216 = DIRECTION('',(0.,0.,1.));
#2217 = DIRECTION('',(1.,0.,-0.));
#2218 = PCURVE('',#90,#2219);
#2219 = DEFINITIONAL_REPRESENTATION('',(#2220),#2224);
#2220 = CIRCLE('',#2221,2.25);
#2221 = AXIS2_PLACEMENT_2D('',#2222,#2223);
#2222 = CARTESIAN_POINT('',(114.,35.9));
#2223 = DIRECTION('',(1.,0.));
#2224 = ( GEOMETRIC_REPRESENTATION_CONTEXT(2) 
PARAMETRIC_REPRESENTATION_CONTEXT() REPRESENTATION_CONTEXT('2D SPACE',''
  ) );
#2225 = PCURVE('',#2226,#2231);
#2226 = CYLINDRICAL_SURFACE('',#2227,2.25);
#2227 = AXIS2_PLACEMENT_3D('',#2228,#2229,#2230);
#2228 = CARTESIAN_POINT('',(114.,36.,-14.));
#2229 = DIRECTION('',(0.,0.,1.));
#2230 = DIRECTION('',(1.,0.,-0.));
#2231 = DEFINITIONAL_REPRESENTATION('',(#2232),#2236);
#2232 = LINE('',#2233,#2234);
#2233 = CARTESIAN_POINT('',(0.,8.));
#2234 = VECTOR('',#2235,1.);
#2235 = DIRECTION('',(1.,0.));
#2236 = ( GEOMETRIC_REPRESENTATION_CONTEXT(2) 
PARAMETRIC_REPRESENTATION_CONTEXT() REPRESENTATION_CONTEXT('2D SPACE',''
  ) );
#2237 = FACE_BOUND('',#2238,.F.);
#2238 = EDGE_LOOP('',(#2239));
#2239 = ORIENTED_EDGE('',*,*,#2240,.F.);
#2240 = EDGE_CURVE('',#2241,#2241,#2243,.T.);
#2241 = VERTEX_POINT('',#2242);
#2242 = CARTESIAN_POINT('',(124.25,18.,-6.));
#2243 = SURFACE_CURVE('',#2244,(#2249,#2256),.PCURVE_S1.);
#2244 = CIRCLE('',#2245,2.25);
#2245 = AXIS2_PLACEMENT_3D('',#2246,#2247,#2248);
#2246 = CARTESIAN_POINT('',(122.,18.,-6.));
#2247 = DIRECTION('',(0.,0.,1.));
#2248 = DIRECTION('',(1.,0.,-0.));
#2249 = PCURVE('',#90,#2250);
#2250 = DEFINITIONAL_REPRESENTATION('',(#2251),#2255);
#2251 = CIRCLE('',#2252,2.25);
#2252 = AXIS2_PLACEMENT_2D('',#2253,#2254);
#2253 = CARTESIAN_POINT('',(122.,17.9));
#2254 = DIRECTION('',(1.,0.));
#2255 = ( GEOMETRIC_REPRESENTATION_CONTEXT(2) 
PARAMETRIC_REPRESENTATION_CONTEXT() REPRESENTATION_CONTEXT('2D SPACE',''
  ) );
#2256 = PCURVE('',#2257,#2262);
#2257 = CYLINDRICAL_SURFACE('',#2258,2.25);
#2258 = AXIS2_PLACEMENT_3D('',#2259,#2260,#2261);
#2259 = CARTESIAN_POINT('',(122.,18.,-14.));
#2260 = DIRECTION('',(0.,0.,1.));
#2261 = DIRECTION('',(1.,0.,-0.));
#2262 = DEFINITIONAL_REPRESENTATION('',(#2263),#2267);
#2263 = LINE('',#2264,#2265);
#2264 = CARTESIAN_POINT('',(0.,8.));
#2265 = VECTOR('',#2266,1.);
#2266 = DIRECTION('',(1.,0.));
#2267 = ( GEOMETRIC_REPRESENTATION_CONTEXT(2) 
PARAMETRIC_REPRESENTATION_CONTEXT() REPRESENTATION_CONTEXT('2D SPACE',''
  ) );
#2268 = FACE_BOUND('',#2269,.F.);
#2269 = EDGE_LOOP('',(#2270,#2300,#2328,#2356));
#2270 = ORIENTED_EDGE('',*,*,#2271,.T.);
#2271 = EDGE_CURVE('',#2272,#2274,#2276,.T.);
#2272 = VERTEX_POINT('',#2273);
#2273 = CARTESIAN_POINT('',(121.,38.5,-6.));
#2274 = VERTEX_POINT('',#2275);
#2275 = CARTESIAN_POINT('',(121.,41.5,-6.));
#2276 = SURFACE_CURVE('',#2277,(#2281,#2288),.PCURVE_S1.);
#2277 = LINE('',#2278,#2279);
#2278 = CARTESIAN_POINT('',(121.,38.5,-6.));
#2279 = VECTOR('',#2280,1.);
#2280 = DIRECTION('',(-0.,1.,0.));
#2281 = PCURVE('',#90,#2282);
#2282 = DEFINITIONAL_REPRESENTATION('',(#2283),#2287);
#2283 = LINE('',#2284,#2285);
#2284 = CARTESIAN_POINT('',(121.,38.4));
#2285 = VECTOR('',#2286,1.);
#2286 = DIRECTION('',(0.,1.));
#2287 = ( GEOMETRIC_REPRESENTATION_CONTEXT(2) 
PARAMETRIC_REPRESENTATION_CONTEXT() REPRESENTATION_CONTEXT('2D SPACE',''
  ) );
#2288 = PCURVE('',#2289,#2294);
#2289 = PLANE('',#2290);
#2290 = AXIS2_PLACEMENT_3D('',#2291,#2292,#2293);
#2291 = CARTESIAN_POINT('',(121.,38.5,-14.));
#2292 = DIRECTION('',(1.,0.,-0.));
#2293 = DIRECTION('',(0.,0.,1.));
#2294 = DEFINITIONAL_REPRESENTATION('',(#2295),#2299);
#2295 = LINE('',#2296,#2297);
#2296 = CARTESIAN_POINT('',(8.,0.));
#2297 = VECTOR('',#2298,1.);
#2298 = DIRECTION('',(0.,-1.));
#2299 = ( GEOMETRIC_REPRESENTATION_CONTEXT(2) 
PARAMETRIC_REPRESENTATION_CONTEXT() REPRESENTATION_CONTEXT('2D SPACE',''
  ) );
#2300 = ORIENTED_EDGE('',*,*,#2301,.T.);
#2301 = EDGE_CURVE('',#2274,#2302,#2304,.T.);
#2302 = VERTEX_POINT('',#2303);
#2303 = CARTESIAN_POINT('',(143.,41.5,-6.));
#2304 = SURFACE_CURVE('',#2305,(#2309,#2316),.PCURVE_S1.);
#2305 = LINE('',#2306,#2307);
#2306 = CARTESIAN_POINT('',(121.,41.5,-6.));
#2307 = VECTOR('',#2308,1.);
#2308 = DIRECTION('',(1.,0.,-0.));
#2309 = PCURVE('',#90,#2310);
#2310 = DEFINITIONAL_REPRESENTATION('',(#2311),#2315);
#2311 = LINE('',#2312,#2313);
#2312 = CARTESIAN_POINT('',(121.,41.4));
#2313 = VECTOR('',#2314,1.);
#2314 = DIRECTION('',(1.,0.));
#2315 = ( GEOMETRIC_REPRESENTATION_CONTEXT(2) 
PARAMETRIC_REPRESENTATION_CONTEXT() REPRESENTATION_CONTEXT('2D SPACE',''
  ) );
#2316 = PCURVE('',#2317,#2322);
#2317 = PLANE('',#2318);
#2318 = AXIS2_PLACEMENT_3D('',#2319,#2320,#2321);
#2319 = CARTESIAN_POINT('',(121.,41.5,-14.));
#2320 = DIRECTION('',(-0.,1.,0.));
#2321 = DIRECTION('',(0.,0.,1.));
#2322 = DEFINITIONAL_REPRESENTATION('',(#2323),#2327);
#2323 = LINE('',#2324,#2325);
#2324 = CARTESIAN_POINT('',(8.,0.));
#2325 = VECTOR('',#2326,1.);
#2326 = DIRECTION('',(0.,1.));
#2327 = ( GEOMETRIC_REPRESENTATION_CONTEXT(2) 
PARAMETRIC_REPRESENTATION_CONTEXT() REPRESENTATION_CONTEXT('2D SPACE',''
  ) );
#2328 = ORIENTED_EDGE('',*,*,#2329,.F.);
#2329 = EDGE_CURVE('',#2330,#2302,#2332,.T.);
#2330 = VERTEX_POINT('',#2331);
#2331 = CARTESIAN_POINT('',(143.,38.5,-6.));
#2332 = SURFACE_CURVE('',#2333,(#2337,#2344),.PCURVE_S1.);
#2333 = LINE('',#2334,#2335);
#2334 = CARTESIAN_POINT('',(143.,38.5,-6.));
#2335 = VECTOR('',#2336,1.);
#2336 = DIRECTION('',(-0.,1.,0.));
#2337 = PCURVE('',#90,#2338);
#2338 = DEFINITIONAL_REPRESENTATION('',(#2339),#2343);
#2339 = LINE('',#2340,#2341);
#2340 = CARTESIAN_POINT('',(143.,38.4));
#2341 = VECTOR('',#2342,1.);
#2342 = DIRECTION('',(0.,1.));
#2343 = ( GEOMETRIC_REPRESENTATION_CONTEXT(2) 
PARAMETRIC_REPRESENTATION_CONTEXT() REPRESENTATION_CONTEXT('2D SPACE',''
  ) );
#2344 = PCURVE('',#2345,#2350);
#2345 = PLANE('',#2346);
#2346 = AXIS2_PLACEMENT_3D('',#2347,#2348,#2349);
#2347 = CARTESIAN_POINT('',(143.,38.5,-14.));
#2348 = DIRECTION('',(1.,0.,-0.));
#2349 = DIRECTION('',(0.,0.,1.));
#2350 = DEFINITIONAL_REPRESENTATION('',(#2351),#2355);
#2351 = LINE('',#2352,#2353);
#2352 = CARTESIAN_POINT('',(8.,0.));
#2353 = VECTOR('',#2354,1.);
#2354 = DIRECTION('',(0.,-1.));
#2355 = ( GEOMETRIC_REPRESENTATION_CONTEXT(2) 
PARAMETRIC_REPRESENTATION_CONTEXT() REPRESENTATION_CONTEXT('2D SPACE',''
  ) );
#2356 = ORIENTED_EDGE('',*,*,#2357,.F.);
#2357 = EDGE_CURVE('',#2272,#2330,#2358,.T.);
#2358 = SURFACE_CURVE('',#2359,(#2363,#2370),.PCURVE_S1.);
#2359 = LINE('',#2360,#2361);
#2360 = CARTESIAN_POINT('',(121.,38.5,-6.));
#2361 = VECTOR('',#2362,1.);
#2362 = DIRECTION('',(1.,0.,-0.));
#2363 = PCURVE('',#90,#2364);
#2364 = DEFINITIONAL_REPRESENTATION('',(#2365),#2369);
#2365 = LINE('',#2366,#2367);
#2366 = CARTESIAN_POINT('',(121.,38.4));
#2367 = VECTOR('',#2368,1.);
#2368 = DIRECTION('',(1.,0.));
#2369 = ( GEOMETRIC_REPRESENTATION_CONTEXT(2) 
PARAMETRIC_REPRESENTATION_CONTEXT() REPRESENTATION_CONTEXT('2D SPACE',''
  ) );
#2370 = PCURVE('',#2371,#2376);
#2371 = PLANE('',#2372);
#2372 = AXIS2_PLACEMENT_3D('',#2373,#2374,#2375);
#2373 = CARTESIAN_POINT('',(121.,38.5,-14.));
#2374 = DIRECTION('',(-0.,1.,0.));
#2375 = DIRECTION('',(0.,0.,1.));
#2376 = DEFINITIONAL_REPRESENTATION('',(#2377),#2381);
#2377 = LINE('',#2378,#2379);
#2378 = CARTESIAN_POINT('',(8.,0.));
#2379 = VECTOR('',#2380,1.);
#2380 = DIRECTION('',(0.,1.));
#2381 = ( GEOMETRIC_REPRESENTATION_CONTEXT(2) 
PARAMETRIC_REPRESENTATION_CONTEXT() REPRESENTATION_CONTEXT('2D SPACE',''
  ) );
#2382 = FACE_BOUND('',#2383,.F.);
#2383 = EDGE_LOOP('',(#2384));
#2384 = ORIENTED_EDGE('',*,*,#2385,.F.);
#2385 = EDGE_CURVE('',#2386,#2386,#2388,.T.);
#2386 = VERTEX_POINT('',#2387);
#2387 = CARTESIAN_POINT('',(96.25,56.,-6.));
#2388 = SURFACE_CURVE('',#2389,(#2394,#2401),.PCURVE_S1.);
#2389 = CIRCLE('',#2390,2.25);
#2390 = AXIS2_PLACEMENT_3D('',#2391,#2392,#2393);
#2391 = CARTESIAN_POINT('',(94.,56.,-6.));
#2392 = DIRECTION('',(0.,0.,1.));
#2393 = DIRECTION('',(1.,0.,-0.));
#2394 = PCURVE('',#90,#2395);
#2395 = DEFINITIONAL_REPRESENTATION('',(#2396),#2400);
#2396 = CIRCLE('',#2397,2.25);
#2397 = AXIS2_PLACEMENT_2D('',#2398,#2399);
#2398 = CARTESIAN_POINT('',(94.,55.9));
#2399 = DIRECTION('',(1.,0.));
#2400 = ( GEOMETRIC_REPRESENTATION_CONTEXT(2) 
PARAMETRIC_REPRESENTATION_CONTEXT() REPRESENTATION_CONTEXT('2D SPACE',''
  ) );
#2401 = PCURVE('',#2402,#2407);
#2402 = CYLINDRICAL_SURFACE('',#2403,2.25);
#2403 = AXIS2_PLACEMENT_3D('',#2404,#2405,#2406);
#2404 = CARTESIAN_POINT('',(94.,56.,-14.));
#2405 = DIRECTION('',(0.,0.,1.));
#2406 = DIRECTION('',(1.,0.,-0.));
#2407 = DEFINITIONAL_REPRESENTATION('',(#2408),#2412);
#2408 = LINE('',#2409,#2410);
#2409 = CARTESIAN_POINT('',(0.,8.));
#2410 = VECTOR('',#2411,1.);
#2411 = DIRECTION('',(1.,0.));
#2412 = ( GEOMETRIC_REPRESENTATION_CONTEXT(2) 
PARAMETRIC_REPRESENTATION_CONTEXT() REPRESENTATION_CONTEXT('2D SPACE',''
  ) );
#2413 = FACE_BOUND('',#2414,.F.);
#2414 = EDGE_LOOP('',(#2415));
#2415 = ORIENTED_EDGE('',*,*,#2416,.F.);
#2416 = EDGE_CURVE('',#2417,#2417,#2419,.T.);
#2417 = VERTEX_POINT('',#2418);
#2418 = CARTESIAN_POINT('',(88.82157735122,67.708572614372,-6.));
#2419 = SURFACE_CURVE('',#2420,(#2425,#2432),.PCURVE_S1.);
#2420 = CIRCLE('',#2421,2.25);
#2421 = AXIS2_PLACEMENT_3D('',#2422,#2423,#2424);
#2422 = CARTESIAN_POINT('',(86.57157735122,67.708572614372,-6.));
#2423 = DIRECTION('',(0.,0.,1.));
#2424 = DIRECTION('',(1.,0.,-0.));
#2425 = PCURVE('',#90,#2426);
#2426 = DEFINITIONAL_REPRESENTATION('',(#2427),#2431);
#2427 = CIRCLE('',#2428,2.25);
#2428 = AXIS2_PLACEMENT_2D('',#2429,#2430);
#2429 = CARTESIAN_POINT('',(86.57157735122,67.608572614372));
#2430 = DIRECTION('',(1.,0.));
#2431 = ( GEOMETRIC_REPRESENTATION_CONTEXT(2) 
PARAMETRIC_REPRESENTATION_CONTEXT() REPRESENTATION_CONTEXT('2D SPACE',''
  ) );
#2432 = PCURVE('',#2433,#2438);
#2433 = CYLINDRICAL_SURFACE('',#2434,2.25);
#2434 = AXIS2_PLACEMENT_3D('',#2435,#2436,#2437);
#2435 = CARTESIAN_POINT('',(86.57157735122,67.708572614372,-14.));
#2436 = DIRECTION('',(0.,0.,1.));
#2437 = DIRECTION('',(1.,0.,-0.));
#2438 = DEFINITIONAL_REPRESENTATION('',(#2439),#2443);
#2439 = LINE('',#2440,#2441);
#2440 = CARTESIAN_POINT('',(0.,8.));
#2441 = VECTOR('',#2442,1.);
#2442 = DIRECTION('',(1.,0.));
#2443 = ( GEOMETRIC_REPRESENTATION_CONTEXT(2) 
PARAMETRIC_REPRESENTATION_CONTEXT() REPRESENTATION_CONTEXT('2D SPACE',''
  ) );
#2444 = FACE_BOUND('',#2445,.F.);
#2445 = EDGE_LOOP('',(#2446));
#2446 = ORIENTED_EDGE('',*,*,#2447,.F.);
#2447 = EDGE_CURVE('',#2448,#2448,#2450,.T.);
#2448 = VERTEX_POINT('',#2449);
#2449 = CARTESIAN_POINT('',(154.25,44.,-6.));
#2450 = SURFACE_CURVE('',#2451,(#2456,#2463),.PCURVE_S1.);
#2451 = CIRCLE('',#2452,2.25);
#2452 = AXIS2_PLACEMENT_3D('',#2453,#2454,#2455);
#2453 = CARTESIAN_POINT('',(152.,44.,-6.));
#2454 = DIRECTION('',(0.,0.,1.));
#2455 = DIRECTION('',(1.,0.,-0.));
#2456 = PCURVE('',#90,#2457);
#2457 = DEFINITIONAL_REPRESENTATION('',(#2458),#2462);
#2458 = CIRCLE('',#2459,2.25);
#2459 = AXIS2_PLACEMENT_2D('',#2460,#2461);
#2460 = CARTESIAN_POINT('',(152.,43.9));
#2461 = DIRECTION('',(1.,0.));
#2462 = ( GEOMETRIC_REPRESENTATION_CONTEXT(2) 
PARAMETRIC_REPRESENTATION_CONTEXT() REPRESENTATION_CONTEXT('2D SPACE',''
  ) );
#2463 = PCURVE('',#2464,#2469);
#2464 = CYLINDRICAL_SURFACE('',#2465,2.25);
#2465 = AXIS2_PLACEMENT_3D('',#2466,#2467,#2468);
#2466 = CARTESIAN_POINT('',(152.,44.,-14.));
#2467 = DIRECTION('',(0.,0.,1.));
#2468 = DIRECTION('',(1.,0.,-0.));
#2469 = DEFINITIONAL_REPRESENTATION('',(#2470),#2474);
#2470 = LINE('',#2471,#2472);
#2471 = CARTESIAN_POINT('',(0.,8.));
#2472 = VECTOR('',#2473,1.);
#2473 = DIRECTION('',(1.,0.));
#2474 = ( GEOMETRIC_REPRESENTATION_CONTEXT(2) 
PARAMETRIC_REPRESENTATION_CONTEXT() REPRESENTATION_CONTEXT('2D SPACE',''
  ) );
#2475 = FACE_BOUND('',#2476,.F.);
#2476 = EDGE_LOOP('',(#2477));
#2477 = ORIENTED_EDGE('',*,*,#2478,.F.);
#2478 = EDGE_CURVE('',#2479,#2479,#2481,.T.);
#2479 = VERTEX_POINT('',#2480);
#2480 = CARTESIAN_POINT('',(155.1,60.,-6.));
#2481 = SURFACE_CURVE('',#2482,(#2487,#2494),.PCURVE_S1.);
#2482 = CIRCLE('',#2483,3.1);
#2483 = AXIS2_PLACEMENT_3D('',#2484,#2485,#2486);
#2484 = CARTESIAN_POINT('',(152.,60.,-6.));
#2485 = DIRECTION('',(0.,0.,1.));
#2486 = DIRECTION('',(1.,0.,-0.));
#2487 = PCURVE('',#90,#2488);
#2488 = DEFINITIONAL_REPRESENTATION('',(#2489),#2493);
#2489 = CIRCLE('',#2490,3.1);
#2490 = AXIS2_PLACEMENT_2D('',#2491,#2492);
#2491 = CARTESIAN_POINT('',(152.,59.9));
#2492 = DIRECTION('',(1.,0.));
#2493 = ( GEOMETRIC_REPRESENTATION_CONTEXT(2) 
PARAMETRIC_REPRESENTATION_CONTEXT() REPRESENTATION_CONTEXT('2D SPACE',''
  ) );
#2494 = PCURVE('',#2495,#2500);
#2495 = CYLINDRICAL_SURFACE('',#2496,3.1);
#2496 = AXIS2_PLACEMENT_3D('',#2497,#2498,#2499);
#2497 = CARTESIAN_POINT('',(152.,60.,-6.));
#2498 = DIRECTION('',(0.,0.,1.));
#2499 = DIRECTION('',(1.,0.,-0.));
#2500 = DEFINITIONAL_REPRESENTATION('',(#2501),#2505);
#2501 = LINE('',#2502,#2503);
#2502 = CARTESIAN_POINT('',(0.,0.));
#2503 = VECTOR('',#2504,1.);
#2504 = DIRECTION('',(1.,0.));
#2505 = ( GEOMETRIC_REPRESENTATION_CONTEXT(2) 
PARAMETRIC_REPRESENTATION_CONTEXT() REPRESENTATION_CONTEXT('2D SPACE',''
  ) );
#2506 = FACE_BOUND('',#2507,.F.);
#2507 = EDGE_LOOP('',(#2508,#2538,#2566,#2594,#2622,#2650,#2678,#2706,
    #2734,#2762,#2790,#2818));
#2508 = ORIENTED_EDGE('',*,*,#2509,.T.);
#2509 = EDGE_CURVE('',#2510,#2512,#2514,.T.);
#2510 = VERTEX_POINT('',#2511);
#2511 = CARTESIAN_POINT('',(105.2500001,78.5,-6.));
#2512 = VERTEX_POINT('',#2513);
#2513 = CARTESIAN_POINT('',(105.2500001,81.5,-6.));
#2514 = SURFACE_CURVE('',#2515,(#2519,#2526),.PCURVE_S1.);
#2515 = LINE('',#2516,#2517);
#2516 = CARTESIAN_POINT('',(105.2500001,78.5,-6.));
#2517 = VECTOR('',#2518,1.);
#2518 = DIRECTION('',(-0.,1.,0.));
#2519 = PCURVE('',#90,#2520);
#2520 = DEFINITIONAL_REPRESENTATION('',(#2521),#2525);
#2521 = LINE('',#2522,#2523);
#2522 = CARTESIAN_POINT('',(105.2500001,78.4));
#2523 = VECTOR('',#2524,1.);
#2524 = DIRECTION('',(0.,1.));
#2525 = ( GEOMETRIC_REPRESENTATION_CONTEXT(2) 
PARAMETRIC_REPRESENTATION_CONTEXT() REPRESENTATION_CONTEXT('2D SPACE',''
  ) );
#2526 = PCURVE('',#2527,#2532);
#2527 = PLANE('',#2528);
#2528 = AXIS2_PLACEMENT_3D('',#2529,#2530,#2531);
#2529 = CARTESIAN_POINT('',(105.2500001,78.5,-14.));
#2530 = DIRECTION('',(1.,0.,-0.));
#2531 = DIRECTION('',(0.,0.,1.));
#2532 = DEFINITIONAL_REPRESENTATION('',(#2533),#2537);
#2533 = LINE('',#2534,#2535);
#2534 = CARTESIAN_POINT('',(8.,0.));
#2535 = VECTOR('',#2536,1.);
#2536 = DIRECTION('',(0.,-1.));
#2537 = ( GEOMETRIC_REPRESENTATION_CONTEXT(2) 
PARAMETRIC_REPRESENTATION_CONTEXT() REPRESENTATION_CONTEXT('2D SPACE',''
  ) );
#2538 = ORIENTED_EDGE('',*,*,#2539,.T.);
#2539 = EDGE_CURVE('',#2512,#2540,#2542,.T.);
#2540 = VERTEX_POINT('',#2541);
#2541 = CARTESIAN_POINT('',(118.5,81.5,-6.));
#2542 = SURFACE_CURVE('',#2543,(#2547,#2554),.PCURVE_S1.);
#2543 = LINE('',#2544,#2545);
#2544 = CARTESIAN_POINT('',(105.2500001,81.5,-6.));
#2545 = VECTOR('',#2546,1.);
#2546 = DIRECTION('',(1.,0.,-0.));
#2547 = PCURVE('',#90,#2548);
#2548 = DEFINITIONAL_REPRESENTATION('',(#2549),#2553);
#2549 = LINE('',#2550,#2551);
#2550 = CARTESIAN_POINT('',(105.2500001,81.4));
#2551 = VECTOR('',#2552,1.);
#2552 = DIRECTION('',(1.,0.));
#2553 = ( GEOMETRIC_REPRESENTATION_CONTEXT(2) 
PARAMETRIC_REPRESENTATION_CONTEXT() REPRESENTATION_CONTEXT('2D SPACE',''
  ) );
#2554 = PCURVE('',#2555,#2560);
#2555 = PLANE('',#2556);
#2556 = AXIS2_PLACEMENT_3D('',#2557,#2558,#2559);
#2557 = CARTESIAN_POINT('',(105.2500001,81.5,-14.));
#2558 = DIRECTION('',(-0.,1.,0.));
#2559 = DIRECTION('',(0.,0.,1.));
#2560 = DEFINITIONAL_REPRESENTATION('',(#2561),#2565);
#2561 = LINE('',#2562,#2563);
#2562 = CARTESIAN_POINT('',(8.,0.));
#2563 = VECTOR('',#2564,1.);
#2564 = DIRECTION('',(0.,1.));
#2565 = ( GEOMETRIC_REPRESENTATION_CONTEXT(2) 
PARAMETRIC_REPRESENTATION_CONTEXT() REPRESENTATION_CONTEXT('2D SPACE',''
  ) );
#2566 = ORIENTED_EDGE('',*,*,#2567,.T.);
#2567 = EDGE_CURVE('',#2540,#2568,#2570,.T.);
#2568 = VERTEX_POINT('',#2569);
#2569 = CARTESIAN_POINT('',(118.5,91.,-6.));
#2570 = SURFACE_CURVE('',#2571,(#2575,#2582),.PCURVE_S1.);
#2571 = LINE('',#2572,#2573);
#2572 = CARTESIAN_POINT('',(118.5,43.,-6.));
#2573 = VECTOR('',#2574,1.);
#2574 = DIRECTION('',(-0.,1.,0.));
#2575 = PCURVE('',#90,#2576);
#2576 = DEFINITIONAL_REPRESENTATION('',(#2577),#2581);
#2577 = LINE('',#2578,#2579);
#2578 = CARTESIAN_POINT('',(118.5,42.9));
#2579 = VECTOR('',#2580,1.);
#2580 = DIRECTION('',(0.,1.));
#2581 = ( GEOMETRIC_REPRESENTATION_CONTEXT(2) 
PARAMETRIC_REPRESENTATION_CONTEXT() REPRESENTATION_CONTEXT('2D SPACE',''
  ) );
#2582 = PCURVE('',#2583,#2588);
#2583 = PLANE('',#2584);
#2584 = AXIS2_PLACEMENT_3D('',#2585,#2586,#2587);
#2585 = CARTESIAN_POINT('',(118.5,43.,-14.));
#2586 = DIRECTION('',(1.,0.,-0.));
#2587 = DIRECTION('',(0.,0.,1.));
#2588 = DEFINITIONAL_REPRESENTATION('',(#2589),#2593);
#2589 = LINE('',#2590,#2591);
#2590 = CARTESIAN_POINT('',(8.,0.));
#2591 = VECTOR('',#2592,1.);
#2592 = DIRECTION('',(0.,-1.));
#2593 = ( GEOMETRIC_REPRESENTATION_CONTEXT(2) 
PARAMETRIC_REPRESENTATION_CONTEXT() REPRESENTATION_CONTEXT('2D SPACE',''
  ) );
#2594 = ORIENTED_EDGE('',*,*,#2595,.T.);
#2595 = EDGE_CURVE('',#2568,#2596,#2598,.T.);
#2596 = VERTEX_POINT('',#2597);
#2597 = CARTESIAN_POINT('',(121.5,91.,-6.));
#2598 = SURFACE_CURVE('',#2599,(#2603,#2610),.PCURVE_S1.);
#2599 = LINE('',#2600,#2601);
#2600 = CARTESIAN_POINT('',(118.5,91.,-6.));
#2601 = VECTOR('',#2602,1.);
#2602 = DIRECTION('',(1.,0.,-0.));
#2603 = PCURVE('',#90,#2604);
#2604 = DEFINITIONAL_REPRESENTATION('',(#2605),#2609);
#2605 = LINE('',#2606,#2607);
#2606 = CARTESIAN_POINT('',(118.5,90.9));
#2607 = VECTOR('',#2608,1.);
#2608 = DIRECTION('',(1.,0.));
#2609 = ( GEOMETRIC_REPRESENTATION_CONTEXT(2) 
PARAMETRIC_REPRESENTATION_CONTEXT() REPRESENTATION_CONTEXT('2D SPACE',''
  ) );
#2610 = PCURVE('',#2611,#2616);
#2611 = PLANE('',#2612);
#2612 = AXIS2_PLACEMENT_3D('',#2613,#2614,#2615);
#2613 = CARTESIAN_POINT('',(118.5,91.,-14.));
#2614 = DIRECTION('',(-0.,1.,0.));
#2615 = DIRECTION('',(0.,0.,1.));
#2616 = DEFINITIONAL_REPRESENTATION('',(#2617),#2621);
#2617 = LINE('',#2618,#2619);
#2618 = CARTESIAN_POINT('',(8.,0.));
#2619 = VECTOR('',#2620,1.);
#2620 = DIRECTION('',(0.,1.));
#2621 = ( GEOMETRIC_REPRESENTATION_CONTEXT(2) 
PARAMETRIC_REPRESENTATION_CONTEXT() REPRESENTATION_CONTEXT('2D SPACE',''
  ) );
#2622 = ORIENTED_EDGE('',*,*,#2623,.F.);
#2623 = EDGE_CURVE('',#2624,#2596,#2626,.T.);
#2624 = VERTEX_POINT('',#2625);
#2625 = CARTESIAN_POINT('',(121.5,81.5,-6.));
#2626 = SURFACE_CURVE('',#2627,(#2631,#2638),.PCURVE_S1.);
#2627 = LINE('',#2628,#2629);
#2628 = CARTESIAN_POINT('',(121.5,43.,-6.));
#2629 = VECTOR('',#2630,1.);
#2630 = DIRECTION('',(-0.,1.,0.));
#2631 = PCURVE('',#90,#2632);
#2632 = DEFINITIONAL_REPRESENTATION('',(#2633),#2637);
#2633 = LINE('',#2634,#2635);
#2634 = CARTESIAN_POINT('',(121.5,42.9));
#2635 = VECTOR('',#2636,1.);
#2636 = DIRECTION('',(0.,1.));
#2637 = ( GEOMETRIC_REPRESENTATION_CONTEXT(2) 
PARAMETRIC_REPRESENTATION_CONTEXT() REPRESENTATION_CONTEXT('2D SPACE',''
  ) );
#2638 = PCURVE('',#2639,#2644);
#2639 = PLANE('',#2640);
#2640 = AXIS2_PLACEMENT_3D('',#2641,#2642,#2643);
#2641 = CARTESIAN_POINT('',(121.5,43.,-14.));
#2642 = DIRECTION('',(1.,0.,-0.));
#2643 = DIRECTION('',(0.,0.,1.));
#2644 = DEFINITIONAL_REPRESENTATION('',(#2645),#2649);
#2645 = LINE('',#2646,#2647);
#2646 = CARTESIAN_POINT('',(8.,0.));
#2647 = VECTOR('',#2648,1.);
#2648 = DIRECTION('',(0.,-1.));
#2649 = ( GEOMETRIC_REPRESENTATION_CONTEXT(2) 
PARAMETRIC_REPRESENTATION_CONTEXT() REPRESENTATION_CONTEXT('2D SPACE',''
  ) );
#2650 = ORIENTED_EDGE('',*,*,#2651,.T.);
#2651 = EDGE_CURVE('',#2624,#2652,#2654,.T.);
#2652 = VERTEX_POINT('',#2653);
#2653 = CARTESIAN_POINT('',(143.,81.5,-6.));
#2654 = SURFACE_CURVE('',#2655,(#2659,#2666),.PCURVE_S1.);
#2655 = LINE('',#2656,#2657);
#2656 = CARTESIAN_POINT('',(105.2500001,81.5,-6.));
#2657 = VECTOR('',#2658,1.);
#2658 = DIRECTION('',(1.,0.,-0.));
#2659 = PCURVE('',#90,#2660);
#2660 = DEFINITIONAL_REPRESENTATION('',(#2661),#2665);
#2661 = LINE('',#2662,#2663);
#2662 = CARTESIAN_POINT('',(105.2500001,81.4));
#2663 = VECTOR('',#2664,1.);
#2664 = DIRECTION('',(1.,0.));
#2665 = ( GEOMETRIC_REPRESENTATION_CONTEXT(2) 
PARAMETRIC_REPRESENTATION_CONTEXT() REPRESENTATION_CONTEXT('2D SPACE',''
  ) );
#2666 = PCURVE('',#2667,#2672);
#2667 = PLANE('',#2668);
#2668 = AXIS2_PLACEMENT_3D('',#2669,#2670,#2671);
#2669 = CARTESIAN_POINT('',(105.2500001,81.5,-14.));
#2670 = DIRECTION('',(-0.,1.,0.));
#2671 = DIRECTION('',(0.,0.,1.));
#2672 = DEFINITIONAL_REPRESENTATION('',(#2673),#2677);
#2673 = LINE('',#2674,#2675);
#2674 = CARTESIAN_POINT('',(8.,0.));
#2675 = VECTOR('',#2676,1.);
#2676 = DIRECTION('',(0.,1.));
#2677 = ( GEOMETRIC_REPRESENTATION_CONTEXT(2) 
PARAMETRIC_REPRESENTATION_CONTEXT() REPRESENTATION_CONTEXT('2D SPACE',''
  ) );
#2678 = ORIENTED_EDGE('',*,*,#2679,.F.);
#2679 = EDGE_CURVE('',#2680,#2652,#2682,.T.);
#2680 = VERTEX_POINT('',#2681);
#2681 = CARTESIAN_POINT('',(143.,78.5,-6.));
#2682 = SURFACE_CURVE('',#2683,(#2687,#2694),.PCURVE_S1.);
#2683 = LINE('',#2684,#2685);
#2684 = CARTESIAN_POINT('',(143.,78.5,-6.));
#2685 = VECTOR('',#2686,1.);
#2686 = DIRECTION('',(-0.,1.,0.));
#2687 = PCURVE('',#90,#2688);
#2688 = DEFINITIONAL_REPRESENTATION('',(#2689),#2693);
#2689 = LINE('',#2690,#2691);
#2690 = CARTESIAN_POINT('',(143.,78.4));
#2691 = VECTOR('',#2692,1.);
#2692 = DIRECTION('',(0.,1.));
#2693 = ( GEOMETRIC_REPRESENTATION_CONTEXT(2) 
PARAMETRIC_REPRESENTATION_CONTEXT() REPRESENTATION_CONTEXT('2D SPACE',''
  ) );
#2694 = PCURVE('',#2695,#2700);
#2695 = PLANE('',#2696);
#2696 = AXIS2_PLACEMENT_3D('',#2697,#2698,#2699);
#2697 = CARTESIAN_POINT('',(143.,78.5,-14.));
#2698 = DIRECTION('',(1.,0.,-0.));
#2699 = DIRECTION('',(0.,0.,1.));
#2700 = DEFINITIONAL_REPRESENTATION('',(#2701),#2705);
#2701 = LINE('',#2702,#2703);
#2702 = CARTESIAN_POINT('',(8.,0.));
#2703 = VECTOR('',#2704,1.);
#2704 = DIRECTION('',(0.,-1.));
#2705 = ( GEOMETRIC_REPRESENTATION_CONTEXT(2) 
PARAMETRIC_REPRESENTATION_CONTEXT() REPRESENTATION_CONTEXT('2D SPACE',''
  ) );
#2706 = ORIENTED_EDGE('',*,*,#2707,.F.);
#2707 = EDGE_CURVE('',#2708,#2680,#2710,.T.);
#2708 = VERTEX_POINT('',#2709);
#2709 = CARTESIAN_POINT('',(121.5,78.5,-6.));
#2710 = SURFACE_CURVE('',#2711,(#2715,#2722),.PCURVE_S1.);
#2711 = LINE('',#2712,#2713);
#2712 = CARTESIAN_POINT('',(105.2500001,78.5,-6.));
#2713 = VECTOR('',#2714,1.);
#2714 = DIRECTION('',(1.,0.,-0.));
#2715 = PCURVE('',#90,#2716);
#2716 = DEFINITIONAL_REPRESENTATION('',(#2717),#2721);
#2717 = LINE('',#2718,#2719);
#2718 = CARTESIAN_POINT('',(105.2500001,78.4));
#2719 = VECTOR('',#2720,1.);
#2720 = DIRECTION('',(1.,0.));
#2721 = ( GEOMETRIC_REPRESENTATION_CONTEXT(2) 
PARAMETRIC_REPRESENTATION_CONTEXT() REPRESENTATION_CONTEXT('2D SPACE',''
  ) );
#2722 = PCURVE('',#2723,#2728);
#2723 = PLANE('',#2724);
#2724 = AXIS2_PLACEMENT_3D('',#2725,#2726,#2727);
#2725 = CARTESIAN_POINT('',(105.2500001,78.5,-14.));
#2726 = DIRECTION('',(-0.,1.,0.));
#2727 = DIRECTION('',(0.,0.,1.));
#2728 = DEFINITIONAL_REPRESENTATION('',(#2729),#2733);
#2729 = LINE('',#2730,#2731);
#2730 = CARTESIAN_POINT('',(8.,0.));
#2731 = VECTOR('',#2732,1.);
#2732 = DIRECTION('',(0.,1.));
#2733 = ( GEOMETRIC_REPRESENTATION_CONTEXT(2) 
PARAMETRIC_REPRESENTATION_CONTEXT() REPRESENTATION_CONTEXT('2D SPACE',''
  ) );
#2734 = ORIENTED_EDGE('',*,*,#2735,.F.);
#2735 = EDGE_CURVE('',#2736,#2708,#2738,.T.);
#2736 = VERTEX_POINT('',#2737);
#2737 = CARTESIAN_POINT('',(121.5,43.,-6.));
#2738 = SURFACE_CURVE('',#2739,(#2743,#2750),.PCURVE_S1.);
#2739 = LINE('',#2740,#2741);
#2740 = CARTESIAN_POINT('',(121.5,43.,-6.));
#2741 = VECTOR('',#2742,1.);
#2742 = DIRECTION('',(-0.,1.,0.));
#2743 = PCURVE('',#90,#2744);
#2744 = DEFINITIONAL_REPRESENTATION('',(#2745),#2749);
#2745 = LINE('',#2746,#2747);
#2746 = CARTESIAN_POINT('',(121.5,42.9));
#2747 = VECTOR('',#2748,1.);
#2748 = DIRECTION('',(0.,1.));
#2749 = ( GEOMETRIC_REPRESENTATION_CONTEXT(2) 
PARAMETRIC_REPRESENTATION_CONTEXT() REPRESENTATION_CONTEXT('2D SPACE',''
  ) );
#2750 = PCURVE('',#2751,#2756);
#2751 = PLANE('',#2752);
#2752 = AXIS2_PLACEMENT_3D('',#2753,#2754,#2755);
#2753 = CARTESIAN_POINT('',(121.5,43.,-14.));
#2754 = DIRECTION('',(1.,0.,-0.));
#2755 = DIRECTION('',(0.,0.,1.));
#2756 = DEFINITIONAL_REPRESENTATION('',(#2757),#2761);
#2757 = LINE('',#2758,#2759);
#2758 = CARTESIAN_POINT('',(8.,0.));
#2759 = VECTOR('',#2760,1.);
#2760 = DIRECTION('',(0.,-1.));
#2761 = ( GEOMETRIC_REPRESENTATION_CONTEXT(2) 
PARAMETRIC_REPRESENTATION_CONTEXT() REPRESENTATION_CONTEXT('2D SPACE',''
  ) );
#2762 = ORIENTED_EDGE('',*,*,#2763,.F.);
#2763 = EDGE_CURVE('',#2764,#2736,#2766,.T.);
#2764 = VERTEX_POINT('',#2765);
#2765 = CARTESIAN_POINT('',(118.5,43.,-6.));
#2766 = SURFACE_CURVE('',#2767,(#2771,#2778),.PCURVE_S1.);
#2767 = LINE('',#2768,#2769);
#2768 = CARTESIAN_POINT('',(118.5,43.,-6.));
#2769 = VECTOR('',#2770,1.);
#2770 = DIRECTION('',(1.,0.,-0.));
#2771 = PCURVE('',#90,#2772);
#2772 = DEFINITIONAL_REPRESENTATION('',(#2773),#2777);
#2773 = LINE('',#2774,#2775);
#2774 = CARTESIAN_POINT('',(118.5,42.9));
#2775 = VECTOR('',#2776,1.);
#2776 = DIRECTION('',(1.,0.));
#2777 = ( GEOMETRIC_REPRESENTATION_CONTEXT(2) 
PARAMETRIC_REPRESENTATION_CONTEXT() REPRESENTATION_CONTEXT('2D SPACE',''
  ) );
#2778 = PCURVE('',#2779,#2784);
#2779 = PLANE('',#2780);
#2780 = AXIS2_PLACEMENT_3D('',#2781,#2782,#2783);
#2781 = CARTESIAN_POINT('',(118.5,43.,-14.));
#2782 = DIRECTION('',(-0.,1.,0.));
#2783 = DIRECTION('',(0.,0.,1.));
#2784 = DEFINITIONAL_REPRESENTATION('',(#2785),#2789);
#2785 = LINE('',#2786,#2787);
#2786 = CARTESIAN_POINT('',(8.,0.));
#2787 = VECTOR('',#2788,1.);
#2788 = DIRECTION('',(0.,1.));
#2789 = ( GEOMETRIC_REPRESENTATION_CONTEXT(2) 
PARAMETRIC_REPRESENTATION_CONTEXT() REPRESENTATION_CONTEXT('2D SPACE',''
  ) );
#2790 = ORIENTED_EDGE('',*,*,#2791,.T.);
#2791 = EDGE_CURVE('',#2764,#2792,#2794,.T.);
#2792 = VERTEX_POINT('',#2793);
#2793 = CARTESIAN_POINT('',(118.5,78.5,-6.));
#2794 = SURFACE_CURVE('',#2795,(#2799,#2806),.PCURVE_S1.);
#2795 = LINE('',#2796,#2797);
#2796 = CARTESIAN_POINT('',(118.5,43.,-6.));
#2797 = VECTOR('',#2798,1.);
#2798 = DIRECTION('',(-0.,1.,0.));
#2799 = PCURVE('',#90,#2800);
#2800 = DEFINITIONAL_REPRESENTATION('',(#2801),#2805);
#2801 = LINE('',#2802,#2803);
#2802 = CARTESIAN_POINT('',(118.5,42.9));
#2803 = VECTOR('',#2804,1.);
#2804 = DIRECTION('',(0.,1.));
#2805 = ( GEOMETRIC_REPRESENTATION_CONTEXT(2) 
PARAMETRIC_REPRESENTATION_CONTEXT() REPRESENTATION_CONTEXT('2D SPACE',''
  ) );
#2806 = PCURVE('',#2807,#2812);
#2807 = PLANE('',#2808);
#2808 = AXIS2_PLACEMENT_3D('',#2809,#2810,#2811);
#2809 = CARTESIAN_POINT('',(118.5,43.,-14.));
#2810 = DIRECTION('',(1.,0.,-0.));
#2811 = DIRECTION('',(0.,0.,1.));
#2812 = DEFINITIONAL_REPRESENTATION('',(#2813),#2817);
#2813 = LINE('',#2814,#2815);
#2814 = CARTESIAN_POINT('',(8.,0.));
#2815 = VECTOR('',#2816,1.);
#2816 = DIRECTION('',(0.,-1.));
#2817 = ( GEOMETRIC_REPRESENTATION_CONTEXT(2) 
PARAMETRIC_REPRESENTATION_CONTEXT() REPRESENTATION_CONTEXT('2D SPACE',''
  ) );
#2818 = ORIENTED_EDGE('',*,*,#2819,.F.);
#2819 = EDGE_CURVE('',#2510,#2792,#2820,.T.);
#2820 = SURFACE_CURVE('',#2821,(#2825,#2832),.PCURVE_S1.);
#2821 = LINE('',#2822,#2823);
#2822 = CARTESIAN_POINT('',(105.2500001,78.5,-6.));
#2823 = VECTOR('',#2824,1.);
#2824 = DIRECTION('',(1.,0.,-0.));
#2825 = PCURVE('',#90,#2826);
#2826 = DEFINITIONAL_REPRESENTATION('',(#2827),#2831);
#2827 = LINE('',#2828,#2829);
#2828 = CARTESIAN_POINT('',(105.2500001,78.4));
#2829 = VECTOR('',#2830,1.);
#2830 = DIRECTION('',(1.,0.));
#2831 = ( GEOMETRIC_REPRESENTATION_CONTEXT(2) 
PARAMETRIC_REPRESENTATION_CONTEXT() REPRESENTATION_CONTEXT('2D SPACE',''
  ) );
#2832 = PCURVE('',#2833,#2838);
#2833 = PLANE('',#2834);
#2834 = AXIS2_PLACEMENT_3D('',#2835,#2836,#2837);
#2835 = CARTESIAN_POINT('',(105.2500001,78.5,-14.));
#2836 = DIRECTION('',(-0.,1.,0.));
#2837 = DIRECTION('',(0.,0.,1.));
#2838 = DEFINITIONAL_REPRESENTATION('',(#2839),#2843);
#2839 = LINE('',#2840,#2841);
#2840 = CARTESIAN_POINT('',(8.,0.));
#2841 = VECTOR('',#2842,1.);
#2842 = DIRECTION('',(0.,1.));
#2843 = ( GEOMETRIC_REPRESENTATION_CONTEXT(2) 
PARAMETRIC_REPRESENTATION_CONTEXT() REPRESENTATION_CONTEXT('2D SPACE',''
  ) );
#2844 = FACE_BOUND('',#2845,.F.);
#2845 = EDGE_LOOP('',(#2846));
#2846 = ORIENTED_EDGE('',*,*,#2847,.F.);
#2847 = EDGE_CURVE('',#2848,#2848,#2850,.T.);
#2848 = VERTEX_POINT('',#2849);
#2849 = CARTESIAN_POINT('',(76.25,116.,-6.));
#2850 = SURFACE_CURVE('',#2851,(#2856,#2863),.PCURVE_S1.);
#2851 = CIRCLE('',#2852,2.25);
#2852 = AXIS2_PLACEMENT_3D('',#2853,#2854,#2855);
#2853 = CARTESIAN_POINT('',(74.,116.,-6.));
#2854 = DIRECTION('',(0.,0.,1.));
#2855 = DIRECTION('',(1.,0.,-0.));
#2856 = PCURVE('',#90,#2857);
#2857 = DEFINITIONAL_REPRESENTATION('',(#2858),#2862);
#2858 = CIRCLE('',#2859,2.25);
#2859 = AXIS2_PLACEMENT_2D('',#2860,#2861);
#2860 = CARTESIAN_POINT('',(74.,115.9));
#2861 = DIRECTION('',(1.,0.));
#2862 = ( GEOMETRIC_REPRESENTATION_CONTEXT(2) 
PARAMETRIC_REPRESENTATION_CONTEXT() REPRESENTATION_CONTEXT('2D SPACE',''
  ) );
#2863 = PCURVE('',#2864,#2869);
#2864 = CYLINDRICAL_SURFACE('',#2865,2.25);
#2865 = AXIS2_PLACEMENT_3D('',#2866,#2867,#2868);
#2866 = CARTESIAN_POINT('',(74.,116.,-14.));
#2867 = DIRECTION('',(0.,0.,1.));
#2868 = DIRECTION('',(1.,0.,-0.));
#2869 = DEFINITIONAL_REPRESENTATION('',(#2870),#2874);
#2870 = LINE('',#2871,#2872);
#2871 = CARTESIAN_POINT('',(0.,8.));
#2872 = VECTOR('',#2873,1.);
#2873 = DIRECTION('',(1.,0.));
#2874 = ( GEOMETRIC_REPRESENTATION_CONTEXT(2) 
PARAMETRIC_REPRESENTATION_CONTEXT() REPRESENTATION_CONTEXT('2D SPACE',''
  ) );
#2875 = FACE_BOUND('',#2876,.F.);
#2876 = EDGE_LOOP('',(#2877));
#2877 = ORIENTED_EDGE('',*,*,#2878,.F.);
#2878 = EDGE_CURVE('',#2879,#2879,#2881,.T.);
#2879 = VERTEX_POINT('',#2880);
#2880 = CARTESIAN_POINT('',(7.25,132.,-6.));
#2881 = SURFACE_CURVE('',#2882,(#2887,#2894),.PCURVE_S1.);
#2882 = CIRCLE('',#2883,2.25);
#2883 = AXIS2_PLACEMENT_3D('',#2884,#2885,#2886);
#2884 = CARTESIAN_POINT('',(5.,132.,-6.));
#2885 = DIRECTION('',(0.,0.,1.));
#2886 = DIRECTION('',(1.,0.,-0.));
#2887 = PCURVE('',#90,#2888);
#2888 = DEFINITIONAL_REPRESENTATION('',(#2889),#2893);
#2889 = CIRCLE('',#2890,2.25);
#2890 = AXIS2_PLACEMENT_2D('',#2891,#2892);
#2891 = CARTESIAN_POINT('',(5.,131.9));
#2892 = DIRECTION('',(1.,0.));
#2893 = ( GEOMETRIC_REPRESENTATION_CONTEXT(2) 
PARAMETRIC_REPRESENTATION_CONTEXT() REPRESENTATION_CONTEXT('2D SPACE',''
  ) );
#2894 = PCURVE('',#2895,#2900);
#2895 = CYLINDRICAL_SURFACE('',#2896,2.25);
#2896 = AXIS2_PLACEMENT_3D('',#2897,#2898,#2899);
#2897 = CARTESIAN_POINT('',(5.,132.,-14.));
#2898 = DIRECTION('',(0.,0.,1.));
#2899 = DIRECTION('',(1.,0.,-0.));
#2900 = DEFINITIONAL_REPRESENTATION('',(#2901),#2905);
#2901 = LINE('',#2902,#2903);
#2902 = CARTESIAN_POINT('',(0.,8.));
#2903 = VECTOR('',#2904,1.);
#2904 = DIRECTION('',(1.,0.));
#2905 = ( GEOMETRIC_REPRESENTATION_CONTEXT(2) 
PARAMETRIC_REPRESENTATION_CONTEXT() REPRESENTATION_CONTEXT('2D SPACE',''
  ) );
#2906 = FACE_BOUND('',#2907,.F.);
#2907 = EDGE_LOOP('',(#2908));
#2908 = ORIENTED_EDGE('',*,*,#2909,.F.);
#2909 = EDGE_CURVE('',#2910,#2910,#2912,.T.);
#2910 = VERTEX_POINT('',#2911);
#2911 = CARTESIAN_POINT('',(7.25,144.,-6.));
#2912 = SURFACE_CURVE('',#2913,(#2918,#2925),.PCURVE_S1.);
#2913 = CIRCLE('',#2914,2.25);
#2914 = AXIS2_PLACEMENT_3D('',#2915,#2916,#2917);
#2915 = CARTESIAN_POINT('',(5.,144.,-6.));
#2916 = DIRECTION('',(0.,0.,1.));
#2917 = DIRECTION('',(1.,0.,-0.));
#2918 = PCURVE('',#90,#2919);
#2919 = DEFINITIONAL_REPRESENTATION('',(#2920),#2924);
#2920 = CIRCLE('',#2921,2.25);
#2921 = AXIS2_PLACEMENT_2D('',#2922,#2923);
#2922 = CARTESIAN_POINT('',(5.,143.9));
#2923 = DIRECTION('',(1.,0.));
#2924 = ( GEOMETRIC_REPRESENTATION_CONTEXT(2) 
PARAMETRIC_REPRESENTATION_CONTEXT() REPRESENTATION_CONTEXT('2D SPACE',''
  ) );
#2925 = PCURVE('',#2926,#2931);
#2926 = CYLINDRICAL_SURFACE('',#2927,2.25);
#2927 = AXIS2_PLACEMENT_3D('',#2928,#2929,#2930);
#2928 = CARTESIAN_POINT('',(5.,144.,-14.));
#2929 = DIRECTION('',(0.,0.,1.));
#2930 = DIRECTION('',(1.,0.,-0.));
#2931 = DEFINITIONAL_REPRESENTATION('',(#2932),#2936);
#2932 = LINE('',#2933,#2934);
#2933 = CARTESIAN_POINT('',(0.,8.));
#2934 = VECTOR('',#2935,1.);
#2935 = DIRECTION('',(1.,0.));
#2936 = ( GEOMETRIC_REPRESENTATION_CONTEXT(2) 
PARAMETRIC_REPRESENTATION_CONTEXT() REPRESENTATION_CONTEXT('2D SPACE',''
  ) );
#2937 = FACE_BOUND('',#2938,.F.);
#2938 = EDGE_LOOP('',(#2939));
#2939 = ORIENTED_EDGE('',*,*,#2940,.F.);
#2940 = EDGE_CURVE('',#2941,#2941,#2943,.T.);
#2941 = VERTEX_POINT('',#2942);
#2942 = CARTESIAN_POINT('',(42.25,140.,-6.));
#2943 = SURFACE_CURVE('',#2944,(#2949,#2956),.PCURVE_S1.);
#2944 = CIRCLE('',#2945,2.25);
#2945 = AXIS2_PLACEMENT_3D('',#2946,#2947,#2948);
#2946 = CARTESIAN_POINT('',(40.,140.,-6.));
#2947 = DIRECTION('',(0.,0.,1.));
#2948 = DIRECTION('',(1.,0.,-0.));
#2949 = PCURVE('',#90,#2950);
#2950 = DEFINITIONAL_REPRESENTATION('',(#2951),#2955);
#2951 = CIRCLE('',#2952,2.25);
#2952 = AXIS2_PLACEMENT_2D('',#2953,#2954);
#2953 = CARTESIAN_POINT('',(40.,139.9));
#2954 = DIRECTION('',(1.,0.));
#2955 = ( GEOMETRIC_REPRESENTATION_CONTEXT(2) 
PARAMETRIC_REPRESENTATION_CONTEXT() REPRESENTATION_CONTEXT('2D SPACE',''
  ) );
#2956 = PCURVE('',#2957,#2962);
#2957 = CYLINDRICAL_SURFACE('',#2958,2.25);
#2958 = AXIS2_PLACEMENT_3D('',#2959,#2960,#2961);
#2959 = CARTESIAN_POINT('',(40.,140.,-14.));
#2960 = DIRECTION('',(0.,0.,1.));
#2961 = DIRECTION('',(1.,0.,-0.));
#2962 = DEFINITIONAL_REPRESENTATION('',(#2963),#2967);
#2963 = LINE('',#2964,#2965);
#2964 = CARTESIAN_POINT('',(0.,8.));
#2965 = VECTOR('',#2966,1.);
#2966 = DIRECTION('',(1.,0.));
#2967 = ( GEOMETRIC_REPRESENTATION_CONTEXT(2) 
PARAMETRIC_REPRESENTATION_CONTEXT() REPRESENTATION_CONTEXT('2D SPACE',''
  ) );
#2968 = FACE_BOUND('',#2969,.F.);
#2969 = EDGE_LOOP('',(#2970));
#2970 = ORIENTED_EDGE('',*,*,#2971,.F.);
#2971 = EDGE_CURVE('',#2972,#2972,#2974,.T.);
#2972 = VERTEX_POINT('',#2973);
#2973 = CARTESIAN_POINT('',(30.25,155.,-6.));
#2974 = SURFACE_CURVE('',#2975,(#2980,#2987),.PCURVE_S1.);
#2975 = CIRCLE('',#2976,2.25);
#2976 = AXIS2_PLACEMENT_3D('',#2977,#2978,#2979);
#2977 = CARTESIAN_POINT('',(28.,155.,-6.));
#2978 = DIRECTION('',(0.,0.,1.));
#2979 = DIRECTION('',(1.,0.,-0.));
#2980 = PCURVE('',#90,#2981);
#2981 = DEFINITIONAL_REPRESENTATION('',(#2982),#2986);
#2982 = CIRCLE('',#2983,2.25);
#2983 = AXIS2_PLACEMENT_2D('',#2984,#2985);
#2984 = CARTESIAN_POINT('',(28.,154.9));
#2985 = DIRECTION('',(1.,0.));
#2986 = ( GEOMETRIC_REPRESENTATION_CONTEXT(2) 
PARAMETRIC_REPRESENTATION_CONTEXT() REPRESENTATION_CONTEXT('2D SPACE',''
  ) );
#2987 = PCURVE('',#2988,#2993);
#2988 = CYLINDRICAL_SURFACE('',#2989,2.25);
#2989 = AXIS2_PLACEMENT_3D('',#2990,#2991,#2992);
#2990 = CARTESIAN_POINT('',(28.,155.,-14.));
#2991 = DIRECTION('',(0.,0.,1.));
#2992 = DIRECTION('',(1.,0.,-0.));
#2993 = DEFINITIONAL_REPRESENTATION('',(#2994),#2998);
#2994 = LINE('',#2995,#2996);
#2995 = CARTESIAN_POINT('',(0.,8.));
#2996 = VECTOR('',#2997,1.);
#2997 = DIRECTION('',(1.,0.));
#2998 = ( GEOMETRIC_REPRESENTATION_CONTEXT(2) 
PARAMETRIC_REPRESENTATION_CONTEXT() REPRESENTATION_CONTEXT('2D SPACE',''
  ) );
#2999 = FACE_BOUND('',#3000,.F.);
#3000 = EDGE_LOOP('',(#3001));
#3001 = ORIENTED_EDGE('',*,*,#3002,.F.);
#3002 = EDGE_CURVE('',#3003,#3003,#3005,.T.);
#3003 = VERTEX_POINT('',#3004);
#3004 = CARTESIAN_POINT('',(58.25,140.,-6.));
#3005 = SURFACE_CURVE('',#3006,(#3011,#3018),.PCURVE_S1.);
#3006 = CIRCLE('',#3007,2.25);
#3007 = AXIS2_PLACEMENT_3D('',#3008,#3009,#3010);
#3008 = CARTESIAN_POINT('',(56.,140.,-6.));
#3009 = DIRECTION('',(0.,0.,1.));
#3010 = DIRECTION('',(1.,0.,-0.));
#3011 = PCURVE('',#90,#3012);
#3012 = DEFINITIONAL_REPRESENTATION('',(#3013),#3017);
#3013 = CIRCLE('',#3014,2.25);
#3014 = AXIS2_PLACEMENT_2D('',#3015,#3016);
#3015 = CARTESIAN_POINT('',(56.,139.9));
#3016 = DIRECTION('',(1.,0.));
#3017 = ( GEOMETRIC_REPRESENTATION_CONTEXT(2) 
PARAMETRIC_REPRESENTATION_CONTEXT() REPRESENTATION_CONTEXT('2D SPACE',''
  ) );
#3018 = PCURVE('',#3019,#3024);
#3019 = CYLINDRICAL_SURFACE('',#3020,2.25);
#3020 = AXIS2_PLACEMENT_3D('',#3021,#3022,#3023);
#3021 = CARTESIAN_POINT('',(56.,140.,-14.));
#3022 = DIRECTION('',(0.,0.,1.));
#3023 = DIRECTION('',(1.,0.,-0.));
#3024 = DEFINITIONAL_REPRESENTATION('',(#3025),#3029);
#3025 = LINE('',#3026,#3027);
#3026 = CARTESIAN_POINT('',(0.,8.));
#3027 = VECTOR('',#3028,1.);
#3028 = DIRECTION('',(1.,0.));
#3029 = ( GEOMETRIC_REPRESENTATION_CONTEXT(2) 
PARAMETRIC_REPRESENTATION_CONTEXT() REPRESENTATION_CONTEXT('2D SPACE',''
  ) );
#3030 = FACE_BOUND('',#3031,.F.);
#3031 = EDGE_LOOP('',(#3032));
#3032 = ORIENTED_EDGE('',*,*,#3033,.F.);
#3033 = EDGE_CURVE('',#3034,#3034,#3036,.T.);
#3034 = VERTEX_POINT('',#3035);
#3035 = CARTESIAN_POINT('',(100.25,92.,-6.));
#3036 = SURFACE_CURVE('',#3037,(#3042,#3049),.PCURVE_S1.);
#3037 = CIRCLE('',#3038,16.25);
#3038 = AXIS2_PLACEMENT_3D('',#3039,#3040,#3041);
#3039 = CARTESIAN_POINT('',(84.,92.,-6.));
#3040 = DIRECTION('',(0.,0.,1.));
#3041 = DIRECTION('',(1.,0.,-0.));
#3042 = PCURVE('',#90,#3043);
#3043 = DEFINITIONAL_REPRESENTATION('',(#3044),#3048);
#3044 = CIRCLE('',#3045,16.25);
#3045 = AXIS2_PLACEMENT_2D('',#3046,#3047);
#3046 = CARTESIAN_POINT('',(84.,91.9));
#3047 = DIRECTION('',(1.,0.));
#3048 = ( GEOMETRIC_REPRESENTATION_CONTEXT(2) 
PARAMETRIC_REPRESENTATION_CONTEXT() REPRESENTATION_CONTEXT('2D SPACE',''
  ) );
#3049 = PCURVE('',#3050,#3055);
#3050 = CYLINDRICAL_SURFACE('',#3051,16.25);
#3051 = AXIS2_PLACEMENT_3D('',#3052,#3053,#3054);
#3052 = CARTESIAN_POINT('',(84.,92.,-6.));
#3053 = DIRECTION('',(0.,0.,1.));
#3054 = DIRECTION('',(1.,0.,-0.));
#3055 = DEFINITIONAL_REPRESENTATION('',(#3056),#3060);
#3056 = LINE('',#3057,#3058);
#3057 = CARTESIAN_POINT('',(0.,0.));
#3058 = VECTOR('',#3059,1.);
#3059 = DIRECTION('',(1.,0.));
#3060 = ( GEOMETRIC_REPRESENTATION_CONTEXT(2) 
PARAMETRIC_REPRESENTATION_CONTEXT() REPRESENTATION_CONTEXT('2D SPACE',''
  ) );
#3061 = FACE_BOUND('',#3062,.F.);
#3062 = EDGE_LOOP('',(#3063));
#3063 = ORIENTED_EDGE('',*,*,#3064,.F.);
#3064 = EDGE_CURVE('',#3065,#3065,#3067,.T.);
#3065 = VERTEX_POINT('',#3066);
#3066 = CARTESIAN_POINT('',(116.25,98.,-6.));
#3067 = SURFACE_CURVE('',#3068,(#3073,#3080),.PCURVE_S1.);
#3068 = CIRCLE('',#3069,2.25);
#3069 = AXIS2_PLACEMENT_3D('',#3070,#3071,#3072);
#3070 = CARTESIAN_POINT('',(114.,98.,-6.));
#3071 = DIRECTION('',(0.,0.,1.));
#3072 = DIRECTION('',(1.,0.,-0.));
#3073 = PCURVE('',#90,#3074);
#3074 = DEFINITIONAL_REPRESENTATION('',(#3075),#3079);
#3075 = CIRCLE('',#3076,2.25);
#3076 = AXIS2_PLACEMENT_2D('',#3077,#3078);
#3077 = CARTESIAN_POINT('',(114.,97.9));
#3078 = DIRECTION('',(1.,0.));
#3079 = ( GEOMETRIC_REPRESENTATION_CONTEXT(2) 
PARAMETRIC_REPRESENTATION_CONTEXT() REPRESENTATION_CONTEXT('2D SPACE',''
  ) );
#3080 = PCURVE('',#3081,#3086);
#3081 = CYLINDRICAL_SURFACE('',#3082,2.25);
#3082 = AXIS2_PLACEMENT_3D('',#3083,#3084,#3085);
#3083 = CARTESIAN_POINT('',(114.,98.,-14.));
#3084 = DIRECTION('',(0.,0.,1.));
#3085 = DIRECTION('',(1.,0.,-0.));
#3086 = DEFINITIONAL_REPRESENTATION('',(#3087),#3091);
#3087 = LINE('',#3088,#3089);
#3088 = CARTESIAN_POINT('',(0.,8.));
#3089 = VECTOR('',#3090,1.);
#3090 = DIRECTION('',(1.,0.));
#3091 = ( GEOMETRIC_REPRESENTATION_CONTEXT(2) 
PARAMETRIC_REPRESENTATION_CONTEXT() REPRESENTATION_CONTEXT('2D SPACE',''
  ) );
#3092 = FACE_BOUND('',#3093,.F.);
#3093 = EDGE_LOOP('',(#3094));
#3094 = ORIENTED_EDGE('',*,*,#3095,.F.);
#3095 = EDGE_CURVE('',#3096,#3096,#3098,.T.);
#3096 = VERTEX_POINT('',#3097);
#3097 = CARTESIAN_POINT('',(96.25,116.,-6.));
#3098 = SURFACE_CURVE('',#3099,(#3104,#3111),.PCURVE_S1.);
#3099 = CIRCLE('',#3100,2.25);
#3100 = AXIS2_PLACEMENT_3D('',#3101,#3102,#3103);
#3101 = CARTESIAN_POINT('',(94.,116.,-6.));
#3102 = DIRECTION('',(0.,0.,1.));
#3103 = DIRECTION('',(1.,0.,-0.));
#3104 = PCURVE('',#90,#3105);
#3105 = DEFINITIONAL_REPRESENTATION('',(#3106),#3110);
#3106 = CIRCLE('',#3107,2.25);
#3107 = AXIS2_PLACEMENT_2D('',#3108,#3109);
#3108 = CARTESIAN_POINT('',(94.,115.9));
#3109 = DIRECTION('',(1.,0.));
#3110 = ( GEOMETRIC_REPRESENTATION_CONTEXT(2) 
PARAMETRIC_REPRESENTATION_CONTEXT() REPRESENTATION_CONTEXT('2D SPACE',''
  ) );
#3111 = PCURVE('',#3112,#3117);
#3112 = CYLINDRICAL_SURFACE('',#3113,2.25);
#3113 = AXIS2_PLACEMENT_3D('',#3114,#3115,#3116);
#3114 = CARTESIAN_POINT('',(94.,116.,-14.));
#3115 = DIRECTION('',(0.,0.,1.));
#3116 = DIRECTION('',(1.,0.,-0.));
#3117 = DEFINITIONAL_REPRESENTATION('',(#3118),#3122);
#3118 = LINE('',#3119,#3120);
#3119 = CARTESIAN_POINT('',(0.,8.));
#3120 = VECTOR('',#3121,1.);
#3121 = DIRECTION('',(1.,0.));
#3122 = ( GEOMETRIC_REPRESENTATION_CONTEXT(2) 
PARAMETRIC_REPRESENTATION_CONTEXT() REPRESENTATION_CONTEXT('2D SPACE',''
  ) );
#3123 = FACE_BOUND('',#3124,.F.);
#3124 = EDGE_LOOP('',(#3125));
#3125 = ORIENTED_EDGE('',*,*,#3126,.F.);
#3126 = EDGE_CURVE('',#3127,#3127,#3129,.T.);
#3127 = VERTEX_POINT('',#3128);
#3128 = CARTESIAN_POINT('',(155.1,108.,-6.));
#3129 = SURFACE_CURVE('',#3130,(#3135,#3142),.PCURVE_S1.);
#3130 = CIRCLE('',#3131,3.1);
#3131 = AXIS2_PLACEMENT_3D('',#3132,#3133,#3134);
#3132 = CARTESIAN_POINT('',(152.,108.,-6.));
#3133 = DIRECTION('',(0.,0.,1.));
#3134 = DIRECTION('',(1.,0.,-0.));
#3135 = PCURVE('',#90,#3136);
#3136 = DEFINITIONAL_REPRESENTATION('',(#3137),#3141);
#3137 = CIRCLE('',#3138,3.1);
#3138 = AXIS2_PLACEMENT_2D('',#3139,#3140);
#3139 = CARTESIAN_POINT('',(152.,107.9));
#3140 = DIRECTION('',(1.,0.));
#3141 = ( GEOMETRIC_REPRESENTATION_CONTEXT(2) 
PARAMETRIC_REPRESENTATION_CONTEXT() REPRESENTATION_CONTEXT('2D SPACE',''
  ) );
#3142 = PCURVE('',#3143,#3148);
#3143 = CYLINDRICAL_SURFACE('',#3144,3.1);
#3144 = AXIS2_PLACEMENT_3D('',#3145,#3146,#3147);
#3145 = CARTESIAN_POINT('',(152.,108.,-6.));
#3146 = DIRECTION('',(0.,0.,1.));
#3147 = DIRECTION('',(1.,0.,-0.));
#3148 = DEFINITIONAL_REPRESENTATION('',(#3149),#3153);
#3149 = LINE('',#3150,#3151);
#3150 = CARTESIAN_POINT('',(0.,0.));
#3151 = VECTOR('',#3152,1.);
#3152 = DIRECTION('',(1.,0.));
#3153 = ( GEOMETRIC_REPRESENTATION_CONTEXT(2) 
PARAMETRIC_REPRESENTATION_CONTEXT() REPRESENTATION_CONTEXT('2D SPACE',''
  ) );
#3154 = FACE_BOUND('',#3155,.F.);
#3155 = EDGE_LOOP('',(#3156));
#3156 = ORIENTED_EDGE('',*,*,#3157,.F.);
#3157 = EDGE_CURVE('',#3158,#3158,#3160,.T.);
#3158 = VERTEX_POINT('',#3159);
#3159 = CARTESIAN_POINT('',(154.25,124.,-6.));
#3160 = SURFACE_CURVE('',#3161,(#3166,#3173),.PCURVE_S1.);
#3161 = CIRCLE('',#3162,2.25);
#3162 = AXIS2_PLACEMENT_3D('',#3163,#3164,#3165);
#3163 = CARTESIAN_POINT('',(152.,124.,-6.));
#3164 = DIRECTION('',(0.,0.,1.));
#3165 = DIRECTION('',(1.,0.,-0.));
#3166 = PCURVE('',#90,#3167);
#3167 = DEFINITIONAL_REPRESENTATION('',(#3168),#3172);
#3168 = CIRCLE('',#3169,2.25);
#3169 = AXIS2_PLACEMENT_2D('',#3170,#3171);
#3170 = CARTESIAN_POINT('',(152.,123.9));
#3171 = DIRECTION('',(1.,0.));
#3172 = ( GEOMETRIC_REPRESENTATION_CONTEXT(2) 
PARAMETRIC_REPRESENTATION_CONTEXT() REPRESENTATION_CONTEXT('2D SPACE',''
  ) );
#3173 = PCURVE('',#3174,#3179);
#3174 = CYLINDRICAL_SURFACE('',#3175,2.25);
#3175 = AXIS2_PLACEMENT_3D('',#3176,#3177,#3178);
#3176 = CARTESIAN_POINT('',(152.,124.,-14.));
#3177 = DIRECTION('',(0.,0.,1.));
#3178 = DIRECTION('',(1.,0.,-0.));
#3179 = DEFINITIONAL_REPRESENTATION('',(#3180),#3184);
#3180 = LINE('',#3181,#3182);
#3181 = CARTESIAN_POINT('',(0.,8.));
#3182 = VECTOR('',#3183,1.);
#3183 = DIRECTION('',(1.,0.));
#3184 = ( GEOMETRIC_REPRESENTATION_CONTEXT(2) 
PARAMETRIC_REPRESENTATION_CONTEXT() REPRESENTATION_CONTEXT('2D SPACE',''
  ) );
#3185 = FACE_BOUND('',#3186,.F.);
#3186 = EDGE_LOOP('',(#3187));
#3187 = ORIENTED_EDGE('',*,*,#3188,.F.);
#3188 = EDGE_CURVE('',#3189,#3189,#3191,.T.);
#3189 = VERTEX_POINT('',#3190);
#3190 = CARTESIAN_POINT('',(146.25,155.,-6.));
#3191 = SURFACE_CURVE('',#3192,(#3197,#3204),.PCURVE_S1.);
#3192 = CIRCLE('',#3193,2.25);
#3193 = AXIS2_PLACEMENT_3D('',#3194,#3195,#3196);
#3194 = CARTESIAN_POINT('',(144.,155.,-6.));
#3195 = DIRECTION('',(0.,0.,1.));
#3196 = DIRECTION('',(1.,0.,-0.));
#3197 = PCURVE('',#90,#3198);
#3198 = DEFINITIONAL_REPRESENTATION('',(#3199),#3203);
#3199 = CIRCLE('',#3200,2.25);
#3200 = AXIS2_PLACEMENT_2D('',#3201,#3202);
#3201 = CARTESIAN_POINT('',(144.,154.9));
#3202 = DIRECTION('',(1.,0.));
#3203 = ( GEOMETRIC_REPRESENTATION_CONTEXT(2) 
PARAMETRIC_REPRESENTATION_CONTEXT() REPRESENTATION_CONTEXT('2D SPACE',''
  ) );
#3204 = PCURVE('',#3205,#3210);
#3205 = CYLINDRICAL_SURFACE('',#3206,2.25);
#3206 = AXIS2_PLACEMENT_3D('',#3207,#3208,#3209);
#3207 = CARTESIAN_POINT('',(144.,155.,-14.));
#3208 = DIRECTION('',(0.,0.,1.));
#3209 = DIRECTION('',(1.,0.,-0.));
#3210 = DEFINITIONAL_REPRESENTATION('',(#3211),#3215);
#3211 = LINE('',#3212,#3213);
#3212 = CARTESIAN_POINT('',(0.,8.));
#3213 = VECTOR('',#3214,1.);
#3214 = DIRECTION('',(1.,0.));
#3215 = ( GEOMETRIC_REPRESENTATION_CONTEXT(2) 
PARAMETRIC_REPRESENTATION_CONTEXT() REPRESENTATION_CONTEXT('2D SPACE',''
  ) );
#3216 = ADVANCED_FACE('',(#3217),#118,.F.);
#3217 = FACE_BOUND('',#3218,.F.);
#3218 = EDGE_LOOP('',(#3219,#3242,#3243,#3244));
#3219 = ORIENTED_EDGE('',*,*,#3220,.F.);
#3220 = EDGE_CURVE('',#103,#3221,#3223,.T.);
#3221 = VERTEX_POINT('',#3222);
#3222 = CARTESIAN_POINT('',(6.5,118.5,-14.));
#3223 = SURFACE_CURVE('',#3224,(#3228,#3235),.PCURVE_S1.);
#3224 = LINE('',#3225,#3226);
#3225 = CARTESIAN_POINT('',(0.,118.5,-14.));
#3226 = VECTOR('',#3227,1.);
#3227 = DIRECTION('',(1.,0.,-0.));
#3228 = PCURVE('',#118,#3229);
#3229 = DEFINITIONAL_REPRESENTATION('',(#3230),#3234);
#3230 = LINE('',#3231,#3232);
#3231 = CARTESIAN_POINT('',(0.,0.));
#3232 = VECTOR('',#3233,1.);
#3233 = DIRECTION('',(0.,1.));
#3234 = ( GEOMETRIC_REPRESENTATION_CONTEXT(2) 
PARAMETRIC_REPRESENTATION_CONTEXT() REPRESENTATION_CONTEXT('2D SPACE',''
  ) );
#3235 = PCURVE('',#146,#3236);
#3236 = DEFINITIONAL_REPRESENTATION('',(#3237),#3241);
#3237 = LINE('',#3238,#3239);
#3238 = CARTESIAN_POINT('',(0.,0.));
#3239 = VECTOR('',#3240,1.);
#3240 = DIRECTION('',(1.,0.));
#3241 = ( GEOMETRIC_REPRESENTATION_CONTEXT(2) 
PARAMETRIC_REPRESENTATION_CONTEXT() REPRESENTATION_CONTEXT('2D SPACE',''
  ) );
#3242 = ORIENTED_EDGE('',*,*,#102,.T.);
#3243 = ORIENTED_EDGE('',*,*,#1938,.T.);
#3244 = ORIENTED_EDGE('',*,*,#3245,.T.);
#3245 = EDGE_CURVE('',#1911,#3221,#3246,.T.);
#3246 = SURFACE_CURVE('',#3247,(#3251,#3257),.PCURVE_S1.);
#3247 = LINE('',#3248,#3249);
#3248 = CARTESIAN_POINT('',(6.5,118.5,-14.));
#3249 = VECTOR('',#3250,1.);
#3250 = DIRECTION('',(-0.,0.,-1.));
#3251 = PCURVE('',#118,#3252);
#3252 = DEFINITIONAL_REPRESENTATION('',(#3253),#3256);
#3253 = B_SPLINE_CURVE_WITH_KNOTS('',1,(#3254,#3255),.UNSPECIFIED.,.F.,
  .F.,(2,2),(-8.,0.),.PIECEWISE_BEZIER_KNOTS.);
#3254 = CARTESIAN_POINT('',(8.,6.5));
#3255 = CARTESIAN_POINT('',(0.,6.5));
#3256 = ( GEOMETRIC_REPRESENTATION_CONTEXT(2) 
PARAMETRIC_REPRESENTATION_CONTEXT() REPRESENTATION_CONTEXT('2D SPACE',''
  ) );
#3257 = PCURVE('',#1926,#3258);
#3258 = DEFINITIONAL_REPRESENTATION('',(#3259),#3262);
#3259 = B_SPLINE_CURVE_WITH_KNOTS('',1,(#3260,#3261),.UNSPECIFIED.,.F.,
  .F.,(2,2),(-8.,0.),.PIECEWISE_BEZIER_KNOTS.);
#3260 = CARTESIAN_POINT('',(8.,-7.5));
#3261 = CARTESIAN_POINT('',(0.,-7.5));
#3262 = ( GEOMETRIC_REPRESENTATION_CONTEXT(2) 
PARAMETRIC_REPRESENTATION_CONTEXT() REPRESENTATION_CONTEXT('2D SPACE',''
  ) );
#3263 = ADVANCED_FACE('',(#3264),#146,.F.);
#3264 = FACE_BOUND('',#3265,.F.);
#3265 = EDGE_LOOP('',(#3266,#3289,#3290,#3291,#3314,#3337,#3360,#3383,
    #3406,#3429,#3452,#3475,#3498,#3521,#3544,#3567,#3590,#3613,#3636,
    #3659));
#3266 = ORIENTED_EDGE('',*,*,#3267,.F.);
#3267 = EDGE_CURVE('',#131,#3268,#3270,.T.);
#3268 = VERTEX_POINT('',#3269);
#3269 = CARTESIAN_POINT('',(6.5,121.5,-14.));
#3270 = SURFACE_CURVE('',#3271,(#3275,#3282),.PCURVE_S1.);
#3271 = LINE('',#3272,#3273);
#3272 = CARTESIAN_POINT('',(0.,121.5,-14.));
#3273 = VECTOR('',#3274,1.);
#3274 = DIRECTION('',(1.,0.,-0.));
#3275 = PCURVE('',#146,#3276);
#3276 = DEFINITIONAL_REPRESENTATION('',(#3277),#3281);
#3277 = LINE('',#3278,#3279);
#3278 = CARTESIAN_POINT('',(0.,3.));
#3279 = VECTOR('',#3280,1.);
#3280 = DIRECTION('',(1.,0.));
#3281 = ( GEOMETRIC_REPRESENTATION_CONTEXT(2) 
PARAMETRIC_REPRESENTATION_CONTEXT() REPRESENTATION_CONTEXT('2D SPACE',''
  ) );
#3282 = PCURVE('',#174,#3283);
#3283 = DEFINITIONAL_REPRESENTATION('',(#3284),#3288);
#3284 = LINE('',#3285,#3286);
#3285 = CARTESIAN_POINT('',(0.,0.));
#3286 = VECTOR('',#3287,1.);
#3287 = DIRECTION('',(0.,1.));
#3288 = ( GEOMETRIC_REPRESENTATION_CONTEXT(2) 
PARAMETRIC_REPRESENTATION_CONTEXT() REPRESENTATION_CONTEXT('2D SPACE',''
  ) );
#3289 = ORIENTED_EDGE('',*,*,#130,.F.);
#3290 = ORIENTED_EDGE('',*,*,#3220,.T.);
#3291 = ORIENTED_EDGE('',*,*,#3292,.F.);
#3292 = EDGE_CURVE('',#3293,#3221,#3295,.T.);
#3293 = VERTEX_POINT('',#3294);
#3294 = CARTESIAN_POINT('',(6.5,111.,-14.));
#3295 = SURFACE_CURVE('',#3296,(#3300,#3307),.PCURVE_S1.);
#3296 = LINE('',#3297,#3298);
#3297 = CARTESIAN_POINT('',(6.5,111.,-14.));
#3298 = VECTOR('',#3299,1.);
#3299 = DIRECTION('',(-0.,1.,0.));
#3300 = PCURVE('',#146,#3301);
#3301 = DEFINITIONAL_REPRESENTATION('',(#3302),#3306);
#3302 = LINE('',#3303,#3304);
#3303 = CARTESIAN_POINT('',(6.5,-7.5));
#3304 = VECTOR('',#3305,1.);
#3305 = DIRECTION('',(0.,1.));
#3306 = ( GEOMETRIC_REPRESENTATION_CONTEXT(2) 
PARAMETRIC_REPRESENTATION_CONTEXT() REPRESENTATION_CONTEXT('2D SPACE',''
  ) );
#3307 = PCURVE('',#1926,#3308);
#3308 = DEFINITIONAL_REPRESENTATION('',(#3309),#3313);
#3309 = LINE('',#3310,#3311);
#3310 = CARTESIAN_POINT('',(0.,0.));
#3311 = VECTOR('',#3312,1.);
#3312 = DIRECTION('',(0.,-1.));
#3313 = ( GEOMETRIC_REPRESENTATION_CONTEXT(2) 
PARAMETRIC_REPRESENTATION_CONTEXT() REPRESENTATION_CONTEXT('2D SPACE',''
  ) );
#3314 = ORIENTED_EDGE('',*,*,#3315,.T.);
#3315 = EDGE_CURVE('',#3293,#3316,#3318,.T.);
#3316 = VERTEX_POINT('',#3317);
#3317 = CARTESIAN_POINT('',(9.5,111.,-14.));
#3318 = SURFACE_CURVE('',#3319,(#3323,#3330),.PCURVE_S1.);
#3319 = LINE('',#3320,#3321);
#3320 = CARTESIAN_POINT('',(6.5,111.,-14.));
#3321 = VECTOR('',#3322,1.);
#3322 = DIRECTION('',(1.,0.,-0.));
#3323 = PCURVE('',#146,#3324);
#3324 = DEFINITIONAL_REPRESENTATION('',(#3325),#3329);
#3325 = LINE('',#3326,#3327);
#3326 = CARTESIAN_POINT('',(6.5,-7.5));
#3327 = VECTOR('',#3328,1.);
#3328 = DIRECTION('',(1.,0.));
#3329 = ( GEOMETRIC_REPRESENTATION_CONTEXT(2) 
PARAMETRIC_REPRESENTATION_CONTEXT() REPRESENTATION_CONTEXT('2D SPACE',''
  ) );
#3330 = PCURVE('',#1898,#3331);
#3331 = DEFINITIONAL_REPRESENTATION('',(#3332),#3336);
#3332 = LINE('',#3333,#3334);
#3333 = CARTESIAN_POINT('',(0.,0.));
#3334 = VECTOR('',#3335,1.);
#3335 = DIRECTION('',(0.,1.));
#3336 = ( GEOMETRIC_REPRESENTATION_CONTEXT(2) 
PARAMETRIC_REPRESENTATION_CONTEXT() REPRESENTATION_CONTEXT('2D SPACE',''
  ) );
#3337 = ORIENTED_EDGE('',*,*,#3338,.T.);
#3338 = EDGE_CURVE('',#3316,#3339,#3341,.T.);
#3339 = VERTEX_POINT('',#3340);
#3340 = CARTESIAN_POINT('',(9.5,118.5,-14.));
#3341 = SURFACE_CURVE('',#3342,(#3346,#3353),.PCURVE_S1.);
#3342 = LINE('',#3343,#3344);
#3343 = CARTESIAN_POINT('',(9.5,111.,-14.));
#3344 = VECTOR('',#3345,1.);
#3345 = DIRECTION('',(-0.,1.,0.));
#3346 = PCURVE('',#146,#3347);
#3347 = DEFINITIONAL_REPRESENTATION('',(#3348),#3352);
#3348 = LINE('',#3349,#3350);
#3349 = CARTESIAN_POINT('',(9.5,-7.5));
#3350 = VECTOR('',#3351,1.);
#3351 = DIRECTION('',(0.,1.));
#3352 = ( GEOMETRIC_REPRESENTATION_CONTEXT(2) 
PARAMETRIC_REPRESENTATION_CONTEXT() REPRESENTATION_CONTEXT('2D SPACE',''
  ) );
#3353 = PCURVE('',#1870,#3354);
#3354 = DEFINITIONAL_REPRESENTATION('',(#3355),#3359);
#3355 = LINE('',#3356,#3357);
#3356 = CARTESIAN_POINT('',(0.,0.));
#3357 = VECTOR('',#3358,1.);
#3358 = DIRECTION('',(0.,-1.));
#3359 = ( GEOMETRIC_REPRESENTATION_CONTEXT(2) 
PARAMETRIC_REPRESENTATION_CONTEXT() REPRESENTATION_CONTEXT('2D SPACE',''
  ) );
#3360 = ORIENTED_EDGE('',*,*,#3361,.T.);
#3361 = EDGE_CURVE('',#3339,#3362,#3364,.T.);
#3362 = VERTEX_POINT('',#3363);
#3363 = CARTESIAN_POINT('',(38.5,118.5,-14.));
#3364 = SURFACE_CURVE('',#3365,(#3369,#3376),.PCURVE_S1.);
#3365 = LINE('',#3366,#3367);
#3366 = CARTESIAN_POINT('',(0.,118.5,-14.));
#3367 = VECTOR('',#3368,1.);
#3368 = DIRECTION('',(1.,0.,-0.));
#3369 = PCURVE('',#146,#3370);
#3370 = DEFINITIONAL_REPRESENTATION('',(#3371),#3375);
#3371 = LINE('',#3372,#3373);
#3372 = CARTESIAN_POINT('',(0.,0.));
#3373 = VECTOR('',#3374,1.);
#3374 = DIRECTION('',(1.,0.));
#3375 = ( GEOMETRIC_REPRESENTATION_CONTEXT(2) 
PARAMETRIC_REPRESENTATION_CONTEXT() REPRESENTATION_CONTEXT('2D SPACE',''
  ) );
#3376 = PCURVE('',#1842,#3377);
#3377 = DEFINITIONAL_REPRESENTATION('',(#3378),#3382);
#3378 = LINE('',#3379,#3380);
#3379 = CARTESIAN_POINT('',(0.,0.));
#3380 = VECTOR('',#3381,1.);
#3381 = DIRECTION('',(0.,1.));
#3382 = ( GEOMETRIC_REPRESENTATION_CONTEXT(2) 
PARAMETRIC_REPRESENTATION_CONTEXT() REPRESENTATION_CONTEXT('2D SPACE',''
  ) );
#3383 = ORIENTED_EDGE('',*,*,#3384,.F.);
#3384 = EDGE_CURVE('',#3385,#3362,#3387,.T.);
#3385 = VERTEX_POINT('',#3386);
#3386 = CARTESIAN_POINT('',(38.5,111.,-14.));
#3387 = SURFACE_CURVE('',#3388,(#3392,#3399),.PCURVE_S1.);
#3388 = LINE('',#3389,#3390);
#3389 = CARTESIAN_POINT('',(38.5,111.,-14.));
#3390 = VECTOR('',#3391,1.);
#3391 = DIRECTION('',(-0.,1.,0.));
#3392 = PCURVE('',#146,#3393);
#3393 = DEFINITIONAL_REPRESENTATION('',(#3394),#3398);
#3394 = LINE('',#3395,#3396);
#3395 = CARTESIAN_POINT('',(38.5,-7.5));
#3396 = VECTOR('',#3397,1.);
#3397 = DIRECTION('',(0.,1.));
#3398 = ( GEOMETRIC_REPRESENTATION_CONTEXT(2) 
PARAMETRIC_REPRESENTATION_CONTEXT() REPRESENTATION_CONTEXT('2D SPACE',''
  ) );
#3399 = PCURVE('',#1814,#3400);
#3400 = DEFINITIONAL_REPRESENTATION('',(#3401),#3405);
#3401 = LINE('',#3402,#3403);
#3402 = CARTESIAN_POINT('',(0.,0.));
#3403 = VECTOR('',#3404,1.);
#3404 = DIRECTION('',(0.,-1.));
#3405 = ( GEOMETRIC_REPRESENTATION_CONTEXT(2) 
PARAMETRIC_REPRESENTATION_CONTEXT() REPRESENTATION_CONTEXT('2D SPACE',''
  ) );
#3406 = ORIENTED_EDGE('',*,*,#3407,.T.);
#3407 = EDGE_CURVE('',#3385,#3408,#3410,.T.);
#3408 = VERTEX_POINT('',#3409);
#3409 = CARTESIAN_POINT('',(41.5,111.,-14.));
#3410 = SURFACE_CURVE('',#3411,(#3415,#3422),.PCURVE_S1.);
#3411 = LINE('',#3412,#3413);
#3412 = CARTESIAN_POINT('',(38.5,111.,-14.));
#3413 = VECTOR('',#3414,1.);
#3414 = DIRECTION('',(1.,0.,-0.));
#3415 = PCURVE('',#146,#3416);
#3416 = DEFINITIONAL_REPRESENTATION('',(#3417),#3421);
#3417 = LINE('',#3418,#3419);
#3418 = CARTESIAN_POINT('',(38.5,-7.5));
#3419 = VECTOR('',#3420,1.);
#3420 = DIRECTION('',(1.,0.));
#3421 = ( GEOMETRIC_REPRESENTATION_CONTEXT(2) 
PARAMETRIC_REPRESENTATION_CONTEXT() REPRESENTATION_CONTEXT('2D SPACE',''
  ) );
#3422 = PCURVE('',#1786,#3423);
#3423 = DEFINITIONAL_REPRESENTATION('',(#3424),#3428);
#3424 = LINE('',#3425,#3426);
#3425 = CARTESIAN_POINT('',(0.,0.));
#3426 = VECTOR('',#3427,1.);
#3427 = DIRECTION('',(0.,1.));
#3428 = ( GEOMETRIC_REPRESENTATION_CONTEXT(2) 
PARAMETRIC_REPRESENTATION_CONTEXT() REPRESENTATION_CONTEXT('2D SPACE',''
  ) );
#3429 = ORIENTED_EDGE('',*,*,#3430,.T.);
#3430 = EDGE_CURVE('',#3408,#3431,#3433,.T.);
#3431 = VERTEX_POINT('',#3432);
#3432 = CARTESIAN_POINT('',(41.5,118.5,-14.));
#3433 = SURFACE_CURVE('',#3434,(#3438,#3445),.PCURVE_S1.);
#3434 = LINE('',#3435,#3436);
#3435 = CARTESIAN_POINT('',(41.5,111.,-14.));
#3436 = VECTOR('',#3437,1.);
#3437 = DIRECTION('',(-0.,1.,0.));
#3438 = PCURVE('',#146,#3439);
#3439 = DEFINITIONAL_REPRESENTATION('',(#3440),#3444);
#3440 = LINE('',#3441,#3442);
#3441 = CARTESIAN_POINT('',(41.5,-7.5));
#3442 = VECTOR('',#3443,1.);
#3443 = DIRECTION('',(0.,1.));
#3444 = ( GEOMETRIC_REPRESENTATION_CONTEXT(2) 
PARAMETRIC_REPRESENTATION_CONTEXT() REPRESENTATION_CONTEXT('2D SPACE',''
  ) );
#3445 = PCURVE('',#1758,#3446);
#3446 = DEFINITIONAL_REPRESENTATION('',(#3447),#3451);
#3447 = LINE('',#3448,#3449);
#3448 = CARTESIAN_POINT('',(0.,0.));
#3449 = VECTOR('',#3450,1.);
#3450 = DIRECTION('',(0.,-1.));
#3451 = ( GEOMETRIC_REPRESENTATION_CONTEXT(2) 
PARAMETRIC_REPRESENTATION_CONTEXT() REPRESENTATION_CONTEXT('2D SPACE',''
  ) );
#3452 = ORIENTED_EDGE('',*,*,#3453,.T.);
#3453 = EDGE_CURVE('',#3431,#3454,#3456,.T.);
#3454 = VERTEX_POINT('',#3455);
#3455 = CARTESIAN_POINT('',(67.,118.5,-14.));
#3456 = SURFACE_CURVE('',#3457,(#3461,#3468),.PCURVE_S1.);
#3457 = LINE('',#3458,#3459);
#3458 = CARTESIAN_POINT('',(0.,118.5,-14.));
#3459 = VECTOR('',#3460,1.);
#3460 = DIRECTION('',(1.,0.,-0.));
#3461 = PCURVE('',#146,#3462);
#3462 = DEFINITIONAL_REPRESENTATION('',(#3463),#3467);
#3463 = LINE('',#3464,#3465);
#3464 = CARTESIAN_POINT('',(0.,0.));
#3465 = VECTOR('',#3466,1.);
#3466 = DIRECTION('',(1.,0.));
#3467 = ( GEOMETRIC_REPRESENTATION_CONTEXT(2) 
PARAMETRIC_REPRESENTATION_CONTEXT() REPRESENTATION_CONTEXT('2D SPACE',''
  ) );
#3468 = PCURVE('',#1730,#3469);
#3469 = DEFINITIONAL_REPRESENTATION('',(#3470),#3474);
#3470 = LINE('',#3471,#3472);
#3471 = CARTESIAN_POINT('',(0.,0.));
#3472 = VECTOR('',#3473,1.);
#3473 = DIRECTION('',(0.,1.));
#3474 = ( GEOMETRIC_REPRESENTATION_CONTEXT(2) 
PARAMETRIC_REPRESENTATION_CONTEXT() REPRESENTATION_CONTEXT('2D SPACE',''
  ) );
#3475 = ORIENTED_EDGE('',*,*,#3476,.T.);
#3476 = EDGE_CURVE('',#3454,#3477,#3479,.T.);
#3477 = VERTEX_POINT('',#3478);
#3478 = CARTESIAN_POINT('',(67.,121.5,-14.));
#3479 = SURFACE_CURVE('',#3480,(#3484,#3491),.PCURVE_S1.);
#3480 = LINE('',#3481,#3482);
#3481 = CARTESIAN_POINT('',(67.,118.5,-14.));
#3482 = VECTOR('',#3483,1.);
#3483 = DIRECTION('',(-0.,1.,0.));
#3484 = PCURVE('',#146,#3485);
#3485 = DEFINITIONAL_REPRESENTATION('',(#3486),#3490);
#3486 = LINE('',#3487,#3488);
#3487 = CARTESIAN_POINT('',(67.,0.));
#3488 = VECTOR('',#3489,1.);
#3489 = DIRECTION('',(0.,1.));
#3490 = ( GEOMETRIC_REPRESENTATION_CONTEXT(2) 
PARAMETRIC_REPRESENTATION_CONTEXT() REPRESENTATION_CONTEXT('2D SPACE',''
  ) );
#3491 = PCURVE('',#1702,#3492);
#3492 = DEFINITIONAL_REPRESENTATION('',(#3493),#3497);
#3493 = LINE('',#3494,#3495);
#3494 = CARTESIAN_POINT('',(0.,0.));
#3495 = VECTOR('',#3496,1.);
#3496 = DIRECTION('',(0.,-1.));
#3497 = ( GEOMETRIC_REPRESENTATION_CONTEXT(2) 
PARAMETRIC_REPRESENTATION_CONTEXT() REPRESENTATION_CONTEXT('2D SPACE',''
  ) );
#3498 = ORIENTED_EDGE('',*,*,#3499,.F.);
#3499 = EDGE_CURVE('',#3500,#3477,#3502,.T.);
#3500 = VERTEX_POINT('',#3501);
#3501 = CARTESIAN_POINT('',(41.5,121.5,-14.));
#3502 = SURFACE_CURVE('',#3503,(#3507,#3514),.PCURVE_S1.);
#3503 = LINE('',#3504,#3505);
#3504 = CARTESIAN_POINT('',(0.,121.5,-14.));
#3505 = VECTOR('',#3506,1.);
#3506 = DIRECTION('',(1.,0.,-0.));
#3507 = PCURVE('',#146,#3508);
#3508 = DEFINITIONAL_REPRESENTATION('',(#3509),#3513);
#3509 = LINE('',#3510,#3511);
#3510 = CARTESIAN_POINT('',(0.,3.));
#3511 = VECTOR('',#3512,1.);
#3512 = DIRECTION('',(1.,0.));
#3513 = ( GEOMETRIC_REPRESENTATION_CONTEXT(2) 
PARAMETRIC_REPRESENTATION_CONTEXT() REPRESENTATION_CONTEXT('2D SPACE',''
  ) );
#3514 = PCURVE('',#1674,#3515);
#3515 = DEFINITIONAL_REPRESENTATION('',(#3516),#3520);
#3516 = LINE('',#3517,#3518);
#3517 = CARTESIAN_POINT('',(0.,0.));
#3518 = VECTOR('',#3519,1.);
#3519 = DIRECTION('',(0.,1.));
#3520 = ( GEOMETRIC_REPRESENTATION_CONTEXT(2) 
PARAMETRIC_REPRESENTATION_CONTEXT() REPRESENTATION_CONTEXT('2D SPACE',''
  ) );
#3521 = ORIENTED_EDGE('',*,*,#3522,.T.);
#3522 = EDGE_CURVE('',#3500,#3523,#3525,.T.);
#3523 = VERTEX_POINT('',#3524);
#3524 = CARTESIAN_POINT('',(41.5,127.,-14.));
#3525 = SURFACE_CURVE('',#3526,(#3530,#3537),.PCURVE_S1.);
#3526 = LINE('',#3527,#3528);
#3527 = CARTESIAN_POINT('',(41.5,111.,-14.));
#3528 = VECTOR('',#3529,1.);
#3529 = DIRECTION('',(-0.,1.,0.));
#3530 = PCURVE('',#146,#3531);
#3531 = DEFINITIONAL_REPRESENTATION('',(#3532),#3536);
#3532 = LINE('',#3533,#3534);
#3533 = CARTESIAN_POINT('',(41.5,-7.5));
#3534 = VECTOR('',#3535,1.);
#3535 = DIRECTION('',(0.,1.));
#3536 = ( GEOMETRIC_REPRESENTATION_CONTEXT(2) 
PARAMETRIC_REPRESENTATION_CONTEXT() REPRESENTATION_CONTEXT('2D SPACE',''
  ) );
#3537 = PCURVE('',#1646,#3538);
#3538 = DEFINITIONAL_REPRESENTATION('',(#3539),#3543);
#3539 = LINE('',#3540,#3541);
#3540 = CARTESIAN_POINT('',(0.,0.));
#3541 = VECTOR('',#3542,1.);
#3542 = DIRECTION('',(0.,-1.));
#3543 = ( GEOMETRIC_REPRESENTATION_CONTEXT(2) 
PARAMETRIC_REPRESENTATION_CONTEXT() REPRESENTATION_CONTEXT('2D SPACE',''
  ) );
#3544 = ORIENTED_EDGE('',*,*,#3545,.F.);
#3545 = EDGE_CURVE('',#3546,#3523,#3548,.T.);
#3546 = VERTEX_POINT('',#3547);
#3547 = CARTESIAN_POINT('',(38.5,127.,-14.));
#3548 = SURFACE_CURVE('',#3549,(#3553,#3560),.PCURVE_S1.);
#3549 = LINE('',#3550,#3551);
#3550 = CARTESIAN_POINT('',(38.5,127.,-14.));
#3551 = VECTOR('',#3552,1.);
#3552 = DIRECTION('',(1.,0.,-0.));
#3553 = PCURVE('',#146,#3554);
#3554 = DEFINITIONAL_REPRESENTATION('',(#3555),#3559);
#3555 = LINE('',#3556,#3557);
#3556 = CARTESIAN_POINT('',(38.5,8.5));
#3557 = VECTOR('',#3558,1.);
#3558 = DIRECTION('',(1.,0.));
#3559 = ( GEOMETRIC_REPRESENTATION_CONTEXT(2) 
PARAMETRIC_REPRESENTATION_CONTEXT() REPRESENTATION_CONTEXT('2D SPACE',''
  ) );
#3560 = PCURVE('',#1618,#3561);
#3561 = DEFINITIONAL_REPRESENTATION('',(#3562),#3566);
#3562 = LINE('',#3563,#3564);
#3563 = CARTESIAN_POINT('',(0.,0.));
#3564 = VECTOR('',#3565,1.);
#3565 = DIRECTION('',(0.,1.));
#3566 = ( GEOMETRIC_REPRESENTATION_CONTEXT(2) 
PARAMETRIC_REPRESENTATION_CONTEXT() REPRESENTATION_CONTEXT('2D SPACE',''
  ) );
#3567 = ORIENTED_EDGE('',*,*,#3568,.F.);
#3568 = EDGE_CURVE('',#3569,#3546,#3571,.T.);
#3569 = VERTEX_POINT('',#3570);
#3570 = CARTESIAN_POINT('',(38.5,121.5,-14.));
#3571 = SURFACE_CURVE('',#3572,(#3576,#3583),.PCURVE_S1.);
#3572 = LINE('',#3573,#3574);
#3573 = CARTESIAN_POINT('',(38.5,111.,-14.));
#3574 = VECTOR('',#3575,1.);
#3575 = DIRECTION('',(-0.,1.,0.));
#3576 = PCURVE('',#146,#3577);
#3577 = DEFINITIONAL_REPRESENTATION('',(#3578),#3582);
#3578 = LINE('',#3579,#3580);
#3579 = CARTESIAN_POINT('',(38.5,-7.5));
#3580 = VECTOR('',#3581,1.);
#3581 = DIRECTION('',(0.,1.));
#3582 = ( GEOMETRIC_REPRESENTATION_CONTEXT(2) 
PARAMETRIC_REPRESENTATION_CONTEXT() REPRESENTATION_CONTEXT('2D SPACE',''
  ) );
#3583 = PCURVE('',#1590,#3584);
#3584 = DEFINITIONAL_REPRESENTATION('',(#3585),#3589);
#3585 = LINE('',#3586,#3587);
#3586 = CARTESIAN_POINT('',(0.,0.));
#3587 = VECTOR('',#3588,1.);
#3588 = DIRECTION('',(0.,-1.));
#3589 = ( GEOMETRIC_REPRESENTATION_CONTEXT(2) 
PARAMETRIC_REPRESENTATION_CONTEXT() REPRESENTATION_CONTEXT('2D SPACE',''
  ) );
#3590 = ORIENTED_EDGE('',*,*,#3591,.F.);
#3591 = EDGE_CURVE('',#3592,#3569,#3594,.T.);
#3592 = VERTEX_POINT('',#3593);
#3593 = CARTESIAN_POINT('',(9.5,121.5,-14.));
#3594 = SURFACE_CURVE('',#3595,(#3599,#3606),.PCURVE_S1.);
#3595 = LINE('',#3596,#3597);
#3596 = CARTESIAN_POINT('',(0.,121.5,-14.));
#3597 = VECTOR('',#3598,1.);
#3598 = DIRECTION('',(1.,0.,-0.));
#3599 = PCURVE('',#146,#3600);
#3600 = DEFINITIONAL_REPRESENTATION('',(#3601),#3605);
#3601 = LINE('',#3602,#3603);
#3602 = CARTESIAN_POINT('',(0.,3.));
#3603 = VECTOR('',#3604,1.);
#3604 = DIRECTION('',(1.,0.));
#3605 = ( GEOMETRIC_REPRESENTATION_CONTEXT(2) 
PARAMETRIC_REPRESENTATION_CONTEXT() REPRESENTATION_CONTEXT('2D SPACE',''
  ) );
#3606 = PCURVE('',#1562,#3607);
#3607 = DEFINITIONAL_REPRESENTATION('',(#3608),#3612);
#3608 = LINE('',#3609,#3610);
#3609 = CARTESIAN_POINT('',(0.,0.));
#3610 = VECTOR('',#3611,1.);
#3611 = DIRECTION('',(0.,1.));
#3612 = ( GEOMETRIC_REPRESENTATION_CONTEXT(2) 
PARAMETRIC_REPRESENTATION_CONTEXT() REPRESENTATION_CONTEXT('2D SPACE',''
  ) );
#3613 = ORIENTED_EDGE('',*,*,#3614,.T.);
#3614 = EDGE_CURVE('',#3592,#3615,#3617,.T.);
#3615 = VERTEX_POINT('',#3616);
#3616 = CARTESIAN_POINT('',(9.5,125.,-14.));
#3617 = SURFACE_CURVE('',#3618,(#3622,#3629),.PCURVE_S1.);
#3618 = LINE('',#3619,#3620);
#3619 = CARTESIAN_POINT('',(9.5,111.,-14.));
#3620 = VECTOR('',#3621,1.);
#3621 = DIRECTION('',(-0.,1.,0.));
#3622 = PCURVE('',#146,#3623);
#3623 = DEFINITIONAL_REPRESENTATION('',(#3624),#3628);
#3624 = LINE('',#3625,#3626);
#3625 = CARTESIAN_POINT('',(9.5,-7.5));
#3626 = VECTOR('',#3627,1.);
#3627 = DIRECTION('',(0.,1.));
#3628 = ( GEOMETRIC_REPRESENTATION_CONTEXT(2) 
PARAMETRIC_REPRESENTATION_CONTEXT() REPRESENTATION_CONTEXT('2D SPACE',''
  ) );
#3629 = PCURVE('',#1534,#3630);
#3630 = DEFINITIONAL_REPRESENTATION('',(#3631),#3635);
#3631 = LINE('',#3632,#3633);
#3632 = CARTESIAN_POINT('',(0.,0.));
#3633 = VECTOR('',#3634,1.);
#3634 = DIRECTION('',(0.,-1.));
#3635 = ( GEOMETRIC_REPRESENTATION_CONTEXT(2) 
PARAMETRIC_REPRESENTATION_CONTEXT() REPRESENTATION_CONTEXT('2D SPACE',''
  ) );
#3636 = ORIENTED_EDGE('',*,*,#3637,.F.);
#3637 = EDGE_CURVE('',#3638,#3615,#3640,.T.);
#3638 = VERTEX_POINT('',#3639);
#3639 = CARTESIAN_POINT('',(6.5,125.,-14.));
#3640 = SURFACE_CURVE('',#3641,(#3645,#3652),.PCURVE_S1.);
#3641 = LINE('',#3642,#3643);
#3642 = CARTESIAN_POINT('',(6.5,125.,-14.));
#3643 = VECTOR('',#3644,1.);
#3644 = DIRECTION('',(1.,0.,-0.));
#3645 = PCURVE('',#146,#3646);
#3646 = DEFINITIONAL_REPRESENTATION('',(#3647),#3651);
#3647 = LINE('',#3648,#3649);
#3648 = CARTESIAN_POINT('',(6.5,6.5));
#3649 = VECTOR('',#3650,1.);
#3650 = DIRECTION('',(1.,0.));
#3651 = ( GEOMETRIC_REPRESENTATION_CONTEXT(2) 
PARAMETRIC_REPRESENTATION_CONTEXT() REPRESENTATION_CONTEXT('2D SPACE',''
  ) );
#3652 = PCURVE('',#1506,#3653);
#3653 = DEFINITIONAL_REPRESENTATION('',(#3654),#3658);
#3654 = LINE('',#3655,#3656);
#3655 = CARTESIAN_POINT('',(0.,0.));
#3656 = VECTOR('',#3657,1.);
#3657 = DIRECTION('',(0.,1.));
#3658 = ( GEOMETRIC_REPRESENTATION_CONTEXT(2) 
PARAMETRIC_REPRESENTATION_CONTEXT() REPRESENTATION_CONTEXT('2D SPACE',''
  ) );
#3659 = ORIENTED_EDGE('',*,*,#3660,.F.);
#3660 = EDGE_CURVE('',#3268,#3638,#3661,.T.);
#3661 = SURFACE_CURVE('',#3662,(#3666,#3673),.PCURVE_S1.);
#3662 = LINE('',#3663,#3664);
#3663 = CARTESIAN_POINT('',(6.5,111.,-14.));
#3664 = VECTOR('',#3665,1.);
#3665 = DIRECTION('',(-0.,1.,0.));
#3666 = PCURVE('',#146,#3667);
#3667 = DEFINITIONAL_REPRESENTATION('',(#3668),#3672);
#3668 = LINE('',#3669,#3670);
#3669 = CARTESIAN_POINT('',(6.5,-7.5));
#3670 = VECTOR('',#3671,1.);
#3671 = DIRECTION('',(0.,1.));
#3672 = ( GEOMETRIC_REPRESENTATION_CONTEXT(2) 
PARAMETRIC_REPRESENTATION_CONTEXT() REPRESENTATION_CONTEXT('2D SPACE',''
  ) );
#3673 = PCURVE('',#1478,#3674);
#3674 = DEFINITIONAL_REPRESENTATION('',(#3675),#3679);
#3675 = LINE('',#3676,#3677);
#3676 = CARTESIAN_POINT('',(0.,0.));
#3677 = VECTOR('',#3678,1.);
#3678 = DIRECTION('',(0.,-1.));
#3679 = ( GEOMETRIC_REPRESENTATION_CONTEXT(2) 
PARAMETRIC_REPRESENTATION_CONTEXT() REPRESENTATION_CONTEXT('2D SPACE',''
  ) );
#3680 = ADVANCED_FACE('',(#3681),#174,.T.);
#3681 = FACE_BOUND('',#3682,.T.);
#3682 = EDGE_LOOP('',(#3683,#3684,#3685,#3686));
#3683 = ORIENTED_EDGE('',*,*,#3267,.F.);
#3684 = ORIENTED_EDGE('',*,*,#158,.T.);
#3685 = ORIENTED_EDGE('',*,*,#1439,.T.);
#3686 = ORIENTED_EDGE('',*,*,#3687,.T.);
#3687 = EDGE_CURVE('',#1440,#3268,#3688,.T.);
#3688 = SURFACE_CURVE('',#3689,(#3693,#3699),.PCURVE_S1.);
#3689 = LINE('',#3690,#3691);
#3690 = CARTESIAN_POINT('',(6.5,121.5,-14.));
#3691 = VECTOR('',#3692,1.);
#3692 = DIRECTION('',(-0.,0.,-1.));
#3693 = PCURVE('',#174,#3694);
#3694 = DEFINITIONAL_REPRESENTATION('',(#3695),#3698);
#3695 = B_SPLINE_CURVE_WITH_KNOTS('',1,(#3696,#3697),.UNSPECIFIED.,.F.,
  .F.,(2,2),(-8.,0.),.PIECEWISE_BEZIER_KNOTS.);
#3696 = CARTESIAN_POINT('',(8.,6.5));
#3697 = CARTESIAN_POINT('',(0.,6.5));
#3698 = ( GEOMETRIC_REPRESENTATION_CONTEXT(2) 
PARAMETRIC_REPRESENTATION_CONTEXT() REPRESENTATION_CONTEXT('2D SPACE',''
  ) );
#3699 = PCURVE('',#1478,#3700);
#3700 = DEFINITIONAL_REPRESENTATION('',(#3701),#3704);
#3701 = B_SPLINE_CURVE_WITH_KNOTS('',1,(#3702,#3703),.UNSPECIFIED.,.F.,
  .F.,(2,2),(-8.,0.),.PIECEWISE_BEZIER_KNOTS.);
#3702 = CARTESIAN_POINT('',(8.,-10.5));
#3703 = CARTESIAN_POINT('',(0.,-10.5));
#3704 = ( GEOMETRIC_REPRESENTATION_CONTEXT(2) 
PARAMETRIC_REPRESENTATION_CONTEXT() REPRESENTATION_CONTEXT('2D SPACE',''
  ) );
#3705 = ADVANCED_FACE('',(#3706),#225,.F.);
#3706 = FACE_BOUND('',#3707,.F.);
#3707 = EDGE_LOOP('',(#3708,#3731,#3732,#3733));
#3708 = ORIENTED_EDGE('',*,*,#3709,.F.);
#3709 = EDGE_CURVE('',#210,#3710,#3712,.T.);
#3710 = VERTEX_POINT('',#3711);
#3711 = CARTESIAN_POINT('',(21.,150.5,-14.));
#3712 = SURFACE_CURVE('',#3713,(#3717,#3724),.PCURVE_S1.);
#3713 = LINE('',#3714,#3715);
#3714 = CARTESIAN_POINT('',(0.,150.5,-14.));
#3715 = VECTOR('',#3716,1.);
#3716 = DIRECTION('',(1.,0.,-0.));
#3717 = PCURVE('',#225,#3718);
#3718 = DEFINITIONAL_REPRESENTATION('',(#3719),#3723);
#3719 = LINE('',#3720,#3721);
#3720 = CARTESIAN_POINT('',(0.,0.));
#3721 = VECTOR('',#3722,1.);
#3722 = DIRECTION('',(0.,1.));
#3723 = ( GEOMETRIC_REPRESENTATION_CONTEXT(2) 
PARAMETRIC_REPRESENTATION_CONTEXT() REPRESENTATION_CONTEXT('2D SPACE',''
  ) );
#3724 = PCURVE('',#253,#3725);
#3725 = DEFINITIONAL_REPRESENTATION('',(#3726),#3730);
#3726 = LINE('',#3727,#3728);
#3727 = CARTESIAN_POINT('',(0.,0.));
#3728 = VECTOR('',#3729,1.);
#3729 = DIRECTION('',(1.,0.));
#3730 = ( GEOMETRIC_REPRESENTATION_CONTEXT(2) 
PARAMETRIC_REPRESENTATION_CONTEXT() REPRESENTATION_CONTEXT('2D SPACE',''
  ) );
#3731 = ORIENTED_EDGE('',*,*,#209,.T.);
#3732 = ORIENTED_EDGE('',*,*,#1417,.T.);
#3733 = ORIENTED_EDGE('',*,*,#3734,.F.);
#3734 = EDGE_CURVE('',#3710,#1390,#3735,.T.);
#3735 = SURFACE_CURVE('',#3736,(#3740,#3747),.PCURVE_S1.);
#3736 = LINE('',#3737,#3738);
#3737 = CARTESIAN_POINT('',(21.,150.5,-14.));
#3738 = VECTOR('',#3739,1.);
#3739 = DIRECTION('',(0.,0.,1.));
#3740 = PCURVE('',#225,#3741);
#3741 = DEFINITIONAL_REPRESENTATION('',(#3742),#3746);
#3742 = LINE('',#3743,#3744);
#3743 = CARTESIAN_POINT('',(0.,21.));
#3744 = VECTOR('',#3745,1.);
#3745 = DIRECTION('',(1.,0.));
#3746 = ( GEOMETRIC_REPRESENTATION_CONTEXT(2) 
PARAMETRIC_REPRESENTATION_CONTEXT() REPRESENTATION_CONTEXT('2D SPACE',''
  ) );
#3747 = PCURVE('',#1405,#3748);
#3748 = DEFINITIONAL_REPRESENTATION('',(#3749),#3753);
#3749 = LINE('',#3750,#3751);
#3750 = CARTESIAN_POINT('',(0.,0.));
#3751 = VECTOR('',#3752,1.);
#3752 = DIRECTION('',(1.,0.));
#3753 = ( GEOMETRIC_REPRESENTATION_CONTEXT(2) 
PARAMETRIC_REPRESENTATION_CONTEXT() REPRESENTATION_CONTEXT('2D SPACE',''
  ) );
#3754 = ADVANCED_FACE('',(#3755),#253,.F.);
#3755 = FACE_BOUND('',#3756,.F.);
#3756 = EDGE_LOOP('',(#3757,#3780,#3781,#3782,#3805,#3828,#3851,#3874));
#3757 = ORIENTED_EDGE('',*,*,#3758,.F.);
#3758 = EDGE_CURVE('',#238,#3759,#3761,.T.);
#3759 = VERTEX_POINT('',#3760);
#3760 = CARTESIAN_POINT('',(6.5,153.5,-14.));
#3761 = SURFACE_CURVE('',#3762,(#3766,#3773),.PCURVE_S1.);
#3762 = LINE('',#3763,#3764);
#3763 = CARTESIAN_POINT('',(0.,153.5,-14.));
#3764 = VECTOR('',#3765,1.);
#3765 = DIRECTION('',(1.,0.,-0.));
#3766 = PCURVE('',#253,#3767);
#3767 = DEFINITIONAL_REPRESENTATION('',(#3768),#3772);
#3768 = LINE('',#3769,#3770);
#3769 = CARTESIAN_POINT('',(0.,3.));
#3770 = VECTOR('',#3771,1.);
#3771 = DIRECTION('',(1.,0.));
#3772 = ( GEOMETRIC_REPRESENTATION_CONTEXT(2) 
PARAMETRIC_REPRESENTATION_CONTEXT() REPRESENTATION_CONTEXT('2D SPACE',''
  ) );
#3773 = PCURVE('',#281,#3774);
#3774 = DEFINITIONAL_REPRESENTATION('',(#3775),#3779);
#3775 = LINE('',#3776,#3777);
#3776 = CARTESIAN_POINT('',(0.,0.));
#3777 = VECTOR('',#3778,1.);
#3778 = DIRECTION('',(0.,1.));
#3779 = ( GEOMETRIC_REPRESENTATION_CONTEXT(2) 
PARAMETRIC_REPRESENTATION_CONTEXT() REPRESENTATION_CONTEXT('2D SPACE',''
  ) );
#3780 = ORIENTED_EDGE('',*,*,#237,.F.);
#3781 = ORIENTED_EDGE('',*,*,#3709,.T.);
#3782 = ORIENTED_EDGE('',*,*,#3783,.T.);
#3783 = EDGE_CURVE('',#3710,#3784,#3786,.T.);
#3784 = VERTEX_POINT('',#3785);
#3785 = CARTESIAN_POINT('',(21.,153.5,-14.));
#3786 = SURFACE_CURVE('',#3787,(#3791,#3798),.PCURVE_S1.);
#3787 = LINE('',#3788,#3789);
#3788 = CARTESIAN_POINT('',(21.,150.5,-14.));
#3789 = VECTOR('',#3790,1.);
#3790 = DIRECTION('',(-0.,1.,0.));
#3791 = PCURVE('',#253,#3792);
#3792 = DEFINITIONAL_REPRESENTATION('',(#3793),#3797);
#3793 = LINE('',#3794,#3795);
#3794 = CARTESIAN_POINT('',(21.,0.));
#3795 = VECTOR('',#3796,1.);
#3796 = DIRECTION('',(0.,1.));
#3797 = ( GEOMETRIC_REPRESENTATION_CONTEXT(2) 
PARAMETRIC_REPRESENTATION_CONTEXT() REPRESENTATION_CONTEXT('2D SPACE',''
  ) );
#3798 = PCURVE('',#1405,#3799);
#3799 = DEFINITIONAL_REPRESENTATION('',(#3800),#3804);
#3800 = LINE('',#3801,#3802);
#3801 = CARTESIAN_POINT('',(0.,0.));
#3802 = VECTOR('',#3803,1.);
#3803 = DIRECTION('',(0.,-1.));
#3804 = ( GEOMETRIC_REPRESENTATION_CONTEXT(2) 
PARAMETRIC_REPRESENTATION_CONTEXT() REPRESENTATION_CONTEXT('2D SPACE',''
  ) );
#3805 = ORIENTED_EDGE('',*,*,#3806,.F.);
#3806 = EDGE_CURVE('',#3807,#3784,#3809,.T.);
#3807 = VERTEX_POINT('',#3808);
#3808 = CARTESIAN_POINT('',(9.5,153.5,-14.));
#3809 = SURFACE_CURVE('',#3810,(#3814,#3821),.PCURVE_S1.);
#3810 = LINE('',#3811,#3812);
#3811 = CARTESIAN_POINT('',(0.,153.5,-14.));
#3812 = VECTOR('',#3813,1.);
#3813 = DIRECTION('',(1.,0.,-0.));
#3814 = PCURVE('',#253,#3815);
#3815 = DEFINITIONAL_REPRESENTATION('',(#3816),#3820);
#3816 = LINE('',#3817,#3818);
#3817 = CARTESIAN_POINT('',(0.,3.));
#3818 = VECTOR('',#3819,1.);
#3819 = DIRECTION('',(1.,0.));
#3820 = ( GEOMETRIC_REPRESENTATION_CONTEXT(2) 
PARAMETRIC_REPRESENTATION_CONTEXT() REPRESENTATION_CONTEXT('2D SPACE',''
  ) );
#3821 = PCURVE('',#1377,#3822);
#3822 = DEFINITIONAL_REPRESENTATION('',(#3823),#3827);
#3823 = LINE('',#3824,#3825);
#3824 = CARTESIAN_POINT('',(0.,0.));
#3825 = VECTOR('',#3826,1.);
#3826 = DIRECTION('',(0.,1.));
#3827 = ( GEOMETRIC_REPRESENTATION_CONTEXT(2) 
PARAMETRIC_REPRESENTATION_CONTEXT() REPRESENTATION_CONTEXT('2D SPACE',''
  ) );
#3828 = ORIENTED_EDGE('',*,*,#3829,.T.);
#3829 = EDGE_CURVE('',#3807,#3830,#3832,.T.);
#3830 = VERTEX_POINT('',#3831);
#3831 = CARTESIAN_POINT('',(9.5,160.,-14.));
#3832 = SURFACE_CURVE('',#3833,(#3837,#3844),.PCURVE_S1.);
#3833 = LINE('',#3834,#3835);
#3834 = CARTESIAN_POINT('',(9.5,151.,-14.));
#3835 = VECTOR('',#3836,1.);
#3836 = DIRECTION('',(-0.,1.,0.));
#3837 = PCURVE('',#253,#3838);
#3838 = DEFINITIONAL_REPRESENTATION('',(#3839),#3843);
#3839 = LINE('',#3840,#3841);
#3840 = CARTESIAN_POINT('',(9.5,0.5));
#3841 = VECTOR('',#3842,1.);
#3842 = DIRECTION('',(0.,1.));
#3843 = ( GEOMETRIC_REPRESENTATION_CONTEXT(2) 
PARAMETRIC_REPRESENTATION_CONTEXT() REPRESENTATION_CONTEXT('2D SPACE',''
  ) );
#3844 = PCURVE('',#1349,#3845);
#3845 = DEFINITIONAL_REPRESENTATION('',(#3846),#3850);
#3846 = LINE('',#3847,#3848);
#3847 = CARTESIAN_POINT('',(0.,0.));
#3848 = VECTOR('',#3849,1.);
#3849 = DIRECTION('',(0.,-1.));
#3850 = ( GEOMETRIC_REPRESENTATION_CONTEXT(2) 
PARAMETRIC_REPRESENTATION_CONTEXT() REPRESENTATION_CONTEXT('2D SPACE',''
  ) );
#3851 = ORIENTED_EDGE('',*,*,#3852,.F.);
#3852 = EDGE_CURVE('',#3853,#3830,#3855,.T.);
#3853 = VERTEX_POINT('',#3854);
#3854 = CARTESIAN_POINT('',(6.5,160.,-14.));
#3855 = SURFACE_CURVE('',#3856,(#3860,#3867),.PCURVE_S1.);
#3856 = LINE('',#3857,#3858);
#3857 = CARTESIAN_POINT('',(6.5,160.,-14.));
#3858 = VECTOR('',#3859,1.);
#3859 = DIRECTION('',(1.,0.,-0.));
#3860 = PCURVE('',#253,#3861);
#3861 = DEFINITIONAL_REPRESENTATION('',(#3862),#3866);
#3862 = LINE('',#3863,#3864);
#3863 = CARTESIAN_POINT('',(6.5,9.5));
#3864 = VECTOR('',#3865,1.);
#3865 = DIRECTION('',(1.,0.));
#3866 = ( GEOMETRIC_REPRESENTATION_CONTEXT(2) 
PARAMETRIC_REPRESENTATION_CONTEXT() REPRESENTATION_CONTEXT('2D SPACE',''
  ) );
#3867 = PCURVE('',#337,#3868);
#3868 = DEFINITIONAL_REPRESENTATION('',(#3869),#3873);
#3869 = LINE('',#3870,#3871);
#3870 = CARTESIAN_POINT('',(-8.,6.5));
#3871 = VECTOR('',#3872,1.);
#3872 = DIRECTION('',(0.,1.));
#3873 = ( GEOMETRIC_REPRESENTATION_CONTEXT(2) 
PARAMETRIC_REPRESENTATION_CONTEXT() REPRESENTATION_CONTEXT('2D SPACE',''
  ) );
#3874 = ORIENTED_EDGE('',*,*,#3875,.F.);
#3875 = EDGE_CURVE('',#3759,#3853,#3876,.T.);
#3876 = SURFACE_CURVE('',#3877,(#3881,#3888),.PCURVE_S1.);
#3877 = LINE('',#3878,#3879);
#3878 = CARTESIAN_POINT('',(6.5,151.,-14.));
#3879 = VECTOR('',#3880,1.);
#3880 = DIRECTION('',(-0.,1.,0.));
#3881 = PCURVE('',#253,#3882);
#3882 = DEFINITIONAL_REPRESENTATION('',(#3883),#3887);
#3883 = LINE('',#3884,#3885);
#3884 = CARTESIAN_POINT('',(6.5,0.5));
#3885 = VECTOR('',#3886,1.);
#3886 = DIRECTION('',(0.,1.));
#3887 = ( GEOMETRIC_REPRESENTATION_CONTEXT(2) 
PARAMETRIC_REPRESENTATION_CONTEXT() REPRESENTATION_CONTEXT('2D SPACE',''
  ) );
#3888 = PCURVE('',#3889,#3894);
#3889 = PLANE('',#3890);
#3890 = AXIS2_PLACEMENT_3D('',#3891,#3892,#3893);
#3891 = CARTESIAN_POINT('',(6.5,151.,-14.));
#3892 = DIRECTION('',(1.,0.,-0.));
#3893 = DIRECTION('',(0.,0.,1.));
#3894 = DEFINITIONAL_REPRESENTATION('',(#3895),#3899);
#3895 = LINE('',#3896,#3897);
#3896 = CARTESIAN_POINT('',(0.,0.));
#3897 = VECTOR('',#3898,1.);
#3898 = DIRECTION('',(0.,-1.));
#3899 = ( GEOMETRIC_REPRESENTATION_CONTEXT(2) 
PARAMETRIC_REPRESENTATION_CONTEXT() REPRESENTATION_CONTEXT('2D SPACE',''
  ) );
#3900 = ADVANCED_FACE('',(#3901),#281,.T.);
#3901 = FACE_BOUND('',#3902,.T.);
#3902 = EDGE_LOOP('',(#3903,#3904,#3905,#3928));
#3903 = ORIENTED_EDGE('',*,*,#3758,.F.);
#3904 = ORIENTED_EDGE('',*,*,#265,.T.);
#3905 = ORIENTED_EDGE('',*,*,#3906,.T.);
#3906 = EDGE_CURVE('',#266,#3907,#3909,.T.);
#3907 = VERTEX_POINT('',#3908);
#3908 = CARTESIAN_POINT('',(6.5,153.5,-6.));
#3909 = SURFACE_CURVE('',#3910,(#3914,#3921),.PCURVE_S1.);
#3910 = LINE('',#3911,#3912);
#3911 = CARTESIAN_POINT('',(0.,153.5,-6.));
#3912 = VECTOR('',#3913,1.);
#3913 = DIRECTION('',(1.,0.,-0.));
#3914 = PCURVE('',#281,#3915);
#3915 = DEFINITIONAL_REPRESENTATION('',(#3916),#3920);
#3916 = LINE('',#3917,#3918);
#3917 = CARTESIAN_POINT('',(8.,0.));
#3918 = VECTOR('',#3919,1.);
#3919 = DIRECTION('',(0.,1.));
#3920 = ( GEOMETRIC_REPRESENTATION_CONTEXT(2) 
PARAMETRIC_REPRESENTATION_CONTEXT() REPRESENTATION_CONTEXT('2D SPACE',''
  ) );
#3921 = PCURVE('',#309,#3922);
#3922 = DEFINITIONAL_REPRESENTATION('',(#3923),#3927);
#3923 = LINE('',#3924,#3925);
#3924 = CARTESIAN_POINT('',(0.,153.4));
#3925 = VECTOR('',#3926,1.);
#3926 = DIRECTION('',(1.,0.));
#3927 = ( GEOMETRIC_REPRESENTATION_CONTEXT(2) 
PARAMETRIC_REPRESENTATION_CONTEXT() REPRESENTATION_CONTEXT('2D SPACE',''
  ) );
#3928 = ORIENTED_EDGE('',*,*,#3929,.T.);
#3929 = EDGE_CURVE('',#3907,#3759,#3930,.T.);
#3930 = SURFACE_CURVE('',#3931,(#3935,#3941),.PCURVE_S1.);
#3931 = LINE('',#3932,#3933);
#3932 = CARTESIAN_POINT('',(6.5,153.5,-14.));
#3933 = VECTOR('',#3934,1.);
#3934 = DIRECTION('',(-0.,0.,-1.));
#3935 = PCURVE('',#281,#3936);
#3936 = DEFINITIONAL_REPRESENTATION('',(#3937),#3940);
#3937 = B_SPLINE_CURVE_WITH_KNOTS('',1,(#3938,#3939),.UNSPECIFIED.,.F.,
  .F.,(2,2),(-8.,0.),.PIECEWISE_BEZIER_KNOTS.);
#3938 = CARTESIAN_POINT('',(8.,6.5));
#3939 = CARTESIAN_POINT('',(0.,6.5));
#3940 = ( GEOMETRIC_REPRESENTATION_CONTEXT(2) 
PARAMETRIC_REPRESENTATION_CONTEXT() REPRESENTATION_CONTEXT('2D SPACE',''
  ) );
#3941 = PCURVE('',#3889,#3942);
#3942 = DEFINITIONAL_REPRESENTATION('',(#3943),#3946);
#3943 = B_SPLINE_CURVE_WITH_KNOTS('',1,(#3944,#3945),.UNSPECIFIED.,.F.,
  .F.,(2,2),(-8.,0.),.PIECEWISE_BEZIER_KNOTS.);
#3944 = CARTESIAN_POINT('',(8.,-2.5));
#3945 = CARTESIAN_POINT('',(0.,-2.5));
#3946 = ( GEOMETRIC_REPRESENTATION_CONTEXT(2) 
PARAMETRIC_REPRESENTATION_CONTEXT() REPRESENTATION_CONTEXT('2D SPACE',''
  ) );
#3947 = ADVANCED_FACE('',(#3948),#309,.F.);
#3948 = FACE_BOUND('',#3949,.F.);
#3949 = EDGE_LOOP('',(#3950,#3973,#3994,#3995));
#3950 = ORIENTED_EDGE('',*,*,#3951,.T.);
#3951 = EDGE_CURVE('',#3907,#3952,#3954,.T.);
#3952 = VERTEX_POINT('',#3953);
#3953 = CARTESIAN_POINT('',(6.5,160.,-6.));
#3954 = SURFACE_CURVE('',#3955,(#3959,#3966),.PCURVE_S1.);
#3955 = LINE('',#3956,#3957);
#3956 = CARTESIAN_POINT('',(6.5,151.,-6.));
#3957 = VECTOR('',#3958,1.);
#3958 = DIRECTION('',(-0.,1.,0.));
#3959 = PCURVE('',#309,#3960);
#3960 = DEFINITIONAL_REPRESENTATION('',(#3961),#3965);
#3961 = LINE('',#3962,#3963);
#3962 = CARTESIAN_POINT('',(6.5,150.9));
#3963 = VECTOR('',#3964,1.);
#3964 = DIRECTION('',(0.,1.));
#3965 = ( GEOMETRIC_REPRESENTATION_CONTEXT(2) 
PARAMETRIC_REPRESENTATION_CONTEXT() REPRESENTATION_CONTEXT('2D SPACE',''
  ) );
#3966 = PCURVE('',#3889,#3967);
#3967 = DEFINITIONAL_REPRESENTATION('',(#3968),#3972);
#3968 = LINE('',#3969,#3970);
#3969 = CARTESIAN_POINT('',(8.,0.));
#3970 = VECTOR('',#3971,1.);
#3971 = DIRECTION('',(0.,-1.));
#3972 = ( GEOMETRIC_REPRESENTATION_CONTEXT(2) 
PARAMETRIC_REPRESENTATION_CONTEXT() REPRESENTATION_CONTEXT('2D SPACE',''
  ) );
#3973 = ORIENTED_EDGE('',*,*,#3974,.F.);
#3974 = EDGE_CURVE('',#294,#3952,#3975,.T.);
#3975 = SURFACE_CURVE('',#3976,(#3980,#3987),.PCURVE_S1.);
#3976 = LINE('',#3977,#3978);
#3977 = CARTESIAN_POINT('',(0.,160.,-6.));
#3978 = VECTOR('',#3979,1.);
#3979 = DIRECTION('',(1.,0.,-0.));
#3980 = PCURVE('',#309,#3981);
#3981 = DEFINITIONAL_REPRESENTATION('',(#3982),#3986);
#3982 = LINE('',#3983,#3984);
#3983 = CARTESIAN_POINT('',(0.,159.9));
#3984 = VECTOR('',#3985,1.);
#3985 = DIRECTION('',(1.,0.));
#3986 = ( GEOMETRIC_REPRESENTATION_CONTEXT(2) 
PARAMETRIC_REPRESENTATION_CONTEXT() REPRESENTATION_CONTEXT('2D SPACE',''
  ) );
#3987 = PCURVE('',#337,#3988);
#3988 = DEFINITIONAL_REPRESENTATION('',(#3989),#3993);
#3989 = LINE('',#3990,#3991);
#3990 = CARTESIAN_POINT('',(0.,0.));
#3991 = VECTOR('',#3992,1.);
#3992 = DIRECTION('',(0.,1.));
#3993 = ( GEOMETRIC_REPRESENTATION_CONTEXT(2) 
PARAMETRIC_REPRESENTATION_CONTEXT() REPRESENTATION_CONTEXT('2D SPACE',''
  ) );
#3994 = ORIENTED_EDGE('',*,*,#293,.F.);
#3995 = ORIENTED_EDGE('',*,*,#3906,.T.);
#3996 = ADVANCED_FACE('',(#3997),#337,.T.);
#3997 = FACE_BOUND('',#3998,.T.);
#3998 = EDGE_LOOP('',(#3999,#4000,#4001,#4024,#4047,#4075,#4103,#4131,
    #4152,#4153,#4176,#4204,#4232,#4260,#4288,#4311,#4332,#4333,#4354,
    #4355));
#3999 = ORIENTED_EDGE('',*,*,#3974,.F.);
#4000 = ORIENTED_EDGE('',*,*,#321,.T.);
#4001 = ORIENTED_EDGE('',*,*,#4002,.T.);
#4002 = EDGE_CURVE('',#322,#4003,#4005,.T.);
#4003 = VERTEX_POINT('',#4004);
#4004 = CARTESIAN_POINT('',(159.9,160.,0.));
#4005 = SURFACE_CURVE('',#4006,(#4010,#4017),.PCURVE_S1.);
#4006 = LINE('',#4007,#4008);
#4007 = CARTESIAN_POINT('',(0.,160.,0.));
#4008 = VECTOR('',#4009,1.);
#4009 = DIRECTION('',(1.,0.,-0.));
#4010 = PCURVE('',#337,#4011);
#4011 = DEFINITIONAL_REPRESENTATION('',(#4012),#4016);
#4012 = LINE('',#4013,#4014);
#4013 = CARTESIAN_POINT('',(6.,0.));
#4014 = VECTOR('',#4015,1.);
#4015 = DIRECTION('',(0.,1.));
#4016 = ( GEOMETRIC_REPRESENTATION_CONTEXT(2) 
PARAMETRIC_REPRESENTATION_CONTEXT() REPRESENTATION_CONTEXT('2D SPACE',''
  ) );
#4017 = PCURVE('',#363,#4018);
#4018 = DEFINITIONAL_REPRESENTATION('',(#4019),#4023);
#4019 = LINE('',#4020,#4021);
#4020 = CARTESIAN_POINT('',(0.,159.9));
#4021 = VECTOR('',#4022,1.);
#4022 = DIRECTION('',(1.,0.));
#4023 = ( GEOMETRIC_REPRESENTATION_CONTEXT(2) 
PARAMETRIC_REPRESENTATION_CONTEXT() REPRESENTATION_CONTEXT('2D SPACE',''
  ) );
#4024 = ORIENTED_EDGE('',*,*,#4025,.F.);
#4025 = EDGE_CURVE('',#4026,#4003,#4028,.T.);
#4026 = VERTEX_POINT('',#4027);
#4027 = CARTESIAN_POINT('',(159.9,160.,-6.));
#4028 = SURFACE_CURVE('',#4029,(#4033,#4040),.PCURVE_S1.);
#4029 = LINE('',#4030,#4031);
#4030 = CARTESIAN_POINT('',(159.9,160.,-6.));
#4031 = VECTOR('',#4032,1.);
#4032 = DIRECTION('',(0.,0.,1.));
#4033 = PCURVE('',#337,#4034);
#4034 = DEFINITIONAL_REPRESENTATION('',(#4035),#4039);
#4035 = LINE('',#4036,#4037);
#4036 = CARTESIAN_POINT('',(0.,159.9));
#4037 = VECTOR('',#4038,1.);
#4038 = DIRECTION('',(1.,0.));
#4039 = ( GEOMETRIC_REPRESENTATION_CONTEXT(2) 
PARAMETRIC_REPRESENTATION_CONTEXT() REPRESENTATION_CONTEXT('2D SPACE',''
  ) );
#4040 = PCURVE('',#396,#4041);
#4041 = DEFINITIONAL_REPRESENTATION('',(#4042),#4046);
#4042 = LINE('',#4043,#4044);
#4043 = CARTESIAN_POINT('',(0.,-159.9));
#4044 = VECTOR('',#4045,1.);
#4045 = DIRECTION('',(1.,0.));
#4046 = ( GEOMETRIC_REPRESENTATION_CONTEXT(2) 
PARAMETRIC_REPRESENTATION_CONTEXT() REPRESENTATION_CONTEXT('2D SPACE',''
  ) );
#4047 = ORIENTED_EDGE('',*,*,#4048,.F.);
#4048 = EDGE_CURVE('',#4049,#4026,#4051,.T.);
#4049 = VERTEX_POINT('',#4050);
#4050 = CARTESIAN_POINT('',(153.5,160.,-6.));
#4051 = SURFACE_CURVE('',#4052,(#4056,#4063),.PCURVE_S1.);
#4052 = LINE('',#4053,#4054);
#4053 = CARTESIAN_POINT('',(0.,160.,-6.));
#4054 = VECTOR('',#4055,1.);
#4055 = DIRECTION('',(1.,0.,-0.));
#4056 = PCURVE('',#337,#4057);
#4057 = DEFINITIONAL_REPRESENTATION('',(#4058),#4062);
#4058 = LINE('',#4059,#4060);
#4059 = CARTESIAN_POINT('',(0.,0.));
#4060 = VECTOR('',#4061,1.);
#4061 = DIRECTION('',(0.,1.));
#4062 = ( GEOMETRIC_REPRESENTATION_CONTEXT(2) 
PARAMETRIC_REPRESENTATION_CONTEXT() REPRESENTATION_CONTEXT('2D SPACE',''
  ) );
#4063 = PCURVE('',#4064,#4069);
#4064 = PLANE('',#4065);
#4065 = AXIS2_PLACEMENT_3D('',#4066,#4067,#4068);
#4066 = CARTESIAN_POINT('',(0.,0.1,-6.));
#4067 = DIRECTION('',(0.,0.,1.));
#4068 = DIRECTION('',(1.,0.,-0.));
#4069 = DEFINITIONAL_REPRESENTATION('',(#4070),#4074);
#4070 = LINE('',#4071,#4072);
#4071 = CARTESIAN_POINT('',(0.,159.9));
#4072 = VECTOR('',#4073,1.);
#4073 = DIRECTION('',(1.,0.));
#4074 = ( GEOMETRIC_REPRESENTATION_CONTEXT(2) 
PARAMETRIC_REPRESENTATION_CONTEXT() REPRESENTATION_CONTEXT('2D SPACE',''
  ) );
#4075 = ORIENTED_EDGE('',*,*,#4076,.F.);
#4076 = EDGE_CURVE('',#4077,#4049,#4079,.T.);
#4077 = VERTEX_POINT('',#4078);
#4078 = CARTESIAN_POINT('',(153.5,160.,-14.));
#4079 = SURFACE_CURVE('',#4080,(#4084,#4091),.PCURVE_S1.);
#4080 = LINE('',#4081,#4082);
#4081 = CARTESIAN_POINT('',(153.5,160.,-14.));
#4082 = VECTOR('',#4083,1.);
#4083 = DIRECTION('',(0.,0.,1.));
#4084 = PCURVE('',#337,#4085);
#4085 = DEFINITIONAL_REPRESENTATION('',(#4086),#4090);
#4086 = LINE('',#4087,#4088);
#4087 = CARTESIAN_POINT('',(-8.,153.5));
#4088 = VECTOR('',#4089,1.);
#4089 = DIRECTION('',(1.,0.));
#4090 = ( GEOMETRIC_REPRESENTATION_CONTEXT(2) 
PARAMETRIC_REPRESENTATION_CONTEXT() REPRESENTATION_CONTEXT('2D SPACE',''
  ) );
#4091 = PCURVE('',#4092,#4097);
#4092 = PLANE('',#4093);
#4093 = AXIS2_PLACEMENT_3D('',#4094,#4095,#4096);
#4094 = CARTESIAN_POINT('',(153.5,145.,-14.));
#4095 = DIRECTION('',(1.,0.,-0.));
#4096 = DIRECTION('',(0.,0.,1.));
#4097 = DEFINITIONAL_REPRESENTATION('',(#4098),#4102);
#4098 = LINE('',#4099,#4100);
#4099 = CARTESIAN_POINT('',(0.,-15.));
#4100 = VECTOR('',#4101,1.);
#4101 = DIRECTION('',(1.,0.));
#4102 = ( GEOMETRIC_REPRESENTATION_CONTEXT(2) 
PARAMETRIC_REPRESENTATION_CONTEXT() REPRESENTATION_CONTEXT('2D SPACE',''
  ) );
#4103 = ORIENTED_EDGE('',*,*,#4104,.F.);
#4104 = EDGE_CURVE('',#4105,#4077,#4107,.T.);
#4105 = VERTEX_POINT('',#4106);
#4106 = CARTESIAN_POINT('',(150.5,160.,-14.));
#4107 = SURFACE_CURVE('',#4108,(#4112,#4119),.PCURVE_S1.);
#4108 = LINE('',#4109,#4110);
#4109 = CARTESIAN_POINT('',(150.5,160.,-14.));
#4110 = VECTOR('',#4111,1.);
#4111 = DIRECTION('',(1.,0.,-0.));
#4112 = PCURVE('',#337,#4113);
#4113 = DEFINITIONAL_REPRESENTATION('',(#4114),#4118);
#4114 = LINE('',#4115,#4116);
#4115 = CARTESIAN_POINT('',(-8.,150.5));
#4116 = VECTOR('',#4117,1.);
#4117 = DIRECTION('',(0.,1.));
#4118 = ( GEOMETRIC_REPRESENTATION_CONTEXT(2) 
PARAMETRIC_REPRESENTATION_CONTEXT() REPRESENTATION_CONTEXT('2D SPACE',''
  ) );
#4119 = PCURVE('',#4120,#4125);
#4120 = PLANE('',#4121);
#4121 = AXIS2_PLACEMENT_3D('',#4122,#4123,#4124);
#4122 = CARTESIAN_POINT('',(151.,150.5,-14.));
#4123 = DIRECTION('',(0.,0.,1.));
#4124 = DIRECTION('',(1.,0.,-0.));
#4125 = DEFINITIONAL_REPRESENTATION('',(#4126),#4130);
#4126 = LINE('',#4127,#4128);
#4127 = CARTESIAN_POINT('',(-0.5,9.5));
#4128 = VECTOR('',#4129,1.);
#4129 = DIRECTION('',(1.,0.));
#4130 = ( GEOMETRIC_REPRESENTATION_CONTEXT(2) 
PARAMETRIC_REPRESENTATION_CONTEXT() REPRESENTATION_CONTEXT('2D SPACE',''
  ) );
#4131 = ORIENTED_EDGE('',*,*,#4132,.T.);
#4132 = EDGE_CURVE('',#4105,#616,#4133,.T.);
#4133 = SURFACE_CURVE('',#4134,(#4138,#4145),.PCURVE_S1.);
#4134 = LINE('',#4135,#4136);
#4135 = CARTESIAN_POINT('',(150.5,160.,-14.));
#4136 = VECTOR('',#4137,1.);
#4137 = DIRECTION('',(0.,0.,1.));
#4138 = PCURVE('',#337,#4139);
#4139 = DEFINITIONAL_REPRESENTATION('',(#4140),#4144);
#4140 = LINE('',#4141,#4142);
#4141 = CARTESIAN_POINT('',(-8.,150.5));
#4142 = VECTOR('',#4143,1.);
#4143 = DIRECTION('',(1.,0.));
#4144 = ( GEOMETRIC_REPRESENTATION_CONTEXT(2) 
PARAMETRIC_REPRESENTATION_CONTEXT() REPRESENTATION_CONTEXT('2D SPACE',''
  ) );
#4145 = PCURVE('',#631,#4146);
#4146 = DEFINITIONAL_REPRESENTATION('',(#4147),#4151);
#4147 = LINE('',#4148,#4149);
#4148 = CARTESIAN_POINT('',(0.,-15.));
#4149 = VECTOR('',#4150,1.);
#4150 = DIRECTION('',(1.,0.));
#4151 = ( GEOMETRIC_REPRESENTATION_CONTEXT(2) 
PARAMETRIC_REPRESENTATION_CONTEXT() REPRESENTATION_CONTEXT('2D SPACE',''
  ) );
#4152 = ORIENTED_EDGE('',*,*,#643,.F.);
#4153 = ORIENTED_EDGE('',*,*,#4154,.F.);
#4154 = EDGE_CURVE('',#4155,#644,#4157,.T.);
#4155 = VERTEX_POINT('',#4156);
#4156 = CARTESIAN_POINT('',(121.5,160.,-14.));
#4157 = SURFACE_CURVE('',#4158,(#4162,#4169),.PCURVE_S1.);
#4158 = LINE('',#4159,#4160);
#4159 = CARTESIAN_POINT('',(121.5,160.,-14.));
#4160 = VECTOR('',#4161,1.);
#4161 = DIRECTION('',(0.,0.,1.));
#4162 = PCURVE('',#337,#4163);
#4163 = DEFINITIONAL_REPRESENTATION('',(#4164),#4168);
#4164 = LINE('',#4165,#4166);
#4165 = CARTESIAN_POINT('',(-8.,121.5));
#4166 = VECTOR('',#4167,1.);
#4167 = DIRECTION('',(1.,0.));
#4168 = ( GEOMETRIC_REPRESENTATION_CONTEXT(2) 
PARAMETRIC_REPRESENTATION_CONTEXT() REPRESENTATION_CONTEXT('2D SPACE',''
  ) );
#4169 = PCURVE('',#682,#4170);
#4170 = DEFINITIONAL_REPRESENTATION('',(#4171),#4175);
#4171 = LINE('',#4172,#4173);
#4172 = CARTESIAN_POINT('',(0.,-55.));
#4173 = VECTOR('',#4174,1.);
#4174 = DIRECTION('',(1.,0.));
#4175 = ( GEOMETRIC_REPRESENTATION_CONTEXT(2) 
PARAMETRIC_REPRESENTATION_CONTEXT() REPRESENTATION_CONTEXT('2D SPACE',''
  ) );
#4176 = ORIENTED_EDGE('',*,*,#4177,.F.);
#4177 = EDGE_CURVE('',#4178,#4155,#4180,.T.);
#4178 = VERTEX_POINT('',#4179);
#4179 = CARTESIAN_POINT('',(118.5,160.,-14.));
#4180 = SURFACE_CURVE('',#4181,(#4185,#4192),.PCURVE_S1.);
#4181 = LINE('',#4182,#4183);
#4182 = CARTESIAN_POINT('',(118.5,160.,-14.));
#4183 = VECTOR('',#4184,1.);
#4184 = DIRECTION('',(1.,0.,-0.));
#4185 = PCURVE('',#337,#4186);
#4186 = DEFINITIONAL_REPRESENTATION('',(#4187),#4191);
#4187 = LINE('',#4188,#4189);
#4188 = CARTESIAN_POINT('',(-8.,118.5));
#4189 = VECTOR('',#4190,1.);
#4190 = DIRECTION('',(0.,1.));
#4191 = ( GEOMETRIC_REPRESENTATION_CONTEXT(2) 
PARAMETRIC_REPRESENTATION_CONTEXT() REPRESENTATION_CONTEXT('2D SPACE',''
  ) );
#4192 = PCURVE('',#4193,#4198);
#4193 = PLANE('',#4194);
#4194 = AXIS2_PLACEMENT_3D('',#4195,#4196,#4197);
#4195 = CARTESIAN_POINT('',(78.5,123.,-14.));
#4196 = DIRECTION('',(0.,0.,1.));
#4197 = DIRECTION('',(1.,0.,-0.));
#4198 = DEFINITIONAL_REPRESENTATION('',(#4199),#4203);
#4199 = LINE('',#4200,#4201);
#4200 = CARTESIAN_POINT('',(40.,37.));
#4201 = VECTOR('',#4202,1.);
#4202 = DIRECTION('',(1.,0.));
#4203 = ( GEOMETRIC_REPRESENTATION_CONTEXT(2) 
PARAMETRIC_REPRESENTATION_CONTEXT() REPRESENTATION_CONTEXT('2D SPACE',''
  ) );
#4204 = ORIENTED_EDGE('',*,*,#4205,.T.);
#4205 = EDGE_CURVE('',#4178,#4206,#4208,.T.);
#4206 = VERTEX_POINT('',#4207);
#4207 = CARTESIAN_POINT('',(118.5,160.,-6.));
#4208 = SURFACE_CURVE('',#4209,(#4213,#4220),.PCURVE_S1.);
#4209 = LINE('',#4210,#4211);
#4210 = CARTESIAN_POINT('',(118.5,160.,-14.));
#4211 = VECTOR('',#4212,1.);
#4212 = DIRECTION('',(0.,0.,1.));
#4213 = PCURVE('',#337,#4214);
#4214 = DEFINITIONAL_REPRESENTATION('',(#4215),#4219);
#4215 = LINE('',#4216,#4217);
#4216 = CARTESIAN_POINT('',(-8.,118.5));
#4217 = VECTOR('',#4218,1.);
#4218 = DIRECTION('',(1.,0.));
#4219 = ( GEOMETRIC_REPRESENTATION_CONTEXT(2) 
PARAMETRIC_REPRESENTATION_CONTEXT() REPRESENTATION_CONTEXT('2D SPACE',''
  ) );
#4220 = PCURVE('',#4221,#4226);
#4221 = PLANE('',#4222);
#4222 = AXIS2_PLACEMENT_3D('',#4223,#4224,#4225);
#4223 = CARTESIAN_POINT('',(118.5,105.,-14.));
#4224 = DIRECTION('',(1.,0.,-0.));
#4225 = DIRECTION('',(0.,0.,1.));
#4226 = DEFINITIONAL_REPRESENTATION('',(#4227),#4231);
#4227 = LINE('',#4228,#4229);
#4228 = CARTESIAN_POINT('',(0.,-55.));
#4229 = VECTOR('',#4230,1.);
#4230 = DIRECTION('',(1.,0.));
#4231 = ( GEOMETRIC_REPRESENTATION_CONTEXT(2) 
PARAMETRIC_REPRESENTATION_CONTEXT() REPRESENTATION_CONTEXT('2D SPACE',''
  ) );
#4232 = ORIENTED_EDGE('',*,*,#4233,.F.);
#4233 = EDGE_CURVE('',#4234,#4206,#4236,.T.);
#4234 = VERTEX_POINT('',#4235);
#4235 = CARTESIAN_POINT('',(81.5,160.,-6.));
#4236 = SURFACE_CURVE('',#4237,(#4241,#4248),.PCURVE_S1.);
#4237 = LINE('',#4238,#4239);
#4238 = CARTESIAN_POINT('',(0.,160.,-6.));
#4239 = VECTOR('',#4240,1.);
#4240 = DIRECTION('',(1.,0.,-0.));
#4241 = PCURVE('',#337,#4242);
#4242 = DEFINITIONAL_REPRESENTATION('',(#4243),#4247);
#4243 = LINE('',#4244,#4245);
#4244 = CARTESIAN_POINT('',(0.,0.));
#4245 = VECTOR('',#4246,1.);
#4246 = DIRECTION('',(0.,1.));
#4247 = ( GEOMETRIC_REPRESENTATION_CONTEXT(2) 
PARAMETRIC_REPRESENTATION_CONTEXT() REPRESENTATION_CONTEXT('2D SPACE',''
  ) );
#4248 = PCURVE('',#4249,#4254);
#4249 = PLANE('',#4250);
#4250 = AXIS2_PLACEMENT_3D('',#4251,#4252,#4253);
#4251 = CARTESIAN_POINT('',(0.,0.1,-6.));
#4252 = DIRECTION('',(0.,0.,1.));
#4253 = DIRECTION('',(1.,0.,-0.));
#4254 = DEFINITIONAL_REPRESENTATION('',(#4255),#4259);
#4255 = LINE('',#4256,#4257);
#4256 = CARTESIAN_POINT('',(0.,159.9));
#4257 = VECTOR('',#4258,1.);
#4258 = DIRECTION('',(1.,0.));
#4259 = ( GEOMETRIC_REPRESENTATION_CONTEXT(2) 
PARAMETRIC_REPRESENTATION_CONTEXT() REPRESENTATION_CONTEXT('2D SPACE',''
  ) );
#4260 = ORIENTED_EDGE('',*,*,#4261,.F.);
#4261 = EDGE_CURVE('',#4262,#4234,#4264,.T.);
#4262 = VERTEX_POINT('',#4263);
#4263 = CARTESIAN_POINT('',(81.5,160.,-14.));
#4264 = SURFACE_CURVE('',#4265,(#4269,#4276),.PCURVE_S1.);
#4265 = LINE('',#4266,#4267);
#4266 = CARTESIAN_POINT('',(81.5,160.,-14.));
#4267 = VECTOR('',#4268,1.);
#4268 = DIRECTION('',(0.,0.,1.));
#4269 = PCURVE('',#337,#4270);
#4270 = DEFINITIONAL_REPRESENTATION('',(#4271),#4275);
#4271 = LINE('',#4272,#4273);
#4272 = CARTESIAN_POINT('',(-8.,81.5));
#4273 = VECTOR('',#4274,1.);
#4274 = DIRECTION('',(1.,0.));
#4275 = ( GEOMETRIC_REPRESENTATION_CONTEXT(2) 
PARAMETRIC_REPRESENTATION_CONTEXT() REPRESENTATION_CONTEXT('2D SPACE',''
  ) );
#4276 = PCURVE('',#4277,#4282);
#4277 = PLANE('',#4278);
#4278 = AXIS2_PLACEMENT_3D('',#4279,#4280,#4281);
#4279 = CARTESIAN_POINT('',(81.5,123.,-14.));
#4280 = DIRECTION('',(1.,0.,-0.));
#4281 = DIRECTION('',(0.,0.,1.));
#4282 = DEFINITIONAL_REPRESENTATION('',(#4283),#4287);
#4283 = LINE('',#4284,#4285);
#4284 = CARTESIAN_POINT('',(0.,-37.));
#4285 = VECTOR('',#4286,1.);
#4286 = DIRECTION('',(1.,0.));
#4287 = ( GEOMETRIC_REPRESENTATION_CONTEXT(2) 
PARAMETRIC_REPRESENTATION_CONTEXT() REPRESENTATION_CONTEXT('2D SPACE',''
  ) );
#4288 = ORIENTED_EDGE('',*,*,#4289,.F.);
#4289 = EDGE_CURVE('',#4290,#4262,#4292,.T.);
#4290 = VERTEX_POINT('',#4291);
#4291 = CARTESIAN_POINT('',(78.5,160.,-14.));
#4292 = SURFACE_CURVE('',#4293,(#4297,#4304),.PCURVE_S1.);
#4293 = LINE('',#4294,#4295);
#4294 = CARTESIAN_POINT('',(78.5,160.,-14.));
#4295 = VECTOR('',#4296,1.);
#4296 = DIRECTION('',(1.,0.,-0.));
#4297 = PCURVE('',#337,#4298);
#4298 = DEFINITIONAL_REPRESENTATION('',(#4299),#4303);
#4299 = LINE('',#4300,#4301);
#4300 = CARTESIAN_POINT('',(-8.,78.5));
#4301 = VECTOR('',#4302,1.);
#4302 = DIRECTION('',(0.,1.));
#4303 = ( GEOMETRIC_REPRESENTATION_CONTEXT(2) 
PARAMETRIC_REPRESENTATION_CONTEXT() REPRESENTATION_CONTEXT('2D SPACE',''
  ) );
#4304 = PCURVE('',#4193,#4305);
#4305 = DEFINITIONAL_REPRESENTATION('',(#4306),#4310);
#4306 = LINE('',#4307,#4308);
#4307 = CARTESIAN_POINT('',(0.,37.));
#4308 = VECTOR('',#4309,1.);
#4309 = DIRECTION('',(1.,0.));
#4310 = ( GEOMETRIC_REPRESENTATION_CONTEXT(2) 
PARAMETRIC_REPRESENTATION_CONTEXT() REPRESENTATION_CONTEXT('2D SPACE',''
  ) );
#4311 = ORIENTED_EDGE('',*,*,#4312,.T.);
#4312 = EDGE_CURVE('',#4290,#1283,#4313,.T.);
#4313 = SURFACE_CURVE('',#4314,(#4318,#4325),.PCURVE_S1.);
#4314 = LINE('',#4315,#4316);
#4315 = CARTESIAN_POINT('',(78.5,160.,-14.));
#4316 = VECTOR('',#4317,1.);
#4317 = DIRECTION('',(0.,0.,1.));
#4318 = PCURVE('',#337,#4319);
#4319 = DEFINITIONAL_REPRESENTATION('',(#4320),#4324);
#4320 = LINE('',#4321,#4322);
#4321 = CARTESIAN_POINT('',(-8.,78.5));
#4322 = VECTOR('',#4323,1.);
#4323 = DIRECTION('',(1.,0.));
#4324 = ( GEOMETRIC_REPRESENTATION_CONTEXT(2) 
PARAMETRIC_REPRESENTATION_CONTEXT() REPRESENTATION_CONTEXT('2D SPACE',''
  ) );
#4325 = PCURVE('',#1298,#4326);
#4326 = DEFINITIONAL_REPRESENTATION('',(#4327),#4331);
#4327 = LINE('',#4328,#4329);
#4328 = CARTESIAN_POINT('',(0.,-37.));
#4329 = VECTOR('',#4330,1.);
#4330 = DIRECTION('',(1.,0.));
#4331 = ( GEOMETRIC_REPRESENTATION_CONTEXT(2) 
PARAMETRIC_REPRESENTATION_CONTEXT() REPRESENTATION_CONTEXT('2D SPACE',''
  ) );
#4332 = ORIENTED_EDGE('',*,*,#1310,.F.);
#4333 = ORIENTED_EDGE('',*,*,#4334,.F.);
#4334 = EDGE_CURVE('',#3830,#1311,#4335,.T.);
#4335 = SURFACE_CURVE('',#4336,(#4340,#4347),.PCURVE_S1.);
#4336 = LINE('',#4337,#4338);
#4337 = CARTESIAN_POINT('',(9.5,160.,-14.));
#4338 = VECTOR('',#4339,1.);
#4339 = DIRECTION('',(0.,0.,1.));
#4340 = PCURVE('',#337,#4341);
#4341 = DEFINITIONAL_REPRESENTATION('',(#4342),#4346);
#4342 = LINE('',#4343,#4344);
#4343 = CARTESIAN_POINT('',(-8.,9.5));
#4344 = VECTOR('',#4345,1.);
#4345 = DIRECTION('',(1.,0.));
#4346 = ( GEOMETRIC_REPRESENTATION_CONTEXT(2) 
PARAMETRIC_REPRESENTATION_CONTEXT() REPRESENTATION_CONTEXT('2D SPACE',''
  ) );
#4347 = PCURVE('',#1349,#4348);
#4348 = DEFINITIONAL_REPRESENTATION('',(#4349),#4353);
#4349 = LINE('',#4350,#4351);
#4350 = CARTESIAN_POINT('',(0.,-9.));
#4351 = VECTOR('',#4352,1.);
#4352 = DIRECTION('',(1.,0.));
#4353 = ( GEOMETRIC_REPRESENTATION_CONTEXT(2) 
PARAMETRIC_REPRESENTATION_CONTEXT() REPRESENTATION_CONTEXT('2D SPACE',''
  ) );
#4354 = ORIENTED_EDGE('',*,*,#3852,.F.);
#4355 = ORIENTED_EDGE('',*,*,#4356,.T.);
#4356 = EDGE_CURVE('',#3853,#3952,#4357,.T.);
#4357 = SURFACE_CURVE('',#4358,(#4362,#4369),.PCURVE_S1.);
#4358 = LINE('',#4359,#4360);
#4359 = CARTESIAN_POINT('',(6.5,160.,-14.));
#4360 = VECTOR('',#4361,1.);
#4361 = DIRECTION('',(0.,0.,1.));
#4362 = PCURVE('',#337,#4363);
#4363 = DEFINITIONAL_REPRESENTATION('',(#4364),#4368);
#4364 = LINE('',#4365,#4366);
#4365 = CARTESIAN_POINT('',(-8.,6.5));
#4366 = VECTOR('',#4367,1.);
#4367 = DIRECTION('',(1.,0.));
#4368 = ( GEOMETRIC_REPRESENTATION_CONTEXT(2) 
PARAMETRIC_REPRESENTATION_CONTEXT() REPRESENTATION_CONTEXT('2D SPACE',''
  ) );
#4369 = PCURVE('',#3889,#4370);
#4370 = DEFINITIONAL_REPRESENTATION('',(#4371),#4375);
#4371 = LINE('',#4372,#4373);
#4372 = CARTESIAN_POINT('',(0.,-9.));
#4373 = VECTOR('',#4374,1.);
#4374 = DIRECTION('',(1.,0.));
#4375 = ( GEOMETRIC_REPRESENTATION_CONTEXT(2) 
PARAMETRIC_REPRESENTATION_CONTEXT() REPRESENTATION_CONTEXT('2D SPACE',''
  ) );
#4376 = ADVANCED_FACE('',(#4377,#4949,#4975,#5006,#5037,#5063,#5089,
    #5120,#5146,#5172,#5203,#5234,#5260,#5286,#5312,#5343,#5369,#5400,
    #5426,#5452,#5478,#5509),#363,.T.);
#4377 = FACE_BOUND('',#4378,.T.);
#4378 = EDGE_LOOP('',(#4379,#4380,#4381,#4382,#4405,#4433,#4456,#4484,
    #4512,#4540,#4563,#4591,#4619,#4648,#4676,#4705,#4733,#4757,#4785,
    #4814,#4842,#4871,#4899,#4928));
#4379 = ORIENTED_EDGE('',*,*,#4002,.F.);
#4380 = ORIENTED_EDGE('',*,*,#349,.F.);
#4381 = ORIENTED_EDGE('',*,*,#430,.T.);
#4382 = ORIENTED_EDGE('',*,*,#4383,.T.);
#4383 = EDGE_CURVE('',#431,#4384,#4386,.T.);
#4384 = VERTEX_POINT('',#4385);
#4385 = CARTESIAN_POINT('',(127.75,3.,0.));
#4386 = SURFACE_CURVE('',#4387,(#4391,#4398),.PCURVE_S1.);
#4387 = LINE('',#4388,#4389);
#4388 = CARTESIAN_POINT('',(127.75,-46.25,0.));
#4389 = VECTOR('',#4390,1.);
#4390 = DIRECTION('',(-0.,1.,0.));
#4391 = PCURVE('',#363,#4392);
#4392 = DEFINITIONAL_REPRESENTATION('',(#4393),#4397);
#4393 = LINE('',#4394,#4395);
#4394 = CARTESIAN_POINT('',(127.75,-46.35));
#4395 = VECTOR('',#4396,1.);
#4396 = DIRECTION('',(0.,1.));
#4397 = ( GEOMETRIC_REPRESENTATION_CONTEXT(2) 
PARAMETRIC_REPRESENTATION_CONTEXT() REPRESENTATION_CONTEXT('2D SPACE',''
  ) );
#4398 = PCURVE('',#468,#4399);
#4399 = DEFINITIONAL_REPRESENTATION('',(#4400),#4404);
#4400 = LINE('',#4401,#4402);
#4401 = CARTESIAN_POINT('',(1.2,0.));
#4402 = VECTOR('',#4403,1.);
#4403 = DIRECTION('',(0.,-1.));
#4404 = ( GEOMETRIC_REPRESENTATION_CONTEXT(2) 
PARAMETRIC_REPRESENTATION_CONTEXT() REPRESENTATION_CONTEXT('2D SPACE',''
  ) );
#4405 = ORIENTED_EDGE('',*,*,#4406,.T.);
#4406 = EDGE_CURVE('',#4384,#4407,#4409,.T.);
#4407 = VERTEX_POINT('',#4408);
#4408 = CARTESIAN_POINT('',(159.9,3.,0.));
#4409 = SURFACE_CURVE('',#4410,(#4414,#4421),.PCURVE_S1.);
#4410 = LINE('',#4411,#4412);
#4411 = CARTESIAN_POINT('',(113.75,3.,0.));
#4412 = VECTOR('',#4413,1.);
#4413 = DIRECTION('',(1.,0.,-0.));
#4414 = PCURVE('',#363,#4415);
#4415 = DEFINITIONAL_REPRESENTATION('',(#4416),#4420);
#4416 = LINE('',#4417,#4418);
#4417 = CARTESIAN_POINT('',(113.75,2.9));
#4418 = VECTOR('',#4419,1.);
#4419 = DIRECTION('',(1.,0.));
#4420 = ( GEOMETRIC_REPRESENTATION_CONTEXT(2) 
PARAMETRIC_REPRESENTATION_CONTEXT() REPRESENTATION_CONTEXT('2D SPACE',''
  ) );
#4421 = PCURVE('',#4422,#4427);
#4422 = PLANE('',#4423);
#4423 = AXIS2_PLACEMENT_3D('',#4424,#4425,#4426);
#4424 = CARTESIAN_POINT('',(113.75,3.,-6.));
#4425 = DIRECTION('',(-0.,1.,0.));
#4426 = DIRECTION('',(0.,0.,1.));
#4427 = DEFINITIONAL_REPRESENTATION('',(#4428),#4432);
#4428 = LINE('',#4429,#4430);
#4429 = CARTESIAN_POINT('',(6.,0.));
#4430 = VECTOR('',#4431,1.);
#4431 = DIRECTION('',(0.,1.));
#4432 = ( GEOMETRIC_REPRESENTATION_CONTEXT(2) 
PARAMETRIC_REPRESENTATION_CONTEXT() REPRESENTATION_CONTEXT('2D SPACE',''
  ) );
#4433 = ORIENTED_EDGE('',*,*,#4434,.T.);
#4434 = EDGE_CURVE('',#4407,#4435,#4437,.T.);
#4435 = VERTEX_POINT('',#4436);
#4436 = CARTESIAN_POINT('',(159.9,6.,0.));
#4437 = SURFACE_CURVE('',#4438,(#4442,#4449),.PCURVE_S1.);
#4438 = LINE('',#4439,#4440);
#4439 = CARTESIAN_POINT('',(159.9,0.1,0.));
#4440 = VECTOR('',#4441,1.);
#4441 = DIRECTION('',(-0.,1.,0.));
#4442 = PCURVE('',#363,#4443);
#4443 = DEFINITIONAL_REPRESENTATION('',(#4444),#4448);
#4444 = LINE('',#4445,#4446);
#4445 = CARTESIAN_POINT('',(159.9,0.));
#4446 = VECTOR('',#4447,1.);
#4447 = DIRECTION('',(0.,1.));
#4448 = ( GEOMETRIC_REPRESENTATION_CONTEXT(2) 
PARAMETRIC_REPRESENTATION_CONTEXT() REPRESENTATION_CONTEXT('2D SPACE',''
  ) );
#4449 = PCURVE('',#396,#4450);
#4450 = DEFINITIONAL_REPRESENTATION('',(#4451),#4455);
#4451 = LINE('',#4452,#4453);
#4452 = CARTESIAN_POINT('',(6.,0.));
#4453 = VECTOR('',#4454,1.);
#4454 = DIRECTION('',(0.,-1.));
#4455 = ( GEOMETRIC_REPRESENTATION_CONTEXT(2) 
PARAMETRIC_REPRESENTATION_CONTEXT() REPRESENTATION_CONTEXT('2D SPACE',''
  ) );
#4456 = ORIENTED_EDGE('',*,*,#4457,.F.);
#4457 = EDGE_CURVE('',#4458,#4435,#4460,.T.);
#4458 = VERTEX_POINT('',#4459);
#4459 = CARTESIAN_POINT('',(127.75,6.,0.));
#4460 = SURFACE_CURVE('',#4461,(#4465,#4472),.PCURVE_S1.);
#4461 = LINE('',#4462,#4463);
#4462 = CARTESIAN_POINT('',(113.75,6.,0.));
#4463 = VECTOR('',#4464,1.);
#4464 = DIRECTION('',(1.,0.,-0.));
#4465 = PCURVE('',#363,#4466);
#4466 = DEFINITIONAL_REPRESENTATION('',(#4467),#4471);
#4467 = LINE('',#4468,#4469);
#4468 = CARTESIAN_POINT('',(113.75,5.9));
#4469 = VECTOR('',#4470,1.);
#4470 = DIRECTION('',(1.,0.));
#4471 = ( GEOMETRIC_REPRESENTATION_CONTEXT(2) 
PARAMETRIC_REPRESENTATION_CONTEXT() REPRESENTATION_CONTEXT('2D SPACE',''
  ) );
#4472 = PCURVE('',#4473,#4478);
#4473 = PLANE('',#4474);
#4474 = AXIS2_PLACEMENT_3D('',#4475,#4476,#4477);
#4475 = CARTESIAN_POINT('',(113.75,6.,-6.));
#4476 = DIRECTION('',(-0.,1.,0.));
#4477 = DIRECTION('',(0.,0.,1.));
#4478 = DEFINITIONAL_REPRESENTATION('',(#4479),#4483);
#4479 = LINE('',#4480,#4481);
#4480 = CARTESIAN_POINT('',(6.,0.));
#4481 = VECTOR('',#4482,1.);
#4482 = DIRECTION('',(0.,1.));
#4483 = ( GEOMETRIC_REPRESENTATION_CONTEXT(2) 
PARAMETRIC_REPRESENTATION_CONTEXT() REPRESENTATION_CONTEXT('2D SPACE',''
  ) );
#4484 = ORIENTED_EDGE('',*,*,#4485,.T.);
#4485 = EDGE_CURVE('',#4458,#4486,#4488,.T.);
#4486 = VERTEX_POINT('',#4487);
#4487 = CARTESIAN_POINT('',(127.75,9.,0.));
#4488 = SURFACE_CURVE('',#4489,(#4493,#4500),.PCURVE_S1.);
#4489 = LINE('',#4490,#4491);
#4490 = CARTESIAN_POINT('',(127.75,-46.25,0.));
#4491 = VECTOR('',#4492,1.);
#4492 = DIRECTION('',(-0.,1.,0.));
#4493 = PCURVE('',#363,#4494);
#4494 = DEFINITIONAL_REPRESENTATION('',(#4495),#4499);
#4495 = LINE('',#4496,#4497);
#4496 = CARTESIAN_POINT('',(127.75,-46.35));
#4497 = VECTOR('',#4498,1.);
#4498 = DIRECTION('',(0.,1.));
#4499 = ( GEOMETRIC_REPRESENTATION_CONTEXT(2) 
PARAMETRIC_REPRESENTATION_CONTEXT() REPRESENTATION_CONTEXT('2D SPACE',''
  ) );
#4500 = PCURVE('',#4501,#4506);
#4501 = PLANE('',#4502);
#4502 = AXIS2_PLACEMENT_3D('',#4503,#4504,#4505);
#4503 = CARTESIAN_POINT('',(127.75,-46.25,-1.2));
#4504 = DIRECTION('',(1.,0.,-0.));
#4505 = DIRECTION('',(0.,0.,1.));
#4506 = DEFINITIONAL_REPRESENTATION('',(#4507),#4511);
#4507 = LINE('',#4508,#4509);
#4508 = CARTESIAN_POINT('',(1.2,0.));
#4509 = VECTOR('',#4510,1.);
#4510 = DIRECTION('',(0.,-1.));
#4511 = ( GEOMETRIC_REPRESENTATION_CONTEXT(2) 
PARAMETRIC_REPRESENTATION_CONTEXT() REPRESENTATION_CONTEXT('2D SPACE',''
  ) );
#4512 = ORIENTED_EDGE('',*,*,#4513,.T.);
#4513 = EDGE_CURVE('',#4486,#4514,#4516,.T.);
#4514 = VERTEX_POINT('',#4515);
#4515 = CARTESIAN_POINT('',(159.9,9.,0.));
#4516 = SURFACE_CURVE('',#4517,(#4521,#4528),.PCURVE_S1.);
#4517 = LINE('',#4518,#4519);
#4518 = CARTESIAN_POINT('',(113.75,9.,0.));
#4519 = VECTOR('',#4520,1.);
#4520 = DIRECTION('',(1.,0.,-0.));
#4521 = PCURVE('',#363,#4522);
#4522 = DEFINITIONAL_REPRESENTATION('',(#4523),#4527);
#4523 = LINE('',#4524,#4525);
#4524 = CARTESIAN_POINT('',(113.75,8.9));
#4525 = VECTOR('',#4526,1.);
#4526 = DIRECTION('',(1.,0.));
#4527 = ( GEOMETRIC_REPRESENTATION_CONTEXT(2) 
PARAMETRIC_REPRESENTATION_CONTEXT() REPRESENTATION_CONTEXT('2D SPACE',''
  ) );
#4528 = PCURVE('',#4529,#4534);
#4529 = PLANE('',#4530);
#4530 = AXIS2_PLACEMENT_3D('',#4531,#4532,#4533);
#4531 = CARTESIAN_POINT('',(113.75,9.,-6.));
#4532 = DIRECTION('',(-0.,1.,0.));
#4533 = DIRECTION('',(0.,0.,1.));
#4534 = DEFINITIONAL_REPRESENTATION('',(#4535),#4539);
#4535 = LINE('',#4536,#4537);
#4536 = CARTESIAN_POINT('',(6.,0.));
#4537 = VECTOR('',#4538,1.);
#4538 = DIRECTION('',(0.,1.));
#4539 = ( GEOMETRIC_REPRESENTATION_CONTEXT(2) 
PARAMETRIC_REPRESENTATION_CONTEXT() REPRESENTATION_CONTEXT('2D SPACE',''
  ) );
#4540 = ORIENTED_EDGE('',*,*,#4541,.T.);
#4541 = EDGE_CURVE('',#4514,#4542,#4544,.T.);
#4542 = VERTEX_POINT('',#4543);
#4543 = CARTESIAN_POINT('',(159.9,12.,0.));
#4544 = SURFACE_CURVE('',#4545,(#4549,#4556),.PCURVE_S1.);
#4545 = LINE('',#4546,#4547);
#4546 = CARTESIAN_POINT('',(159.9,0.1,0.));
#4547 = VECTOR('',#4548,1.);
#4548 = DIRECTION('',(-0.,1.,0.));
#4549 = PCURVE('',#363,#4550);
#4550 = DEFINITIONAL_REPRESENTATION('',(#4551),#4555);
#4551 = LINE('',#4552,#4553);
#4552 = CARTESIAN_POINT('',(159.9,0.));
#4553 = VECTOR('',#4554,1.);
#4554 = DIRECTION('',(0.,1.));
#4555 = ( GEOMETRIC_REPRESENTATION_CONTEXT(2) 
PARAMETRIC_REPRESENTATION_CONTEXT() REPRESENTATION_CONTEXT('2D SPACE',''
  ) );
#4556 = PCURVE('',#396,#4557);
#4557 = DEFINITIONAL_REPRESENTATION('',(#4558),#4562);
#4558 = LINE('',#4559,#4560);
#4559 = CARTESIAN_POINT('',(6.,0.));
#4560 = VECTOR('',#4561,1.);
#4561 = DIRECTION('',(0.,-1.));
#4562 = ( GEOMETRIC_REPRESENTATION_CONTEXT(2) 
PARAMETRIC_REPRESENTATION_CONTEXT() REPRESENTATION_CONTEXT('2D SPACE',''
  ) );
#4563 = ORIENTED_EDGE('',*,*,#4564,.F.);
#4564 = EDGE_CURVE('',#4565,#4542,#4567,.T.);
#4565 = VERTEX_POINT('',#4566);
#4566 = CARTESIAN_POINT('',(127.75,12.,0.));
#4567 = SURFACE_CURVE('',#4568,(#4572,#4579),.PCURVE_S1.);
#4568 = LINE('',#4569,#4570);
#4569 = CARTESIAN_POINT('',(113.75,12.,0.));
#4570 = VECTOR('',#4571,1.);
#4571 = DIRECTION('',(1.,0.,-0.));
#4572 = PCURVE('',#363,#4573);
#4573 = DEFINITIONAL_REPRESENTATION('',(#4574),#4578);
#4574 = LINE('',#4575,#4576);
#4575 = CARTESIAN_POINT('',(113.75,11.9));
#4576 = VECTOR('',#4577,1.);
#4577 = DIRECTION('',(1.,0.));
#4578 = ( GEOMETRIC_REPRESENTATION_CONTEXT(2) 
PARAMETRIC_REPRESENTATION_CONTEXT() REPRESENTATION_CONTEXT('2D SPACE',''
  ) );
#4579 = PCURVE('',#4580,#4585);
#4580 = PLANE('',#4581);
#4581 = AXIS2_PLACEMENT_3D('',#4582,#4583,#4584);
#4582 = CARTESIAN_POINT('',(113.75,12.,-6.));
#4583 = DIRECTION('',(-0.,1.,0.));
#4584 = DIRECTION('',(0.,0.,1.));
#4585 = DEFINITIONAL_REPRESENTATION('',(#4586),#4590);
#4586 = LINE('',#4587,#4588);
#4587 = CARTESIAN_POINT('',(6.,0.));
#4588 = VECTOR('',#4589,1.);
#4589 = DIRECTION('',(0.,1.));
#4590 = ( GEOMETRIC_REPRESENTATION_CONTEXT(2) 
PARAMETRIC_REPRESENTATION_CONTEXT() REPRESENTATION_CONTEXT('2D SPACE',''
  ) );
#4591 = ORIENTED_EDGE('',*,*,#4592,.T.);
#4592 = EDGE_CURVE('',#4565,#4593,#4595,.T.);
#4593 = VERTEX_POINT('',#4594);
#4594 = CARTESIAN_POINT('',(127.75,12.0839202169,0.));
#4595 = SURFACE_CURVE('',#4596,(#4600,#4607),.PCURVE_S1.);
#4596 = LINE('',#4597,#4598);
#4597 = CARTESIAN_POINT('',(127.75,-46.25,0.));
#4598 = VECTOR('',#4599,1.);
#4599 = DIRECTION('',(-0.,1.,0.));
#4600 = PCURVE('',#363,#4601);
#4601 = DEFINITIONAL_REPRESENTATION('',(#4602),#4606);
#4602 = LINE('',#4603,#4604);
#4603 = CARTESIAN_POINT('',(127.75,-46.35));
#4604 = VECTOR('',#4605,1.);
#4605 = DIRECTION('',(0.,1.));
#4606 = ( GEOMETRIC_REPRESENTATION_CONTEXT(2) 
PARAMETRIC_REPRESENTATION_CONTEXT() REPRESENTATION_CONTEXT('2D SPACE',''
  ) );
#4607 = PCURVE('',#4608,#4613);
#4608 = PLANE('',#4609);
#4609 = AXIS2_PLACEMENT_3D('',#4610,#4611,#4612);
#4610 = CARTESIAN_POINT('',(127.75,-46.25,-1.2));
#4611 = DIRECTION('',(1.,0.,-0.));
#4612 = DIRECTION('',(0.,0.,1.));
#4613 = DEFINITIONAL_REPRESENTATION('',(#4614),#4618);
#4614 = LINE('',#4615,#4616);
#4615 = CARTESIAN_POINT('',(1.2,0.));
#4616 = VECTOR('',#4617,1.);
#4617 = DIRECTION('',(0.,-1.));
#4618 = ( GEOMETRIC_REPRESENTATION_CONTEXT(2) 
PARAMETRIC_REPRESENTATION_CONTEXT() REPRESENTATION_CONTEXT('2D SPACE',''
  ) );
#4619 = ORIENTED_EDGE('',*,*,#4620,.F.);
#4620 = EDGE_CURVE('',#4621,#4593,#4623,.T.);
#4621 = VERTEX_POINT('',#4622);
#4622 = CARTESIAN_POINT('',(127.66237582645,12.,0.));
#4623 = SURFACE_CURVE('',#4624,(#4629,#4636),.PCURVE_S1.);
#4624 = CIRCLE('',#4625,8.25);
#4625 = AXIS2_PLACEMENT_3D('',#4626,#4627,#4628);
#4626 = CARTESIAN_POINT('',(122.,18.,0.));
#4627 = DIRECTION('',(0.,0.,1.));
#4628 = DIRECTION('',(1.,0.,-0.));
#4629 = PCURVE('',#363,#4630);
#4630 = DEFINITIONAL_REPRESENTATION('',(#4631),#4635);
#4631 = CIRCLE('',#4632,8.25);
#4632 = AXIS2_PLACEMENT_2D('',#4633,#4634);
#4633 = CARTESIAN_POINT('',(122.,17.9));
#4634 = DIRECTION('',(1.,0.));
#4635 = ( GEOMETRIC_REPRESENTATION_CONTEXT(2) 
PARAMETRIC_REPRESENTATION_CONTEXT() REPRESENTATION_CONTEXT('2D SPACE',''
  ) );
#4636 = PCURVE('',#4637,#4642);
#4637 = CYLINDRICAL_SURFACE('',#4638,8.25);
#4638 = AXIS2_PLACEMENT_3D('',#4639,#4640,#4641);
#4639 = CARTESIAN_POINT('',(122.,18.,-1.2));
#4640 = DIRECTION('',(0.,0.,1.));
#4641 = DIRECTION('',(1.,0.,-0.));
#4642 = DEFINITIONAL_REPRESENTATION('',(#4643),#4647);
#4643 = LINE('',#4644,#4645);
#4644 = CARTESIAN_POINT('',(0.,1.2));
#4645 = VECTOR('',#4646,1.);
#4646 = DIRECTION('',(1.,0.));
#4647 = ( GEOMETRIC_REPRESENTATION_CONTEXT(2) 
PARAMETRIC_REPRESENTATION_CONTEXT() REPRESENTATION_CONTEXT('2D SPACE',''
  ) );
#4648 = ORIENTED_EDGE('',*,*,#4649,.F.);
#4649 = EDGE_CURVE('',#4650,#4621,#4652,.T.);
#4650 = VERTEX_POINT('',#4651);
#4651 = CARTESIAN_POINT('',(116.33762417354,12.,0.));
#4652 = SURFACE_CURVE('',#4653,(#4657,#4664),.PCURVE_S1.);
#4653 = LINE('',#4654,#4655);
#4654 = CARTESIAN_POINT('',(113.75,12.,0.));
#4655 = VECTOR('',#4656,1.);
#4656 = DIRECTION('',(1.,0.,-0.));
#4657 = PCURVE('',#363,#4658);
#4658 = DEFINITIONAL_REPRESENTATION('',(#4659),#4663);
#4659 = LINE('',#4660,#4661);
#4660 = CARTESIAN_POINT('',(113.75,11.9));
#4661 = VECTOR('',#4662,1.);
#4662 = DIRECTION('',(1.,0.));
#4663 = ( GEOMETRIC_REPRESENTATION_CONTEXT(2) 
PARAMETRIC_REPRESENTATION_CONTEXT() REPRESENTATION_CONTEXT('2D SPACE',''
  ) );
#4664 = PCURVE('',#4665,#4670);
#4665 = PLANE('',#4666);
#4666 = AXIS2_PLACEMENT_3D('',#4667,#4668,#4669);
#4667 = CARTESIAN_POINT('',(113.75,12.,-6.));
#4668 = DIRECTION('',(-0.,1.,0.));
#4669 = DIRECTION('',(0.,0.,1.));
#4670 = DEFINITIONAL_REPRESENTATION('',(#4671),#4675);
#4671 = LINE('',#4672,#4673);
#4672 = CARTESIAN_POINT('',(6.,0.));
#4673 = VECTOR('',#4674,1.);
#4674 = DIRECTION('',(0.,1.));
#4675 = ( GEOMETRIC_REPRESENTATION_CONTEXT(2) 
PARAMETRIC_REPRESENTATION_CONTEXT() REPRESENTATION_CONTEXT('2D SPACE',''
  ) );
#4676 = ORIENTED_EDGE('',*,*,#4677,.F.);
#4677 = EDGE_CURVE('',#4678,#4650,#4680,.T.);
#4678 = VERTEX_POINT('',#4679);
#4679 = CARTESIAN_POINT('',(113.9960947032,16.,0.));
#4680 = SURFACE_CURVE('',#4681,(#4686,#4693),.PCURVE_S1.);
#4681 = CIRCLE('',#4682,8.25);
#4682 = AXIS2_PLACEMENT_3D('',#4683,#4684,#4685);
#4683 = CARTESIAN_POINT('',(122.,18.,0.));
#4684 = DIRECTION('',(0.,0.,1.));
#4685 = DIRECTION('',(1.,0.,-0.));
#4686 = PCURVE('',#363,#4687);
#4687 = DEFINITIONAL_REPRESENTATION('',(#4688),#4692);
#4688 = CIRCLE('',#4689,8.25);
#4689 = AXIS2_PLACEMENT_2D('',#4690,#4691);
#4690 = CARTESIAN_POINT('',(122.,17.9));
#4691 = DIRECTION('',(1.,0.));
#4692 = ( GEOMETRIC_REPRESENTATION_CONTEXT(2) 
PARAMETRIC_REPRESENTATION_CONTEXT() REPRESENTATION_CONTEXT('2D SPACE',''
  ) );
#4693 = PCURVE('',#4694,#4699);
#4694 = CYLINDRICAL_SURFACE('',#4695,8.25);
#4695 = AXIS2_PLACEMENT_3D('',#4696,#4697,#4698);
#4696 = CARTESIAN_POINT('',(122.,18.,-1.2));
#4697 = DIRECTION('',(0.,0.,1.));
#4698 = DIRECTION('',(1.,0.,-0.));
#4699 = DEFINITIONAL_REPRESENTATION('',(#4700),#4704);
#4700 = LINE('',#4701,#4702);
#4701 = CARTESIAN_POINT('',(0.,1.2));
#4702 = VECTOR('',#4703,1.);
#4703 = DIRECTION('',(1.,0.));
#4704 = ( GEOMETRIC_REPRESENTATION_CONTEXT(2) 
PARAMETRIC_REPRESENTATION_CONTEXT() REPRESENTATION_CONTEXT('2D SPACE',''
  ) );
#4705 = ORIENTED_EDGE('',*,*,#4706,.T.);
#4706 = EDGE_CURVE('',#4678,#4707,#4709,.T.);
#4707 = VERTEX_POINT('',#4708);
#4708 = CARTESIAN_POINT('',(120.96922359359,16.,0.));
#4709 = SURFACE_CURVE('',#4710,(#4714,#4721),.PCURVE_S1.);
#4710 = LINE('',#4711,#4712);
#4711 = CARTESIAN_POINT('',(113.75,16.,0.));
#4712 = VECTOR('',#4713,1.);
#4713 = DIRECTION('',(1.,0.,-0.));
#4714 = PCURVE('',#363,#4715);
#4715 = DEFINITIONAL_REPRESENTATION('',(#4716),#4720);
#4716 = LINE('',#4717,#4718);
#4717 = CARTESIAN_POINT('',(113.75,15.9));
#4718 = VECTOR('',#4719,1.);
#4719 = DIRECTION('',(1.,0.));
#4720 = ( GEOMETRIC_REPRESENTATION_CONTEXT(2) 
PARAMETRIC_REPRESENTATION_CONTEXT() REPRESENTATION_CONTEXT('2D SPACE',''
  ) );
#4721 = PCURVE('',#4722,#4727);
#4722 = PLANE('',#4723);
#4723 = AXIS2_PLACEMENT_3D('',#4724,#4725,#4726);
#4724 = CARTESIAN_POINT('',(113.75,16.,-6.));
#4725 = DIRECTION('',(-0.,1.,0.));
#4726 = DIRECTION('',(0.,0.,1.));
#4727 = DEFINITIONAL_REPRESENTATION('',(#4728),#4732);
#4728 = LINE('',#4729,#4730);
#4729 = CARTESIAN_POINT('',(6.,0.));
#4730 = VECTOR('',#4731,1.);
#4731 = DIRECTION('',(0.,1.));
#4732 = ( GEOMETRIC_REPRESENTATION_CONTEXT(2) 
PARAMETRIC_REPRESENTATION_CONTEXT() REPRESENTATION_CONTEXT('2D SPACE',''
  ) );
#4733 = ORIENTED_EDGE('',*,*,#4734,.F.);
#4734 = EDGE_CURVE('',#4735,#4707,#4737,.T.);
#4735 = VERTEX_POINT('',#4736);
#4736 = CARTESIAN_POINT('',(119.98443556292,19.,0.));
#4737 = SURFACE_CURVE('',#4738,(#4743,#4750),.PCURVE_S1.);
#4738 = CIRCLE('',#4739,2.25);
#4739 = AXIS2_PLACEMENT_3D('',#4740,#4741,#4742);
#4740 = CARTESIAN_POINT('',(122.,18.,0.));
#4741 = DIRECTION('',(0.,0.,1.));
#4742 = DIRECTION('',(1.,0.,-0.));
#4743 = PCURVE('',#363,#4744);
#4744 = DEFINITIONAL_REPRESENTATION('',(#4745),#4749);
#4745 = CIRCLE('',#4746,2.25);
#4746 = AXIS2_PLACEMENT_2D('',#4747,#4748);
#4747 = CARTESIAN_POINT('',(122.,17.9));
#4748 = DIRECTION('',(1.,0.));
#4749 = ( GEOMETRIC_REPRESENTATION_CONTEXT(2) 
PARAMETRIC_REPRESENTATION_CONTEXT() REPRESENTATION_CONTEXT('2D SPACE',''
  ) );
#4750 = PCURVE('',#2257,#4751);
#4751 = DEFINITIONAL_REPRESENTATION('',(#4752),#4756);
#4752 = LINE('',#4753,#4754);
#4753 = CARTESIAN_POINT('',(0.,14.));
#4754 = VECTOR('',#4755,1.);
#4755 = DIRECTION('',(1.,0.));
#4756 = ( GEOMETRIC_REPRESENTATION_CONTEXT(2) 
PARAMETRIC_REPRESENTATION_CONTEXT() REPRESENTATION_CONTEXT('2D SPACE',''
  ) );
#4757 = ORIENTED_EDGE('',*,*,#4758,.F.);
#4758 = EDGE_CURVE('',#4759,#4735,#4761,.T.);
#4759 = VERTEX_POINT('',#4760);
#4760 = CARTESIAN_POINT('',(113.81083032292,19.,0.));
#4761 = SURFACE_CURVE('',#4762,(#4766,#4773),.PCURVE_S1.);
#4762 = LINE('',#4763,#4764);
#4763 = CARTESIAN_POINT('',(113.75,19.,0.));
#4764 = VECTOR('',#4765,1.);
#4765 = DIRECTION('',(1.,0.,-0.));
#4766 = PCURVE('',#363,#4767);
#4767 = DEFINITIONAL_REPRESENTATION('',(#4768),#4772);
#4768 = LINE('',#4769,#4770);
#4769 = CARTESIAN_POINT('',(113.75,18.9));
#4770 = VECTOR('',#4771,1.);
#4771 = DIRECTION('',(1.,0.));
#4772 = ( GEOMETRIC_REPRESENTATION_CONTEXT(2) 
PARAMETRIC_REPRESENTATION_CONTEXT() REPRESENTATION_CONTEXT('2D SPACE',''
  ) );
#4773 = PCURVE('',#4774,#4779);
#4774 = PLANE('',#4775);
#4775 = AXIS2_PLACEMENT_3D('',#4776,#4777,#4778);
#4776 = CARTESIAN_POINT('',(113.75,19.,-6.));
#4777 = DIRECTION('',(-0.,1.,0.));
#4778 = DIRECTION('',(0.,0.,1.));
#4779 = DEFINITIONAL_REPRESENTATION('',(#4780),#4784);
#4780 = LINE('',#4781,#4782);
#4781 = CARTESIAN_POINT('',(6.,0.));
#4782 = VECTOR('',#4783,1.);
#4783 = DIRECTION('',(0.,1.));
#4784 = ( GEOMETRIC_REPRESENTATION_CONTEXT(2) 
PARAMETRIC_REPRESENTATION_CONTEXT() REPRESENTATION_CONTEXT('2D SPACE',''
  ) );
#4785 = ORIENTED_EDGE('',*,*,#4786,.F.);
#4786 = EDGE_CURVE('',#4787,#4759,#4789,.T.);
#4787 = VERTEX_POINT('',#4788);
#4788 = CARTESIAN_POINT('',(116.33762417354,24.,0.));
#4789 = SURFACE_CURVE('',#4790,(#4795,#4802),.PCURVE_S1.);
#4790 = CIRCLE('',#4791,8.25);
#4791 = AXIS2_PLACEMENT_3D('',#4792,#4793,#4794);
#4792 = CARTESIAN_POINT('',(122.,18.,0.));
#4793 = DIRECTION('',(0.,0.,1.));
#4794 = DIRECTION('',(1.,0.,-0.));
#4795 = PCURVE('',#363,#4796);
#4796 = DEFINITIONAL_REPRESENTATION('',(#4797),#4801);
#4797 = CIRCLE('',#4798,8.25);
#4798 = AXIS2_PLACEMENT_2D('',#4799,#4800);
#4799 = CARTESIAN_POINT('',(122.,17.9));
#4800 = DIRECTION('',(1.,0.));
#4801 = ( GEOMETRIC_REPRESENTATION_CONTEXT(2) 
PARAMETRIC_REPRESENTATION_CONTEXT() REPRESENTATION_CONTEXT('2D SPACE',''
  ) );
#4802 = PCURVE('',#4803,#4808);
#4803 = CYLINDRICAL_SURFACE('',#4804,8.25);
#4804 = AXIS2_PLACEMENT_3D('',#4805,#4806,#4807);
#4805 = CARTESIAN_POINT('',(122.,18.,-1.2));
#4806 = DIRECTION('',(0.,0.,1.));
#4807 = DIRECTION('',(1.,0.,-0.));
#4808 = DEFINITIONAL_REPRESENTATION('',(#4809),#4813);
#4809 = LINE('',#4810,#4811);
#4810 = CARTESIAN_POINT('',(0.,1.2));
#4811 = VECTOR('',#4812,1.);
#4812 = DIRECTION('',(1.,0.));
#4813 = ( GEOMETRIC_REPRESENTATION_CONTEXT(2) 
PARAMETRIC_REPRESENTATION_CONTEXT() REPRESENTATION_CONTEXT('2D SPACE',''
  ) );
#4814 = ORIENTED_EDGE('',*,*,#4815,.T.);
#4815 = EDGE_CURVE('',#4787,#4816,#4818,.T.);
#4816 = VERTEX_POINT('',#4817);
#4817 = CARTESIAN_POINT('',(127.66237582645,24.,0.));
#4818 = SURFACE_CURVE('',#4819,(#4823,#4830),.PCURVE_S1.);
#4819 = LINE('',#4820,#4821);
#4820 = CARTESIAN_POINT('',(113.75,24.,0.));
#4821 = VECTOR('',#4822,1.);
#4822 = DIRECTION('',(1.,0.,-0.));
#4823 = PCURVE('',#363,#4824);
#4824 = DEFINITIONAL_REPRESENTATION('',(#4825),#4829);
#4825 = LINE('',#4826,#4827);
#4826 = CARTESIAN_POINT('',(113.75,23.9));
#4827 = VECTOR('',#4828,1.);
#4828 = DIRECTION('',(1.,0.));
#4829 = ( GEOMETRIC_REPRESENTATION_CONTEXT(2) 
PARAMETRIC_REPRESENTATION_CONTEXT() REPRESENTATION_CONTEXT('2D SPACE',''
  ) );
#4830 = PCURVE('',#4831,#4836);
#4831 = PLANE('',#4832);
#4832 = AXIS2_PLACEMENT_3D('',#4833,#4834,#4835);
#4833 = CARTESIAN_POINT('',(113.75,24.,-6.));
#4834 = DIRECTION('',(-0.,1.,0.));
#4835 = DIRECTION('',(0.,0.,1.));
#4836 = DEFINITIONAL_REPRESENTATION('',(#4837),#4841);
#4837 = LINE('',#4838,#4839);
#4838 = CARTESIAN_POINT('',(6.,0.));
#4839 = VECTOR('',#4840,1.);
#4840 = DIRECTION('',(0.,1.));
#4841 = ( GEOMETRIC_REPRESENTATION_CONTEXT(2) 
PARAMETRIC_REPRESENTATION_CONTEXT() REPRESENTATION_CONTEXT('2D SPACE',''
  ) );
#4842 = ORIENTED_EDGE('',*,*,#4843,.F.);
#4843 = EDGE_CURVE('',#4844,#4816,#4846,.T.);
#4844 = VERTEX_POINT('',#4845);
#4845 = CARTESIAN_POINT('',(129.40333932131,21.640476190476,0.));
#4846 = SURFACE_CURVE('',#4847,(#4852,#4859),.PCURVE_S1.);
#4847 = CIRCLE('',#4848,8.25);
#4848 = AXIS2_PLACEMENT_3D('',#4849,#4850,#4851);
#4849 = CARTESIAN_POINT('',(122.,18.,0.));
#4850 = DIRECTION('',(0.,0.,1.));
#4851 = DIRECTION('',(1.,0.,-0.));
#4852 = PCURVE('',#363,#4853);
#4853 = DEFINITIONAL_REPRESENTATION('',(#4854),#4858);
#4854 = CIRCLE('',#4855,8.25);
#4855 = AXIS2_PLACEMENT_2D('',#4856,#4857);
#4856 = CARTESIAN_POINT('',(122.,17.9));
#4857 = DIRECTION('',(1.,0.));
#4858 = ( GEOMETRIC_REPRESENTATION_CONTEXT(2) 
PARAMETRIC_REPRESENTATION_CONTEXT() REPRESENTATION_CONTEXT('2D SPACE',''
  ) );
#4859 = PCURVE('',#4860,#4865);
#4860 = CYLINDRICAL_SURFACE('',#4861,8.25);
#4861 = AXIS2_PLACEMENT_3D('',#4862,#4863,#4864);
#4862 = CARTESIAN_POINT('',(122.,18.,-1.2));
#4863 = DIRECTION('',(0.,0.,1.));
#4864 = DIRECTION('',(1.,0.,-0.));
#4865 = DEFINITIONAL_REPRESENTATION('',(#4866),#4870);
#4866 = LINE('',#4867,#4868);
#4867 = CARTESIAN_POINT('',(0.,1.2));
#4868 = VECTOR('',#4869,1.);
#4869 = DIRECTION('',(1.,0.));
#4870 = ( GEOMETRIC_REPRESENTATION_CONTEXT(2) 
PARAMETRIC_REPRESENTATION_CONTEXT() REPRESENTATION_CONTEXT('2D SPACE',''
  ) );
#4871 = ORIENTED_EDGE('',*,*,#4872,.T.);
#4872 = EDGE_CURVE('',#4844,#4873,#4875,.T.);
#4873 = VERTEX_POINT('',#4874);
#4874 = CARTESIAN_POINT('',(158.59666067868,21.640476190476,0.));
#4875 = SURFACE_CURVE('',#4876,(#4880,#4887),.PCURVE_S1.);
#4876 = LINE('',#4877,#4878);
#4877 = CARTESIAN_POINT('',(127.75,21.640476190476,0.));
#4878 = VECTOR('',#4879,1.);
#4879 = DIRECTION('',(1.,0.,-0.));
#4880 = PCURVE('',#363,#4881);
#4881 = DEFINITIONAL_REPRESENTATION('',(#4882),#4886);
#4882 = LINE('',#4883,#4884);
#4883 = CARTESIAN_POINT('',(127.75,21.540476190476));
#4884 = VECTOR('',#4885,1.);
#4885 = DIRECTION('',(1.,0.));
#4886 = ( GEOMETRIC_REPRESENTATION_CONTEXT(2) 
PARAMETRIC_REPRESENTATION_CONTEXT() REPRESENTATION_CONTEXT('2D SPACE',''
  ) );
#4887 = PCURVE('',#4888,#4893);
#4888 = PLANE('',#4889);
#4889 = AXIS2_PLACEMENT_3D('',#4890,#4891,#4892);
#4890 = CARTESIAN_POINT('',(127.75,21.640476190476,-1.2));
#4891 = DIRECTION('',(-0.,1.,0.));
#4892 = DIRECTION('',(0.,0.,1.));
#4893 = DEFINITIONAL_REPRESENTATION('',(#4894),#4898);
#4894 = LINE('',#4895,#4896);
#4895 = CARTESIAN_POINT('',(1.2,0.));
#4896 = VECTOR('',#4897,1.);
#4897 = DIRECTION('',(0.,1.));
#4898 = ( GEOMETRIC_REPRESENTATION_CONTEXT(2) 
PARAMETRIC_REPRESENTATION_CONTEXT() REPRESENTATION_CONTEXT('2D SPACE',''
  ) );
#4899 = ORIENTED_EDGE('',*,*,#4900,.F.);
#4900 = EDGE_CURVE('',#4901,#4873,#4903,.T.);
#4901 = VERTEX_POINT('',#4902);
#4902 = CARTESIAN_POINT('',(159.9,23.554502678008,0.));
#4903 = SURFACE_CURVE('',#4904,(#4909,#4916),.PCURVE_S1.);
#4904 = CIRCLE('',#4905,8.25);
#4905 = AXIS2_PLACEMENT_3D('',#4906,#4907,#4908);
#4906 = CARTESIAN_POINT('',(166.,18.,0.));
#4907 = DIRECTION('',(0.,0.,1.));
#4908 = DIRECTION('',(-0.69696969697,-0.71710057977,0.));
#4909 = PCURVE('',#363,#4910);
#4910 = DEFINITIONAL_REPRESENTATION('',(#4911),#4915);
#4911 = CIRCLE('',#4912,8.25);
#4912 = AXIS2_PLACEMENT_2D('',#4913,#4914);
#4913 = CARTESIAN_POINT('',(166.,17.9));
#4914 = DIRECTION('',(-0.69696969697,-0.71710057977));
#4915 = ( GEOMETRIC_REPRESENTATION_CONTEXT(2) 
PARAMETRIC_REPRESENTATION_CONTEXT() REPRESENTATION_CONTEXT('2D SPACE',''
  ) );
#4916 = PCURVE('',#4917,#4922);
#4917 = CYLINDRICAL_SURFACE('',#4918,8.25);
#4918 = AXIS2_PLACEMENT_3D('',#4919,#4920,#4921);
#4919 = CARTESIAN_POINT('',(166.,18.,-1.2));
#4920 = DIRECTION('',(0.,0.,1.));
#4921 = DIRECTION('',(1.,0.,-0.));
#4922 = DEFINITIONAL_REPRESENTATION('',(#4923),#4927);
#4923 = LINE('',#4924,#4925);
#4924 = CARTESIAN_POINT('',(3.94122598149,1.2));
#4925 = VECTOR('',#4926,1.);
#4926 = DIRECTION('',(1.,0.));
#4927 = ( GEOMETRIC_REPRESENTATION_CONTEXT(2) 
PARAMETRIC_REPRESENTATION_CONTEXT() REPRESENTATION_CONTEXT('2D SPACE',''
  ) );
#4928 = ORIENTED_EDGE('',*,*,#4929,.T.);
#4929 = EDGE_CURVE('',#4901,#4003,#4930,.T.);
#4930 = SURFACE_CURVE('',#4931,(#4935,#4942),.PCURVE_S1.);
#4931 = LINE('',#4932,#4933);
#4932 = CARTESIAN_POINT('',(159.9,0.1,0.));
#4933 = VECTOR('',#4934,1.);
#4934 = DIRECTION('',(-0.,1.,0.));
#4935 = PCURVE('',#363,#4936);
#4936 = DEFINITIONAL_REPRESENTATION('',(#4937),#4941);
#4937 = LINE('',#4938,#4939);
#4938 = CARTESIAN_POINT('',(159.9,0.));
#4939 = VECTOR('',#4940,1.);
#4940 = DIRECTION('',(0.,1.));
#4941 = ( GEOMETRIC_REPRESENTATION_CONTEXT(2) 
PARAMETRIC_REPRESENTATION_CONTEXT() REPRESENTATION_CONTEXT('2D SPACE',''
  ) );
#4942 = PCURVE('',#396,#4943);
#4943 = DEFINITIONAL_REPRESENTATION('',(#4944),#4948);
#4944 = LINE('',#4945,#4946);
#4945 = CARTESIAN_POINT('',(6.,0.));
#4946 = VECTOR('',#4947,1.);
#4947 = DIRECTION('',(0.,-1.));
#4948 = ( GEOMETRIC_REPRESENTATION_CONTEXT(2) 
PARAMETRIC_REPRESENTATION_CONTEXT() REPRESENTATION_CONTEXT('2D SPACE',''
  ) );
#4949 = FACE_BOUND('',#4950,.T.);
#4950 = EDGE_LOOP('',(#4951));
#4951 = ORIENTED_EDGE('',*,*,#4952,.F.);
#4952 = EDGE_CURVE('',#4953,#4953,#4955,.T.);
#4953 = VERTEX_POINT('',#4954);
#4954 = CARTESIAN_POINT('',(7.25,16.,0.));
#4955 = SURFACE_CURVE('',#4956,(#4961,#4968),.PCURVE_S1.);
#4956 = CIRCLE('',#4957,2.25);
#4957 = AXIS2_PLACEMENT_3D('',#4958,#4959,#4960);
#4958 = CARTESIAN_POINT('',(5.,16.,0.));
#4959 = DIRECTION('',(0.,0.,1.));
#4960 = DIRECTION('',(1.,0.,-0.));
#4961 = PCURVE('',#363,#4962);
#4962 = DEFINITIONAL_REPRESENTATION('',(#4963),#4967);
#4963 = CIRCLE('',#4964,2.25);
#4964 = AXIS2_PLACEMENT_2D('',#4965,#4966);
#4965 = CARTESIAN_POINT('',(5.,15.9));
#4966 = DIRECTION('',(1.,0.));
#4967 = ( GEOMETRIC_REPRESENTATION_CONTEXT(2) 
PARAMETRIC_REPRESENTATION_CONTEXT() REPRESENTATION_CONTEXT('2D SPACE',''
  ) );
#4968 = PCURVE('',#1978,#4969);
#4969 = DEFINITIONAL_REPRESENTATION('',(#4970),#4974);
#4970 = LINE('',#4971,#4972);
#4971 = CARTESIAN_POINT('',(0.,14.));
#4972 = VECTOR('',#4973,1.);
#4973 = DIRECTION('',(1.,0.));
#4974 = ( GEOMETRIC_REPRESENTATION_CONTEXT(2) 
PARAMETRIC_REPRESENTATION_CONTEXT() REPRESENTATION_CONTEXT('2D SPACE',''
  ) );
#4975 = FACE_BOUND('',#4976,.T.);
#4976 = EDGE_LOOP('',(#4977));
#4977 = ORIENTED_EDGE('',*,*,#4978,.F.);
#4978 = EDGE_CURVE('',#4979,#4979,#4981,.T.);
#4979 = VERTEX_POINT('',#4980);
#4980 = CARTESIAN_POINT('',(68.63,8.,0.));
#4981 = SURFACE_CURVE('',#4982,(#4987,#4994),.PCURVE_S1.);
#4982 = CIRCLE('',#4983,4.63);
#4983 = AXIS2_PLACEMENT_3D('',#4984,#4985,#4986);
#4984 = CARTESIAN_POINT('',(64.,8.,0.));
#4985 = DIRECTION('',(0.,0.,1.));
#4986 = DIRECTION('',(1.,0.,-0.));
#4987 = PCURVE('',#363,#4988);
#4988 = DEFINITIONAL_REPRESENTATION('',(#4989),#4993);
#4989 = CIRCLE('',#4990,4.63);
#4990 = AXIS2_PLACEMENT_2D('',#4991,#4992);
#4991 = CARTESIAN_POINT('',(64.,7.9));
#4992 = DIRECTION('',(1.,0.));
#4993 = ( GEOMETRIC_REPRESENTATION_CONTEXT(2) 
PARAMETRIC_REPRESENTATION_CONTEXT() REPRESENTATION_CONTEXT('2D SPACE',''
  ) );
#4994 = PCURVE('',#4995,#5000);
#4995 = CONICAL_SURFACE('',#4996,2.25,0.764824934794);
#4996 = AXIS2_PLACEMENT_3D('',#4997,#4998,#4999);
#4997 = CARTESIAN_POINT('',(64.,8.,-2.48));
#4998 = DIRECTION('',(0.,0.,1.));
#4999 = DIRECTION('',(1.,0.,-0.));
#5000 = DEFINITIONAL_REPRESENTATION('',(#5001),#5005);
#5001 = LINE('',#5002,#5003);
#5002 = CARTESIAN_POINT('',(0.,2.48));
#5003 = VECTOR('',#5004,1.);
#5004 = DIRECTION('',(1.,0.));
#5005 = ( GEOMETRIC_REPRESENTATION_CONTEXT(2) 
PARAMETRIC_REPRESENTATION_CONTEXT() REPRESENTATION_CONTEXT('2D SPACE',''
  ) );
#5006 = FACE_BOUND('',#5007,.T.);
#5007 = EDGE_LOOP('',(#5008));
#5008 = ORIENTED_EDGE('',*,*,#5009,.F.);
#5009 = EDGE_CURVE('',#5010,#5010,#5012,.T.);
#5010 = VERTEX_POINT('',#5011);
#5011 = CARTESIAN_POINT('',(20.505398376672,41.99799987724,0.));
#5012 = SURFACE_CURVE('',#5013,(#5018,#5025),.PCURVE_S1.);
#5013 = CIRCLE('',#5014,4.63);
#5014 = AXIS2_PLACEMENT_3D('',#5015,#5016,#5017);
#5015 = CARTESIAN_POINT('',(15.875398376672,41.99799987724,0.));
#5016 = DIRECTION('',(0.,0.,1.));
#5017 = DIRECTION('',(1.,0.,-0.));
#5018 = PCURVE('',#363,#5019);
#5019 = DEFINITIONAL_REPRESENTATION('',(#5020),#5024);
#5020 = CIRCLE('',#5021,4.63);
#5021 = AXIS2_PLACEMENT_2D('',#5022,#5023);
#5022 = CARTESIAN_POINT('',(15.875398376672,41.897999877239));
#5023 = DIRECTION('',(1.,0.));
#5024 = ( GEOMETRIC_REPRESENTATION_CONTEXT(2) 
PARAMETRIC_REPRESENTATION_CONTEXT() REPRESENTATION_CONTEXT('2D SPACE',''
  ) );
#5025 = PCURVE('',#5026,#5031);
#5026 = CONICAL_SURFACE('',#5027,2.25,0.764824934794);
#5027 = AXIS2_PLACEMENT_3D('',#5028,#5029,#5030);
#5028 = CARTESIAN_POINT('',(15.875398376672,41.99799987724,-2.48));
#5029 = DIRECTION('',(0.,0.,1.));
#5030 = DIRECTION('',(1.,0.,-0.));
#5031 = DEFINITIONAL_REPRESENTATION('',(#5032),#5036);
#5032 = LINE('',#5033,#5034);
#5033 = CARTESIAN_POINT('',(0.,2.48));
#5034 = VECTOR('',#5035,1.);
#5035 = DIRECTION('',(1.,0.));
#5036 = ( GEOMETRIC_REPRESENTATION_CONTEXT(2) 
PARAMETRIC_REPRESENTATION_CONTEXT() REPRESENTATION_CONTEXT('2D SPACE',''
  ) );
#5037 = FACE_BOUND('',#5038,.T.);
#5038 = EDGE_LOOP('',(#5039));
#5039 = ORIENTED_EDGE('',*,*,#5040,.F.);
#5040 = EDGE_CURVE('',#5041,#5041,#5043,.T.);
#5041 = VERTEX_POINT('',#5042);
#5042 = CARTESIAN_POINT('',(7.25,80.,0.));
#5043 = SURFACE_CURVE('',#5044,(#5049,#5056),.PCURVE_S1.);
#5044 = CIRCLE('',#5045,2.25);
#5045 = AXIS2_PLACEMENT_3D('',#5046,#5047,#5048);
#5046 = CARTESIAN_POINT('',(5.,80.,0.));
#5047 = DIRECTION('',(0.,0.,1.));
#5048 = DIRECTION('',(1.,0.,-0.));
#5049 = PCURVE('',#363,#5050);
#5050 = DEFINITIONAL_REPRESENTATION('',(#5051),#5055);
#5051 = CIRCLE('',#5052,2.25);
#5052 = AXIS2_PLACEMENT_2D('',#5053,#5054);
#5053 = CARTESIAN_POINT('',(5.,79.9));
#5054 = DIRECTION('',(1.,0.));
#5055 = ( GEOMETRIC_REPRESENTATION_CONTEXT(2) 
PARAMETRIC_REPRESENTATION_CONTEXT() REPRESENTATION_CONTEXT('2D SPACE',''
  ) );
#5056 = PCURVE('',#2102,#5057);
#5057 = DEFINITIONAL_REPRESENTATION('',(#5058),#5062);
#5058 = LINE('',#5059,#5060);
#5059 = CARTESIAN_POINT('',(0.,14.));
#5060 = VECTOR('',#5061,1.);
#5061 = DIRECTION('',(1.,0.));
#5062 = ( GEOMETRIC_REPRESENTATION_CONTEXT(2) 
PARAMETRIC_REPRESENTATION_CONTEXT() REPRESENTATION_CONTEXT('2D SPACE',''
  ) );
#5063 = FACE_BOUND('',#5064,.T.);
#5064 = EDGE_LOOP('',(#5065));
#5065 = ORIENTED_EDGE('',*,*,#5066,.F.);
#5066 = EDGE_CURVE('',#5067,#5067,#5069,.T.);
#5067 = VERTEX_POINT('',#5068);
#5068 = CARTESIAN_POINT('',(76.25,56.,0.));
#5069 = SURFACE_CURVE('',#5070,(#5075,#5082),.PCURVE_S1.);
#5070 = CIRCLE('',#5071,2.25);
#5071 = AXIS2_PLACEMENT_3D('',#5072,#5073,#5074);
#5072 = CARTESIAN_POINT('',(74.,56.,0.));
#5073 = DIRECTION('',(0.,0.,1.));
#5074 = DIRECTION('',(1.,0.,-0.));
#5075 = PCURVE('',#363,#5076);
#5076 = DEFINITIONAL_REPRESENTATION('',(#5077),#5081);
#5077 = CIRCLE('',#5078,2.25);
#5078 = AXIS2_PLACEMENT_2D('',#5079,#5080);
#5079 = CARTESIAN_POINT('',(74.,55.9));
#5080 = DIRECTION('',(1.,0.));
#5081 = ( GEOMETRIC_REPRESENTATION_CONTEXT(2) 
PARAMETRIC_REPRESENTATION_CONTEXT() REPRESENTATION_CONTEXT('2D SPACE',''
  ) );
#5082 = PCURVE('',#2133,#5083);
#5083 = DEFINITIONAL_REPRESENTATION('',(#5084),#5088);
#5084 = LINE('',#5085,#5086);
#5085 = CARTESIAN_POINT('',(0.,14.));
#5086 = VECTOR('',#5087,1.);
#5087 = DIRECTION('',(1.,0.));
#5088 = ( GEOMETRIC_REPRESENTATION_CONTEXT(2) 
PARAMETRIC_REPRESENTATION_CONTEXT() REPRESENTATION_CONTEXT('2D SPACE',''
  ) );
#5089 = FACE_BOUND('',#5090,.T.);
#5090 = EDGE_LOOP('',(#5091));
#5091 = ORIENTED_EDGE('',*,*,#5092,.F.);
#5092 = EDGE_CURVE('',#5093,#5093,#5095,.T.);
#5093 = VERTEX_POINT('',#5094);
#5094 = CARTESIAN_POINT('',(116.63,8.,0.));
#5095 = SURFACE_CURVE('',#5096,(#5101,#5108),.PCURVE_S1.);
#5096 = CIRCLE('',#5097,4.63);
#5097 = AXIS2_PLACEMENT_3D('',#5098,#5099,#5100);
#5098 = CARTESIAN_POINT('',(112.,8.,0.));
#5099 = DIRECTION('',(0.,0.,1.));
#5100 = DIRECTION('',(1.,0.,-0.));
#5101 = PCURVE('',#363,#5102);
#5102 = DEFINITIONAL_REPRESENTATION('',(#5103),#5107);
#5103 = CIRCLE('',#5104,4.63);
#5104 = AXIS2_PLACEMENT_2D('',#5105,#5106);
#5105 = CARTESIAN_POINT('',(112.,7.9));
#5106 = DIRECTION('',(1.,0.));
#5107 = ( GEOMETRIC_REPRESENTATION_CONTEXT(2) 
PARAMETRIC_REPRESENTATION_CONTEXT() REPRESENTATION_CONTEXT('2D SPACE',''
  ) );
#5108 = PCURVE('',#5109,#5114);
#5109 = CONICAL_SURFACE('',#5110,2.25,0.764824934794);
#5110 = AXIS2_PLACEMENT_3D('',#5111,#5112,#5113);
#5111 = CARTESIAN_POINT('',(112.,8.,-2.48));
#5112 = DIRECTION('',(0.,0.,1.));
#5113 = DIRECTION('',(1.,0.,-0.));
#5114 = DEFINITIONAL_REPRESENTATION('',(#5115),#5119);
#5115 = LINE('',#5116,#5117);
#5116 = CARTESIAN_POINT('',(0.,2.48));
#5117 = VECTOR('',#5118,1.);
#5118 = DIRECTION('',(1.,0.));
#5119 = ( GEOMETRIC_REPRESENTATION_CONTEXT(2) 
PARAMETRIC_REPRESENTATION_CONTEXT() REPRESENTATION_CONTEXT('2D SPACE',''
  ) );
#5120 = FACE_BOUND('',#5121,.T.);
#5121 = EDGE_LOOP('',(#5122));
#5122 = ORIENTED_EDGE('',*,*,#5123,.F.);
#5123 = EDGE_CURVE('',#5124,#5124,#5126,.T.);
#5124 = VERTEX_POINT('',#5125);
#5125 = CARTESIAN_POINT('',(116.25,36.,0.));
#5126 = SURFACE_CURVE('',#5127,(#5132,#5139),.PCURVE_S1.);
#5127 = CIRCLE('',#5128,2.25);
#5128 = AXIS2_PLACEMENT_3D('',#5129,#5130,#5131);
#5129 = CARTESIAN_POINT('',(114.,36.,0.));
#5130 = DIRECTION('',(0.,0.,1.));
#5131 = DIRECTION('',(1.,0.,-0.));
#5132 = PCURVE('',#363,#5133);
#5133 = DEFINITIONAL_REPRESENTATION('',(#5134),#5138);
#5134 = CIRCLE('',#5135,2.25);
#5135 = AXIS2_PLACEMENT_2D('',#5136,#5137);
#5136 = CARTESIAN_POINT('',(114.,35.9));
#5137 = DIRECTION('',(1.,0.));
#5138 = ( GEOMETRIC_REPRESENTATION_CONTEXT(2) 
PARAMETRIC_REPRESENTATION_CONTEXT() REPRESENTATION_CONTEXT('2D SPACE',''
  ) );
#5139 = PCURVE('',#2226,#5140);
#5140 = DEFINITIONAL_REPRESENTATION('',(#5141),#5145);
#5141 = LINE('',#5142,#5143);
#5142 = CARTESIAN_POINT('',(0.,14.));
#5143 = VECTOR('',#5144,1.);
#5144 = DIRECTION('',(1.,0.));
#5145 = ( GEOMETRIC_REPRESENTATION_CONTEXT(2) 
PARAMETRIC_REPRESENTATION_CONTEXT() REPRESENTATION_CONTEXT('2D SPACE',''
  ) );
#5146 = FACE_BOUND('',#5147,.T.);
#5147 = EDGE_LOOP('',(#5148));
#5148 = ORIENTED_EDGE('',*,*,#5149,.F.);
#5149 = EDGE_CURVE('',#5150,#5150,#5152,.T.);
#5150 = VERTEX_POINT('',#5151);
#5151 = CARTESIAN_POINT('',(96.25,56.,0.));
#5152 = SURFACE_CURVE('',#5153,(#5158,#5165),.PCURVE_S1.);
#5153 = CIRCLE('',#5154,2.25);
#5154 = AXIS2_PLACEMENT_3D('',#5155,#5156,#5157);
#5155 = CARTESIAN_POINT('',(94.,56.,0.));
#5156 = DIRECTION('',(0.,0.,1.));
#5157 = DIRECTION('',(1.,0.,-0.));
#5158 = PCURVE('',#363,#5159);
#5159 = DEFINITIONAL_REPRESENTATION('',(#5160),#5164);
#5160 = CIRCLE('',#5161,2.25);
#5161 = AXIS2_PLACEMENT_2D('',#5162,#5163);
#5162 = CARTESIAN_POINT('',(94.,55.9));
#5163 = DIRECTION('',(1.,0.));
#5164 = ( GEOMETRIC_REPRESENTATION_CONTEXT(2) 
PARAMETRIC_REPRESENTATION_CONTEXT() REPRESENTATION_CONTEXT('2D SPACE',''
  ) );
#5165 = PCURVE('',#2402,#5166);
#5166 = DEFINITIONAL_REPRESENTATION('',(#5167),#5171);
#5167 = LINE('',#5168,#5169);
#5168 = CARTESIAN_POINT('',(0.,14.));
#5169 = VECTOR('',#5170,1.);
#5170 = DIRECTION('',(1.,0.));
#5171 = ( GEOMETRIC_REPRESENTATION_CONTEXT(2) 
PARAMETRIC_REPRESENTATION_CONTEXT() REPRESENTATION_CONTEXT('2D SPACE',''
  ) );
#5172 = FACE_BOUND('',#5173,.T.);
#5173 = EDGE_LOOP('',(#5174));
#5174 = ORIENTED_EDGE('',*,*,#5175,.F.);
#5175 = EDGE_CURVE('',#5176,#5176,#5178,.T.);
#5176 = VERTEX_POINT('',#5177);
#5177 = CARTESIAN_POINT('',(91.20157735122,67.708572614372,0.));
#5178 = SURFACE_CURVE('',#5179,(#5184,#5191),.PCURVE_S1.);
#5179 = CIRCLE('',#5180,4.63);
#5180 = AXIS2_PLACEMENT_3D('',#5181,#5182,#5183);
#5181 = CARTESIAN_POINT('',(86.57157735122,67.708572614372,0.));
#5182 = DIRECTION('',(0.,0.,1.));
#5183 = DIRECTION('',(1.,0.,-0.));
#5184 = PCURVE('',#363,#5185);
#5185 = DEFINITIONAL_REPRESENTATION('',(#5186),#5190);
#5186 = CIRCLE('',#5187,4.63);
#5187 = AXIS2_PLACEMENT_2D('',#5188,#5189);
#5188 = CARTESIAN_POINT('',(86.57157735122,67.608572614372));
#5189 = DIRECTION('',(1.,0.));
#5190 = ( GEOMETRIC_REPRESENTATION_CONTEXT(2) 
PARAMETRIC_REPRESENTATION_CONTEXT() REPRESENTATION_CONTEXT('2D SPACE',''
  ) );
#5191 = PCURVE('',#5192,#5197);
#5192 = CONICAL_SURFACE('',#5193,2.25,0.764824934794);
#5193 = AXIS2_PLACEMENT_3D('',#5194,#5195,#5196);
#5194 = CARTESIAN_POINT('',(86.57157735122,67.708572614372,-2.48));
#5195 = DIRECTION('',(0.,0.,1.));
#5196 = DIRECTION('',(1.,0.,-0.));
#5197 = DEFINITIONAL_REPRESENTATION('',(#5198),#5202);
#5198 = LINE('',#5199,#5200);
#5199 = CARTESIAN_POINT('',(0.,2.48));
#5200 = VECTOR('',#5201,1.);
#5201 = DIRECTION('',(1.,0.));
#5202 = ( GEOMETRIC_REPRESENTATION_CONTEXT(2) 
PARAMETRIC_REPRESENTATION_CONTEXT() REPRESENTATION_CONTEXT('2D SPACE',''
  ) );
#5203 = FACE_BOUND('',#5204,.T.);
#5204 = EDGE_LOOP('',(#5205));
#5205 = ORIENTED_EDGE('',*,*,#5206,.F.);
#5206 = EDGE_CURVE('',#5207,#5207,#5209,.T.);
#5207 = VERTEX_POINT('',#5208);
#5208 = CARTESIAN_POINT('',(156.63,44.,0.));
#5209 = SURFACE_CURVE('',#5210,(#5215,#5222),.PCURVE_S1.);
#5210 = CIRCLE('',#5211,4.63);
#5211 = AXIS2_PLACEMENT_3D('',#5212,#5213,#5214);
#5212 = CARTESIAN_POINT('',(152.,44.,0.));
#5213 = DIRECTION('',(0.,0.,1.));
#5214 = DIRECTION('',(1.,0.,-0.));
#5215 = PCURVE('',#363,#5216);
#5216 = DEFINITIONAL_REPRESENTATION('',(#5217),#5221);
#5217 = CIRCLE('',#5218,4.63);
#5218 = AXIS2_PLACEMENT_2D('',#5219,#5220);
#5219 = CARTESIAN_POINT('',(152.,43.9));
#5220 = DIRECTION('',(1.,0.));
#5221 = ( GEOMETRIC_REPRESENTATION_CONTEXT(2) 
PARAMETRIC_REPRESENTATION_CONTEXT() REPRESENTATION_CONTEXT('2D SPACE',''
  ) );
#5222 = PCURVE('',#5223,#5228);
#5223 = CONICAL_SURFACE('',#5224,2.25,0.764824934794);
#5224 = AXIS2_PLACEMENT_3D('',#5225,#5226,#5227);
#5225 = CARTESIAN_POINT('',(152.,44.,-2.48));
#5226 = DIRECTION('',(0.,0.,1.));
#5227 = DIRECTION('',(1.,0.,-0.));
#5228 = DEFINITIONAL_REPRESENTATION('',(#5229),#5233);
#5229 = LINE('',#5230,#5231);
#5230 = CARTESIAN_POINT('',(0.,2.48));
#5231 = VECTOR('',#5232,1.);
#5232 = DIRECTION('',(1.,0.));
#5233 = ( GEOMETRIC_REPRESENTATION_CONTEXT(2) 
PARAMETRIC_REPRESENTATION_CONTEXT() REPRESENTATION_CONTEXT('2D SPACE',''
  ) );
#5234 = FACE_BOUND('',#5235,.T.);
#5235 = EDGE_LOOP('',(#5236));
#5236 = ORIENTED_EDGE('',*,*,#5237,.F.);
#5237 = EDGE_CURVE('',#5238,#5238,#5240,.T.);
#5238 = VERTEX_POINT('',#5239);
#5239 = CARTESIAN_POINT('',(76.25,116.,0.));
#5240 = SURFACE_CURVE('',#5241,(#5246,#5253),.PCURVE_S1.);
#5241 = CIRCLE('',#5242,2.25);
#5242 = AXIS2_PLACEMENT_3D('',#5243,#5244,#5245);
#5243 = CARTESIAN_POINT('',(74.,116.,0.));
#5244 = DIRECTION('',(0.,0.,1.));
#5245 = DIRECTION('',(1.,0.,-0.));
#5246 = PCURVE('',#363,#5247);
#5247 = DEFINITIONAL_REPRESENTATION('',(#5248),#5252);
#5248 = CIRCLE('',#5249,2.25);
#5249 = AXIS2_PLACEMENT_2D('',#5250,#5251);
#5250 = CARTESIAN_POINT('',(74.,115.9));
#5251 = DIRECTION('',(1.,0.));
#5252 = ( GEOMETRIC_REPRESENTATION_CONTEXT(2) 
PARAMETRIC_REPRESENTATION_CONTEXT() REPRESENTATION_CONTEXT('2D SPACE',''
  ) );
#5253 = PCURVE('',#2864,#5254);
#5254 = DEFINITIONAL_REPRESENTATION('',(#5255),#5259);
#5255 = LINE('',#5256,#5257);
#5256 = CARTESIAN_POINT('',(0.,14.));
#5257 = VECTOR('',#5258,1.);
#5258 = DIRECTION('',(1.,0.));
#5259 = ( GEOMETRIC_REPRESENTATION_CONTEXT(2) 
PARAMETRIC_REPRESENTATION_CONTEXT() REPRESENTATION_CONTEXT('2D SPACE',''
  ) );
#5260 = FACE_BOUND('',#5261,.T.);
#5261 = EDGE_LOOP('',(#5262));
#5262 = ORIENTED_EDGE('',*,*,#5263,.F.);
#5263 = EDGE_CURVE('',#5264,#5264,#5266,.T.);
#5264 = VERTEX_POINT('',#5265);
#5265 = CARTESIAN_POINT('',(7.25,132.,0.));
#5266 = SURFACE_CURVE('',#5267,(#5272,#5279),.PCURVE_S1.);
#5267 = CIRCLE('',#5268,2.25);
#5268 = AXIS2_PLACEMENT_3D('',#5269,#5270,#5271);
#5269 = CARTESIAN_POINT('',(5.,132.,0.));
#5270 = DIRECTION('',(0.,0.,1.));
#5271 = DIRECTION('',(1.,0.,-0.));
#5272 = PCURVE('',#363,#5273);
#5273 = DEFINITIONAL_REPRESENTATION('',(#5274),#5278);
#5274 = CIRCLE('',#5275,2.25);
#5275 = AXIS2_PLACEMENT_2D('',#5276,#5277);
#5276 = CARTESIAN_POINT('',(5.,131.9));
#5277 = DIRECTION('',(1.,0.));
#5278 = ( GEOMETRIC_REPRESENTATION_CONTEXT(2) 
PARAMETRIC_REPRESENTATION_CONTEXT() REPRESENTATION_CONTEXT('2D SPACE',''
  ) );
#5279 = PCURVE('',#2895,#5280);
#5280 = DEFINITIONAL_REPRESENTATION('',(#5281),#5285);
#5281 = LINE('',#5282,#5283);
#5282 = CARTESIAN_POINT('',(0.,14.));
#5283 = VECTOR('',#5284,1.);
#5284 = DIRECTION('',(1.,0.));
#5285 = ( GEOMETRIC_REPRESENTATION_CONTEXT(2) 
PARAMETRIC_REPRESENTATION_CONTEXT() REPRESENTATION_CONTEXT('2D SPACE',''
  ) );
#5286 = FACE_BOUND('',#5287,.T.);
#5287 = EDGE_LOOP('',(#5288));
#5288 = ORIENTED_EDGE('',*,*,#5289,.F.);
#5289 = EDGE_CURVE('',#5290,#5290,#5292,.T.);
#5290 = VERTEX_POINT('',#5291);
#5291 = CARTESIAN_POINT('',(7.25,144.,0.));
#5292 = SURFACE_CURVE('',#5293,(#5298,#5305),.PCURVE_S1.);
#5293 = CIRCLE('',#5294,2.25);
#5294 = AXIS2_PLACEMENT_3D('',#5295,#5296,#5297);
#5295 = CARTESIAN_POINT('',(5.,144.,0.));
#5296 = DIRECTION('',(0.,0.,1.));
#5297 = DIRECTION('',(1.,0.,-0.));
#5298 = PCURVE('',#363,#5299);
#5299 = DEFINITIONAL_REPRESENTATION('',(#5300),#5304);
#5300 = CIRCLE('',#5301,2.25);
#5301 = AXIS2_PLACEMENT_2D('',#5302,#5303);
#5302 = CARTESIAN_POINT('',(5.,143.9));
#5303 = DIRECTION('',(1.,0.));
#5304 = ( GEOMETRIC_REPRESENTATION_CONTEXT(2) 
PARAMETRIC_REPRESENTATION_CONTEXT() REPRESENTATION_CONTEXT('2D SPACE',''
  ) );
#5305 = PCURVE('',#2926,#5306);
#5306 = DEFINITIONAL_REPRESENTATION('',(#5307),#5311);
#5307 = LINE('',#5308,#5309);
#5308 = CARTESIAN_POINT('',(0.,14.));
#5309 = VECTOR('',#5310,1.);
#5310 = DIRECTION('',(1.,0.));
#5311 = ( GEOMETRIC_REPRESENTATION_CONTEXT(2) 
PARAMETRIC_REPRESENTATION_CONTEXT() REPRESENTATION_CONTEXT('2D SPACE',''
  ) );
#5312 = FACE_BOUND('',#5313,.T.);
#5313 = EDGE_LOOP('',(#5314));
#5314 = ORIENTED_EDGE('',*,*,#5315,.F.);
#5315 = EDGE_CURVE('',#5316,#5316,#5318,.T.);
#5316 = VERTEX_POINT('',#5317);
#5317 = CARTESIAN_POINT('',(44.63,140.,0.));
#5318 = SURFACE_CURVE('',#5319,(#5324,#5331),.PCURVE_S1.);
#5319 = CIRCLE('',#5320,4.63);
#5320 = AXIS2_PLACEMENT_3D('',#5321,#5322,#5323);
#5321 = CARTESIAN_POINT('',(40.,140.,0.));
#5322 = DIRECTION('',(0.,0.,1.));
#5323 = DIRECTION('',(1.,0.,-0.));
#5324 = PCURVE('',#363,#5325);
#5325 = DEFINITIONAL_REPRESENTATION('',(#5326),#5330);
#5326 = CIRCLE('',#5327,4.63);
#5327 = AXIS2_PLACEMENT_2D('',#5328,#5329);
#5328 = CARTESIAN_POINT('',(40.,139.9));
#5329 = DIRECTION('',(1.,0.));
#5330 = ( GEOMETRIC_REPRESENTATION_CONTEXT(2) 
PARAMETRIC_REPRESENTATION_CONTEXT() REPRESENTATION_CONTEXT('2D SPACE',''
  ) );
#5331 = PCURVE('',#5332,#5337);
#5332 = CONICAL_SURFACE('',#5333,2.25,0.764824934794);
#5333 = AXIS2_PLACEMENT_3D('',#5334,#5335,#5336);
#5334 = CARTESIAN_POINT('',(40.,140.,-2.48));
#5335 = DIRECTION('',(0.,0.,1.));
#5336 = DIRECTION('',(1.,0.,-0.));
#5337 = DEFINITIONAL_REPRESENTATION('',(#5338),#5342);
#5338 = LINE('',#5339,#5340);
#5339 = CARTESIAN_POINT('',(0.,2.48));
#5340 = VECTOR('',#5341,1.);
#5341 = DIRECTION('',(1.,0.));
#5342 = ( GEOMETRIC_REPRESENTATION_CONTEXT(2) 
PARAMETRIC_REPRESENTATION_CONTEXT() REPRESENTATION_CONTEXT('2D SPACE',''
  ) );
#5343 = FACE_BOUND('',#5344,.T.);
#5344 = EDGE_LOOP('',(#5345));
#5345 = ORIENTED_EDGE('',*,*,#5346,.F.);
#5346 = EDGE_CURVE('',#5347,#5347,#5349,.T.);
#5347 = VERTEX_POINT('',#5348);
#5348 = CARTESIAN_POINT('',(30.25,155.,0.));
#5349 = SURFACE_CURVE('',#5350,(#5355,#5362),.PCURVE_S1.);
#5350 = CIRCLE('',#5351,2.25);
#5351 = AXIS2_PLACEMENT_3D('',#5352,#5353,#5354);
#5352 = CARTESIAN_POINT('',(28.,155.,0.));
#5353 = DIRECTION('',(0.,0.,1.));
#5354 = DIRECTION('',(1.,0.,-0.));
#5355 = PCURVE('',#363,#5356);
#5356 = DEFINITIONAL_REPRESENTATION('',(#5357),#5361);
#5357 = CIRCLE('',#5358,2.25);
#5358 = AXIS2_PLACEMENT_2D('',#5359,#5360);
#5359 = CARTESIAN_POINT('',(28.,154.9));
#5360 = DIRECTION('',(1.,0.));
#5361 = ( GEOMETRIC_REPRESENTATION_CONTEXT(2) 
PARAMETRIC_REPRESENTATION_CONTEXT() REPRESENTATION_CONTEXT('2D SPACE',''
  ) );
#5362 = PCURVE('',#2988,#5363);
#5363 = DEFINITIONAL_REPRESENTATION('',(#5364),#5368);
#5364 = LINE('',#5365,#5366);
#5365 = CARTESIAN_POINT('',(0.,14.));
#5366 = VECTOR('',#5367,1.);
#5367 = DIRECTION('',(1.,0.));
#5368 = ( GEOMETRIC_REPRESENTATION_CONTEXT(2) 
PARAMETRIC_REPRESENTATION_CONTEXT() REPRESENTATION_CONTEXT('2D SPACE',''
  ) );
#5369 = FACE_BOUND('',#5370,.T.);
#5370 = EDGE_LOOP('',(#5371));
#5371 = ORIENTED_EDGE('',*,*,#5372,.F.);
#5372 = EDGE_CURVE('',#5373,#5373,#5375,.T.);
#5373 = VERTEX_POINT('',#5374);
#5374 = CARTESIAN_POINT('',(60.63,140.,0.));
#5375 = SURFACE_CURVE('',#5376,(#5381,#5388),.PCURVE_S1.);
#5376 = CIRCLE('',#5377,4.63);
#5377 = AXIS2_PLACEMENT_3D('',#5378,#5379,#5380);
#5378 = CARTESIAN_POINT('',(56.,140.,0.));
#5379 = DIRECTION('',(0.,0.,1.));
#5380 = DIRECTION('',(1.,0.,-0.));
#5381 = PCURVE('',#363,#5382);
#5382 = DEFINITIONAL_REPRESENTATION('',(#5383),#5387);
#5383 = CIRCLE('',#5384,4.63);
#5384 = AXIS2_PLACEMENT_2D('',#5385,#5386);
#5385 = CARTESIAN_POINT('',(56.,139.9));
#5386 = DIRECTION('',(1.,0.));
#5387 = ( GEOMETRIC_REPRESENTATION_CONTEXT(2) 
PARAMETRIC_REPRESENTATION_CONTEXT() REPRESENTATION_CONTEXT('2D SPACE',''
  ) );
#5388 = PCURVE('',#5389,#5394);
#5389 = CONICAL_SURFACE('',#5390,2.25,0.764824934794);
#5390 = AXIS2_PLACEMENT_3D('',#5391,#5392,#5393);
#5391 = CARTESIAN_POINT('',(56.,140.,-2.48));
#5392 = DIRECTION('',(0.,0.,1.));
#5393 = DIRECTION('',(1.,0.,-0.));
#5394 = DEFINITIONAL_REPRESENTATION('',(#5395),#5399);
#5395 = LINE('',#5396,#5397);
#5396 = CARTESIAN_POINT('',(0.,2.48));
#5397 = VECTOR('',#5398,1.);
#5398 = DIRECTION('',(1.,0.));
#5399 = ( GEOMETRIC_REPRESENTATION_CONTEXT(2) 
PARAMETRIC_REPRESENTATION_CONTEXT() REPRESENTATION_CONTEXT('2D SPACE',''
  ) );
#5400 = FACE_BOUND('',#5401,.T.);
#5401 = EDGE_LOOP('',(#5402));
#5402 = ORIENTED_EDGE('',*,*,#5403,.F.);
#5403 = EDGE_CURVE('',#5404,#5404,#5406,.T.);
#5404 = VERTEX_POINT('',#5405);
#5405 = CARTESIAN_POINT('',(100.25,92.,0.));
#5406 = SURFACE_CURVE('',#5407,(#5412,#5419),.PCURVE_S1.);
#5407 = CIRCLE('',#5408,16.25);
#5408 = AXIS2_PLACEMENT_3D('',#5409,#5410,#5411);
#5409 = CARTESIAN_POINT('',(84.,92.,0.));
#5410 = DIRECTION('',(0.,0.,1.));
#5411 = DIRECTION('',(1.,0.,-0.));
#5412 = PCURVE('',#363,#5413);
#5413 = DEFINITIONAL_REPRESENTATION('',(#5414),#5418);
#5414 = CIRCLE('',#5415,16.25);
#5415 = AXIS2_PLACEMENT_2D('',#5416,#5417);
#5416 = CARTESIAN_POINT('',(84.,91.9));
#5417 = DIRECTION('',(1.,0.));
#5418 = ( GEOMETRIC_REPRESENTATION_CONTEXT(2) 
PARAMETRIC_REPRESENTATION_CONTEXT() REPRESENTATION_CONTEXT('2D SPACE',''
  ) );
#5419 = PCURVE('',#3050,#5420);
#5420 = DEFINITIONAL_REPRESENTATION('',(#5421),#5425);
#5421 = LINE('',#5422,#5423);
#5422 = CARTESIAN_POINT('',(0.,6.));
#5423 = VECTOR('',#5424,1.);
#5424 = DIRECTION('',(1.,0.));
#5425 = ( GEOMETRIC_REPRESENTATION_CONTEXT(2) 
PARAMETRIC_REPRESENTATION_CONTEXT() REPRESENTATION_CONTEXT('2D SPACE',''
  ) );
#5426 = FACE_BOUND('',#5427,.T.);
#5427 = EDGE_LOOP('',(#5428));
#5428 = ORIENTED_EDGE('',*,*,#5429,.F.);
#5429 = EDGE_CURVE('',#5430,#5430,#5432,.T.);
#5430 = VERTEX_POINT('',#5431);
#5431 = CARTESIAN_POINT('',(116.25,98.,0.));
#5432 = SURFACE_CURVE('',#5433,(#5438,#5445),.PCURVE_S1.);
#5433 = CIRCLE('',#5434,2.25);
#5434 = AXIS2_PLACEMENT_3D('',#5435,#5436,#5437);
#5435 = CARTESIAN_POINT('',(114.,98.,0.));
#5436 = DIRECTION('',(0.,0.,1.));
#5437 = DIRECTION('',(1.,0.,-0.));
#5438 = PCURVE('',#363,#5439);
#5439 = DEFINITIONAL_REPRESENTATION('',(#5440),#5444);
#5440 = CIRCLE('',#5441,2.25);
#5441 = AXIS2_PLACEMENT_2D('',#5442,#5443);
#5442 = CARTESIAN_POINT('',(114.,97.9));
#5443 = DIRECTION('',(1.,0.));
#5444 = ( GEOMETRIC_REPRESENTATION_CONTEXT(2) 
PARAMETRIC_REPRESENTATION_CONTEXT() REPRESENTATION_CONTEXT('2D SPACE',''
  ) );
#5445 = PCURVE('',#3081,#5446);
#5446 = DEFINITIONAL_REPRESENTATION('',(#5447),#5451);
#5447 = LINE('',#5448,#5449);
#5448 = CARTESIAN_POINT('',(0.,14.));
#5449 = VECTOR('',#5450,1.);
#5450 = DIRECTION('',(1.,0.));
#5451 = ( GEOMETRIC_REPRESENTATION_CONTEXT(2) 
PARAMETRIC_REPRESENTATION_CONTEXT() REPRESENTATION_CONTEXT('2D SPACE',''
  ) );
#5452 = FACE_BOUND('',#5453,.T.);
#5453 = EDGE_LOOP('',(#5454));
#5454 = ORIENTED_EDGE('',*,*,#5455,.F.);
#5455 = EDGE_CURVE('',#5456,#5456,#5458,.T.);
#5456 = VERTEX_POINT('',#5457);
#5457 = CARTESIAN_POINT('',(96.25,116.,0.));
#5458 = SURFACE_CURVE('',#5459,(#5464,#5471),.PCURVE_S1.);
#5459 = CIRCLE('',#5460,2.25);
#5460 = AXIS2_PLACEMENT_3D('',#5461,#5462,#5463);
#5461 = CARTESIAN_POINT('',(94.,116.,0.));
#5462 = DIRECTION('',(0.,0.,1.));
#5463 = DIRECTION('',(1.,0.,-0.));
#5464 = PCURVE('',#363,#5465);
#5465 = DEFINITIONAL_REPRESENTATION('',(#5466),#5470);
#5466 = CIRCLE('',#5467,2.25);
#5467 = AXIS2_PLACEMENT_2D('',#5468,#5469);
#5468 = CARTESIAN_POINT('',(94.,115.9));
#5469 = DIRECTION('',(1.,0.));
#5470 = ( GEOMETRIC_REPRESENTATION_CONTEXT(2) 
PARAMETRIC_REPRESENTATION_CONTEXT() REPRESENTATION_CONTEXT('2D SPACE',''
  ) );
#5471 = PCURVE('',#3112,#5472);
#5472 = DEFINITIONAL_REPRESENTATION('',(#5473),#5477);
#5473 = LINE('',#5474,#5475);
#5474 = CARTESIAN_POINT('',(0.,14.));
#5475 = VECTOR('',#5476,1.);
#5476 = DIRECTION('',(1.,0.));
#5477 = ( GEOMETRIC_REPRESENTATION_CONTEXT(2) 
PARAMETRIC_REPRESENTATION_CONTEXT() REPRESENTATION_CONTEXT('2D SPACE',''
  ) );
#5478 = FACE_BOUND('',#5479,.T.);
#5479 = EDGE_LOOP('',(#5480));
#5480 = ORIENTED_EDGE('',*,*,#5481,.F.);
#5481 = EDGE_CURVE('',#5482,#5482,#5484,.T.);
#5482 = VERTEX_POINT('',#5483);
#5483 = CARTESIAN_POINT('',(156.63,124.,0.));
#5484 = SURFACE_CURVE('',#5485,(#5490,#5497),.PCURVE_S1.);
#5485 = CIRCLE('',#5486,4.63);
#5486 = AXIS2_PLACEMENT_3D('',#5487,#5488,#5489);
#5487 = CARTESIAN_POINT('',(152.,124.,0.));
#5488 = DIRECTION('',(0.,0.,1.));
#5489 = DIRECTION('',(1.,0.,-0.));
#5490 = PCURVE('',#363,#5491);
#5491 = DEFINITIONAL_REPRESENTATION('',(#5492),#5496);
#5492 = CIRCLE('',#5493,4.63);
#5493 = AXIS2_PLACEMENT_2D('',#5494,#5495);
#5494 = CARTESIAN_POINT('',(152.,123.9));
#5495 = DIRECTION('',(1.,0.));
#5496 = ( GEOMETRIC_REPRESENTATION_CONTEXT(2) 
PARAMETRIC_REPRESENTATION_CONTEXT() REPRESENTATION_CONTEXT('2D SPACE',''
  ) );
#5497 = PCURVE('',#5498,#5503);
#5498 = CONICAL_SURFACE('',#5499,2.25,0.764824934794);
#5499 = AXIS2_PLACEMENT_3D('',#5500,#5501,#5502);
#5500 = CARTESIAN_POINT('',(152.,124.,-2.48));
#5501 = DIRECTION('',(0.,0.,1.));
#5502 = DIRECTION('',(1.,0.,-0.));
#5503 = DEFINITIONAL_REPRESENTATION('',(#5504),#5508);
#5504 = LINE('',#5505,#5506);
#5505 = CARTESIAN_POINT('',(0.,2.48));
#5506 = VECTOR('',#5507,1.);
#5507 = DIRECTION('',(1.,0.));
#5508 = ( GEOMETRIC_REPRESENTATION_CONTEXT(2) 
PARAMETRIC_REPRESENTATION_CONTEXT() REPRESENTATION_CONTEXT('2D SPACE',''
  ) );
#5509 = FACE_BOUND('',#5510,.T.);
#5510 = EDGE_LOOP('',(#5511));
#5511 = ORIENTED_EDGE('',*,*,#5512,.F.);
#5512 = EDGE_CURVE('',#5513,#5513,#5515,.T.);
#5513 = VERTEX_POINT('',#5514);
#5514 = CARTESIAN_POINT('',(146.25,155.,0.));
#5515 = SURFACE_CURVE('',#5516,(#5521,#5528),.PCURVE_S1.);
#5516 = CIRCLE('',#5517,2.25);
#5517 = AXIS2_PLACEMENT_3D('',#5518,#5519,#5520);
#5518 = CARTESIAN_POINT('',(144.,155.,0.));
#5519 = DIRECTION('',(0.,0.,1.));
#5520 = DIRECTION('',(1.,0.,-0.));
#5521 = PCURVE('',#363,#5522);
#5522 = DEFINITIONAL_REPRESENTATION('',(#5523),#5527);
#5523 = CIRCLE('',#5524,2.25);
#5524 = AXIS2_PLACEMENT_2D('',#5525,#5526);
#5525 = CARTESIAN_POINT('',(144.,154.9));
#5526 = DIRECTION('',(1.,0.));
#5527 = ( GEOMETRIC_REPRESENTATION_CONTEXT(2) 
PARAMETRIC_REPRESENTATION_CONTEXT() REPRESENTATION_CONTEXT('2D SPACE',''
  ) );
#5528 = PCURVE('',#3205,#5529);
#5529 = DEFINITIONAL_REPRESENTATION('',(#5530),#5534);
#5530 = LINE('',#5531,#5532);
#5531 = CARTESIAN_POINT('',(0.,14.));
#5532 = VECTOR('',#5533,1.);
#5533 = DIRECTION('',(1.,0.));
#5534 = ( GEOMETRIC_REPRESENTATION_CONTEXT(2) 
PARAMETRIC_REPRESENTATION_CONTEXT() REPRESENTATION_CONTEXT('2D SPACE',''
  ) );
#5535 = ADVANCED_FACE('',(#5536),#396,.T.);
#5536 = FACE_BOUND('',#5537,.T.);
#5537 = EDGE_LOOP('',(#5538,#5539,#5540,#5563,#5586,#5614,#5635,#5636,
    #5637,#5658,#5684,#5710,#5738,#5764,#5790,#5809,#5810,#5831,#5857,
    #5876,#5877,#5898));
#5538 = ORIENTED_EDGE('',*,*,#378,.F.);
#5539 = ORIENTED_EDGE('',*,*,#508,.T.);
#5540 = ORIENTED_EDGE('',*,*,#5541,.F.);
#5541 = EDGE_CURVE('',#5542,#509,#5544,.T.);
#5542 = VERTEX_POINT('',#5543);
#5543 = CARTESIAN_POINT('',(159.9,150.5,-14.));
#5544 = SURFACE_CURVE('',#5545,(#5549,#5556),.PCURVE_S1.);
#5545 = LINE('',#5546,#5547);
#5546 = CARTESIAN_POINT('',(159.9,150.5,-14.));
#5547 = VECTOR('',#5548,1.);
#5548 = DIRECTION('',(0.,0.,1.));
#5549 = PCURVE('',#396,#5550);
#5550 = DEFINITIONAL_REPRESENTATION('',(#5551),#5555);
#5551 = LINE('',#5552,#5553);
#5552 = CARTESIAN_POINT('',(-8.,-150.4));
#5553 = VECTOR('',#5554,1.);
#5554 = DIRECTION('',(1.,0.));
#5555 = ( GEOMETRIC_REPRESENTATION_CONTEXT(2) 
PARAMETRIC_REPRESENTATION_CONTEXT() REPRESENTATION_CONTEXT('2D SPACE',''
  ) );
#5556 = PCURVE('',#547,#5557);
#5557 = DEFINITIONAL_REPRESENTATION('',(#5558),#5562);
#5558 = LINE('',#5559,#5560);
#5559 = CARTESIAN_POINT('',(0.,8.9));
#5560 = VECTOR('',#5561,1.);
#5561 = DIRECTION('',(1.,0.));
#5562 = ( GEOMETRIC_REPRESENTATION_CONTEXT(2) 
PARAMETRIC_REPRESENTATION_CONTEXT() REPRESENTATION_CONTEXT('2D SPACE',''
  ) );
#5563 = ORIENTED_EDGE('',*,*,#5564,.T.);
#5564 = EDGE_CURVE('',#5542,#5565,#5567,.T.);
#5565 = VERTEX_POINT('',#5566);
#5566 = CARTESIAN_POINT('',(159.9,153.5,-14.));
#5567 = SURFACE_CURVE('',#5568,(#5572,#5579),.PCURVE_S1.);
#5568 = LINE('',#5569,#5570);
#5569 = CARTESIAN_POINT('',(159.9,150.5,-14.));
#5570 = VECTOR('',#5571,1.);
#5571 = DIRECTION('',(-0.,1.,0.));
#5572 = PCURVE('',#396,#5573);
#5573 = DEFINITIONAL_REPRESENTATION('',(#5574),#5578);
#5574 = LINE('',#5575,#5576);
#5575 = CARTESIAN_POINT('',(-8.,-150.4));
#5576 = VECTOR('',#5577,1.);
#5577 = DIRECTION('',(0.,-1.));
#5578 = ( GEOMETRIC_REPRESENTATION_CONTEXT(2) 
PARAMETRIC_REPRESENTATION_CONTEXT() REPRESENTATION_CONTEXT('2D SPACE',''
  ) );
#5579 = PCURVE('',#4120,#5580);
#5580 = DEFINITIONAL_REPRESENTATION('',(#5581),#5585);
#5581 = LINE('',#5582,#5583);
#5582 = CARTESIAN_POINT('',(8.9,0.));
#5583 = VECTOR('',#5584,1.);
#5584 = DIRECTION('',(0.,1.));
#5585 = ( GEOMETRIC_REPRESENTATION_CONTEXT(2) 
PARAMETRIC_REPRESENTATION_CONTEXT() REPRESENTATION_CONTEXT('2D SPACE',''
  ) );
#5586 = ORIENTED_EDGE('',*,*,#5587,.T.);
#5587 = EDGE_CURVE('',#5565,#5588,#5590,.T.);
#5588 = VERTEX_POINT('',#5589);
#5589 = CARTESIAN_POINT('',(159.9,153.5,-6.));
#5590 = SURFACE_CURVE('',#5591,(#5595,#5602),.PCURVE_S1.);
#5591 = LINE('',#5592,#5593);
#5592 = CARTESIAN_POINT('',(159.9,153.5,-14.));
#5593 = VECTOR('',#5594,1.);
#5594 = DIRECTION('',(0.,0.,1.));
#5595 = PCURVE('',#396,#5596);
#5596 = DEFINITIONAL_REPRESENTATION('',(#5597),#5601);
#5597 = LINE('',#5598,#5599);
#5598 = CARTESIAN_POINT('',(-8.,-153.4));
#5599 = VECTOR('',#5600,1.);
#5600 = DIRECTION('',(1.,0.));
#5601 = ( GEOMETRIC_REPRESENTATION_CONTEXT(2) 
PARAMETRIC_REPRESENTATION_CONTEXT() REPRESENTATION_CONTEXT('2D SPACE',''
  ) );
#5602 = PCURVE('',#5603,#5608);
#5603 = PLANE('',#5604);
#5604 = AXIS2_PLACEMENT_3D('',#5605,#5606,#5607);
#5605 = CARTESIAN_POINT('',(151.,153.5,-14.));
#5606 = DIRECTION('',(-0.,1.,0.));
#5607 = DIRECTION('',(0.,0.,1.));
#5608 = DEFINITIONAL_REPRESENTATION('',(#5609),#5613);
#5609 = LINE('',#5610,#5611);
#5610 = CARTESIAN_POINT('',(0.,8.9));
#5611 = VECTOR('',#5612,1.);
#5612 = DIRECTION('',(1.,0.));
#5613 = ( GEOMETRIC_REPRESENTATION_CONTEXT(2) 
PARAMETRIC_REPRESENTATION_CONTEXT() REPRESENTATION_CONTEXT('2D SPACE',''
  ) );
#5614 = ORIENTED_EDGE('',*,*,#5615,.T.);
#5615 = EDGE_CURVE('',#5588,#4026,#5616,.T.);
#5616 = SURFACE_CURVE('',#5617,(#5621,#5628),.PCURVE_S1.);
#5617 = LINE('',#5618,#5619);
#5618 = CARTESIAN_POINT('',(159.9,0.1,-6.));
#5619 = VECTOR('',#5620,1.);
#5620 = DIRECTION('',(-0.,1.,0.));
#5621 = PCURVE('',#396,#5622);
#5622 = DEFINITIONAL_REPRESENTATION('',(#5623),#5627);
#5623 = LINE('',#5624,#5625);
#5624 = CARTESIAN_POINT('',(0.,0.));
#5625 = VECTOR('',#5626,1.);
#5626 = DIRECTION('',(0.,-1.));
#5627 = ( GEOMETRIC_REPRESENTATION_CONTEXT(2) 
PARAMETRIC_REPRESENTATION_CONTEXT() REPRESENTATION_CONTEXT('2D SPACE',''
  ) );
#5628 = PCURVE('',#4064,#5629);
#5629 = DEFINITIONAL_REPRESENTATION('',(#5630),#5634);
#5630 = LINE('',#5631,#5632);
#5631 = CARTESIAN_POINT('',(159.9,0.));
#5632 = VECTOR('',#5633,1.);
#5633 = DIRECTION('',(0.,1.));
#5634 = ( GEOMETRIC_REPRESENTATION_CONTEXT(2) 
PARAMETRIC_REPRESENTATION_CONTEXT() REPRESENTATION_CONTEXT('2D SPACE',''
  ) );
#5635 = ORIENTED_EDGE('',*,*,#4025,.T.);
#5636 = ORIENTED_EDGE('',*,*,#4929,.F.);
#5637 = ORIENTED_EDGE('',*,*,#5638,.F.);
#5638 = EDGE_CURVE('',#5639,#4901,#5641,.T.);
#5639 = VERTEX_POINT('',#5640);
#5640 = CARTESIAN_POINT('',(159.9,23.554502678008,-1.2));
#5641 = SURFACE_CURVE('',#5642,(#5646,#5652),.PCURVE_S1.);
#5642 = LINE('',#5643,#5644);
#5643 = CARTESIAN_POINT('',(159.9,23.554502678008,-1.2));
#5644 = VECTOR('',#5645,1.);
#5645 = DIRECTION('',(0.,0.,1.));
#5646 = PCURVE('',#396,#5647);
#5647 = DEFINITIONAL_REPRESENTATION('',(#5648),#5651);
#5648 = B_SPLINE_CURVE_WITH_KNOTS('',1,(#5649,#5650),.UNSPECIFIED.,.F.,
  .F.,(2,2),(-5.999999999062E-07,1.2000006),.PIECEWISE_BEZIER_KNOTS.);
#5649 = CARTESIAN_POINT('',(4.7999994,-23.454502678));
#5650 = CARTESIAN_POINT('',(6.0000006,-23.454502678));
#5651 = ( GEOMETRIC_REPRESENTATION_CONTEXT(2) 
PARAMETRIC_REPRESENTATION_CONTEXT() REPRESENTATION_CONTEXT('2D SPACE',''
  ) );
#5652 = PCURVE('',#4917,#5653);
#5653 = DEFINITIONAL_REPRESENTATION('',(#5654),#5657);
#5654 = B_SPLINE_CURVE_WITH_KNOTS('',1,(#5655,#5656),.UNSPECIFIED.,.F.,
  .F.,(2,2),(-5.999999999062E-07,1.2000006),.PIECEWISE_BEZIER_KNOTS.);
#5655 = CARTESIAN_POINT('',(8.686151376212,-5.999999999062E-07));
#5656 = CARTESIAN_POINT('',(8.686151376212,1.2000006));
#5657 = ( GEOMETRIC_REPRESENTATION_CONTEXT(2) 
PARAMETRIC_REPRESENTATION_CONTEXT() REPRESENTATION_CONTEXT('2D SPACE',''
  ) );
#5658 = ORIENTED_EDGE('',*,*,#5659,.T.);
#5659 = EDGE_CURVE('',#5639,#5660,#5662,.T.);
#5660 = VERTEX_POINT('',#5661);
#5661 = CARTESIAN_POINT('',(159.9,19.,-1.2));
#5662 = SURFACE_CURVE('',#5663,(#5667,#5673),.PCURVE_S1.);
#5663 = LINE('',#5664,#5665);
#5664 = CARTESIAN_POINT('',(159.9,-23.075,-1.2));
#5665 = VECTOR('',#5666,1.);
#5666 = DIRECTION('',(0.,-1.,0.));
#5667 = PCURVE('',#396,#5668);
#5668 = DEFINITIONAL_REPRESENTATION('',(#5669),#5672);
#5669 = B_SPLINE_CURVE_WITH_KNOTS('',1,(#5670,#5671),.UNSPECIFIED.,.F.,
  .F.,(2,2),(-47.075,-42.075),.PIECEWISE_BEZIER_KNOTS.);
#5670 = CARTESIAN_POINT('',(4.8,-23.9));
#5671 = CARTESIAN_POINT('',(4.8,-18.9));
#5672 = ( GEOMETRIC_REPRESENTATION_CONTEXT(2) 
PARAMETRIC_REPRESENTATION_CONTEXT() REPRESENTATION_CONTEXT('2D SPACE',''
  ) );
#5673 = PCURVE('',#5674,#5679);
#5674 = PLANE('',#5675);
#5675 = AXIS2_PLACEMENT_3D('',#5676,#5677,#5678);
#5676 = CARTESIAN_POINT('',(127.75,-46.25,-1.2));
#5677 = DIRECTION('',(0.,0.,1.));
#5678 = DIRECTION('',(1.,0.,-0.));
#5679 = DEFINITIONAL_REPRESENTATION('',(#5680),#5683);
#5680 = B_SPLINE_CURVE_WITH_KNOTS('',1,(#5681,#5682),.UNSPECIFIED.,.F.,
  .F.,(2,2),(-47.075,-42.075),.PIECEWISE_BEZIER_KNOTS.);
#5681 = CARTESIAN_POINT('',(32.15,70.25));
#5682 = CARTESIAN_POINT('',(32.15,65.25));
#5683 = ( GEOMETRIC_REPRESENTATION_CONTEXT(2) 
PARAMETRIC_REPRESENTATION_CONTEXT() REPRESENTATION_CONTEXT('2D SPACE',''
  ) );
#5684 = ORIENTED_EDGE('',*,*,#5685,.T.);
#5685 = EDGE_CURVE('',#5660,#5686,#5688,.T.);
#5686 = VERTEX_POINT('',#5687);
#5687 = CARTESIAN_POINT('',(159.9,19.,0.));
#5688 = SURFACE_CURVE('',#5689,(#5693,#5699),.PCURVE_S1.);
#5689 = LINE('',#5690,#5691);
#5690 = CARTESIAN_POINT('',(159.9,19.,-6.));
#5691 = VECTOR('',#5692,1.);
#5692 = DIRECTION('',(0.,0.,1.));
#5693 = PCURVE('',#396,#5694);
#5694 = DEFINITIONAL_REPRESENTATION('',(#5695),#5698);
#5695 = B_SPLINE_CURVE_WITH_KNOTS('',1,(#5696,#5697),.UNSPECIFIED.,.F.,
  .F.,(2,2),(0.,6.),.PIECEWISE_BEZIER_KNOTS.);
#5696 = CARTESIAN_POINT('',(0.,-18.9));
#5697 = CARTESIAN_POINT('',(6.,-18.9));
#5698 = ( GEOMETRIC_REPRESENTATION_CONTEXT(2) 
PARAMETRIC_REPRESENTATION_CONTEXT() REPRESENTATION_CONTEXT('2D SPACE',''
  ) );
#5699 = PCURVE('',#5700,#5705);
#5700 = PLANE('',#5701);
#5701 = AXIS2_PLACEMENT_3D('',#5702,#5703,#5704);
#5702 = CARTESIAN_POINT('',(113.75,19.,-6.));
#5703 = DIRECTION('',(-0.,1.,0.));
#5704 = DIRECTION('',(0.,0.,1.));
#5705 = DEFINITIONAL_REPRESENTATION('',(#5706),#5709);
#5706 = B_SPLINE_CURVE_WITH_KNOTS('',1,(#5707,#5708),.UNSPECIFIED.,.F.,
  .F.,(2,2),(0.,6.),.PIECEWISE_BEZIER_KNOTS.);
#5707 = CARTESIAN_POINT('',(0.,46.15));
#5708 = CARTESIAN_POINT('',(6.,46.15));
#5709 = ( GEOMETRIC_REPRESENTATION_CONTEXT(2) 
PARAMETRIC_REPRESENTATION_CONTEXT() REPRESENTATION_CONTEXT('2D SPACE',''
  ) );
#5710 = ORIENTED_EDGE('',*,*,#5711,.F.);
#5711 = EDGE_CURVE('',#5712,#5686,#5714,.T.);
#5712 = VERTEX_POINT('',#5713);
#5713 = CARTESIAN_POINT('',(159.9,16.,0.));
#5714 = SURFACE_CURVE('',#5715,(#5719,#5726),.PCURVE_S1.);
#5715 = LINE('',#5716,#5717);
#5716 = CARTESIAN_POINT('',(159.9,0.1,0.));
#5717 = VECTOR('',#5718,1.);
#5718 = DIRECTION('',(-0.,1.,0.));
#5719 = PCURVE('',#396,#5720);
#5720 = DEFINITIONAL_REPRESENTATION('',(#5721),#5725);
#5721 = LINE('',#5722,#5723);
#5722 = CARTESIAN_POINT('',(6.,0.));
#5723 = VECTOR('',#5724,1.);
#5724 = DIRECTION('',(0.,-1.));
#5725 = ( GEOMETRIC_REPRESENTATION_CONTEXT(2) 
PARAMETRIC_REPRESENTATION_CONTEXT() REPRESENTATION_CONTEXT('2D SPACE',''
  ) );
#5726 = PCURVE('',#5727,#5732);
#5727 = PLANE('',#5728);
#5728 = AXIS2_PLACEMENT_3D('',#5729,#5730,#5731);
#5729 = CARTESIAN_POINT('',(0.,0.1,0.));
#5730 = DIRECTION('',(0.,0.,1.));
#5731 = DIRECTION('',(1.,0.,-0.));
#5732 = DEFINITIONAL_REPRESENTATION('',(#5733),#5737);
#5733 = LINE('',#5734,#5735);
#5734 = CARTESIAN_POINT('',(159.9,0.));
#5735 = VECTOR('',#5736,1.);
#5736 = DIRECTION('',(0.,1.));
#5737 = ( GEOMETRIC_REPRESENTATION_CONTEXT(2) 
PARAMETRIC_REPRESENTATION_CONTEXT() REPRESENTATION_CONTEXT('2D SPACE',''
  ) );
#5738 = ORIENTED_EDGE('',*,*,#5739,.F.);
#5739 = EDGE_CURVE('',#5740,#5712,#5742,.T.);
#5740 = VERTEX_POINT('',#5741);
#5741 = CARTESIAN_POINT('',(159.9,16.,-1.2));
#5742 = SURFACE_CURVE('',#5743,(#5747,#5753),.PCURVE_S1.);
#5743 = LINE('',#5744,#5745);
#5744 = CARTESIAN_POINT('',(159.9,16.,-6.));
#5745 = VECTOR('',#5746,1.);
#5746 = DIRECTION('',(0.,0.,1.));
#5747 = PCURVE('',#396,#5748);
#5748 = DEFINITIONAL_REPRESENTATION('',(#5749),#5752);
#5749 = B_SPLINE_CURVE_WITH_KNOTS('',1,(#5750,#5751),.UNSPECIFIED.,.F.,
  .F.,(2,2),(0.,6.),.PIECEWISE_BEZIER_KNOTS.);
#5750 = CARTESIAN_POINT('',(0.,-15.9));
#5751 = CARTESIAN_POINT('',(6.,-15.9));
#5752 = ( GEOMETRIC_REPRESENTATION_CONTEXT(2) 
PARAMETRIC_REPRESENTATION_CONTEXT() REPRESENTATION_CONTEXT('2D SPACE',''
  ) );
#5753 = PCURVE('',#5754,#5759);
#5754 = PLANE('',#5755);
#5755 = AXIS2_PLACEMENT_3D('',#5756,#5757,#5758);
#5756 = CARTESIAN_POINT('',(113.75,16.,-6.));
#5757 = DIRECTION('',(-0.,1.,0.));
#5758 = DIRECTION('',(0.,0.,1.));
#5759 = DEFINITIONAL_REPRESENTATION('',(#5760),#5763);
#5760 = B_SPLINE_CURVE_WITH_KNOTS('',1,(#5761,#5762),.UNSPECIFIED.,.F.,
  .F.,(2,2),(0.,6.),.PIECEWISE_BEZIER_KNOTS.);
#5761 = CARTESIAN_POINT('',(0.,46.15));
#5762 = CARTESIAN_POINT('',(6.,46.15));
#5763 = ( GEOMETRIC_REPRESENTATION_CONTEXT(2) 
PARAMETRIC_REPRESENTATION_CONTEXT() REPRESENTATION_CONTEXT('2D SPACE',''
  ) );
#5764 = ORIENTED_EDGE('',*,*,#5765,.T.);
#5765 = EDGE_CURVE('',#5740,#5766,#5768,.T.);
#5766 = VERTEX_POINT('',#5767);
#5767 = CARTESIAN_POINT('',(159.9,12.,-1.2));
#5768 = SURFACE_CURVE('',#5769,(#5773,#5779),.PCURVE_S1.);
#5769 = LINE('',#5770,#5771);
#5770 = CARTESIAN_POINT('',(159.9,-23.075,-1.2));
#5771 = VECTOR('',#5772,1.);
#5772 = DIRECTION('',(0.,-1.,0.));
#5773 = PCURVE('',#396,#5774);
#5774 = DEFINITIONAL_REPRESENTATION('',(#5775),#5778);
#5775 = B_SPLINE_CURVE_WITH_KNOTS('',1,(#5776,#5777),.UNSPECIFIED.,.F.,
  .F.,(2,2),(-39.075,-35.075),.PIECEWISE_BEZIER_KNOTS.);
#5776 = CARTESIAN_POINT('',(4.8,-15.9));
#5777 = CARTESIAN_POINT('',(4.8,-11.9));
#5778 = ( GEOMETRIC_REPRESENTATION_CONTEXT(2) 
PARAMETRIC_REPRESENTATION_CONTEXT() REPRESENTATION_CONTEXT('2D SPACE',''
  ) );
#5779 = PCURVE('',#5780,#5785);
#5780 = PLANE('',#5781);
#5781 = AXIS2_PLACEMENT_3D('',#5782,#5783,#5784);
#5782 = CARTESIAN_POINT('',(127.75,-46.25,-1.2));
#5783 = DIRECTION('',(0.,0.,1.));
#5784 = DIRECTION('',(1.,0.,-0.));
#5785 = DEFINITIONAL_REPRESENTATION('',(#5786),#5789);
#5786 = B_SPLINE_CURVE_WITH_KNOTS('',1,(#5787,#5788),.UNSPECIFIED.,.F.,
  .F.,(2,2),(-39.075,-35.075),.PIECEWISE_BEZIER_KNOTS.);
#5787 = CARTESIAN_POINT('',(32.15,62.25));
#5788 = CARTESIAN_POINT('',(32.15,58.25));
#5789 = ( GEOMETRIC_REPRESENTATION_CONTEXT(2) 
PARAMETRIC_REPRESENTATION_CONTEXT() REPRESENTATION_CONTEXT('2D SPACE',''
  ) );
#5790 = ORIENTED_EDGE('',*,*,#5791,.T.);
#5791 = EDGE_CURVE('',#5766,#4542,#5792,.T.);
#5792 = SURFACE_CURVE('',#5793,(#5797,#5803),.PCURVE_S1.);
#5793 = LINE('',#5794,#5795);
#5794 = CARTESIAN_POINT('',(159.9,12.,-6.));
#5795 = VECTOR('',#5796,1.);
#5796 = DIRECTION('',(0.,0.,1.));
#5797 = PCURVE('',#396,#5798);
#5798 = DEFINITIONAL_REPRESENTATION('',(#5799),#5802);
#5799 = B_SPLINE_CURVE_WITH_KNOTS('',1,(#5800,#5801),.UNSPECIFIED.,.F.,
  .F.,(2,2),(0.,6.),.PIECEWISE_BEZIER_KNOTS.);
#5800 = CARTESIAN_POINT('',(0.,-11.9));
#5801 = CARTESIAN_POINT('',(6.,-11.9));
#5802 = ( GEOMETRIC_REPRESENTATION_CONTEXT(2) 
PARAMETRIC_REPRESENTATION_CONTEXT() REPRESENTATION_CONTEXT('2D SPACE',''
  ) );
#5803 = PCURVE('',#4580,#5804);
#5804 = DEFINITIONAL_REPRESENTATION('',(#5805),#5808);
#5805 = B_SPLINE_CURVE_WITH_KNOTS('',1,(#5806,#5807),.UNSPECIFIED.,.F.,
  .F.,(2,2),(0.,6.),.PIECEWISE_BEZIER_KNOTS.);
#5806 = CARTESIAN_POINT('',(0.,46.15));
#5807 = CARTESIAN_POINT('',(6.,46.15));
#5808 = ( GEOMETRIC_REPRESENTATION_CONTEXT(2) 
PARAMETRIC_REPRESENTATION_CONTEXT() REPRESENTATION_CONTEXT('2D SPACE',''
  ) );
#5809 = ORIENTED_EDGE('',*,*,#4541,.F.);
#5810 = ORIENTED_EDGE('',*,*,#5811,.F.);
#5811 = EDGE_CURVE('',#5812,#4514,#5814,.T.);
#5812 = VERTEX_POINT('',#5813);
#5813 = CARTESIAN_POINT('',(159.9,9.,-1.2));
#5814 = SURFACE_CURVE('',#5815,(#5819,#5825),.PCURVE_S1.);
#5815 = LINE('',#5816,#5817);
#5816 = CARTESIAN_POINT('',(159.9,9.,-6.));
#5817 = VECTOR('',#5818,1.);
#5818 = DIRECTION('',(0.,0.,1.));
#5819 = PCURVE('',#396,#5820);
#5820 = DEFINITIONAL_REPRESENTATION('',(#5821),#5824);
#5821 = B_SPLINE_CURVE_WITH_KNOTS('',1,(#5822,#5823),.UNSPECIFIED.,.F.,
  .F.,(2,2),(0.,6.),.PIECEWISE_BEZIER_KNOTS.);
#5822 = CARTESIAN_POINT('',(0.,-8.9));
#5823 = CARTESIAN_POINT('',(6.,-8.9));
#5824 = ( GEOMETRIC_REPRESENTATION_CONTEXT(2) 
PARAMETRIC_REPRESENTATION_CONTEXT() REPRESENTATION_CONTEXT('2D SPACE',''
  ) );
#5825 = PCURVE('',#4529,#5826);
#5826 = DEFINITIONAL_REPRESENTATION('',(#5827),#5830);
#5827 = B_SPLINE_CURVE_WITH_KNOTS('',1,(#5828,#5829),.UNSPECIFIED.,.F.,
  .F.,(2,2),(0.,6.),.PIECEWISE_BEZIER_KNOTS.);
#5828 = CARTESIAN_POINT('',(0.,46.15));
#5829 = CARTESIAN_POINT('',(6.,46.15));
#5830 = ( GEOMETRIC_REPRESENTATION_CONTEXT(2) 
PARAMETRIC_REPRESENTATION_CONTEXT() REPRESENTATION_CONTEXT('2D SPACE',''
  ) );
#5831 = ORIENTED_EDGE('',*,*,#5832,.T.);
#5832 = EDGE_CURVE('',#5812,#5833,#5835,.T.);
#5833 = VERTEX_POINT('',#5834);
#5834 = CARTESIAN_POINT('',(159.9,6.,-1.2));
#5835 = SURFACE_CURVE('',#5836,(#5840,#5846),.PCURVE_S1.);
#5836 = LINE('',#5837,#5838);
#5837 = CARTESIAN_POINT('',(159.9,-23.075,-1.2));
#5838 = VECTOR('',#5839,1.);
#5839 = DIRECTION('',(0.,-1.,0.));
#5840 = PCURVE('',#396,#5841);
#5841 = DEFINITIONAL_REPRESENTATION('',(#5842),#5845);
#5842 = B_SPLINE_CURVE_WITH_KNOTS('',1,(#5843,#5844),.UNSPECIFIED.,.F.,
  .F.,(2,2),(-32.075,-29.075),.PIECEWISE_BEZIER_KNOTS.);
#5843 = CARTESIAN_POINT('',(4.8,-8.9));
#5844 = CARTESIAN_POINT('',(4.8,-5.9));
#5845 = ( GEOMETRIC_REPRESENTATION_CONTEXT(2) 
PARAMETRIC_REPRESENTATION_CONTEXT() REPRESENTATION_CONTEXT('2D SPACE',''
  ) );
#5846 = PCURVE('',#5847,#5852);
#5847 = PLANE('',#5848);
#5848 = AXIS2_PLACEMENT_3D('',#5849,#5850,#5851);
#5849 = CARTESIAN_POINT('',(127.75,-46.25,-1.2));
#5850 = DIRECTION('',(0.,0.,1.));
#5851 = DIRECTION('',(1.,0.,-0.));
#5852 = DEFINITIONAL_REPRESENTATION('',(#5853),#5856);
#5853 = B_SPLINE_CURVE_WITH_KNOTS('',1,(#5854,#5855),.UNSPECIFIED.,.F.,
  .F.,(2,2),(-32.075,-29.075),.PIECEWISE_BEZIER_KNOTS.);
#5854 = CARTESIAN_POINT('',(32.15,55.25));
#5855 = CARTESIAN_POINT('',(32.15,52.25));
#5856 = ( GEOMETRIC_REPRESENTATION_CONTEXT(2) 
PARAMETRIC_REPRESENTATION_CONTEXT() REPRESENTATION_CONTEXT('2D SPACE',''
  ) );
#5857 = ORIENTED_EDGE('',*,*,#5858,.T.);
#5858 = EDGE_CURVE('',#5833,#4435,#5859,.T.);
#5859 = SURFACE_CURVE('',#5860,(#5864,#5870),.PCURVE_S1.);
#5860 = LINE('',#5861,#5862);
#5861 = CARTESIAN_POINT('',(159.9,6.,-6.));
#5862 = VECTOR('',#5863,1.);
#5863 = DIRECTION('',(0.,0.,1.));
#5864 = PCURVE('',#396,#5865);
#5865 = DEFINITIONAL_REPRESENTATION('',(#5866),#5869);
#5866 = B_SPLINE_CURVE_WITH_KNOTS('',1,(#5867,#5868),.UNSPECIFIED.,.F.,
  .F.,(2,2),(0.,6.),.PIECEWISE_BEZIER_KNOTS.);
#5867 = CARTESIAN_POINT('',(0.,-5.9));
#5868 = CARTESIAN_POINT('',(6.,-5.9));
#5869 = ( GEOMETRIC_REPRESENTATION_CONTEXT(2) 
PARAMETRIC_REPRESENTATION_CONTEXT() REPRESENTATION_CONTEXT('2D SPACE',''
  ) );
#5870 = PCURVE('',#4473,#5871);
#5871 = DEFINITIONAL_REPRESENTATION('',(#5872),#5875);
#5872 = B_SPLINE_CURVE_WITH_KNOTS('',1,(#5873,#5874),.UNSPECIFIED.,.F.,
  .F.,(2,2),(0.,6.),.PIECEWISE_BEZIER_KNOTS.);
#5873 = CARTESIAN_POINT('',(0.,46.15));
#5874 = CARTESIAN_POINT('',(6.,46.15));
#5875 = ( GEOMETRIC_REPRESENTATION_CONTEXT(2) 
PARAMETRIC_REPRESENTATION_CONTEXT() REPRESENTATION_CONTEXT('2D SPACE',''
  ) );
#5876 = ORIENTED_EDGE('',*,*,#4434,.F.);
#5877 = ORIENTED_EDGE('',*,*,#5878,.F.);
#5878 = EDGE_CURVE('',#5879,#4407,#5881,.T.);
#5879 = VERTEX_POINT('',#5880);
#5880 = CARTESIAN_POINT('',(159.9,3.,-1.2));
#5881 = SURFACE_CURVE('',#5882,(#5886,#5892),.PCURVE_S1.);
#5882 = LINE('',#5883,#5884);
#5883 = CARTESIAN_POINT('',(159.9,3.,-6.));
#5884 = VECTOR('',#5885,1.);
#5885 = DIRECTION('',(0.,0.,1.));
#5886 = PCURVE('',#396,#5887);
#5887 = DEFINITIONAL_REPRESENTATION('',(#5888),#5891);
#5888 = B_SPLINE_CURVE_WITH_KNOTS('',1,(#5889,#5890),.UNSPECIFIED.,.F.,
  .F.,(2,2),(0.,6.),.PIECEWISE_BEZIER_KNOTS.);
#5889 = CARTESIAN_POINT('',(0.,-2.9));
#5890 = CARTESIAN_POINT('',(6.,-2.9));
#5891 = ( GEOMETRIC_REPRESENTATION_CONTEXT(2) 
PARAMETRIC_REPRESENTATION_CONTEXT() REPRESENTATION_CONTEXT('2D SPACE',''
  ) );
#5892 = PCURVE('',#4422,#5893);
#5893 = DEFINITIONAL_REPRESENTATION('',(#5894),#5897);
#5894 = B_SPLINE_CURVE_WITH_KNOTS('',1,(#5895,#5896),.UNSPECIFIED.,.F.,
  .F.,(2,2),(0.,6.),.PIECEWISE_BEZIER_KNOTS.);
#5895 = CARTESIAN_POINT('',(0.,46.15));
#5896 = CARTESIAN_POINT('',(6.,46.15));
#5897 = ( GEOMETRIC_REPRESENTATION_CONTEXT(2) 
PARAMETRIC_REPRESENTATION_CONTEXT() REPRESENTATION_CONTEXT('2D SPACE',''
  ) );
#5898 = ORIENTED_EDGE('',*,*,#5899,.T.);
#5899 = EDGE_CURVE('',#5879,#381,#5900,.T.);
#5900 = SURFACE_CURVE('',#5901,(#5905,#5911),.PCURVE_S1.);
#5901 = LINE('',#5902,#5903);
#5902 = CARTESIAN_POINT('',(159.9,-23.075,-1.2));
#5903 = VECTOR('',#5904,1.);
#5904 = DIRECTION('',(0.,-1.,0.));
#5905 = PCURVE('',#396,#5906);
#5906 = DEFINITIONAL_REPRESENTATION('',(#5907),#5910);
#5907 = B_SPLINE_CURVE_WITH_KNOTS('',1,(#5908,#5909),.UNSPECIFIED.,.F.,
  .F.,(2,2),(-26.075,-23.175),.PIECEWISE_BEZIER_KNOTS.);
#5908 = CARTESIAN_POINT('',(4.8,-2.9));
#5909 = CARTESIAN_POINT('',(4.8,0.));
#5910 = ( GEOMETRIC_REPRESENTATION_CONTEXT(2) 
PARAMETRIC_REPRESENTATION_CONTEXT() REPRESENTATION_CONTEXT('2D SPACE',''
  ) );
#5911 = PCURVE('',#492,#5912);
#5912 = DEFINITIONAL_REPRESENTATION('',(#5913),#5916);
#5913 = B_SPLINE_CURVE_WITH_KNOTS('',1,(#5914,#5915),.UNSPECIFIED.,.F.,
  .F.,(2,2),(-26.075,-23.175),.PIECEWISE_BEZIER_KNOTS.);
#5914 = CARTESIAN_POINT('',(32.15,49.25));
#5915 = CARTESIAN_POINT('',(32.15,46.35));
#5916 = ( GEOMETRIC_REPRESENTATION_CONTEXT(2) 
PARAMETRIC_REPRESENTATION_CONTEXT() REPRESENTATION_CONTEXT('2D SPACE',''
  ) );
#5917 = ADVANCED_FACE('',(#5918),#492,.T.);
#5918 = FACE_BOUND('',#5919,.T.);
#5919 = EDGE_LOOP('',(#5920,#5943,#5944,#5945));
#5920 = ORIENTED_EDGE('',*,*,#5921,.F.);
#5921 = EDGE_CURVE('',#454,#5922,#5924,.T.);
#5922 = VERTEX_POINT('',#5923);
#5923 = CARTESIAN_POINT('',(127.75,3.,-1.2));
#5924 = SURFACE_CURVE('',#5925,(#5929,#5936),.PCURVE_S1.);
#5925 = LINE('',#5926,#5927);
#5926 = CARTESIAN_POINT('',(127.75,-46.25,-1.2));
#5927 = VECTOR('',#5928,1.);
#5928 = DIRECTION('',(-0.,1.,0.));
#5929 = PCURVE('',#492,#5930);
#5930 = DEFINITIONAL_REPRESENTATION('',(#5931),#5935);
#5931 = LINE('',#5932,#5933);
#5932 = CARTESIAN_POINT('',(0.,0.));
#5933 = VECTOR('',#5934,1.);
#5934 = DIRECTION('',(0.,1.));
#5935 = ( GEOMETRIC_REPRESENTATION_CONTEXT(2) 
PARAMETRIC_REPRESENTATION_CONTEXT() REPRESENTATION_CONTEXT('2D SPACE',''
  ) );
#5936 = PCURVE('',#468,#5937);
#5937 = DEFINITIONAL_REPRESENTATION('',(#5938),#5942);
#5938 = LINE('',#5939,#5940);
#5939 = CARTESIAN_POINT('',(0.,0.));
#5940 = VECTOR('',#5941,1.);
#5941 = DIRECTION('',(0.,-1.));
#5942 = ( GEOMETRIC_REPRESENTATION_CONTEXT(2) 
PARAMETRIC_REPRESENTATION_CONTEXT() REPRESENTATION_CONTEXT('2D SPACE',''
  ) );
#5943 = ORIENTED_EDGE('',*,*,#479,.T.);
#5944 = ORIENTED_EDGE('',*,*,#5899,.F.);
#5945 = ORIENTED_EDGE('',*,*,#5946,.T.);
#5946 = EDGE_CURVE('',#5879,#5922,#5947,.T.);
#5947 = SURFACE_CURVE('',#5948,(#5952,#5958),.PCURVE_S1.);
#5948 = LINE('',#5949,#5950);
#5949 = CARTESIAN_POINT('',(120.75,3.,-1.2));
#5950 = VECTOR('',#5951,1.);
#5951 = DIRECTION('',(-1.,-0.,0.));
#5952 = PCURVE('',#492,#5953);
#5953 = DEFINITIONAL_REPRESENTATION('',(#5954),#5957);
#5954 = B_SPLINE_CURVE_WITH_KNOTS('',1,(#5955,#5956),.UNSPECIFIED.,.F.,
  .F.,(2,2),(-53.5,7.),.PIECEWISE_BEZIER_KNOTS.);
#5955 = CARTESIAN_POINT('',(46.5,49.25));
#5956 = CARTESIAN_POINT('',(-14.,49.25));
#5957 = ( GEOMETRIC_REPRESENTATION_CONTEXT(2) 
PARAMETRIC_REPRESENTATION_CONTEXT() REPRESENTATION_CONTEXT('2D SPACE',''
  ) );
#5958 = PCURVE('',#4422,#5959);
#5959 = DEFINITIONAL_REPRESENTATION('',(#5960),#5963);
#5960 = B_SPLINE_CURVE_WITH_KNOTS('',1,(#5961,#5962),.UNSPECIFIED.,.F.,
  .F.,(2,2),(-53.5,7.),.PIECEWISE_BEZIER_KNOTS.);
#5961 = CARTESIAN_POINT('',(4.8,60.5));
#5962 = CARTESIAN_POINT('',(4.8,0.));
#5963 = ( GEOMETRIC_REPRESENTATION_CONTEXT(2) 
PARAMETRIC_REPRESENTATION_CONTEXT() REPRESENTATION_CONTEXT('2D SPACE',''
  ) );
#5964 = ADVANCED_FACE('',(#5965),#468,.T.);
#5965 = FACE_BOUND('',#5966,.T.);
#5966 = EDGE_LOOP('',(#5967,#5968,#5969,#5970));
#5967 = ORIENTED_EDGE('',*,*,#4383,.F.);
#5968 = ORIENTED_EDGE('',*,*,#453,.T.);
#5969 = ORIENTED_EDGE('',*,*,#5921,.T.);
#5970 = ORIENTED_EDGE('',*,*,#5971,.T.);
#5971 = EDGE_CURVE('',#5922,#4384,#5972,.T.);
#5972 = SURFACE_CURVE('',#5973,(#5977,#5983),.PCURVE_S1.);
#5973 = LINE('',#5974,#5975);
#5974 = CARTESIAN_POINT('',(127.75,3.,-3.6));
#5975 = VECTOR('',#5976,1.);
#5976 = DIRECTION('',(0.,0.,1.));
#5977 = PCURVE('',#468,#5978);
#5978 = DEFINITIONAL_REPRESENTATION('',(#5979),#5982);
#5979 = B_SPLINE_CURVE_WITH_KNOTS('',1,(#5980,#5981),.UNSPECIFIED.,.F.,
  .F.,(2,2),(2.4,3.6),.PIECEWISE_BEZIER_KNOTS.);
#5980 = CARTESIAN_POINT('',(0.,-49.25));
#5981 = CARTESIAN_POINT('',(1.2,-49.25));
#5982 = ( GEOMETRIC_REPRESENTATION_CONTEXT(2) 
PARAMETRIC_REPRESENTATION_CONTEXT() REPRESENTATION_CONTEXT('2D SPACE',''
  ) );
#5983 = PCURVE('',#4422,#5984);
#5984 = DEFINITIONAL_REPRESENTATION('',(#5985),#5988);
#5985 = B_SPLINE_CURVE_WITH_KNOTS('',1,(#5986,#5987),.UNSPECIFIED.,.F.,
  .F.,(2,2),(2.4,3.6),.PIECEWISE_BEZIER_KNOTS.);
#5986 = CARTESIAN_POINT('',(4.8,14.));
#5987 = CARTESIAN_POINT('',(6.,14.));
#5988 = ( GEOMETRIC_REPRESENTATION_CONTEXT(2) 
PARAMETRIC_REPRESENTATION_CONTEXT() REPRESENTATION_CONTEXT('2D SPACE',''
  ) );
#5989 = ADVANCED_FACE('',(#5990),#1926,.F.);
#5990 = FACE_BOUND('',#5991,.F.);
#5991 = EDGE_LOOP('',(#5992,#5993,#6014,#6015));
#5992 = ORIENTED_EDGE('',*,*,#1910,.F.);
#5993 = ORIENTED_EDGE('',*,*,#5994,.F.);
#5994 = EDGE_CURVE('',#3293,#1883,#5995,.T.);
#5995 = SURFACE_CURVE('',#5996,(#6000,#6007),.PCURVE_S1.);
#5996 = LINE('',#5997,#5998);
#5997 = CARTESIAN_POINT('',(6.5,111.,-14.));
#5998 = VECTOR('',#5999,1.);
#5999 = DIRECTION('',(0.,0.,1.));
#6000 = PCURVE('',#1926,#6001);
#6001 = DEFINITIONAL_REPRESENTATION('',(#6002),#6006);
#6002 = LINE('',#6003,#6004);
#6003 = CARTESIAN_POINT('',(0.,0.));
#6004 = VECTOR('',#6005,1.);
#6005 = DIRECTION('',(1.,0.));
#6006 = ( GEOMETRIC_REPRESENTATION_CONTEXT(2) 
PARAMETRIC_REPRESENTATION_CONTEXT() REPRESENTATION_CONTEXT('2D SPACE',''
  ) );
#6007 = PCURVE('',#1898,#6008);
#6008 = DEFINITIONAL_REPRESENTATION('',(#6009),#6013);
#6009 = LINE('',#6010,#6011);
#6010 = CARTESIAN_POINT('',(0.,0.));
#6011 = VECTOR('',#6012,1.);
#6012 = DIRECTION('',(1.,0.));
#6013 = ( GEOMETRIC_REPRESENTATION_CONTEXT(2) 
PARAMETRIC_REPRESENTATION_CONTEXT() REPRESENTATION_CONTEXT('2D SPACE',''
  ) );
#6014 = ORIENTED_EDGE('',*,*,#3292,.T.);
#6015 = ORIENTED_EDGE('',*,*,#3245,.F.);
#6016 = ADVANCED_FACE('',(#6017),#547,.F.);
#6017 = FACE_BOUND('',#6018,.F.);
#6018 = EDGE_LOOP('',(#6019,#6042,#6061,#6062));
#6019 = ORIENTED_EDGE('',*,*,#6020,.F.);
#6020 = EDGE_CURVE('',#6021,#5542,#6023,.T.);
#6021 = VERTEX_POINT('',#6022);
#6022 = CARTESIAN_POINT('',(153.5,150.5,-14.));
#6023 = SURFACE_CURVE('',#6024,(#6028,#6035),.PCURVE_S1.);
#6024 = LINE('',#6025,#6026);
#6025 = CARTESIAN_POINT('',(151.,150.5,-14.));
#6026 = VECTOR('',#6027,1.);
#6027 = DIRECTION('',(1.,0.,-0.));
#6028 = PCURVE('',#547,#6029);
#6029 = DEFINITIONAL_REPRESENTATION('',(#6030),#6034);
#6030 = LINE('',#6031,#6032);
#6031 = CARTESIAN_POINT('',(0.,0.));
#6032 = VECTOR('',#6033,1.);
#6033 = DIRECTION('',(0.,1.));
#6034 = ( GEOMETRIC_REPRESENTATION_CONTEXT(2) 
PARAMETRIC_REPRESENTATION_CONTEXT() REPRESENTATION_CONTEXT('2D SPACE',''
  ) );
#6035 = PCURVE('',#4120,#6036);
#6036 = DEFINITIONAL_REPRESENTATION('',(#6037),#6041);
#6037 = LINE('',#6038,#6039);
#6038 = CARTESIAN_POINT('',(0.,0.));
#6039 = VECTOR('',#6040,1.);
#6040 = DIRECTION('',(1.,0.));
#6041 = ( GEOMETRIC_REPRESENTATION_CONTEXT(2) 
PARAMETRIC_REPRESENTATION_CONTEXT() REPRESENTATION_CONTEXT('2D SPACE',''
  ) );
#6042 = ORIENTED_EDGE('',*,*,#6043,.F.);
#6043 = EDGE_CURVE('',#532,#6021,#6044,.T.);
#6044 = SURFACE_CURVE('',#6045,(#6049,#6055),.PCURVE_S1.);
#6045 = LINE('',#6046,#6047);
#6046 = CARTESIAN_POINT('',(153.5,150.5,-14.));
#6047 = VECTOR('',#6048,1.);
#6048 = DIRECTION('',(-0.,0.,-1.));
#6049 = PCURVE('',#547,#6050);
#6050 = DEFINITIONAL_REPRESENTATION('',(#6051),#6054);
#6051 = B_SPLINE_CURVE_WITH_KNOTS('',1,(#6052,#6053),.UNSPECIFIED.,.F.,
  .F.,(2,2),(-8.,0.),.PIECEWISE_BEZIER_KNOTS.);
#6052 = CARTESIAN_POINT('',(8.,2.5));
#6053 = CARTESIAN_POINT('',(0.,2.5));
#6054 = ( GEOMETRIC_REPRESENTATION_CONTEXT(2) 
PARAMETRIC_REPRESENTATION_CONTEXT() REPRESENTATION_CONTEXT('2D SPACE',''
  ) );
#6055 = PCURVE('',#575,#6056);
#6056 = DEFINITIONAL_REPRESENTATION('',(#6057),#6060);
#6057 = B_SPLINE_CURVE_WITH_KNOTS('',1,(#6058,#6059),.UNSPECIFIED.,.F.,
  .F.,(2,2),(-8.,0.),.PIECEWISE_BEZIER_KNOTS.);
#6058 = CARTESIAN_POINT('',(8.,-5.5));
#6059 = CARTESIAN_POINT('',(0.,-5.5));
#6060 = ( GEOMETRIC_REPRESENTATION_CONTEXT(2) 
PARAMETRIC_REPRESENTATION_CONTEXT() REPRESENTATION_CONTEXT('2D SPACE',''
  ) );
#6061 = ORIENTED_EDGE('',*,*,#531,.T.);
#6062 = ORIENTED_EDGE('',*,*,#5541,.F.);
#6063 = ADVANCED_FACE('',(#6064),#1898,.F.);
#6064 = FACE_BOUND('',#6065,.F.);
#6065 = EDGE_LOOP('',(#6066,#6067,#6068,#6069));
#6066 = ORIENTED_EDGE('',*,*,#3315,.F.);
#6067 = ORIENTED_EDGE('',*,*,#5994,.T.);
#6068 = ORIENTED_EDGE('',*,*,#1882,.T.);
#6069 = ORIENTED_EDGE('',*,*,#6070,.F.);
#6070 = EDGE_CURVE('',#3316,#1855,#6071,.T.);
#6071 = SURFACE_CURVE('',#6072,(#6076,#6083),.PCURVE_S1.);
#6072 = LINE('',#6073,#6074);
#6073 = CARTESIAN_POINT('',(9.5,111.,-14.));
#6074 = VECTOR('',#6075,1.);
#6075 = DIRECTION('',(0.,0.,1.));
#6076 = PCURVE('',#1898,#6077);
#6077 = DEFINITIONAL_REPRESENTATION('',(#6078),#6082);
#6078 = LINE('',#6079,#6080);
#6079 = CARTESIAN_POINT('',(0.,3.));
#6080 = VECTOR('',#6081,1.);
#6081 = DIRECTION('',(1.,0.));
#6082 = ( GEOMETRIC_REPRESENTATION_CONTEXT(2) 
PARAMETRIC_REPRESENTATION_CONTEXT() REPRESENTATION_CONTEXT('2D SPACE',''
  ) );
#6083 = PCURVE('',#1870,#6084);
#6084 = DEFINITIONAL_REPRESENTATION('',(#6085),#6089);
#6085 = LINE('',#6086,#6087);
#6086 = CARTESIAN_POINT('',(0.,0.));
#6087 = VECTOR('',#6088,1.);
#6088 = DIRECTION('',(1.,0.));
#6089 = ( GEOMETRIC_REPRESENTATION_CONTEXT(2) 
PARAMETRIC_REPRESENTATION_CONTEXT() REPRESENTATION_CONTEXT('2D SPACE',''
  ) );
#6090 = ADVANCED_FACE('',(#6091),#575,.T.);
#6091 = FACE_BOUND('',#6092,.T.);
#6092 = EDGE_LOOP('',(#6093,#6094,#6117,#6138));
#6093 = ORIENTED_EDGE('',*,*,#559,.F.);
#6094 = ORIENTED_EDGE('',*,*,#6095,.F.);
#6095 = EDGE_CURVE('',#6096,#560,#6098,.T.);
#6096 = VERTEX_POINT('',#6097);
#6097 = CARTESIAN_POINT('',(153.5,145.,-14.));
#6098 = SURFACE_CURVE('',#6099,(#6103,#6110),.PCURVE_S1.);
#6099 = LINE('',#6100,#6101);
#6100 = CARTESIAN_POINT('',(153.5,145.,-14.));
#6101 = VECTOR('',#6102,1.);
#6102 = DIRECTION('',(0.,0.,1.));
#6103 = PCURVE('',#575,#6104);
#6104 = DEFINITIONAL_REPRESENTATION('',(#6105),#6109);
#6105 = LINE('',#6106,#6107);
#6106 = CARTESIAN_POINT('',(0.,0.));
#6107 = VECTOR('',#6108,1.);
#6108 = DIRECTION('',(1.,0.));
#6109 = ( GEOMETRIC_REPRESENTATION_CONTEXT(2) 
PARAMETRIC_REPRESENTATION_CONTEXT() REPRESENTATION_CONTEXT('2D SPACE',''
  ) );
#6110 = PCURVE('',#603,#6111);
#6111 = DEFINITIONAL_REPRESENTATION('',(#6112),#6116);
#6112 = LINE('',#6113,#6114);
#6113 = CARTESIAN_POINT('',(0.,3.));
#6114 = VECTOR('',#6115,1.);
#6115 = DIRECTION('',(1.,0.));
#6116 = ( GEOMETRIC_REPRESENTATION_CONTEXT(2) 
PARAMETRIC_REPRESENTATION_CONTEXT() REPRESENTATION_CONTEXT('2D SPACE',''
  ) );
#6117 = ORIENTED_EDGE('',*,*,#6118,.T.);
#6118 = EDGE_CURVE('',#6096,#6021,#6119,.T.);
#6119 = SURFACE_CURVE('',#6120,(#6124,#6131),.PCURVE_S1.);
#6120 = LINE('',#6121,#6122);
#6121 = CARTESIAN_POINT('',(153.5,145.,-14.));
#6122 = VECTOR('',#6123,1.);
#6123 = DIRECTION('',(-0.,1.,0.));
#6124 = PCURVE('',#575,#6125);
#6125 = DEFINITIONAL_REPRESENTATION('',(#6126),#6130);
#6126 = LINE('',#6127,#6128);
#6127 = CARTESIAN_POINT('',(0.,0.));
#6128 = VECTOR('',#6129,1.);
#6129 = DIRECTION('',(0.,-1.));
#6130 = ( GEOMETRIC_REPRESENTATION_CONTEXT(2) 
PARAMETRIC_REPRESENTATION_CONTEXT() REPRESENTATION_CONTEXT('2D SPACE',''
  ) );
#6131 = PCURVE('',#4120,#6132);
#6132 = DEFINITIONAL_REPRESENTATION('',(#6133),#6137);
#6133 = LINE('',#6134,#6135);
#6134 = CARTESIAN_POINT('',(2.5,-5.5));
#6135 = VECTOR('',#6136,1.);
#6136 = DIRECTION('',(0.,1.));
#6137 = ( GEOMETRIC_REPRESENTATION_CONTEXT(2) 
PARAMETRIC_REPRESENTATION_CONTEXT() REPRESENTATION_CONTEXT('2D SPACE',''
  ) );
#6138 = ORIENTED_EDGE('',*,*,#6043,.F.);
#6139 = ADVANCED_FACE('',(#6140),#1870,.T.);
#6140 = FACE_BOUND('',#6141,.T.);
#6141 = EDGE_LOOP('',(#6142,#6143,#6144,#6145));
#6142 = ORIENTED_EDGE('',*,*,#1854,.F.);
#6143 = ORIENTED_EDGE('',*,*,#6070,.F.);
#6144 = ORIENTED_EDGE('',*,*,#3338,.T.);
#6145 = ORIENTED_EDGE('',*,*,#6146,.F.);
#6146 = EDGE_CURVE('',#1827,#3339,#6147,.T.);
#6147 = SURFACE_CURVE('',#6148,(#6152,#6158),.PCURVE_S1.);
#6148 = LINE('',#6149,#6150);
#6149 = CARTESIAN_POINT('',(9.5,118.5,-14.));
#6150 = VECTOR('',#6151,1.);
#6151 = DIRECTION('',(-0.,0.,-1.));
#6152 = PCURVE('',#1870,#6153);
#6153 = DEFINITIONAL_REPRESENTATION('',(#6154),#6157);
#6154 = B_SPLINE_CURVE_WITH_KNOTS('',1,(#6155,#6156),.UNSPECIFIED.,.F.,
  .F.,(2,2),(-8.,0.),.PIECEWISE_BEZIER_KNOTS.);
#6155 = CARTESIAN_POINT('',(8.,-7.5));
#6156 = CARTESIAN_POINT('',(0.,-7.5));
#6157 = ( GEOMETRIC_REPRESENTATION_CONTEXT(2) 
PARAMETRIC_REPRESENTATION_CONTEXT() REPRESENTATION_CONTEXT('2D SPACE',''
  ) );
#6158 = PCURVE('',#1842,#6159);
#6159 = DEFINITIONAL_REPRESENTATION('',(#6160),#6163);
#6160 = B_SPLINE_CURVE_WITH_KNOTS('',1,(#6161,#6162),.UNSPECIFIED.,.F.,
  .F.,(2,2),(-8.,0.),.PIECEWISE_BEZIER_KNOTS.);
#6161 = CARTESIAN_POINT('',(8.,9.5));
#6162 = CARTESIAN_POINT('',(0.,9.5));
#6163 = ( GEOMETRIC_REPRESENTATION_CONTEXT(2) 
PARAMETRIC_REPRESENTATION_CONTEXT() REPRESENTATION_CONTEXT('2D SPACE',''
  ) );
#6164 = ADVANCED_FACE('',(#6165),#603,.F.);
#6165 = FACE_BOUND('',#6166,.F.);
#6166 = EDGE_LOOP('',(#6167,#6190,#6211,#6212));
#6167 = ORIENTED_EDGE('',*,*,#6168,.F.);
#6168 = EDGE_CURVE('',#6169,#6096,#6171,.T.);
#6169 = VERTEX_POINT('',#6170);
#6170 = CARTESIAN_POINT('',(150.5,145.,-14.));
#6171 = SURFACE_CURVE('',#6172,(#6176,#6183),.PCURVE_S1.);
#6172 = LINE('',#6173,#6174);
#6173 = CARTESIAN_POINT('',(150.5,145.,-14.));
#6174 = VECTOR('',#6175,1.);
#6175 = DIRECTION('',(1.,0.,-0.));
#6176 = PCURVE('',#603,#6177);
#6177 = DEFINITIONAL_REPRESENTATION('',(#6178),#6182);
#6178 = LINE('',#6179,#6180);
#6179 = CARTESIAN_POINT('',(0.,0.));
#6180 = VECTOR('',#6181,1.);
#6181 = DIRECTION('',(0.,1.));
#6182 = ( GEOMETRIC_REPRESENTATION_CONTEXT(2) 
PARAMETRIC_REPRESENTATION_CONTEXT() REPRESENTATION_CONTEXT('2D SPACE',''
  ) );
#6183 = PCURVE('',#4120,#6184);
#6184 = DEFINITIONAL_REPRESENTATION('',(#6185),#6189);
#6185 = LINE('',#6186,#6187);
#6186 = CARTESIAN_POINT('',(-0.5,-5.5));
#6187 = VECTOR('',#6188,1.);
#6188 = DIRECTION('',(1.,0.));
#6189 = ( GEOMETRIC_REPRESENTATION_CONTEXT(2) 
PARAMETRIC_REPRESENTATION_CONTEXT() REPRESENTATION_CONTEXT('2D SPACE',''
  ) );
#6190 = ORIENTED_EDGE('',*,*,#6191,.T.);
#6191 = EDGE_CURVE('',#6169,#588,#6192,.T.);
#6192 = SURFACE_CURVE('',#6193,(#6197,#6204),.PCURVE_S1.);
#6193 = LINE('',#6194,#6195);
#6194 = CARTESIAN_POINT('',(150.5,145.,-14.));
#6195 = VECTOR('',#6196,1.);
#6196 = DIRECTION('',(0.,0.,1.));
#6197 = PCURVE('',#603,#6198);
#6198 = DEFINITIONAL_REPRESENTATION('',(#6199),#6203);
#6199 = LINE('',#6200,#6201);
#6200 = CARTESIAN_POINT('',(0.,0.));
#6201 = VECTOR('',#6202,1.);
#6202 = DIRECTION('',(1.,0.));
#6203 = ( GEOMETRIC_REPRESENTATION_CONTEXT(2) 
PARAMETRIC_REPRESENTATION_CONTEXT() REPRESENTATION_CONTEXT('2D SPACE',''
  ) );
#6204 = PCURVE('',#631,#6205);
#6205 = DEFINITIONAL_REPRESENTATION('',(#6206),#6210);
#6206 = LINE('',#6207,#6208);
#6207 = CARTESIAN_POINT('',(0.,0.));
#6208 = VECTOR('',#6209,1.);
#6209 = DIRECTION('',(1.,0.));
#6210 = ( GEOMETRIC_REPRESENTATION_CONTEXT(2) 
PARAMETRIC_REPRESENTATION_CONTEXT() REPRESENTATION_CONTEXT('2D SPACE',''
  ) );
#6211 = ORIENTED_EDGE('',*,*,#587,.T.);
#6212 = ORIENTED_EDGE('',*,*,#6095,.F.);
#6213 = ADVANCED_FACE('',(#6214),#1842,.F.);
#6214 = FACE_BOUND('',#6215,.F.);
#6215 = EDGE_LOOP('',(#6216,#6217,#6218,#6219));
#6216 = ORIENTED_EDGE('',*,*,#3361,.F.);
#6217 = ORIENTED_EDGE('',*,*,#6146,.F.);
#6218 = ORIENTED_EDGE('',*,*,#1826,.T.);
#6219 = ORIENTED_EDGE('',*,*,#6220,.T.);
#6220 = EDGE_CURVE('',#1799,#3362,#6221,.T.);
#6221 = SURFACE_CURVE('',#6222,(#6226,#6232),.PCURVE_S1.);
#6222 = LINE('',#6223,#6224);
#6223 = CARTESIAN_POINT('',(38.5,118.5,-14.));
#6224 = VECTOR('',#6225,1.);
#6225 = DIRECTION('',(-0.,0.,-1.));
#6226 = PCURVE('',#1842,#6227);
#6227 = DEFINITIONAL_REPRESENTATION('',(#6228),#6231);
#6228 = B_SPLINE_CURVE_WITH_KNOTS('',1,(#6229,#6230),.UNSPECIFIED.,.F.,
  .F.,(2,2),(-8.,0.),.PIECEWISE_BEZIER_KNOTS.);
#6229 = CARTESIAN_POINT('',(8.,38.5));
#6230 = CARTESIAN_POINT('',(0.,38.5));
#6231 = ( GEOMETRIC_REPRESENTATION_CONTEXT(2) 
PARAMETRIC_REPRESENTATION_CONTEXT() REPRESENTATION_CONTEXT('2D SPACE',''
  ) );
#6232 = PCURVE('',#1814,#6233);
#6233 = DEFINITIONAL_REPRESENTATION('',(#6234),#6237);
#6234 = B_SPLINE_CURVE_WITH_KNOTS('',1,(#6235,#6236),.UNSPECIFIED.,.F.,
  .F.,(2,2),(-8.,0.),.PIECEWISE_BEZIER_KNOTS.);
#6235 = CARTESIAN_POINT('',(8.,-7.5));
#6236 = CARTESIAN_POINT('',(0.,-7.5));
#6237 = ( GEOMETRIC_REPRESENTATION_CONTEXT(2) 
PARAMETRIC_REPRESENTATION_CONTEXT() REPRESENTATION_CONTEXT('2D SPACE',''
  ) );
#6238 = ADVANCED_FACE('',(#6239),#631,.F.);
#6239 = FACE_BOUND('',#6240,.F.);
#6240 = EDGE_LOOP('',(#6241,#6242,#6263,#6264));
#6241 = ORIENTED_EDGE('',*,*,#6191,.F.);
#6242 = ORIENTED_EDGE('',*,*,#6243,.T.);
#6243 = EDGE_CURVE('',#6169,#4105,#6244,.T.);
#6244 = SURFACE_CURVE('',#6245,(#6249,#6256),.PCURVE_S1.);
#6245 = LINE('',#6246,#6247);
#6246 = CARTESIAN_POINT('',(150.5,145.,-14.));
#6247 = VECTOR('',#6248,1.);
#6248 = DIRECTION('',(-0.,1.,0.));
#6249 = PCURVE('',#631,#6250);
#6250 = DEFINITIONAL_REPRESENTATION('',(#6251),#6255);
#6251 = LINE('',#6252,#6253);
#6252 = CARTESIAN_POINT('',(0.,0.));
#6253 = VECTOR('',#6254,1.);
#6254 = DIRECTION('',(0.,-1.));
#6255 = ( GEOMETRIC_REPRESENTATION_CONTEXT(2) 
PARAMETRIC_REPRESENTATION_CONTEXT() REPRESENTATION_CONTEXT('2D SPACE',''
  ) );
#6256 = PCURVE('',#4120,#6257);
#6257 = DEFINITIONAL_REPRESENTATION('',(#6258),#6262);
#6258 = LINE('',#6259,#6260);
#6259 = CARTESIAN_POINT('',(-0.5,-5.5));
#6260 = VECTOR('',#6261,1.);
#6261 = DIRECTION('',(0.,1.));
#6262 = ( GEOMETRIC_REPRESENTATION_CONTEXT(2) 
PARAMETRIC_REPRESENTATION_CONTEXT() REPRESENTATION_CONTEXT('2D SPACE',''
  ) );
#6263 = ORIENTED_EDGE('',*,*,#4132,.T.);
#6264 = ORIENTED_EDGE('',*,*,#615,.F.);
#6265 = ADVANCED_FACE('',(#6266),#1814,.F.);
#6266 = FACE_BOUND('',#6267,.F.);
#6267 = EDGE_LOOP('',(#6268,#6269,#6290,#6291));
#6268 = ORIENTED_EDGE('',*,*,#1798,.F.);
#6269 = ORIENTED_EDGE('',*,*,#6270,.F.);
#6270 = EDGE_CURVE('',#3385,#1771,#6271,.T.);
#6271 = SURFACE_CURVE('',#6272,(#6276,#6283),.PCURVE_S1.);
#6272 = LINE('',#6273,#6274);
#6273 = CARTESIAN_POINT('',(38.5,111.,-14.));
#6274 = VECTOR('',#6275,1.);
#6275 = DIRECTION('',(0.,0.,1.));
#6276 = PCURVE('',#1814,#6277);
#6277 = DEFINITIONAL_REPRESENTATION('',(#6278),#6282);
#6278 = LINE('',#6279,#6280);
#6279 = CARTESIAN_POINT('',(0.,0.));
#6280 = VECTOR('',#6281,1.);
#6281 = DIRECTION('',(1.,0.));
#6282 = ( GEOMETRIC_REPRESENTATION_CONTEXT(2) 
PARAMETRIC_REPRESENTATION_CONTEXT() REPRESENTATION_CONTEXT('2D SPACE',''
  ) );
#6283 = PCURVE('',#1786,#6284);
#6284 = DEFINITIONAL_REPRESENTATION('',(#6285),#6289);
#6285 = LINE('',#6286,#6287);
#6286 = CARTESIAN_POINT('',(0.,0.));
#6287 = VECTOR('',#6288,1.);
#6288 = DIRECTION('',(1.,0.));
#6289 = ( GEOMETRIC_REPRESENTATION_CONTEXT(2) 
PARAMETRIC_REPRESENTATION_CONTEXT() REPRESENTATION_CONTEXT('2D SPACE',''
  ) );
#6290 = ORIENTED_EDGE('',*,*,#3384,.T.);
#6291 = ORIENTED_EDGE('',*,*,#6220,.F.);
#6292 = ADVANCED_FACE('',(#6293),#1786,.F.);
#6293 = FACE_BOUND('',#6294,.F.);
#6294 = EDGE_LOOP('',(#6295,#6296,#6297,#6298));
#6295 = ORIENTED_EDGE('',*,*,#3407,.F.);
#6296 = ORIENTED_EDGE('',*,*,#6270,.T.);
#6297 = ORIENTED_EDGE('',*,*,#1770,.T.);
#6298 = ORIENTED_EDGE('',*,*,#6299,.F.);
#6299 = EDGE_CURVE('',#3408,#1743,#6300,.T.);
#6300 = SURFACE_CURVE('',#6301,(#6305,#6312),.PCURVE_S1.);
#6301 = LINE('',#6302,#6303);
#6302 = CARTESIAN_POINT('',(41.5,111.,-14.));
#6303 = VECTOR('',#6304,1.);
#6304 = DIRECTION('',(0.,0.,1.));
#6305 = PCURVE('',#1786,#6306);
#6306 = DEFINITIONAL_REPRESENTATION('',(#6307),#6311);
#6307 = LINE('',#6308,#6309);
#6308 = CARTESIAN_POINT('',(0.,3.));
#6309 = VECTOR('',#6310,1.);
#6310 = DIRECTION('',(1.,0.));
#6311 = ( GEOMETRIC_REPRESENTATION_CONTEXT(2) 
PARAMETRIC_REPRESENTATION_CONTEXT() REPRESENTATION_CONTEXT('2D SPACE',''
  ) );
#6312 = PCURVE('',#1758,#6313);
#6313 = DEFINITIONAL_REPRESENTATION('',(#6314),#6318);
#6314 = LINE('',#6315,#6316);
#6315 = CARTESIAN_POINT('',(0.,0.));
#6316 = VECTOR('',#6317,1.);
#6317 = DIRECTION('',(1.,0.));
#6318 = ( GEOMETRIC_REPRESENTATION_CONTEXT(2) 
PARAMETRIC_REPRESENTATION_CONTEXT() REPRESENTATION_CONTEXT('2D SPACE',''
  ) );
#6319 = ADVANCED_FACE('',(#6320),#682,.T.);
#6320 = FACE_BOUND('',#6321,.T.);
#6321 = EDGE_LOOP('',(#6322,#6323,#6344,#6365));
#6322 = ORIENTED_EDGE('',*,*,#666,.F.);
#6323 = ORIENTED_EDGE('',*,*,#6324,.T.);
#6324 = EDGE_CURVE('',#667,#6325,#6327,.T.);
#6325 = VERTEX_POINT('',#6326);
#6326 = CARTESIAN_POINT('',(121.5,153.5,-14.));
#6327 = SURFACE_CURVE('',#6328,(#6332,#6338),.PCURVE_S1.);
#6328 = LINE('',#6329,#6330);
#6329 = CARTESIAN_POINT('',(121.5,153.5,-14.));
#6330 = VECTOR('',#6331,1.);
#6331 = DIRECTION('',(-0.,0.,-1.));
#6332 = PCURVE('',#682,#6333);
#6333 = DEFINITIONAL_REPRESENTATION('',(#6334),#6337);
#6334 = B_SPLINE_CURVE_WITH_KNOTS('',1,(#6335,#6336),.UNSPECIFIED.,.F.,
  .F.,(2,2),(-8.,0.),.PIECEWISE_BEZIER_KNOTS.);
#6335 = CARTESIAN_POINT('',(8.,-48.5));
#6336 = CARTESIAN_POINT('',(0.,-48.5));
#6337 = ( GEOMETRIC_REPRESENTATION_CONTEXT(2) 
PARAMETRIC_REPRESENTATION_CONTEXT() REPRESENTATION_CONTEXT('2D SPACE',''
  ) );
#6338 = PCURVE('',#710,#6339);
#6339 = DEFINITIONAL_REPRESENTATION('',(#6340),#6343);
#6340 = B_SPLINE_CURVE_WITH_KNOTS('',1,(#6341,#6342),.UNSPECIFIED.,.F.,
  .F.,(2,2),(-8.,0.),.PIECEWISE_BEZIER_KNOTS.);
#6341 = CARTESIAN_POINT('',(8.,56.5));
#6342 = CARTESIAN_POINT('',(0.,56.5));
#6343 = ( GEOMETRIC_REPRESENTATION_CONTEXT(2) 
PARAMETRIC_REPRESENTATION_CONTEXT() REPRESENTATION_CONTEXT('2D SPACE',''
  ) );
#6344 = ORIENTED_EDGE('',*,*,#6345,.T.);
#6345 = EDGE_CURVE('',#6325,#4155,#6346,.T.);
#6346 = SURFACE_CURVE('',#6347,(#6351,#6358),.PCURVE_S1.);
#6347 = LINE('',#6348,#6349);
#6348 = CARTESIAN_POINT('',(121.5,105.,-14.));
#6349 = VECTOR('',#6350,1.);
#6350 = DIRECTION('',(-0.,1.,0.));
#6351 = PCURVE('',#682,#6352);
#6352 = DEFINITIONAL_REPRESENTATION('',(#6353),#6357);
#6353 = LINE('',#6354,#6355);
#6354 = CARTESIAN_POINT('',(0.,0.));
#6355 = VECTOR('',#6356,1.);
#6356 = DIRECTION('',(0.,-1.));
#6357 = ( GEOMETRIC_REPRESENTATION_CONTEXT(2) 
PARAMETRIC_REPRESENTATION_CONTEXT() REPRESENTATION_CONTEXT('2D SPACE',''
  ) );
#6358 = PCURVE('',#4193,#6359);
#6359 = DEFINITIONAL_REPRESENTATION('',(#6360),#6364);
#6360 = LINE('',#6361,#6362);
#6361 = CARTESIAN_POINT('',(43.,-18.));
#6362 = VECTOR('',#6363,1.);
#6363 = DIRECTION('',(0.,1.));
#6364 = ( GEOMETRIC_REPRESENTATION_CONTEXT(2) 
PARAMETRIC_REPRESENTATION_CONTEXT() REPRESENTATION_CONTEXT('2D SPACE',''
  ) );
#6365 = ORIENTED_EDGE('',*,*,#4154,.T.);
#6366 = ADVANCED_FACE('',(#6367),#1758,.T.);
#6367 = FACE_BOUND('',#6368,.T.);
#6368 = EDGE_LOOP('',(#6369,#6370,#6371,#6372));
#6369 = ORIENTED_EDGE('',*,*,#1742,.F.);
#6370 = ORIENTED_EDGE('',*,*,#6299,.F.);
#6371 = ORIENTED_EDGE('',*,*,#3430,.T.);
#6372 = ORIENTED_EDGE('',*,*,#6373,.F.);
#6373 = EDGE_CURVE('',#1715,#3431,#6374,.T.);
#6374 = SURFACE_CURVE('',#6375,(#6379,#6385),.PCURVE_S1.);
#6375 = LINE('',#6376,#6377);
#6376 = CARTESIAN_POINT('',(41.5,118.5,-14.));
#6377 = VECTOR('',#6378,1.);
#6378 = DIRECTION('',(-0.,0.,-1.));
#6379 = PCURVE('',#1758,#6380);
#6380 = DEFINITIONAL_REPRESENTATION('',(#6381),#6384);
#6381 = B_SPLINE_CURVE_WITH_KNOTS('',1,(#6382,#6383),.UNSPECIFIED.,.F.,
  .F.,(2,2),(-8.,0.),.PIECEWISE_BEZIER_KNOTS.);
#6382 = CARTESIAN_POINT('',(8.,-7.5));
#6383 = CARTESIAN_POINT('',(0.,-7.5));
#6384 = ( GEOMETRIC_REPRESENTATION_CONTEXT(2) 
PARAMETRIC_REPRESENTATION_CONTEXT() REPRESENTATION_CONTEXT('2D SPACE',''
  ) );
#6385 = PCURVE('',#1730,#6386);
#6386 = DEFINITIONAL_REPRESENTATION('',(#6387),#6390);
#6387 = B_SPLINE_CURVE_WITH_KNOTS('',1,(#6388,#6389),.UNSPECIFIED.,.F.,
  .F.,(2,2),(-8.,0.),.PIECEWISE_BEZIER_KNOTS.);
#6388 = CARTESIAN_POINT('',(8.,41.5));
#6389 = CARTESIAN_POINT('',(0.,41.5));
#6390 = ( GEOMETRIC_REPRESENTATION_CONTEXT(2) 
PARAMETRIC_REPRESENTATION_CONTEXT() REPRESENTATION_CONTEXT('2D SPACE',''
  ) );
#6391 = ADVANCED_FACE('',(#6392),#710,.T.);
#6392 = FACE_BOUND('',#6393,.T.);
#6393 = EDGE_LOOP('',(#6394,#6417,#6418,#6419));
#6394 = ORIENTED_EDGE('',*,*,#6395,.F.);
#6395 = EDGE_CURVE('',#6325,#6396,#6398,.T.);
#6396 = VERTEX_POINT('',#6397);
#6397 = CARTESIAN_POINT('',(137.,153.5,-14.));
#6398 = SURFACE_CURVE('',#6399,(#6403,#6410),.PCURVE_S1.);
#6399 = LINE('',#6400,#6401);
#6400 = CARTESIAN_POINT('',(65.,153.5,-14.));
#6401 = VECTOR('',#6402,1.);
#6402 = DIRECTION('',(1.,0.,-0.));
#6403 = PCURVE('',#710,#6404);
#6404 = DEFINITIONAL_REPRESENTATION('',(#6405),#6409);
#6405 = LINE('',#6406,#6407);
#6406 = CARTESIAN_POINT('',(0.,0.));
#6407 = VECTOR('',#6408,1.);
#6408 = DIRECTION('',(0.,1.));
#6409 = ( GEOMETRIC_REPRESENTATION_CONTEXT(2) 
PARAMETRIC_REPRESENTATION_CONTEXT() REPRESENTATION_CONTEXT('2D SPACE',''
  ) );
#6410 = PCURVE('',#4193,#6411);
#6411 = DEFINITIONAL_REPRESENTATION('',(#6412),#6416);
#6412 = LINE('',#6413,#6414);
#6413 = CARTESIAN_POINT('',(-13.5,30.5));
#6414 = VECTOR('',#6415,1.);
#6415 = DIRECTION('',(1.,0.));
#6416 = ( GEOMETRIC_REPRESENTATION_CONTEXT(2) 
PARAMETRIC_REPRESENTATION_CONTEXT() REPRESENTATION_CONTEXT('2D SPACE',''
  ) );
#6417 = ORIENTED_EDGE('',*,*,#6324,.F.);
#6418 = ORIENTED_EDGE('',*,*,#694,.T.);
#6419 = ORIENTED_EDGE('',*,*,#6420,.F.);
#6420 = EDGE_CURVE('',#6396,#695,#6421,.T.);
#6421 = SURFACE_CURVE('',#6422,(#6426,#6433),.PCURVE_S1.);
#6422 = LINE('',#6423,#6424);
#6423 = CARTESIAN_POINT('',(137.,153.5,-14.));
#6424 = VECTOR('',#6425,1.);
#6425 = DIRECTION('',(0.,0.,1.));
#6426 = PCURVE('',#710,#6427);
#6427 = DEFINITIONAL_REPRESENTATION('',(#6428),#6432);
#6428 = LINE('',#6429,#6430);
#6429 = CARTESIAN_POINT('',(0.,72.));
#6430 = VECTOR('',#6431,1.);
#6431 = DIRECTION('',(1.,0.));
#6432 = ( GEOMETRIC_REPRESENTATION_CONTEXT(2) 
PARAMETRIC_REPRESENTATION_CONTEXT() REPRESENTATION_CONTEXT('2D SPACE',''
  ) );
#6433 = PCURVE('',#738,#6434);
#6434 = DEFINITIONAL_REPRESENTATION('',(#6435),#6439);
#6435 = LINE('',#6436,#6437);
#6436 = CARTESIAN_POINT('',(0.,-3.));
#6437 = VECTOR('',#6438,1.);
#6438 = DIRECTION('',(1.,0.));
#6439 = ( GEOMETRIC_REPRESENTATION_CONTEXT(2) 
PARAMETRIC_REPRESENTATION_CONTEXT() REPRESENTATION_CONTEXT('2D SPACE',''
  ) );
#6440 = ADVANCED_FACE('',(#6441),#1730,.F.);
#6441 = FACE_BOUND('',#6442,.F.);
#6442 = EDGE_LOOP('',(#6443,#6444,#6445,#6446));
#6443 = ORIENTED_EDGE('',*,*,#3453,.F.);
#6444 = ORIENTED_EDGE('',*,*,#6373,.F.);
#6445 = ORIENTED_EDGE('',*,*,#1714,.T.);
#6446 = ORIENTED_EDGE('',*,*,#6447,.F.);
#6447 = EDGE_CURVE('',#3454,#1687,#6448,.T.);
#6448 = SURFACE_CURVE('',#6449,(#6453,#6460),.PCURVE_S1.);
#6449 = LINE('',#6450,#6451);
#6450 = CARTESIAN_POINT('',(67.,118.5,-14.));
#6451 = VECTOR('',#6452,1.);
#6452 = DIRECTION('',(0.,0.,1.));
#6453 = PCURVE('',#1730,#6454);
#6454 = DEFINITIONAL_REPRESENTATION('',(#6455),#6459);
#6455 = LINE('',#6456,#6457);
#6456 = CARTESIAN_POINT('',(0.,67.));
#6457 = VECTOR('',#6458,1.);
#6458 = DIRECTION('',(1.,0.));
#6459 = ( GEOMETRIC_REPRESENTATION_CONTEXT(2) 
PARAMETRIC_REPRESENTATION_CONTEXT() REPRESENTATION_CONTEXT('2D SPACE',''
  ) );
#6460 = PCURVE('',#1702,#6461);
#6461 = DEFINITIONAL_REPRESENTATION('',(#6462),#6466);
#6462 = LINE('',#6463,#6464);
#6463 = CARTESIAN_POINT('',(0.,0.));
#6464 = VECTOR('',#6465,1.);
#6465 = DIRECTION('',(1.,0.));
#6466 = ( GEOMETRIC_REPRESENTATION_CONTEXT(2) 
PARAMETRIC_REPRESENTATION_CONTEXT() REPRESENTATION_CONTEXT('2D SPACE',''
  ) );
#6467 = ADVANCED_FACE('',(#6468),#738,.T.);
#6468 = FACE_BOUND('',#6469,.T.);
#6469 = EDGE_LOOP('',(#6470,#6493,#6514,#6515));
#6470 = ORIENTED_EDGE('',*,*,#6471,.F.);
#6471 = EDGE_CURVE('',#6472,#723,#6474,.T.);
#6472 = VERTEX_POINT('',#6473);
#6473 = CARTESIAN_POINT('',(137.,150.5,-14.));
#6474 = SURFACE_CURVE('',#6475,(#6479,#6486),.PCURVE_S1.);
#6475 = LINE('',#6476,#6477);
#6476 = CARTESIAN_POINT('',(137.,150.5,-14.));
#6477 = VECTOR('',#6478,1.);
#6478 = DIRECTION('',(0.,0.,1.));
#6479 = PCURVE('',#738,#6480);
#6480 = DEFINITIONAL_REPRESENTATION('',(#6481),#6485);
#6481 = LINE('',#6482,#6483);
#6482 = CARTESIAN_POINT('',(0.,0.));
#6483 = VECTOR('',#6484,1.);
#6484 = DIRECTION('',(1.,0.));
#6485 = ( GEOMETRIC_REPRESENTATION_CONTEXT(2) 
PARAMETRIC_REPRESENTATION_CONTEXT() REPRESENTATION_CONTEXT('2D SPACE',''
  ) );
#6486 = PCURVE('',#766,#6487);
#6487 = DEFINITIONAL_REPRESENTATION('',(#6488),#6492);
#6488 = LINE('',#6489,#6490);
#6489 = CARTESIAN_POINT('',(0.,72.));
#6490 = VECTOR('',#6491,1.);
#6491 = DIRECTION('',(1.,0.));
#6492 = ( GEOMETRIC_REPRESENTATION_CONTEXT(2) 
PARAMETRIC_REPRESENTATION_CONTEXT() REPRESENTATION_CONTEXT('2D SPACE',''
  ) );
#6493 = ORIENTED_EDGE('',*,*,#6494,.T.);
#6494 = EDGE_CURVE('',#6472,#6396,#6495,.T.);
#6495 = SURFACE_CURVE('',#6496,(#6500,#6507),.PCURVE_S1.);
#6496 = LINE('',#6497,#6498);
#6497 = CARTESIAN_POINT('',(137.,150.5,-14.));
#6498 = VECTOR('',#6499,1.);
#6499 = DIRECTION('',(-0.,1.,0.));
#6500 = PCURVE('',#738,#6501);
#6501 = DEFINITIONAL_REPRESENTATION('',(#6502),#6506);
#6502 = LINE('',#6503,#6504);
#6503 = CARTESIAN_POINT('',(0.,0.));
#6504 = VECTOR('',#6505,1.);
#6505 = DIRECTION('',(0.,-1.));
#6506 = ( GEOMETRIC_REPRESENTATION_CONTEXT(2) 
PARAMETRIC_REPRESENTATION_CONTEXT() REPRESENTATION_CONTEXT('2D SPACE',''
  ) );
#6507 = PCURVE('',#4193,#6508);
#6508 = DEFINITIONAL_REPRESENTATION('',(#6509),#6513);
#6509 = LINE('',#6510,#6511);
#6510 = CARTESIAN_POINT('',(58.5,27.5));
#6511 = VECTOR('',#6512,1.);
#6512 = DIRECTION('',(0.,1.));
#6513 = ( GEOMETRIC_REPRESENTATION_CONTEXT(2) 
PARAMETRIC_REPRESENTATION_CONTEXT() REPRESENTATION_CONTEXT('2D SPACE',''
  ) );
#6514 = ORIENTED_EDGE('',*,*,#6420,.T.);
#6515 = ORIENTED_EDGE('',*,*,#722,.F.);
#6516 = ADVANCED_FACE('',(#6517),#1702,.T.);
#6517 = FACE_BOUND('',#6518,.T.);
#6518 = EDGE_LOOP('',(#6519,#6520,#6521,#6542));
#6519 = ORIENTED_EDGE('',*,*,#6447,.F.);
#6520 = ORIENTED_EDGE('',*,*,#3476,.T.);
#6521 = ORIENTED_EDGE('',*,*,#6522,.T.);
#6522 = EDGE_CURVE('',#3477,#1659,#6523,.T.);
#6523 = SURFACE_CURVE('',#6524,(#6528,#6535),.PCURVE_S1.);
#6524 = LINE('',#6525,#6526);
#6525 = CARTESIAN_POINT('',(67.,121.5,-14.));
#6526 = VECTOR('',#6527,1.);
#6527 = DIRECTION('',(0.,0.,1.));
#6528 = PCURVE('',#1702,#6529);
#6529 = DEFINITIONAL_REPRESENTATION('',(#6530),#6534);
#6530 = LINE('',#6531,#6532);
#6531 = CARTESIAN_POINT('',(0.,-3.));
#6532 = VECTOR('',#6533,1.);
#6533 = DIRECTION('',(1.,0.));
#6534 = ( GEOMETRIC_REPRESENTATION_CONTEXT(2) 
PARAMETRIC_REPRESENTATION_CONTEXT() REPRESENTATION_CONTEXT('2D SPACE',''
  ) );
#6535 = PCURVE('',#1674,#6536);
#6536 = DEFINITIONAL_REPRESENTATION('',(#6537),#6541);
#6537 = LINE('',#6538,#6539);
#6538 = CARTESIAN_POINT('',(0.,67.));
#6539 = VECTOR('',#6540,1.);
#6540 = DIRECTION('',(1.,0.));
#6541 = ( GEOMETRIC_REPRESENTATION_CONTEXT(2) 
PARAMETRIC_REPRESENTATION_CONTEXT() REPRESENTATION_CONTEXT('2D SPACE',''
  ) );
#6542 = ORIENTED_EDGE('',*,*,#1686,.F.);
#6543 = ADVANCED_FACE('',(#6544),#766,.F.);
#6544 = FACE_BOUND('',#6545,.F.);
#6545 = EDGE_LOOP('',(#6546,#6569,#6588,#6589));
#6546 = ORIENTED_EDGE('',*,*,#6547,.F.);
#6547 = EDGE_CURVE('',#6548,#6472,#6550,.T.);
#6548 = VERTEX_POINT('',#6549);
#6549 = CARTESIAN_POINT('',(121.5,150.5,-14.));
#6550 = SURFACE_CURVE('',#6551,(#6555,#6562),.PCURVE_S1.);
#6551 = LINE('',#6552,#6553);
#6552 = CARTESIAN_POINT('',(65.,150.5,-14.));
#6553 = VECTOR('',#6554,1.);
#6554 = DIRECTION('',(1.,0.,-0.));
#6555 = PCURVE('',#766,#6556);
#6556 = DEFINITIONAL_REPRESENTATION('',(#6557),#6561);
#6557 = LINE('',#6558,#6559);
#6558 = CARTESIAN_POINT('',(0.,0.));
#6559 = VECTOR('',#6560,1.);
#6560 = DIRECTION('',(0.,1.));
#6561 = ( GEOMETRIC_REPRESENTATION_CONTEXT(2) 
PARAMETRIC_REPRESENTATION_CONTEXT() REPRESENTATION_CONTEXT('2D SPACE',''
  ) );
#6562 = PCURVE('',#4193,#6563);
#6563 = DEFINITIONAL_REPRESENTATION('',(#6564),#6568);
#6564 = LINE('',#6565,#6566);
#6565 = CARTESIAN_POINT('',(-13.5,27.5));
#6566 = VECTOR('',#6567,1.);
#6567 = DIRECTION('',(1.,0.));
#6568 = ( GEOMETRIC_REPRESENTATION_CONTEXT(2) 
PARAMETRIC_REPRESENTATION_CONTEXT() REPRESENTATION_CONTEXT('2D SPACE',''
  ) );
#6569 = ORIENTED_EDGE('',*,*,#6570,.F.);
#6570 = EDGE_CURVE('',#751,#6548,#6571,.T.);
#6571 = SURFACE_CURVE('',#6572,(#6576,#6582),.PCURVE_S1.);
#6572 = LINE('',#6573,#6574);
#6573 = CARTESIAN_POINT('',(121.5,150.5,-14.));
#6574 = VECTOR('',#6575,1.);
#6575 = DIRECTION('',(-0.,0.,-1.));
#6576 = PCURVE('',#766,#6577);
#6577 = DEFINITIONAL_REPRESENTATION('',(#6578),#6581);
#6578 = B_SPLINE_CURVE_WITH_KNOTS('',1,(#6579,#6580),.UNSPECIFIED.,.F.,
  .F.,(2,2),(-8.,0.),.PIECEWISE_BEZIER_KNOTS.);
#6579 = CARTESIAN_POINT('',(8.,56.5));
#6580 = CARTESIAN_POINT('',(0.,56.5));
#6581 = ( GEOMETRIC_REPRESENTATION_CONTEXT(2) 
PARAMETRIC_REPRESENTATION_CONTEXT() REPRESENTATION_CONTEXT('2D SPACE',''
  ) );
#6582 = PCURVE('',#794,#6583);
#6583 = DEFINITIONAL_REPRESENTATION('',(#6584),#6587);
#6584 = B_SPLINE_CURVE_WITH_KNOTS('',1,(#6585,#6586),.UNSPECIFIED.,.F.,
  .F.,(2,2),(-8.,0.),.PIECEWISE_BEZIER_KNOTS.);
#6585 = CARTESIAN_POINT('',(8.,-45.5));
#6586 = CARTESIAN_POINT('',(0.,-45.5));
#6587 = ( GEOMETRIC_REPRESENTATION_CONTEXT(2) 
PARAMETRIC_REPRESENTATION_CONTEXT() REPRESENTATION_CONTEXT('2D SPACE',''
  ) );
#6588 = ORIENTED_EDGE('',*,*,#750,.T.);
#6589 = ORIENTED_EDGE('',*,*,#6471,.F.);
#6590 = ADVANCED_FACE('',(#6591),#1674,.T.);
#6591 = FACE_BOUND('',#6592,.T.);
#6592 = EDGE_LOOP('',(#6593,#6594,#6613,#6614));
#6593 = ORIENTED_EDGE('',*,*,#3499,.F.);
#6594 = ORIENTED_EDGE('',*,*,#6595,.F.);
#6595 = EDGE_CURVE('',#1631,#3500,#6596,.T.);
#6596 = SURFACE_CURVE('',#6597,(#6601,#6607),.PCURVE_S1.);
#6597 = LINE('',#6598,#6599);
#6598 = CARTESIAN_POINT('',(41.5,121.5,-14.));
#6599 = VECTOR('',#6600,1.);
#6600 = DIRECTION('',(-0.,0.,-1.));
#6601 = PCURVE('',#1674,#6602);
#6602 = DEFINITIONAL_REPRESENTATION('',(#6603),#6606);
#6603 = B_SPLINE_CURVE_WITH_KNOTS('',1,(#6604,#6605),.UNSPECIFIED.,.F.,
  .F.,(2,2),(-8.,0.),.PIECEWISE_BEZIER_KNOTS.);
#6604 = CARTESIAN_POINT('',(8.,41.5));
#6605 = CARTESIAN_POINT('',(0.,41.5));
#6606 = ( GEOMETRIC_REPRESENTATION_CONTEXT(2) 
PARAMETRIC_REPRESENTATION_CONTEXT() REPRESENTATION_CONTEXT('2D SPACE',''
  ) );
#6607 = PCURVE('',#1646,#6608);
#6608 = DEFINITIONAL_REPRESENTATION('',(#6609),#6612);
#6609 = B_SPLINE_CURVE_WITH_KNOTS('',1,(#6610,#6611),.UNSPECIFIED.,.F.,
  .F.,(2,2),(-8.,0.),.PIECEWISE_BEZIER_KNOTS.);
#6610 = CARTESIAN_POINT('',(8.,-10.5));
#6611 = CARTESIAN_POINT('',(0.,-10.5));
#6612 = ( GEOMETRIC_REPRESENTATION_CONTEXT(2) 
PARAMETRIC_REPRESENTATION_CONTEXT() REPRESENTATION_CONTEXT('2D SPACE',''
  ) );
#6613 = ORIENTED_EDGE('',*,*,#1658,.T.);
#6614 = ORIENTED_EDGE('',*,*,#6522,.F.);
#6615 = ADVANCED_FACE('',(#6616),#794,.T.);
#6616 = FACE_BOUND('',#6617,.T.);
#6617 = EDGE_LOOP('',(#6618,#6619,#6640,#6661));
#6618 = ORIENTED_EDGE('',*,*,#778,.F.);
#6619 = ORIENTED_EDGE('',*,*,#6620,.T.);
#6620 = EDGE_CURVE('',#779,#6621,#6623,.T.);
#6621 = VERTEX_POINT('',#6622);
#6622 = CARTESIAN_POINT('',(121.5,121.5,-14.));
#6623 = SURFACE_CURVE('',#6624,(#6628,#6634),.PCURVE_S1.);
#6624 = LINE('',#6625,#6626);
#6625 = CARTESIAN_POINT('',(121.5,121.5,-14.));
#6626 = VECTOR('',#6627,1.);
#6627 = DIRECTION('',(-0.,0.,-1.));
#6628 = PCURVE('',#794,#6629);
#6629 = DEFINITIONAL_REPRESENTATION('',(#6630),#6633);
#6630 = B_SPLINE_CURVE_WITH_KNOTS('',1,(#6631,#6632),.UNSPECIFIED.,.F.,
  .F.,(2,2),(-8.,0.),.PIECEWISE_BEZIER_KNOTS.);
#6631 = CARTESIAN_POINT('',(8.,-16.5));
#6632 = CARTESIAN_POINT('',(0.,-16.5));
#6633 = ( GEOMETRIC_REPRESENTATION_CONTEXT(2) 
PARAMETRIC_REPRESENTATION_CONTEXT() REPRESENTATION_CONTEXT('2D SPACE',''
  ) );
#6634 = PCURVE('',#822,#6635);
#6635 = DEFINITIONAL_REPRESENTATION('',(#6636),#6639);
#6636 = B_SPLINE_CURVE_WITH_KNOTS('',1,(#6637,#6638),.UNSPECIFIED.,.F.,
  .F.,(2,2),(-8.,0.),.PIECEWISE_BEZIER_KNOTS.);
#6637 = CARTESIAN_POINT('',(8.,20.5));
#6638 = CARTESIAN_POINT('',(0.,20.5));
#6639 = ( GEOMETRIC_REPRESENTATION_CONTEXT(2) 
PARAMETRIC_REPRESENTATION_CONTEXT() REPRESENTATION_CONTEXT('2D SPACE',''
  ) );
#6640 = ORIENTED_EDGE('',*,*,#6641,.T.);
#6641 = EDGE_CURVE('',#6621,#6548,#6642,.T.);
#6642 = SURFACE_CURVE('',#6643,(#6647,#6654),.PCURVE_S1.);
#6643 = LINE('',#6644,#6645);
#6644 = CARTESIAN_POINT('',(121.5,105.,-14.));
#6645 = VECTOR('',#6646,1.);
#6646 = DIRECTION('',(-0.,1.,0.));
#6647 = PCURVE('',#794,#6648);
#6648 = DEFINITIONAL_REPRESENTATION('',(#6649),#6653);
#6649 = LINE('',#6650,#6651);
#6650 = CARTESIAN_POINT('',(0.,0.));
#6651 = VECTOR('',#6652,1.);
#6652 = DIRECTION('',(0.,-1.));
#6653 = ( GEOMETRIC_REPRESENTATION_CONTEXT(2) 
PARAMETRIC_REPRESENTATION_CONTEXT() REPRESENTATION_CONTEXT('2D SPACE',''
  ) );
#6654 = PCURVE('',#4193,#6655);
#6655 = DEFINITIONAL_REPRESENTATION('',(#6656),#6660);
#6656 = LINE('',#6657,#6658);
#6657 = CARTESIAN_POINT('',(43.,-18.));
#6658 = VECTOR('',#6659,1.);
#6659 = DIRECTION('',(0.,1.));
#6660 = ( GEOMETRIC_REPRESENTATION_CONTEXT(2) 
PARAMETRIC_REPRESENTATION_CONTEXT() REPRESENTATION_CONTEXT('2D SPACE',''
  ) );
#6661 = ORIENTED_EDGE('',*,*,#6570,.F.);
#6662 = ADVANCED_FACE('',(#6663),#1646,.T.);
#6663 = FACE_BOUND('',#6664,.T.);
#6664 = EDGE_LOOP('',(#6665,#6666,#6667,#6668));
#6665 = ORIENTED_EDGE('',*,*,#1630,.F.);
#6666 = ORIENTED_EDGE('',*,*,#6595,.T.);
#6667 = ORIENTED_EDGE('',*,*,#3522,.T.);
#6668 = ORIENTED_EDGE('',*,*,#6669,.T.);
#6669 = EDGE_CURVE('',#3523,#1603,#6670,.T.);
#6670 = SURFACE_CURVE('',#6671,(#6675,#6682),.PCURVE_S1.);
#6671 = LINE('',#6672,#6673);
#6672 = CARTESIAN_POINT('',(41.5,127.,-14.));
#6673 = VECTOR('',#6674,1.);
#6674 = DIRECTION('',(0.,0.,1.));
#6675 = PCURVE('',#1646,#6676);
#6676 = DEFINITIONAL_REPRESENTATION('',(#6677),#6681);
#6677 = LINE('',#6678,#6679);
#6678 = CARTESIAN_POINT('',(0.,-16.));
#6679 = VECTOR('',#6680,1.);
#6680 = DIRECTION('',(1.,0.));
#6681 = ( GEOMETRIC_REPRESENTATION_CONTEXT(2) 
PARAMETRIC_REPRESENTATION_CONTEXT() REPRESENTATION_CONTEXT('2D SPACE',''
  ) );
#6682 = PCURVE('',#1618,#6683);
#6683 = DEFINITIONAL_REPRESENTATION('',(#6684),#6688);
#6684 = LINE('',#6685,#6686);
#6685 = CARTESIAN_POINT('',(0.,3.));
#6686 = VECTOR('',#6687,1.);
#6687 = DIRECTION('',(1.,0.));
#6688 = ( GEOMETRIC_REPRESENTATION_CONTEXT(2) 
PARAMETRIC_REPRESENTATION_CONTEXT() REPRESENTATION_CONTEXT('2D SPACE',''
  ) );
#6689 = ADVANCED_FACE('',(#6690),#822,.T.);
#6690 = FACE_BOUND('',#6691,.T.);
#6691 = EDGE_LOOP('',(#6692,#6715,#6716,#6717));
#6692 = ORIENTED_EDGE('',*,*,#6693,.F.);
#6693 = EDGE_CURVE('',#6621,#6694,#6696,.T.);
#6694 = VERTEX_POINT('',#6695);
#6695 = CARTESIAN_POINT('',(143.,121.5,-14.));
#6696 = SURFACE_CURVE('',#6697,(#6701,#6708),.PCURVE_S1.);
#6697 = LINE('',#6698,#6699);
#6698 = CARTESIAN_POINT('',(101.,121.5,-14.));
#6699 = VECTOR('',#6700,1.);
#6700 = DIRECTION('',(1.,0.,-0.));
#6701 = PCURVE('',#822,#6702);
#6702 = DEFINITIONAL_REPRESENTATION('',(#6703),#6707);
#6703 = LINE('',#6704,#6705);
#6704 = CARTESIAN_POINT('',(0.,0.));
#6705 = VECTOR('',#6706,1.);
#6706 = DIRECTION('',(0.,1.));
#6707 = ( GEOMETRIC_REPRESENTATION_CONTEXT(2) 
PARAMETRIC_REPRESENTATION_CONTEXT() REPRESENTATION_CONTEXT('2D SPACE',''
  ) );
#6708 = PCURVE('',#4193,#6709);
#6709 = DEFINITIONAL_REPRESENTATION('',(#6710),#6714);
#6710 = LINE('',#6711,#6712);
#6711 = CARTESIAN_POINT('',(22.5,-1.5));
#6712 = VECTOR('',#6713,1.);
#6713 = DIRECTION('',(1.,0.));
#6714 = ( GEOMETRIC_REPRESENTATION_CONTEXT(2) 
PARAMETRIC_REPRESENTATION_CONTEXT() REPRESENTATION_CONTEXT('2D SPACE',''
  ) );
#6715 = ORIENTED_EDGE('',*,*,#6620,.F.);
#6716 = ORIENTED_EDGE('',*,*,#806,.T.);
#6717 = ORIENTED_EDGE('',*,*,#6718,.F.);
#6718 = EDGE_CURVE('',#6694,#807,#6719,.T.);
#6719 = SURFACE_CURVE('',#6720,(#6724,#6731),.PCURVE_S1.);
#6720 = LINE('',#6721,#6722);
#6721 = CARTESIAN_POINT('',(143.,121.5,-14.));
#6722 = VECTOR('',#6723,1.);
#6723 = DIRECTION('',(0.,0.,1.));
#6724 = PCURVE('',#822,#6725);
#6725 = DEFINITIONAL_REPRESENTATION('',(#6726),#6730);
#6726 = LINE('',#6727,#6728);
#6727 = CARTESIAN_POINT('',(0.,42.));
#6728 = VECTOR('',#6729,1.);
#6729 = DIRECTION('',(1.,0.));
#6730 = ( GEOMETRIC_REPRESENTATION_CONTEXT(2) 
PARAMETRIC_REPRESENTATION_CONTEXT() REPRESENTATION_CONTEXT('2D SPACE',''
  ) );
#6731 = PCURVE('',#850,#6732);
#6732 = DEFINITIONAL_REPRESENTATION('',(#6733),#6737);
#6733 = LINE('',#6734,#6735);
#6734 = CARTESIAN_POINT('',(0.,-3.));
#6735 = VECTOR('',#6736,1.);
#6736 = DIRECTION('',(1.,0.));
#6737 = ( GEOMETRIC_REPRESENTATION_CONTEXT(2) 
PARAMETRIC_REPRESENTATION_CONTEXT() REPRESENTATION_CONTEXT('2D SPACE',''
  ) );
#6738 = ADVANCED_FACE('',(#6739),#1618,.T.);
#6739 = FACE_BOUND('',#6740,.T.);
#6740 = EDGE_LOOP('',(#6741,#6742,#6763,#6764));
#6741 = ORIENTED_EDGE('',*,*,#3545,.F.);
#6742 = ORIENTED_EDGE('',*,*,#6743,.T.);
#6743 = EDGE_CURVE('',#3546,#1575,#6744,.T.);
#6744 = SURFACE_CURVE('',#6745,(#6749,#6756),.PCURVE_S1.);
#6745 = LINE('',#6746,#6747);
#6746 = CARTESIAN_POINT('',(38.5,127.,-14.));
#6747 = VECTOR('',#6748,1.);
#6748 = DIRECTION('',(0.,0.,1.));
#6749 = PCURVE('',#1618,#6750);
#6750 = DEFINITIONAL_REPRESENTATION('',(#6751),#6755);
#6751 = LINE('',#6752,#6753);
#6752 = CARTESIAN_POINT('',(0.,0.));
#6753 = VECTOR('',#6754,1.);
#6754 = DIRECTION('',(1.,0.));
#6755 = ( GEOMETRIC_REPRESENTATION_CONTEXT(2) 
PARAMETRIC_REPRESENTATION_CONTEXT() REPRESENTATION_CONTEXT('2D SPACE',''
  ) );
#6756 = PCURVE('',#1590,#6757);
#6757 = DEFINITIONAL_REPRESENTATION('',(#6758),#6762);
#6758 = LINE('',#6759,#6760);
#6759 = CARTESIAN_POINT('',(0.,-16.));
#6760 = VECTOR('',#6761,1.);
#6761 = DIRECTION('',(1.,0.));
#6762 = ( GEOMETRIC_REPRESENTATION_CONTEXT(2) 
PARAMETRIC_REPRESENTATION_CONTEXT() REPRESENTATION_CONTEXT('2D SPACE',''
  ) );
#6763 = ORIENTED_EDGE('',*,*,#1602,.T.);
#6764 = ORIENTED_EDGE('',*,*,#6669,.F.);
#6765 = ADVANCED_FACE('',(#6766),#850,.T.);
#6766 = FACE_BOUND('',#6767,.T.);
#6767 = EDGE_LOOP('',(#6768,#6791,#6812,#6813));
#6768 = ORIENTED_EDGE('',*,*,#6769,.F.);
#6769 = EDGE_CURVE('',#6770,#835,#6772,.T.);
#6770 = VERTEX_POINT('',#6771);
#6771 = CARTESIAN_POINT('',(143.,118.5,-14.));
#6772 = SURFACE_CURVE('',#6773,(#6777,#6784),.PCURVE_S1.);
#6773 = LINE('',#6774,#6775);
#6774 = CARTESIAN_POINT('',(143.,118.5,-14.));
#6775 = VECTOR('',#6776,1.);
#6776 = DIRECTION('',(0.,0.,1.));
#6777 = PCURVE('',#850,#6778);
#6778 = DEFINITIONAL_REPRESENTATION('',(#6779),#6783);
#6779 = LINE('',#6780,#6781);
#6780 = CARTESIAN_POINT('',(0.,0.));
#6781 = VECTOR('',#6782,1.);
#6782 = DIRECTION('',(1.,0.));
#6783 = ( GEOMETRIC_REPRESENTATION_CONTEXT(2) 
PARAMETRIC_REPRESENTATION_CONTEXT() REPRESENTATION_CONTEXT('2D SPACE',''
  ) );
#6784 = PCURVE('',#878,#6785);
#6785 = DEFINITIONAL_REPRESENTATION('',(#6786),#6790);
#6786 = LINE('',#6787,#6788);
#6787 = CARTESIAN_POINT('',(0.,42.));
#6788 = VECTOR('',#6789,1.);
#6789 = DIRECTION('',(1.,0.));
#6790 = ( GEOMETRIC_REPRESENTATION_CONTEXT(2) 
PARAMETRIC_REPRESENTATION_CONTEXT() REPRESENTATION_CONTEXT('2D SPACE',''
  ) );
#6791 = ORIENTED_EDGE('',*,*,#6792,.T.);
#6792 = EDGE_CURVE('',#6770,#6694,#6793,.T.);
#6793 = SURFACE_CURVE('',#6794,(#6798,#6805),.PCURVE_S1.);
#6794 = LINE('',#6795,#6796);
#6795 = CARTESIAN_POINT('',(143.,118.5,-14.));
#6796 = VECTOR('',#6797,1.);
#6797 = DIRECTION('',(-0.,1.,0.));
#6798 = PCURVE('',#850,#6799);
#6799 = DEFINITIONAL_REPRESENTATION('',(#6800),#6804);
#6800 = LINE('',#6801,#6802);
#6801 = CARTESIAN_POINT('',(0.,0.));
#6802 = VECTOR('',#6803,1.);
#6803 = DIRECTION('',(0.,-1.));
#6804 = ( GEOMETRIC_REPRESENTATION_CONTEXT(2) 
PARAMETRIC_REPRESENTATION_CONTEXT() REPRESENTATION_CONTEXT('2D SPACE',''
  ) );
#6805 = PCURVE('',#4193,#6806);
#6806 = DEFINITIONAL_REPRESENTATION('',(#6807),#6811);
#6807 = LINE('',#6808,#6809);
#6808 = CARTESIAN_POINT('',(64.5,-4.5));
#6809 = VECTOR('',#6810,1.);
#6810 = DIRECTION('',(0.,1.));
#6811 = ( GEOMETRIC_REPRESENTATION_CONTEXT(2) 
PARAMETRIC_REPRESENTATION_CONTEXT() REPRESENTATION_CONTEXT('2D SPACE',''
  ) );
#6812 = ORIENTED_EDGE('',*,*,#6718,.T.);
#6813 = ORIENTED_EDGE('',*,*,#834,.F.);
#6814 = ADVANCED_FACE('',(#6815),#1590,.F.);
#6815 = FACE_BOUND('',#6816,.F.);
#6816 = EDGE_LOOP('',(#6817,#6818,#6837,#6838));
#6817 = ORIENTED_EDGE('',*,*,#1574,.F.);
#6818 = ORIENTED_EDGE('',*,*,#6819,.T.);
#6819 = EDGE_CURVE('',#1547,#3569,#6820,.T.);
#6820 = SURFACE_CURVE('',#6821,(#6825,#6831),.PCURVE_S1.);
#6821 = LINE('',#6822,#6823);
#6822 = CARTESIAN_POINT('',(38.5,121.5,-14.));
#6823 = VECTOR('',#6824,1.);
#6824 = DIRECTION('',(-0.,0.,-1.));
#6825 = PCURVE('',#1590,#6826);
#6826 = DEFINITIONAL_REPRESENTATION('',(#6827),#6830);
#6827 = B_SPLINE_CURVE_WITH_KNOTS('',1,(#6828,#6829),.UNSPECIFIED.,.F.,
  .F.,(2,2),(-8.,0.),.PIECEWISE_BEZIER_KNOTS.);
#6828 = CARTESIAN_POINT('',(8.,-10.5));
#6829 = CARTESIAN_POINT('',(0.,-10.5));
#6830 = ( GEOMETRIC_REPRESENTATION_CONTEXT(2) 
PARAMETRIC_REPRESENTATION_CONTEXT() REPRESENTATION_CONTEXT('2D SPACE',''
  ) );
#6831 = PCURVE('',#1562,#6832);
#6832 = DEFINITIONAL_REPRESENTATION('',(#6833),#6836);
#6833 = B_SPLINE_CURVE_WITH_KNOTS('',1,(#6834,#6835),.UNSPECIFIED.,.F.,
  .F.,(2,2),(-8.,0.),.PIECEWISE_BEZIER_KNOTS.);
#6834 = CARTESIAN_POINT('',(8.,38.5));
#6835 = CARTESIAN_POINT('',(0.,38.5));
#6836 = ( GEOMETRIC_REPRESENTATION_CONTEXT(2) 
PARAMETRIC_REPRESENTATION_CONTEXT() REPRESENTATION_CONTEXT('2D SPACE',''
  ) );
#6837 = ORIENTED_EDGE('',*,*,#3568,.T.);
#6838 = ORIENTED_EDGE('',*,*,#6743,.T.);
#6839 = ADVANCED_FACE('',(#6840),#878,.F.);
#6840 = FACE_BOUND('',#6841,.F.);
#6841 = EDGE_LOOP('',(#6842,#6865,#6884,#6885));
#6842 = ORIENTED_EDGE('',*,*,#6843,.F.);
#6843 = EDGE_CURVE('',#6844,#6770,#6846,.T.);
#6844 = VERTEX_POINT('',#6845);
#6845 = CARTESIAN_POINT('',(121.5,118.5,-14.));
#6846 = SURFACE_CURVE('',#6847,(#6851,#6858),.PCURVE_S1.);
#6847 = LINE('',#6848,#6849);
#6848 = CARTESIAN_POINT('',(101.,118.5,-14.));
#6849 = VECTOR('',#6850,1.);
#6850 = DIRECTION('',(1.,0.,-0.));
#6851 = PCURVE('',#878,#6852);
#6852 = DEFINITIONAL_REPRESENTATION('',(#6853),#6857);
#6853 = LINE('',#6854,#6855);
#6854 = CARTESIAN_POINT('',(0.,0.));
#6855 = VECTOR('',#6856,1.);
#6856 = DIRECTION('',(0.,1.));
#6857 = ( GEOMETRIC_REPRESENTATION_CONTEXT(2) 
PARAMETRIC_REPRESENTATION_CONTEXT() REPRESENTATION_CONTEXT('2D SPACE',''
  ) );
#6858 = PCURVE('',#4193,#6859);
#6859 = DEFINITIONAL_REPRESENTATION('',(#6860),#6864);
#6860 = LINE('',#6861,#6862);
#6861 = CARTESIAN_POINT('',(22.5,-4.5));
#6862 = VECTOR('',#6863,1.);
#6863 = DIRECTION('',(1.,0.));
#6864 = ( GEOMETRIC_REPRESENTATION_CONTEXT(2) 
PARAMETRIC_REPRESENTATION_CONTEXT() REPRESENTATION_CONTEXT('2D SPACE',''
  ) );
#6865 = ORIENTED_EDGE('',*,*,#6866,.F.);
#6866 = EDGE_CURVE('',#863,#6844,#6867,.T.);
#6867 = SURFACE_CURVE('',#6868,(#6872,#6878),.PCURVE_S1.);
#6868 = LINE('',#6869,#6870);
#6869 = CARTESIAN_POINT('',(121.5,118.5,-14.));
#6870 = VECTOR('',#6871,1.);
#6871 = DIRECTION('',(-0.,0.,-1.));
#6872 = PCURVE('',#878,#6873);
#6873 = DEFINITIONAL_REPRESENTATION('',(#6874),#6877);
#6874 = B_SPLINE_CURVE_WITH_KNOTS('',1,(#6875,#6876),.UNSPECIFIED.,.F.,
  .F.,(2,2),(-8.,0.),.PIECEWISE_BEZIER_KNOTS.);
#6875 = CARTESIAN_POINT('',(8.,20.5));
#6876 = CARTESIAN_POINT('',(0.,20.5));
#6877 = ( GEOMETRIC_REPRESENTATION_CONTEXT(2) 
PARAMETRIC_REPRESENTATION_CONTEXT() REPRESENTATION_CONTEXT('2D SPACE',''
  ) );
#6878 = PCURVE('',#906,#6879);
#6879 = DEFINITIONAL_REPRESENTATION('',(#6880),#6883);
#6880 = B_SPLINE_CURVE_WITH_KNOTS('',1,(#6881,#6882),.UNSPECIFIED.,.F.,
  .F.,(2,2),(-8.,0.),.PIECEWISE_BEZIER_KNOTS.);
#6881 = CARTESIAN_POINT('',(8.,-13.5));
#6882 = CARTESIAN_POINT('',(0.,-13.5));
#6883 = ( GEOMETRIC_REPRESENTATION_CONTEXT(2) 
PARAMETRIC_REPRESENTATION_CONTEXT() REPRESENTATION_CONTEXT('2D SPACE',''
  ) );
#6884 = ORIENTED_EDGE('',*,*,#862,.T.);
#6885 = ORIENTED_EDGE('',*,*,#6769,.F.);
#6886 = ADVANCED_FACE('',(#6887),#1562,.T.);
#6887 = FACE_BOUND('',#6888,.T.);
#6888 = EDGE_LOOP('',(#6889,#6890,#6909,#6910));
#6889 = ORIENTED_EDGE('',*,*,#3591,.F.);
#6890 = ORIENTED_EDGE('',*,*,#6891,.F.);
#6891 = EDGE_CURVE('',#1519,#3592,#6892,.T.);
#6892 = SURFACE_CURVE('',#6893,(#6897,#6903),.PCURVE_S1.);
#6893 = LINE('',#6894,#6895);
#6894 = CARTESIAN_POINT('',(9.5,121.5,-14.));
#6895 = VECTOR('',#6896,1.);
#6896 = DIRECTION('',(-0.,0.,-1.));
#6897 = PCURVE('',#1562,#6898);
#6898 = DEFINITIONAL_REPRESENTATION('',(#6899),#6902);
#6899 = B_SPLINE_CURVE_WITH_KNOTS('',1,(#6900,#6901),.UNSPECIFIED.,.F.,
  .F.,(2,2),(-8.,0.),.PIECEWISE_BEZIER_KNOTS.);
#6900 = CARTESIAN_POINT('',(8.,9.5));
#6901 = CARTESIAN_POINT('',(0.,9.5));
#6902 = ( GEOMETRIC_REPRESENTATION_CONTEXT(2) 
PARAMETRIC_REPRESENTATION_CONTEXT() REPRESENTATION_CONTEXT('2D SPACE',''
  ) );
#6903 = PCURVE('',#1534,#6904);
#6904 = DEFINITIONAL_REPRESENTATION('',(#6905),#6908);
#6905 = B_SPLINE_CURVE_WITH_KNOTS('',1,(#6906,#6907),.UNSPECIFIED.,.F.,
  .F.,(2,2),(-8.,0.),.PIECEWISE_BEZIER_KNOTS.);
#6906 = CARTESIAN_POINT('',(8.,-10.5));
#6907 = CARTESIAN_POINT('',(0.,-10.5));
#6908 = ( GEOMETRIC_REPRESENTATION_CONTEXT(2) 
PARAMETRIC_REPRESENTATION_CONTEXT() REPRESENTATION_CONTEXT('2D SPACE',''
  ) );
#6909 = ORIENTED_EDGE('',*,*,#1546,.T.);
#6910 = ORIENTED_EDGE('',*,*,#6819,.T.);
#6911 = ADVANCED_FACE('',(#6912),#906,.T.);
#6912 = FACE_BOUND('',#6913,.T.);
#6913 = EDGE_LOOP('',(#6914,#6915,#6938,#6959));
#6914 = ORIENTED_EDGE('',*,*,#890,.F.);
#6915 = ORIENTED_EDGE('',*,*,#6916,.F.);
#6916 = EDGE_CURVE('',#6917,#891,#6919,.T.);
#6917 = VERTEX_POINT('',#6918);
#6918 = CARTESIAN_POINT('',(121.5,105.,-14.));
#6919 = SURFACE_CURVE('',#6920,(#6924,#6931),.PCURVE_S1.);
#6920 = LINE('',#6921,#6922);
#6921 = CARTESIAN_POINT('',(121.5,105.,-14.));
#6922 = VECTOR('',#6923,1.);
#6923 = DIRECTION('',(0.,0.,1.));
#6924 = PCURVE('',#906,#6925);
#6925 = DEFINITIONAL_REPRESENTATION('',(#6926),#6930);
#6926 = LINE('',#6927,#6928);
#6927 = CARTESIAN_POINT('',(0.,0.));
#6928 = VECTOR('',#6929,1.);
#6929 = DIRECTION('',(1.,0.));
#6930 = ( GEOMETRIC_REPRESENTATION_CONTEXT(2) 
PARAMETRIC_REPRESENTATION_CONTEXT() REPRESENTATION_CONTEXT('2D SPACE',''
  ) );
#6931 = PCURVE('',#934,#6932);
#6932 = DEFINITIONAL_REPRESENTATION('',(#6933),#6937);
#6933 = LINE('',#6934,#6935);
#6934 = CARTESIAN_POINT('',(0.,3.));
#6935 = VECTOR('',#6936,1.);
#6936 = DIRECTION('',(1.,0.));
#6937 = ( GEOMETRIC_REPRESENTATION_CONTEXT(2) 
PARAMETRIC_REPRESENTATION_CONTEXT() REPRESENTATION_CONTEXT('2D SPACE',''
  ) );
#6938 = ORIENTED_EDGE('',*,*,#6939,.T.);
#6939 = EDGE_CURVE('',#6917,#6844,#6940,.T.);
#6940 = SURFACE_CURVE('',#6941,(#6945,#6952),.PCURVE_S1.);
#6941 = LINE('',#6942,#6943);
#6942 = CARTESIAN_POINT('',(121.5,105.,-14.));
#6943 = VECTOR('',#6944,1.);
#6944 = DIRECTION('',(-0.,1.,0.));
#6945 = PCURVE('',#906,#6946);
#6946 = DEFINITIONAL_REPRESENTATION('',(#6947),#6951);
#6947 = LINE('',#6948,#6949);
#6948 = CARTESIAN_POINT('',(0.,0.));
#6949 = VECTOR('',#6950,1.);
#6950 = DIRECTION('',(0.,-1.));
#6951 = ( GEOMETRIC_REPRESENTATION_CONTEXT(2) 
PARAMETRIC_REPRESENTATION_CONTEXT() REPRESENTATION_CONTEXT('2D SPACE',''
  ) );
#6952 = PCURVE('',#4193,#6953);
#6953 = DEFINITIONAL_REPRESENTATION('',(#6954),#6958);
#6954 = LINE('',#6955,#6956);
#6955 = CARTESIAN_POINT('',(43.,-18.));
#6956 = VECTOR('',#6957,1.);
#6957 = DIRECTION('',(0.,1.));
#6958 = ( GEOMETRIC_REPRESENTATION_CONTEXT(2) 
PARAMETRIC_REPRESENTATION_CONTEXT() REPRESENTATION_CONTEXT('2D SPACE',''
  ) );
#6959 = ORIENTED_EDGE('',*,*,#6866,.F.);
#6960 = ADVANCED_FACE('',(#6961),#1534,.T.);
#6961 = FACE_BOUND('',#6962,.T.);
#6962 = EDGE_LOOP('',(#6963,#6964,#6965,#6966));
#6963 = ORIENTED_EDGE('',*,*,#1518,.F.);
#6964 = ORIENTED_EDGE('',*,*,#6891,.T.);
#6965 = ORIENTED_EDGE('',*,*,#3614,.T.);
#6966 = ORIENTED_EDGE('',*,*,#6967,.T.);
#6967 = EDGE_CURVE('',#3615,#1491,#6968,.T.);
#6968 = SURFACE_CURVE('',#6969,(#6973,#6980),.PCURVE_S1.);
#6969 = LINE('',#6970,#6971);
#6970 = CARTESIAN_POINT('',(9.5,125.,-14.));
#6971 = VECTOR('',#6972,1.);
#6972 = DIRECTION('',(0.,0.,1.));
#6973 = PCURVE('',#1534,#6974);
#6974 = DEFINITIONAL_REPRESENTATION('',(#6975),#6979);
#6975 = LINE('',#6976,#6977);
#6976 = CARTESIAN_POINT('',(0.,-14.));
#6977 = VECTOR('',#6978,1.);
#6978 = DIRECTION('',(1.,0.));
#6979 = ( GEOMETRIC_REPRESENTATION_CONTEXT(2) 
PARAMETRIC_REPRESENTATION_CONTEXT() REPRESENTATION_CONTEXT('2D SPACE',''
  ) );
#6980 = PCURVE('',#1506,#6981);
#6981 = DEFINITIONAL_REPRESENTATION('',(#6982),#6986);
#6982 = LINE('',#6983,#6984);
#6983 = CARTESIAN_POINT('',(0.,3.));
#6984 = VECTOR('',#6985,1.);
#6985 = DIRECTION('',(1.,0.));
#6986 = ( GEOMETRIC_REPRESENTATION_CONTEXT(2) 
PARAMETRIC_REPRESENTATION_CONTEXT() REPRESENTATION_CONTEXT('2D SPACE',''
  ) );
#6987 = ADVANCED_FACE('',(#6988),#934,.F.);
#6988 = FACE_BOUND('',#6989,.F.);
#6989 = EDGE_LOOP('',(#6990,#7013,#7034,#7035));
#6990 = ORIENTED_EDGE('',*,*,#6991,.F.);
#6991 = EDGE_CURVE('',#6992,#6917,#6994,.T.);
#6992 = VERTEX_POINT('',#6993);
#6993 = CARTESIAN_POINT('',(118.5,105.,-14.));
#6994 = SURFACE_CURVE('',#6995,(#6999,#7006),.PCURVE_S1.);
#6995 = LINE('',#6996,#6997);
#6996 = CARTESIAN_POINT('',(118.5,105.,-14.));
#6997 = VECTOR('',#6998,1.);
#6998 = DIRECTION('',(1.,0.,-0.));
#6999 = PCURVE('',#934,#7000);
#7000 = DEFINITIONAL_REPRESENTATION('',(#7001),#7005);
#7001 = LINE('',#7002,#7003);
#7002 = CARTESIAN_POINT('',(0.,0.));
#7003 = VECTOR('',#7004,1.);
#7004 = DIRECTION('',(0.,1.));
#7005 = ( GEOMETRIC_REPRESENTATION_CONTEXT(2) 
PARAMETRIC_REPRESENTATION_CONTEXT() REPRESENTATION_CONTEXT('2D SPACE',''
  ) );
#7006 = PCURVE('',#4193,#7007);
#7007 = DEFINITIONAL_REPRESENTATION('',(#7008),#7012);
#7008 = LINE('',#7009,#7010);
#7009 = CARTESIAN_POINT('',(40.,-18.));
#7010 = VECTOR('',#7011,1.);
#7011 = DIRECTION('',(1.,0.));
#7012 = ( GEOMETRIC_REPRESENTATION_CONTEXT(2) 
PARAMETRIC_REPRESENTATION_CONTEXT() REPRESENTATION_CONTEXT('2D SPACE',''
  ) );
#7013 = ORIENTED_EDGE('',*,*,#7014,.T.);
#7014 = EDGE_CURVE('',#6992,#919,#7015,.T.);
#7015 = SURFACE_CURVE('',#7016,(#7020,#7027),.PCURVE_S1.);
#7016 = LINE('',#7017,#7018);
#7017 = CARTESIAN_POINT('',(118.5,105.,-14.));
#7018 = VECTOR('',#7019,1.);
#7019 = DIRECTION('',(0.,0.,1.));
#7020 = PCURVE('',#934,#7021);
#7021 = DEFINITIONAL_REPRESENTATION('',(#7022),#7026);
#7022 = LINE('',#7023,#7024);
#7023 = CARTESIAN_POINT('',(0.,0.));
#7024 = VECTOR('',#7025,1.);
#7025 = DIRECTION('',(1.,0.));
#7026 = ( GEOMETRIC_REPRESENTATION_CONTEXT(2) 
PARAMETRIC_REPRESENTATION_CONTEXT() REPRESENTATION_CONTEXT('2D SPACE',''
  ) );
#7027 = PCURVE('',#962,#7028);
#7028 = DEFINITIONAL_REPRESENTATION('',(#7029),#7033);
#7029 = LINE('',#7030,#7031);
#7030 = CARTESIAN_POINT('',(0.,0.));
#7031 = VECTOR('',#7032,1.);
#7032 = DIRECTION('',(1.,0.));
#7033 = ( GEOMETRIC_REPRESENTATION_CONTEXT(2) 
PARAMETRIC_REPRESENTATION_CONTEXT() REPRESENTATION_CONTEXT('2D SPACE',''
  ) );
#7034 = ORIENTED_EDGE('',*,*,#918,.T.);
#7035 = ORIENTED_EDGE('',*,*,#6916,.F.);
#7036 = ADVANCED_FACE('',(#7037),#1506,.T.);
#7037 = FACE_BOUND('',#7038,.T.);
#7038 = EDGE_LOOP('',(#7039,#7040,#7061,#7062));
#7039 = ORIENTED_EDGE('',*,*,#3637,.F.);
#7040 = ORIENTED_EDGE('',*,*,#7041,.T.);
#7041 = EDGE_CURVE('',#3638,#1463,#7042,.T.);
#7042 = SURFACE_CURVE('',#7043,(#7047,#7054),.PCURVE_S1.);
#7043 = LINE('',#7044,#7045);
#7044 = CARTESIAN_POINT('',(6.5,125.,-14.));
#7045 = VECTOR('',#7046,1.);
#7046 = DIRECTION('',(0.,0.,1.));
#7047 = PCURVE('',#1506,#7048);
#7048 = DEFINITIONAL_REPRESENTATION('',(#7049),#7053);
#7049 = LINE('',#7050,#7051);
#7050 = CARTESIAN_POINT('',(0.,0.));
#7051 = VECTOR('',#7052,1.);
#7052 = DIRECTION('',(1.,0.));
#7053 = ( GEOMETRIC_REPRESENTATION_CONTEXT(2) 
PARAMETRIC_REPRESENTATION_CONTEXT() REPRESENTATION_CONTEXT('2D SPACE',''
  ) );
#7054 = PCURVE('',#1478,#7055);
#7055 = DEFINITIONAL_REPRESENTATION('',(#7056),#7060);
#7056 = LINE('',#7057,#7058);
#7057 = CARTESIAN_POINT('',(0.,-14.));
#7058 = VECTOR('',#7059,1.);
#7059 = DIRECTION('',(1.,0.));
#7060 = ( GEOMETRIC_REPRESENTATION_CONTEXT(2) 
PARAMETRIC_REPRESENTATION_CONTEXT() REPRESENTATION_CONTEXT('2D SPACE',''
  ) );
#7061 = ORIENTED_EDGE('',*,*,#1490,.T.);
#7062 = ORIENTED_EDGE('',*,*,#6967,.F.);
#7063 = ADVANCED_FACE('',(#7064),#962,.F.);
#7064 = FACE_BOUND('',#7065,.F.);
#7065 = EDGE_LOOP('',(#7066,#7067,#7068,#7091));
#7066 = ORIENTED_EDGE('',*,*,#946,.F.);
#7067 = ORIENTED_EDGE('',*,*,#7014,.F.);
#7068 = ORIENTED_EDGE('',*,*,#7069,.T.);
#7069 = EDGE_CURVE('',#6992,#7070,#7072,.T.);
#7070 = VERTEX_POINT('',#7071);
#7071 = CARTESIAN_POINT('',(118.5,118.5,-14.));
#7072 = SURFACE_CURVE('',#7073,(#7077,#7084),.PCURVE_S1.);
#7073 = LINE('',#7074,#7075);
#7074 = CARTESIAN_POINT('',(118.5,105.,-14.));
#7075 = VECTOR('',#7076,1.);
#7076 = DIRECTION('',(-0.,1.,0.));
#7077 = PCURVE('',#962,#7078);
#7078 = DEFINITIONAL_REPRESENTATION('',(#7079),#7083);
#7079 = LINE('',#7080,#7081);
#7080 = CARTESIAN_POINT('',(0.,0.));
#7081 = VECTOR('',#7082,1.);
#7082 = DIRECTION('',(0.,-1.));
#7083 = ( GEOMETRIC_REPRESENTATION_CONTEXT(2) 
PARAMETRIC_REPRESENTATION_CONTEXT() REPRESENTATION_CONTEXT('2D SPACE',''
  ) );
#7084 = PCURVE('',#4193,#7085);
#7085 = DEFINITIONAL_REPRESENTATION('',(#7086),#7090);
#7086 = LINE('',#7087,#7088);
#7087 = CARTESIAN_POINT('',(40.,-18.));
#7088 = VECTOR('',#7089,1.);
#7089 = DIRECTION('',(0.,1.));
#7090 = ( GEOMETRIC_REPRESENTATION_CONTEXT(2) 
PARAMETRIC_REPRESENTATION_CONTEXT() REPRESENTATION_CONTEXT('2D SPACE',''
  ) );
#7091 = ORIENTED_EDGE('',*,*,#7092,.F.);
#7092 = EDGE_CURVE('',#947,#7070,#7093,.T.);
#7093 = SURFACE_CURVE('',#7094,(#7098,#7104),.PCURVE_S1.);
#7094 = LINE('',#7095,#7096);
#7095 = CARTESIAN_POINT('',(118.5,118.5,-14.));
#7096 = VECTOR('',#7097,1.);
#7097 = DIRECTION('',(-0.,0.,-1.));
#7098 = PCURVE('',#962,#7099);
#7099 = DEFINITIONAL_REPRESENTATION('',(#7100),#7103);
#7100 = B_SPLINE_CURVE_WITH_KNOTS('',1,(#7101,#7102),.UNSPECIFIED.,.F.,
  .F.,(2,2),(-8.,0.),.PIECEWISE_BEZIER_KNOTS.);
#7101 = CARTESIAN_POINT('',(8.,-13.5));
#7102 = CARTESIAN_POINT('',(0.,-13.5));
#7103 = ( GEOMETRIC_REPRESENTATION_CONTEXT(2) 
PARAMETRIC_REPRESENTATION_CONTEXT() REPRESENTATION_CONTEXT('2D SPACE',''
  ) );
#7104 = PCURVE('',#990,#7105);
#7105 = DEFINITIONAL_REPRESENTATION('',(#7106),#7109);
#7106 = B_SPLINE_CURVE_WITH_KNOTS('',1,(#7107,#7108),.UNSPECIFIED.,.F.,
  .F.,(2,2),(-8.,0.),.PIECEWISE_BEZIER_KNOTS.);
#7107 = CARTESIAN_POINT('',(8.,17.5));
#7108 = CARTESIAN_POINT('',(0.,17.5));
#7109 = ( GEOMETRIC_REPRESENTATION_CONTEXT(2) 
PARAMETRIC_REPRESENTATION_CONTEXT() REPRESENTATION_CONTEXT('2D SPACE',''
  ) );
#7110 = ADVANCED_FACE('',(#7111),#1478,.F.);
#7111 = FACE_BOUND('',#7112,.F.);
#7112 = EDGE_LOOP('',(#7113,#7114,#7115,#7116));
#7113 = ORIENTED_EDGE('',*,*,#1462,.F.);
#7114 = ORIENTED_EDGE('',*,*,#3687,.T.);
#7115 = ORIENTED_EDGE('',*,*,#3660,.T.);
#7116 = ORIENTED_EDGE('',*,*,#7041,.T.);
#7117 = ADVANCED_FACE('',(#7118),#990,.F.);
#7118 = FACE_BOUND('',#7119,.F.);
#7119 = EDGE_LOOP('',(#7120,#7143,#7164,#7165));
#7120 = ORIENTED_EDGE('',*,*,#7121,.F.);
#7121 = EDGE_CURVE('',#7122,#7070,#7124,.T.);
#7122 = VERTEX_POINT('',#7123);
#7123 = CARTESIAN_POINT('',(101.,118.5,-14.));
#7124 = SURFACE_CURVE('',#7125,(#7129,#7136),.PCURVE_S1.);
#7125 = LINE('',#7126,#7127);
#7126 = CARTESIAN_POINT('',(101.,118.5,-14.));
#7127 = VECTOR('',#7128,1.);
#7128 = DIRECTION('',(1.,0.,-0.));
#7129 = PCURVE('',#990,#7130);
#7130 = DEFINITIONAL_REPRESENTATION('',(#7131),#7135);
#7131 = LINE('',#7132,#7133);
#7132 = CARTESIAN_POINT('',(0.,0.));
#7133 = VECTOR('',#7134,1.);
#7134 = DIRECTION('',(0.,1.));
#7135 = ( GEOMETRIC_REPRESENTATION_CONTEXT(2) 
PARAMETRIC_REPRESENTATION_CONTEXT() REPRESENTATION_CONTEXT('2D SPACE',''
  ) );
#7136 = PCURVE('',#4193,#7137);
#7137 = DEFINITIONAL_REPRESENTATION('',(#7138),#7142);
#7138 = LINE('',#7139,#7140);
#7139 = CARTESIAN_POINT('',(22.5,-4.5));
#7140 = VECTOR('',#7141,1.);
#7141 = DIRECTION('',(1.,0.));
#7142 = ( GEOMETRIC_REPRESENTATION_CONTEXT(2) 
PARAMETRIC_REPRESENTATION_CONTEXT() REPRESENTATION_CONTEXT('2D SPACE',''
  ) );
#7143 = ORIENTED_EDGE('',*,*,#7144,.T.);
#7144 = EDGE_CURVE('',#7122,#975,#7145,.T.);
#7145 = SURFACE_CURVE('',#7146,(#7150,#7157),.PCURVE_S1.);
#7146 = LINE('',#7147,#7148);
#7147 = CARTESIAN_POINT('',(101.,118.5,-14.));
#7148 = VECTOR('',#7149,1.);
#7149 = DIRECTION('',(0.,0.,1.));
#7150 = PCURVE('',#990,#7151);
#7151 = DEFINITIONAL_REPRESENTATION('',(#7152),#7156);
#7152 = LINE('',#7153,#7154);
#7153 = CARTESIAN_POINT('',(0.,0.));
#7154 = VECTOR('',#7155,1.);
#7155 = DIRECTION('',(1.,0.));
#7156 = ( GEOMETRIC_REPRESENTATION_CONTEXT(2) 
PARAMETRIC_REPRESENTATION_CONTEXT() REPRESENTATION_CONTEXT('2D SPACE',''
  ) );
#7157 = PCURVE('',#1018,#7158);
#7158 = DEFINITIONAL_REPRESENTATION('',(#7159),#7163);
#7159 = LINE('',#7160,#7161);
#7160 = CARTESIAN_POINT('',(0.,0.));
#7161 = VECTOR('',#7162,1.);
#7162 = DIRECTION('',(1.,0.));
#7163 = ( GEOMETRIC_REPRESENTATION_CONTEXT(2) 
PARAMETRIC_REPRESENTATION_CONTEXT() REPRESENTATION_CONTEXT('2D SPACE',''
  ) );
#7164 = ORIENTED_EDGE('',*,*,#974,.T.);
#7165 = ORIENTED_EDGE('',*,*,#7092,.T.);
#7166 = ADVANCED_FACE('',(#7167),#1018,.F.);
#7167 = FACE_BOUND('',#7168,.F.);
#7168 = EDGE_LOOP('',(#7169,#7170,#7193,#7214));
#7169 = ORIENTED_EDGE('',*,*,#7144,.F.);
#7170 = ORIENTED_EDGE('',*,*,#7171,.T.);
#7171 = EDGE_CURVE('',#7122,#7172,#7174,.T.);
#7172 = VERTEX_POINT('',#7173);
#7173 = CARTESIAN_POINT('',(101.,121.5,-14.));
#7174 = SURFACE_CURVE('',#7175,(#7179,#7186),.PCURVE_S1.);
#7175 = LINE('',#7176,#7177);
#7176 = CARTESIAN_POINT('',(101.,118.5,-14.));
#7177 = VECTOR('',#7178,1.);
#7178 = DIRECTION('',(-0.,1.,0.));
#7179 = PCURVE('',#1018,#7180);
#7180 = DEFINITIONAL_REPRESENTATION('',(#7181),#7185);
#7181 = LINE('',#7182,#7183);
#7182 = CARTESIAN_POINT('',(0.,0.));
#7183 = VECTOR('',#7184,1.);
#7184 = DIRECTION('',(0.,-1.));
#7185 = ( GEOMETRIC_REPRESENTATION_CONTEXT(2) 
PARAMETRIC_REPRESENTATION_CONTEXT() REPRESENTATION_CONTEXT('2D SPACE',''
  ) );
#7186 = PCURVE('',#4193,#7187);
#7187 = DEFINITIONAL_REPRESENTATION('',(#7188),#7192);
#7188 = LINE('',#7189,#7190);
#7189 = CARTESIAN_POINT('',(22.5,-4.5));
#7190 = VECTOR('',#7191,1.);
#7191 = DIRECTION('',(0.,1.));
#7192 = ( GEOMETRIC_REPRESENTATION_CONTEXT(2) 
PARAMETRIC_REPRESENTATION_CONTEXT() REPRESENTATION_CONTEXT('2D SPACE',''
  ) );
#7193 = ORIENTED_EDGE('',*,*,#7194,.T.);
#7194 = EDGE_CURVE('',#7172,#1003,#7195,.T.);
#7195 = SURFACE_CURVE('',#7196,(#7200,#7207),.PCURVE_S1.);
#7196 = LINE('',#7197,#7198);
#7197 = CARTESIAN_POINT('',(101.,121.5,-14.));
#7198 = VECTOR('',#7199,1.);
#7199 = DIRECTION('',(0.,0.,1.));
#7200 = PCURVE('',#1018,#7201);
#7201 = DEFINITIONAL_REPRESENTATION('',(#7202),#7206);
#7202 = LINE('',#7203,#7204);
#7203 = CARTESIAN_POINT('',(0.,-3.));
#7204 = VECTOR('',#7205,1.);
#7205 = DIRECTION('',(1.,0.));
#7206 = ( GEOMETRIC_REPRESENTATION_CONTEXT(2) 
PARAMETRIC_REPRESENTATION_CONTEXT() REPRESENTATION_CONTEXT('2D SPACE',''
  ) );
#7207 = PCURVE('',#1046,#7208);
#7208 = DEFINITIONAL_REPRESENTATION('',(#7209),#7213);
#7209 = LINE('',#7210,#7211);
#7210 = CARTESIAN_POINT('',(0.,0.));
#7211 = VECTOR('',#7212,1.);
#7212 = DIRECTION('',(1.,0.));
#7213 = ( GEOMETRIC_REPRESENTATION_CONTEXT(2) 
PARAMETRIC_REPRESENTATION_CONTEXT() REPRESENTATION_CONTEXT('2D SPACE',''
  ) );
#7214 = ORIENTED_EDGE('',*,*,#1002,.F.);
#7215 = ADVANCED_FACE('',(#7216),#1046,.T.);
#7216 = FACE_BOUND('',#7217,.T.);
#7217 = EDGE_LOOP('',(#7218,#7241,#7242,#7243));
#7218 = ORIENTED_EDGE('',*,*,#7219,.F.);
#7219 = EDGE_CURVE('',#7172,#7220,#7222,.T.);
#7220 = VERTEX_POINT('',#7221);
#7221 = CARTESIAN_POINT('',(118.5,121.5,-14.));
#7222 = SURFACE_CURVE('',#7223,(#7227,#7234),.PCURVE_S1.);
#7223 = LINE('',#7224,#7225);
#7224 = CARTESIAN_POINT('',(101.,121.5,-14.));
#7225 = VECTOR('',#7226,1.);
#7226 = DIRECTION('',(1.,0.,-0.));
#7227 = PCURVE('',#1046,#7228);
#7228 = DEFINITIONAL_REPRESENTATION('',(#7229),#7233);
#7229 = LINE('',#7230,#7231);
#7230 = CARTESIAN_POINT('',(0.,0.));
#7231 = VECTOR('',#7232,1.);
#7232 = DIRECTION('',(0.,1.));
#7233 = ( GEOMETRIC_REPRESENTATION_CONTEXT(2) 
PARAMETRIC_REPRESENTATION_CONTEXT() REPRESENTATION_CONTEXT('2D SPACE',''
  ) );
#7234 = PCURVE('',#4193,#7235);
#7235 = DEFINITIONAL_REPRESENTATION('',(#7236),#7240);
#7236 = LINE('',#7237,#7238);
#7237 = CARTESIAN_POINT('',(22.5,-1.5));
#7238 = VECTOR('',#7239,1.);
#7239 = DIRECTION('',(1.,0.));
#7240 = ( GEOMETRIC_REPRESENTATION_CONTEXT(2) 
PARAMETRIC_REPRESENTATION_CONTEXT() REPRESENTATION_CONTEXT('2D SPACE',''
  ) );
#7241 = ORIENTED_EDGE('',*,*,#7194,.T.);
#7242 = ORIENTED_EDGE('',*,*,#1030,.T.);
#7243 = ORIENTED_EDGE('',*,*,#7244,.T.);
#7244 = EDGE_CURVE('',#1031,#7220,#7245,.T.);
#7245 = SURFACE_CURVE('',#7246,(#7250,#7256),.PCURVE_S1.);
#7246 = LINE('',#7247,#7248);
#7247 = CARTESIAN_POINT('',(118.5,121.5,-14.));
#7248 = VECTOR('',#7249,1.);
#7249 = DIRECTION('',(-0.,0.,-1.));
#7250 = PCURVE('',#1046,#7251);
#7251 = DEFINITIONAL_REPRESENTATION('',(#7252),#7255);
#7252 = B_SPLINE_CURVE_WITH_KNOTS('',1,(#7253,#7254),.UNSPECIFIED.,.F.,
  .F.,(2,2),(-8.,0.),.PIECEWISE_BEZIER_KNOTS.);
#7253 = CARTESIAN_POINT('',(8.,17.5));
#7254 = CARTESIAN_POINT('',(0.,17.5));
#7255 = ( GEOMETRIC_REPRESENTATION_CONTEXT(2) 
PARAMETRIC_REPRESENTATION_CONTEXT() REPRESENTATION_CONTEXT('2D SPACE',''
  ) );
#7256 = PCURVE('',#1074,#7257);
#7257 = DEFINITIONAL_REPRESENTATION('',(#7258),#7261);
#7258 = B_SPLINE_CURVE_WITH_KNOTS('',1,(#7259,#7260),.UNSPECIFIED.,.F.,
  .F.,(2,2),(-8.,0.),.PIECEWISE_BEZIER_KNOTS.);
#7259 = CARTESIAN_POINT('',(8.,-16.5));
#7260 = CARTESIAN_POINT('',(0.,-16.5));
#7261 = ( GEOMETRIC_REPRESENTATION_CONTEXT(2) 
PARAMETRIC_REPRESENTATION_CONTEXT() REPRESENTATION_CONTEXT('2D SPACE',''
  ) );
#7262 = ADVANCED_FACE('',(#7263),#1074,.F.);
#7263 = FACE_BOUND('',#7264,.F.);
#7264 = EDGE_LOOP('',(#7265,#7266,#7267,#7290));
#7265 = ORIENTED_EDGE('',*,*,#1058,.F.);
#7266 = ORIENTED_EDGE('',*,*,#7244,.T.);
#7267 = ORIENTED_EDGE('',*,*,#7268,.T.);
#7268 = EDGE_CURVE('',#7220,#7269,#7271,.T.);
#7269 = VERTEX_POINT('',#7270);
#7270 = CARTESIAN_POINT('',(118.5,150.5,-14.));
#7271 = SURFACE_CURVE('',#7272,(#7276,#7283),.PCURVE_S1.);
#7272 = LINE('',#7273,#7274);
#7273 = CARTESIAN_POINT('',(118.5,105.,-14.));
#7274 = VECTOR('',#7275,1.);
#7275 = DIRECTION('',(-0.,1.,0.));
#7276 = PCURVE('',#1074,#7277);
#7277 = DEFINITIONAL_REPRESENTATION('',(#7278),#7282);
#7278 = LINE('',#7279,#7280);
#7279 = CARTESIAN_POINT('',(0.,0.));
#7280 = VECTOR('',#7281,1.);
#7281 = DIRECTION('',(0.,-1.));
#7282 = ( GEOMETRIC_REPRESENTATION_CONTEXT(2) 
PARAMETRIC_REPRESENTATION_CONTEXT() REPRESENTATION_CONTEXT('2D SPACE',''
  ) );
#7283 = PCURVE('',#4193,#7284);
#7284 = DEFINITIONAL_REPRESENTATION('',(#7285),#7289);
#7285 = LINE('',#7286,#7287);
#7286 = CARTESIAN_POINT('',(40.,-18.));
#7287 = VECTOR('',#7288,1.);
#7288 = DIRECTION('',(0.,1.));
#7289 = ( GEOMETRIC_REPRESENTATION_CONTEXT(2) 
PARAMETRIC_REPRESENTATION_CONTEXT() REPRESENTATION_CONTEXT('2D SPACE',''
  ) );
#7290 = ORIENTED_EDGE('',*,*,#7291,.F.);
#7291 = EDGE_CURVE('',#1059,#7269,#7292,.T.);
#7292 = SURFACE_CURVE('',#7293,(#7297,#7303),.PCURVE_S1.);
#7293 = LINE('',#7294,#7295);
#7294 = CARTESIAN_POINT('',(118.5,150.5,-14.));
#7295 = VECTOR('',#7296,1.);
#7296 = DIRECTION('',(-0.,0.,-1.));
#7297 = PCURVE('',#1074,#7298);
#7298 = DEFINITIONAL_REPRESENTATION('',(#7299),#7302);
#7299 = B_SPLINE_CURVE_WITH_KNOTS('',1,(#7300,#7301),.UNSPECIFIED.,.F.,
  .F.,(2,2),(-8.,0.),.PIECEWISE_BEZIER_KNOTS.);
#7300 = CARTESIAN_POINT('',(8.,-45.5));
#7301 = CARTESIAN_POINT('',(0.,-45.5));
#7302 = ( GEOMETRIC_REPRESENTATION_CONTEXT(2) 
PARAMETRIC_REPRESENTATION_CONTEXT() REPRESENTATION_CONTEXT('2D SPACE',''
  ) );
#7303 = PCURVE('',#1102,#7304);
#7304 = DEFINITIONAL_REPRESENTATION('',(#7305),#7308);
#7305 = B_SPLINE_CURVE_WITH_KNOTS('',1,(#7306,#7307),.UNSPECIFIED.,.F.,
  .F.,(2,2),(-8.,0.),.PIECEWISE_BEZIER_KNOTS.);
#7306 = CARTESIAN_POINT('',(8.,53.5));
#7307 = CARTESIAN_POINT('',(0.,53.5));
#7308 = ( GEOMETRIC_REPRESENTATION_CONTEXT(2) 
PARAMETRIC_REPRESENTATION_CONTEXT() REPRESENTATION_CONTEXT('2D SPACE',''
  ) );
#7309 = ADVANCED_FACE('',(#7310),#1405,.T.);
#7310 = FACE_BOUND('',#7311,.T.);
#7311 = EDGE_LOOP('',(#7312,#7313,#7314,#7335));
#7312 = ORIENTED_EDGE('',*,*,#3734,.F.);
#7313 = ORIENTED_EDGE('',*,*,#3783,.T.);
#7314 = ORIENTED_EDGE('',*,*,#7315,.T.);
#7315 = EDGE_CURVE('',#3784,#1362,#7316,.T.);
#7316 = SURFACE_CURVE('',#7317,(#7321,#7328),.PCURVE_S1.);
#7317 = LINE('',#7318,#7319);
#7318 = CARTESIAN_POINT('',(21.,153.5,-14.));
#7319 = VECTOR('',#7320,1.);
#7320 = DIRECTION('',(0.,0.,1.));
#7321 = PCURVE('',#1405,#7322);
#7322 = DEFINITIONAL_REPRESENTATION('',(#7323),#7327);
#7323 = LINE('',#7324,#7325);
#7324 = CARTESIAN_POINT('',(0.,-3.));
#7325 = VECTOR('',#7326,1.);
#7326 = DIRECTION('',(1.,0.));
#7327 = ( GEOMETRIC_REPRESENTATION_CONTEXT(2) 
PARAMETRIC_REPRESENTATION_CONTEXT() REPRESENTATION_CONTEXT('2D SPACE',''
  ) );
#7328 = PCURVE('',#1377,#7329);
#7329 = DEFINITIONAL_REPRESENTATION('',(#7330),#7334);
#7330 = LINE('',#7331,#7332);
#7331 = CARTESIAN_POINT('',(0.,21.));
#7332 = VECTOR('',#7333,1.);
#7333 = DIRECTION('',(1.,0.));
#7334 = ( GEOMETRIC_REPRESENTATION_CONTEXT(2) 
PARAMETRIC_REPRESENTATION_CONTEXT() REPRESENTATION_CONTEXT('2D SPACE',''
  ) );
#7335 = ORIENTED_EDGE('',*,*,#1389,.F.);
#7336 = ADVANCED_FACE('',(#7337),#1102,.F.);
#7337 = FACE_BOUND('',#7338,.F.);
#7338 = EDGE_LOOP('',(#7339,#7362,#7381,#7382));
#7339 = ORIENTED_EDGE('',*,*,#7340,.F.);
#7340 = EDGE_CURVE('',#7341,#7269,#7343,.T.);
#7341 = VERTEX_POINT('',#7342);
#7342 = CARTESIAN_POINT('',(81.5,150.5,-14.));
#7343 = SURFACE_CURVE('',#7344,(#7348,#7355),.PCURVE_S1.);
#7344 = LINE('',#7345,#7346);
#7345 = CARTESIAN_POINT('',(65.,150.5,-14.));
#7346 = VECTOR('',#7347,1.);
#7347 = DIRECTION('',(1.,0.,-0.));
#7348 = PCURVE('',#1102,#7349);
#7349 = DEFINITIONAL_REPRESENTATION('',(#7350),#7354);
#7350 = LINE('',#7351,#7352);
#7351 = CARTESIAN_POINT('',(0.,0.));
#7352 = VECTOR('',#7353,1.);
#7353 = DIRECTION('',(0.,1.));
#7354 = ( GEOMETRIC_REPRESENTATION_CONTEXT(2) 
PARAMETRIC_REPRESENTATION_CONTEXT() REPRESENTATION_CONTEXT('2D SPACE',''
  ) );
#7355 = PCURVE('',#4193,#7356);
#7356 = DEFINITIONAL_REPRESENTATION('',(#7357),#7361);
#7357 = LINE('',#7358,#7359);
#7358 = CARTESIAN_POINT('',(-13.5,27.5));
#7359 = VECTOR('',#7360,1.);
#7360 = DIRECTION('',(1.,0.));
#7361 = ( GEOMETRIC_REPRESENTATION_CONTEXT(2) 
PARAMETRIC_REPRESENTATION_CONTEXT() REPRESENTATION_CONTEXT('2D SPACE',''
  ) );
#7362 = ORIENTED_EDGE('',*,*,#7363,.F.);
#7363 = EDGE_CURVE('',#1087,#7341,#7364,.T.);
#7364 = SURFACE_CURVE('',#7365,(#7369,#7375),.PCURVE_S1.);
#7365 = LINE('',#7366,#7367);
#7366 = CARTESIAN_POINT('',(81.5,150.5,-14.));
#7367 = VECTOR('',#7368,1.);
#7368 = DIRECTION('',(-0.,0.,-1.));
#7369 = PCURVE('',#1102,#7370);
#7370 = DEFINITIONAL_REPRESENTATION('',(#7371),#7374);
#7371 = B_SPLINE_CURVE_WITH_KNOTS('',1,(#7372,#7373),.UNSPECIFIED.,.F.,
  .F.,(2,2),(-8.,0.),.PIECEWISE_BEZIER_KNOTS.);
#7372 = CARTESIAN_POINT('',(8.,16.5));
#7373 = CARTESIAN_POINT('',(0.,16.5));
#7374 = ( GEOMETRIC_REPRESENTATION_CONTEXT(2) 
PARAMETRIC_REPRESENTATION_CONTEXT() REPRESENTATION_CONTEXT('2D SPACE',''
  ) );
#7375 = PCURVE('',#1130,#7376);
#7376 = DEFINITIONAL_REPRESENTATION('',(#7377),#7380);
#7377 = B_SPLINE_CURVE_WITH_KNOTS('',1,(#7378,#7379),.UNSPECIFIED.,.F.,
  .F.,(2,2),(-8.,0.),.PIECEWISE_BEZIER_KNOTS.);
#7378 = CARTESIAN_POINT('',(8.,-27.5));
#7379 = CARTESIAN_POINT('',(0.,-27.5));
#7380 = ( GEOMETRIC_REPRESENTATION_CONTEXT(2) 
PARAMETRIC_REPRESENTATION_CONTEXT() REPRESENTATION_CONTEXT('2D SPACE',''
  ) );
#7381 = ORIENTED_EDGE('',*,*,#1086,.T.);
#7382 = ORIENTED_EDGE('',*,*,#7291,.T.);
#7383 = ADVANCED_FACE('',(#7384),#1377,.T.);
#7384 = FACE_BOUND('',#7385,.T.);
#7385 = EDGE_LOOP('',(#7386,#7387,#7406,#7407));
#7386 = ORIENTED_EDGE('',*,*,#3806,.F.);
#7387 = ORIENTED_EDGE('',*,*,#7388,.F.);
#7388 = EDGE_CURVE('',#1334,#3807,#7389,.T.);
#7389 = SURFACE_CURVE('',#7390,(#7394,#7400),.PCURVE_S1.);
#7390 = LINE('',#7391,#7392);
#7391 = CARTESIAN_POINT('',(9.5,153.5,-14.));
#7392 = VECTOR('',#7393,1.);
#7393 = DIRECTION('',(-0.,0.,-1.));
#7394 = PCURVE('',#1377,#7395);
#7395 = DEFINITIONAL_REPRESENTATION('',(#7396),#7399);
#7396 = B_SPLINE_CURVE_WITH_KNOTS('',1,(#7397,#7398),.UNSPECIFIED.,.F.,
  .F.,(2,2),(-8.,0.),.PIECEWISE_BEZIER_KNOTS.);
#7397 = CARTESIAN_POINT('',(8.,9.5));
#7398 = CARTESIAN_POINT('',(0.,9.5));
#7399 = ( GEOMETRIC_REPRESENTATION_CONTEXT(2) 
PARAMETRIC_REPRESENTATION_CONTEXT() REPRESENTATION_CONTEXT('2D SPACE',''
  ) );
#7400 = PCURVE('',#1349,#7401);
#7401 = DEFINITIONAL_REPRESENTATION('',(#7402),#7405);
#7402 = B_SPLINE_CURVE_WITH_KNOTS('',1,(#7403,#7404),.UNSPECIFIED.,.F.,
  .F.,(2,2),(-8.,0.),.PIECEWISE_BEZIER_KNOTS.);
#7403 = CARTESIAN_POINT('',(8.,-2.5));
#7404 = CARTESIAN_POINT('',(0.,-2.5));
#7405 = ( GEOMETRIC_REPRESENTATION_CONTEXT(2) 
PARAMETRIC_REPRESENTATION_CONTEXT() REPRESENTATION_CONTEXT('2D SPACE',''
  ) );
#7406 = ORIENTED_EDGE('',*,*,#1361,.T.);
#7407 = ORIENTED_EDGE('',*,*,#7315,.F.);
#7408 = ADVANCED_FACE('',(#7409),#1130,.T.);
#7409 = FACE_BOUND('',#7410,.T.);
#7410 = EDGE_LOOP('',(#7411,#7412,#7435,#7456));
#7411 = ORIENTED_EDGE('',*,*,#1114,.F.);
#7412 = ORIENTED_EDGE('',*,*,#7413,.F.);
#7413 = EDGE_CURVE('',#7414,#1115,#7416,.T.);
#7414 = VERTEX_POINT('',#7415);
#7415 = CARTESIAN_POINT('',(81.5,123.,-14.));
#7416 = SURFACE_CURVE('',#7417,(#7421,#7428),.PCURVE_S1.);
#7417 = LINE('',#7418,#7419);
#7418 = CARTESIAN_POINT('',(81.5,123.,-14.));
#7419 = VECTOR('',#7420,1.);
#7420 = DIRECTION('',(0.,0.,1.));
#7421 = PCURVE('',#1130,#7422);
#7422 = DEFINITIONAL_REPRESENTATION('',(#7423),#7427);
#7423 = LINE('',#7424,#7425);
#7424 = CARTESIAN_POINT('',(0.,0.));
#7425 = VECTOR('',#7426,1.);
#7426 = DIRECTION('',(1.,0.));
#7427 = ( GEOMETRIC_REPRESENTATION_CONTEXT(2) 
PARAMETRIC_REPRESENTATION_CONTEXT() REPRESENTATION_CONTEXT('2D SPACE',''
  ) );
#7428 = PCURVE('',#1158,#7429);
#7429 = DEFINITIONAL_REPRESENTATION('',(#7430),#7434);
#7430 = LINE('',#7431,#7432);
#7431 = CARTESIAN_POINT('',(0.,3.));
#7432 = VECTOR('',#7433,1.);
#7433 = DIRECTION('',(1.,0.));
#7434 = ( GEOMETRIC_REPRESENTATION_CONTEXT(2) 
PARAMETRIC_REPRESENTATION_CONTEXT() REPRESENTATION_CONTEXT('2D SPACE',''
  ) );
#7435 = ORIENTED_EDGE('',*,*,#7436,.T.);
#7436 = EDGE_CURVE('',#7414,#7341,#7437,.T.);
#7437 = SURFACE_CURVE('',#7438,(#7442,#7449),.PCURVE_S1.);
#7438 = LINE('',#7439,#7440);
#7439 = CARTESIAN_POINT('',(81.5,123.,-14.));
#7440 = VECTOR('',#7441,1.);
#7441 = DIRECTION('',(-0.,1.,0.));
#7442 = PCURVE('',#1130,#7443);
#7443 = DEFINITIONAL_REPRESENTATION('',(#7444),#7448);
#7444 = LINE('',#7445,#7446);
#7445 = CARTESIAN_POINT('',(0.,0.));
#7446 = VECTOR('',#7447,1.);
#7447 = DIRECTION('',(0.,-1.));
#7448 = ( GEOMETRIC_REPRESENTATION_CONTEXT(2) 
PARAMETRIC_REPRESENTATION_CONTEXT() REPRESENTATION_CONTEXT('2D SPACE',''
  ) );
#7449 = PCURVE('',#4193,#7450);
#7450 = DEFINITIONAL_REPRESENTATION('',(#7451),#7455);
#7451 = LINE('',#7452,#7453);
#7452 = CARTESIAN_POINT('',(3.,0.));
#7453 = VECTOR('',#7454,1.);
#7454 = DIRECTION('',(0.,1.));
#7455 = ( GEOMETRIC_REPRESENTATION_CONTEXT(2) 
PARAMETRIC_REPRESENTATION_CONTEXT() REPRESENTATION_CONTEXT('2D SPACE',''
  ) );
#7456 = ORIENTED_EDGE('',*,*,#7363,.F.);
#7457 = ADVANCED_FACE('',(#7458),#1349,.T.);
#7458 = FACE_BOUND('',#7459,.T.);
#7459 = EDGE_LOOP('',(#7460,#7461,#7462,#7463));
#7460 = ORIENTED_EDGE('',*,*,#1333,.F.);
#7461 = ORIENTED_EDGE('',*,*,#7388,.T.);
#7462 = ORIENTED_EDGE('',*,*,#3829,.T.);
#7463 = ORIENTED_EDGE('',*,*,#4334,.T.);
#7464 = ADVANCED_FACE('',(#7465),#1158,.F.);
#7465 = FACE_BOUND('',#7466,.F.);
#7466 = EDGE_LOOP('',(#7467,#7490,#7511,#7512));
#7467 = ORIENTED_EDGE('',*,*,#7468,.F.);
#7468 = EDGE_CURVE('',#7469,#7414,#7471,.T.);
#7469 = VERTEX_POINT('',#7470);
#7470 = CARTESIAN_POINT('',(78.5,123.,-14.));
#7471 = SURFACE_CURVE('',#7472,(#7476,#7483),.PCURVE_S1.);
#7472 = LINE('',#7473,#7474);
#7473 = CARTESIAN_POINT('',(78.5,123.,-14.));
#7474 = VECTOR('',#7475,1.);
#7475 = DIRECTION('',(1.,0.,-0.));
#7476 = PCURVE('',#1158,#7477);
#7477 = DEFINITIONAL_REPRESENTATION('',(#7478),#7482);
#7478 = LINE('',#7479,#7480);
#7479 = CARTESIAN_POINT('',(0.,0.));
#7480 = VECTOR('',#7481,1.);
#7481 = DIRECTION('',(0.,1.));
#7482 = ( GEOMETRIC_REPRESENTATION_CONTEXT(2) 
PARAMETRIC_REPRESENTATION_CONTEXT() REPRESENTATION_CONTEXT('2D SPACE',''
  ) );
#7483 = PCURVE('',#4193,#7484);
#7484 = DEFINITIONAL_REPRESENTATION('',(#7485),#7489);
#7485 = LINE('',#7486,#7487);
#7486 = CARTESIAN_POINT('',(0.,0.));
#7487 = VECTOR('',#7488,1.);
#7488 = DIRECTION('',(1.,0.));
#7489 = ( GEOMETRIC_REPRESENTATION_CONTEXT(2) 
PARAMETRIC_REPRESENTATION_CONTEXT() REPRESENTATION_CONTEXT('2D SPACE',''
  ) );
#7490 = ORIENTED_EDGE('',*,*,#7491,.T.);
#7491 = EDGE_CURVE('',#7469,#1143,#7492,.T.);
#7492 = SURFACE_CURVE('',#7493,(#7497,#7504),.PCURVE_S1.);
#7493 = LINE('',#7494,#7495);
#7494 = CARTESIAN_POINT('',(78.5,123.,-14.));
#7495 = VECTOR('',#7496,1.);
#7496 = DIRECTION('',(0.,0.,1.));
#7497 = PCURVE('',#1158,#7498);
#7498 = DEFINITIONAL_REPRESENTATION('',(#7499),#7503);
#7499 = LINE('',#7500,#7501);
#7500 = CARTESIAN_POINT('',(0.,0.));
#7501 = VECTOR('',#7502,1.);
#7502 = DIRECTION('',(1.,0.));
#7503 = ( GEOMETRIC_REPRESENTATION_CONTEXT(2) 
PARAMETRIC_REPRESENTATION_CONTEXT() REPRESENTATION_CONTEXT('2D SPACE',''
  ) );
#7504 = PCURVE('',#1186,#7505);
#7505 = DEFINITIONAL_REPRESENTATION('',(#7506),#7510);
#7506 = LINE('',#7507,#7508);
#7507 = CARTESIAN_POINT('',(0.,0.));
#7508 = VECTOR('',#7509,1.);
#7509 = DIRECTION('',(1.,0.));
#7510 = ( GEOMETRIC_REPRESENTATION_CONTEXT(2) 
PARAMETRIC_REPRESENTATION_CONTEXT() REPRESENTATION_CONTEXT('2D SPACE',''
  ) );
#7511 = ORIENTED_EDGE('',*,*,#1142,.T.);
#7512 = ORIENTED_EDGE('',*,*,#7413,.F.);
#7513 = ADVANCED_FACE('',(#7514),#1186,.F.);
#7514 = FACE_BOUND('',#7515,.F.);
#7515 = EDGE_LOOP('',(#7516,#7517,#7518,#7541));
#7516 = ORIENTED_EDGE('',*,*,#1170,.F.);
#7517 = ORIENTED_EDGE('',*,*,#7491,.F.);
#7518 = ORIENTED_EDGE('',*,*,#7519,.T.);
#7519 = EDGE_CURVE('',#7469,#7520,#7522,.T.);
#7520 = VERTEX_POINT('',#7521);
#7521 = CARTESIAN_POINT('',(78.5,150.5,-14.));
#7522 = SURFACE_CURVE('',#7523,(#7527,#7534),.PCURVE_S1.);
#7523 = LINE('',#7524,#7525);
#7524 = CARTESIAN_POINT('',(78.5,123.,-14.));
#7525 = VECTOR('',#7526,1.);
#7526 = DIRECTION('',(-0.,1.,0.));
#7527 = PCURVE('',#1186,#7528);
#7528 = DEFINITIONAL_REPRESENTATION('',(#7529),#7533);
#7529 = LINE('',#7530,#7531);
#7530 = CARTESIAN_POINT('',(0.,0.));
#7531 = VECTOR('',#7532,1.);
#7532 = DIRECTION('',(0.,-1.));
#7533 = ( GEOMETRIC_REPRESENTATION_CONTEXT(2) 
PARAMETRIC_REPRESENTATION_CONTEXT() REPRESENTATION_CONTEXT('2D SPACE',''
  ) );
#7534 = PCURVE('',#4193,#7535);
#7535 = DEFINITIONAL_REPRESENTATION('',(#7536),#7540);
#7536 = LINE('',#7537,#7538);
#7537 = CARTESIAN_POINT('',(0.,0.));
#7538 = VECTOR('',#7539,1.);
#7539 = DIRECTION('',(0.,1.));
#7540 = ( GEOMETRIC_REPRESENTATION_CONTEXT(2) 
PARAMETRIC_REPRESENTATION_CONTEXT() REPRESENTATION_CONTEXT('2D SPACE',''
  ) );
#7541 = ORIENTED_EDGE('',*,*,#7542,.F.);
#7542 = EDGE_CURVE('',#1171,#7520,#7543,.T.);
#7543 = SURFACE_CURVE('',#7544,(#7548,#7554),.PCURVE_S1.);
#7544 = LINE('',#7545,#7546);
#7545 = CARTESIAN_POINT('',(78.5,150.5,-14.));
#7546 = VECTOR('',#7547,1.);
#7547 = DIRECTION('',(-0.,0.,-1.));
#7548 = PCURVE('',#1186,#7549);
#7549 = DEFINITIONAL_REPRESENTATION('',(#7550),#7553);
#7550 = B_SPLINE_CURVE_WITH_KNOTS('',1,(#7551,#7552),.UNSPECIFIED.,.F.,
  .F.,(2,2),(-8.,0.),.PIECEWISE_BEZIER_KNOTS.);
#7551 = CARTESIAN_POINT('',(8.,-27.5));
#7552 = CARTESIAN_POINT('',(0.,-27.5));
#7553 = ( GEOMETRIC_REPRESENTATION_CONTEXT(2) 
PARAMETRIC_REPRESENTATION_CONTEXT() REPRESENTATION_CONTEXT('2D SPACE',''
  ) );
#7554 = PCURVE('',#1214,#7555);
#7555 = DEFINITIONAL_REPRESENTATION('',(#7556),#7559);
#7556 = B_SPLINE_CURVE_WITH_KNOTS('',1,(#7557,#7558),.UNSPECIFIED.,.F.,
  .F.,(2,2),(-8.,0.),.PIECEWISE_BEZIER_KNOTS.);
#7557 = CARTESIAN_POINT('',(8.,13.5));
#7558 = CARTESIAN_POINT('',(0.,13.5));
#7559 = ( GEOMETRIC_REPRESENTATION_CONTEXT(2) 
PARAMETRIC_REPRESENTATION_CONTEXT() REPRESENTATION_CONTEXT('2D SPACE',''
  ) );
#7560 = ADVANCED_FACE('',(#7561),#1298,.F.);
#7561 = FACE_BOUND('',#7562,.F.);
#7562 = EDGE_LOOP('',(#7563,#7564,#7585,#7606));
#7563 = ORIENTED_EDGE('',*,*,#1282,.F.);
#7564 = ORIENTED_EDGE('',*,*,#7565,.T.);
#7565 = EDGE_CURVE('',#1255,#7566,#7568,.T.);
#7566 = VERTEX_POINT('',#7567);
#7567 = CARTESIAN_POINT('',(78.5,153.5,-14.));
#7568 = SURFACE_CURVE('',#7569,(#7573,#7579),.PCURVE_S1.);
#7569 = LINE('',#7570,#7571);
#7570 = CARTESIAN_POINT('',(78.5,153.5,-14.));
#7571 = VECTOR('',#7572,1.);
#7572 = DIRECTION('',(-0.,0.,-1.));
#7573 = PCURVE('',#1298,#7574);
#7574 = DEFINITIONAL_REPRESENTATION('',(#7575),#7578);
#7575 = B_SPLINE_CURVE_WITH_KNOTS('',1,(#7576,#7577),.UNSPECIFIED.,.F.,
  .F.,(2,2),(-8.,0.),.PIECEWISE_BEZIER_KNOTS.);
#7576 = CARTESIAN_POINT('',(8.,-30.5));
#7577 = CARTESIAN_POINT('',(0.,-30.5));
#7578 = ( GEOMETRIC_REPRESENTATION_CONTEXT(2) 
PARAMETRIC_REPRESENTATION_CONTEXT() REPRESENTATION_CONTEXT('2D SPACE',''
  ) );
#7579 = PCURVE('',#1270,#7580);
#7580 = DEFINITIONAL_REPRESENTATION('',(#7581),#7584);
#7581 = B_SPLINE_CURVE_WITH_KNOTS('',1,(#7582,#7583),.UNSPECIFIED.,.F.,
  .F.,(2,2),(-8.,0.),.PIECEWISE_BEZIER_KNOTS.);
#7582 = CARTESIAN_POINT('',(8.,13.5));
#7583 = CARTESIAN_POINT('',(0.,13.5));
#7584 = ( GEOMETRIC_REPRESENTATION_CONTEXT(2) 
PARAMETRIC_REPRESENTATION_CONTEXT() REPRESENTATION_CONTEXT('2D SPACE',''
  ) );
#7585 = ORIENTED_EDGE('',*,*,#7586,.T.);
#7586 = EDGE_CURVE('',#7566,#4290,#7587,.T.);
#7587 = SURFACE_CURVE('',#7588,(#7592,#7599),.PCURVE_S1.);
#7588 = LINE('',#7589,#7590);
#7589 = CARTESIAN_POINT('',(78.5,123.,-14.));
#7590 = VECTOR('',#7591,1.);
#7591 = DIRECTION('',(-0.,1.,0.));
#7592 = PCURVE('',#1298,#7593);
#7593 = DEFINITIONAL_REPRESENTATION('',(#7594),#7598);
#7594 = LINE('',#7595,#7596);
#7595 = CARTESIAN_POINT('',(0.,0.));
#7596 = VECTOR('',#7597,1.);
#7597 = DIRECTION('',(0.,-1.));
#7598 = ( GEOMETRIC_REPRESENTATION_CONTEXT(2) 
PARAMETRIC_REPRESENTATION_CONTEXT() REPRESENTATION_CONTEXT('2D SPACE',''
  ) );
#7599 = PCURVE('',#4193,#7600);
#7600 = DEFINITIONAL_REPRESENTATION('',(#7601),#7605);
#7601 = LINE('',#7602,#7603);
#7602 = CARTESIAN_POINT('',(0.,0.));
#7603 = VECTOR('',#7604,1.);
#7604 = DIRECTION('',(0.,1.));
#7605 = ( GEOMETRIC_REPRESENTATION_CONTEXT(2) 
PARAMETRIC_REPRESENTATION_CONTEXT() REPRESENTATION_CONTEXT('2D SPACE',''
  ) );
#7606 = ORIENTED_EDGE('',*,*,#4312,.T.);
#7607 = ADVANCED_FACE('',(#7608),#1214,.F.);
#7608 = FACE_BOUND('',#7609,.F.);
#7609 = EDGE_LOOP('',(#7610,#7633,#7654,#7655));
#7610 = ORIENTED_EDGE('',*,*,#7611,.F.);
#7611 = EDGE_CURVE('',#7612,#7520,#7614,.T.);
#7612 = VERTEX_POINT('',#7613);
#7613 = CARTESIAN_POINT('',(65.,150.5,-14.));
#7614 = SURFACE_CURVE('',#7615,(#7619,#7626),.PCURVE_S1.);
#7615 = LINE('',#7616,#7617);
#7616 = CARTESIAN_POINT('',(65.,150.5,-14.));
#7617 = VECTOR('',#7618,1.);
#7618 = DIRECTION('',(1.,0.,-0.));
#7619 = PCURVE('',#1214,#7620);
#7620 = DEFINITIONAL_REPRESENTATION('',(#7621),#7625);
#7621 = LINE('',#7622,#7623);
#7622 = CARTESIAN_POINT('',(0.,0.));
#7623 = VECTOR('',#7624,1.);
#7624 = DIRECTION('',(0.,1.));
#7625 = ( GEOMETRIC_REPRESENTATION_CONTEXT(2) 
PARAMETRIC_REPRESENTATION_CONTEXT() REPRESENTATION_CONTEXT('2D SPACE',''
  ) );
#7626 = PCURVE('',#4193,#7627);
#7627 = DEFINITIONAL_REPRESENTATION('',(#7628),#7632);
#7628 = LINE('',#7629,#7630);
#7629 = CARTESIAN_POINT('',(-13.5,27.5));
#7630 = VECTOR('',#7631,1.);
#7631 = DIRECTION('',(1.,0.));
#7632 = ( GEOMETRIC_REPRESENTATION_CONTEXT(2) 
PARAMETRIC_REPRESENTATION_CONTEXT() REPRESENTATION_CONTEXT('2D SPACE',''
  ) );
#7633 = ORIENTED_EDGE('',*,*,#7634,.T.);
#7634 = EDGE_CURVE('',#7612,#1199,#7635,.T.);
#7635 = SURFACE_CURVE('',#7636,(#7640,#7647),.PCURVE_S1.);
#7636 = LINE('',#7637,#7638);
#7637 = CARTESIAN_POINT('',(65.,150.5,-14.));
#7638 = VECTOR('',#7639,1.);
#7639 = DIRECTION('',(0.,0.,1.));
#7640 = PCURVE('',#1214,#7641);
#7641 = DEFINITIONAL_REPRESENTATION('',(#7642),#7646);
#7642 = LINE('',#7643,#7644);
#7643 = CARTESIAN_POINT('',(0.,0.));
#7644 = VECTOR('',#7645,1.);
#7645 = DIRECTION('',(1.,0.));
#7646 = ( GEOMETRIC_REPRESENTATION_CONTEXT(2) 
PARAMETRIC_REPRESENTATION_CONTEXT() REPRESENTATION_CONTEXT('2D SPACE',''
  ) );
#7647 = PCURVE('',#1242,#7648);
#7648 = DEFINITIONAL_REPRESENTATION('',(#7649),#7653);
#7649 = LINE('',#7650,#7651);
#7650 = CARTESIAN_POINT('',(0.,0.));
#7651 = VECTOR('',#7652,1.);
#7652 = DIRECTION('',(1.,0.));
#7653 = ( GEOMETRIC_REPRESENTATION_CONTEXT(2) 
PARAMETRIC_REPRESENTATION_CONTEXT() REPRESENTATION_CONTEXT('2D SPACE',''
  ) );
#7654 = ORIENTED_EDGE('',*,*,#1198,.T.);
#7655 = ORIENTED_EDGE('',*,*,#7542,.T.);
#7656 = ADVANCED_FACE('',(#7657),#1270,.T.);
#7657 = FACE_BOUND('',#7658,.T.);
#7658 = EDGE_LOOP('',(#7659,#7682,#7703,#7704));
#7659 = ORIENTED_EDGE('',*,*,#7660,.F.);
#7660 = EDGE_CURVE('',#7661,#7566,#7663,.T.);
#7661 = VERTEX_POINT('',#7662);
#7662 = CARTESIAN_POINT('',(65.,153.5,-14.));
#7663 = SURFACE_CURVE('',#7664,(#7668,#7675),.PCURVE_S1.);
#7664 = LINE('',#7665,#7666);
#7665 = CARTESIAN_POINT('',(65.,153.5,-14.));
#7666 = VECTOR('',#7667,1.);
#7667 = DIRECTION('',(1.,0.,-0.));
#7668 = PCURVE('',#1270,#7669);
#7669 = DEFINITIONAL_REPRESENTATION('',(#7670),#7674);
#7670 = LINE('',#7671,#7672);
#7671 = CARTESIAN_POINT('',(0.,0.));
#7672 = VECTOR('',#7673,1.);
#7673 = DIRECTION('',(0.,1.));
#7674 = ( GEOMETRIC_REPRESENTATION_CONTEXT(2) 
PARAMETRIC_REPRESENTATION_CONTEXT() REPRESENTATION_CONTEXT('2D SPACE',''
  ) );
#7675 = PCURVE('',#4193,#7676);
#7676 = DEFINITIONAL_REPRESENTATION('',(#7677),#7681);
#7677 = LINE('',#7678,#7679);
#7678 = CARTESIAN_POINT('',(-13.5,30.5));
#7679 = VECTOR('',#7680,1.);
#7680 = DIRECTION('',(1.,0.));
#7681 = ( GEOMETRIC_REPRESENTATION_CONTEXT(2) 
PARAMETRIC_REPRESENTATION_CONTEXT() REPRESENTATION_CONTEXT('2D SPACE',''
  ) );
#7682 = ORIENTED_EDGE('',*,*,#7683,.T.);
#7683 = EDGE_CURVE('',#7661,#1227,#7684,.T.);
#7684 = SURFACE_CURVE('',#7685,(#7689,#7696),.PCURVE_S1.);
#7685 = LINE('',#7686,#7687);
#7686 = CARTESIAN_POINT('',(65.,153.5,-14.));
#7687 = VECTOR('',#7688,1.);
#7688 = DIRECTION('',(0.,0.,1.));
#7689 = PCURVE('',#1270,#7690);
#7690 = DEFINITIONAL_REPRESENTATION('',(#7691),#7695);
#7691 = LINE('',#7692,#7693);
#7692 = CARTESIAN_POINT('',(0.,0.));
#7693 = VECTOR('',#7694,1.);
#7694 = DIRECTION('',(1.,0.));
#7695 = ( GEOMETRIC_REPRESENTATION_CONTEXT(2) 
PARAMETRIC_REPRESENTATION_CONTEXT() REPRESENTATION_CONTEXT('2D SPACE',''
  ) );
#7696 = PCURVE('',#1242,#7697);
#7697 = DEFINITIONAL_REPRESENTATION('',(#7698),#7702);
#7698 = LINE('',#7699,#7700);
#7699 = CARTESIAN_POINT('',(0.,-3.));
#7700 = VECTOR('',#7701,1.);
#7701 = DIRECTION('',(1.,0.));
#7702 = ( GEOMETRIC_REPRESENTATION_CONTEXT(2) 
PARAMETRIC_REPRESENTATION_CONTEXT() REPRESENTATION_CONTEXT('2D SPACE',''
  ) );
#7703 = ORIENTED_EDGE('',*,*,#1254,.T.);
#7704 = ORIENTED_EDGE('',*,*,#7565,.T.);
#7705 = ADVANCED_FACE('',(#7706),#1242,.F.);
#7706 = FACE_BOUND('',#7707,.F.);
#7707 = EDGE_LOOP('',(#7708,#7709,#7730,#7731));
#7708 = ORIENTED_EDGE('',*,*,#7634,.F.);
#7709 = ORIENTED_EDGE('',*,*,#7710,.T.);
#7710 = EDGE_CURVE('',#7612,#7661,#7711,.T.);
#7711 = SURFACE_CURVE('',#7712,(#7716,#7723),.PCURVE_S1.);
#7712 = LINE('',#7713,#7714);
#7713 = CARTESIAN_POINT('',(65.,150.5,-14.));
#7714 = VECTOR('',#7715,1.);
#7715 = DIRECTION('',(-0.,1.,0.));
#7716 = PCURVE('',#1242,#7717);
#7717 = DEFINITIONAL_REPRESENTATION('',(#7718),#7722);
#7718 = LINE('',#7719,#7720);
#7719 = CARTESIAN_POINT('',(0.,0.));
#7720 = VECTOR('',#7721,1.);
#7721 = DIRECTION('',(0.,-1.));
#7722 = ( GEOMETRIC_REPRESENTATION_CONTEXT(2) 
PARAMETRIC_REPRESENTATION_CONTEXT() REPRESENTATION_CONTEXT('2D SPACE',''
  ) );
#7723 = PCURVE('',#4193,#7724);
#7724 = DEFINITIONAL_REPRESENTATION('',(#7725),#7729);
#7725 = LINE('',#7726,#7727);
#7726 = CARTESIAN_POINT('',(-13.5,27.5));
#7727 = VECTOR('',#7728,1.);
#7728 = DIRECTION('',(0.,1.));
#7729 = ( GEOMETRIC_REPRESENTATION_CONTEXT(2) 
PARAMETRIC_REPRESENTATION_CONTEXT() REPRESENTATION_CONTEXT('2D SPACE',''
  ) );
#7730 = ORIENTED_EDGE('',*,*,#7683,.T.);
#7731 = ORIENTED_EDGE('',*,*,#1226,.F.);
#7732 = ADVANCED_FACE('',(#7733),#1978,.F.);
#7733 = FACE_BOUND('',#7734,.F.);
#7734 = EDGE_LOOP('',(#7735,#7756,#7757,#7758));
#7735 = ORIENTED_EDGE('',*,*,#7736,.T.);
#7736 = EDGE_CURVE('',#1962,#4953,#7737,.T.);
#7737 = SEAM_CURVE('',#7738,(#7742,#7749),.PCURVE_S1.);
#7738 = LINE('',#7739,#7740);
#7739 = CARTESIAN_POINT('',(7.25,16.,-14.));
#7740 = VECTOR('',#7741,1.);
#7741 = DIRECTION('',(0.,0.,1.));
#7742 = PCURVE('',#1978,#7743);
#7743 = DEFINITIONAL_REPRESENTATION('',(#7744),#7748);
#7744 = LINE('',#7745,#7746);
#7745 = CARTESIAN_POINT('',(6.28318530718,-0.));
#7746 = VECTOR('',#7747,1.);
#7747 = DIRECTION('',(0.,1.));
#7748 = ( GEOMETRIC_REPRESENTATION_CONTEXT(2) 
PARAMETRIC_REPRESENTATION_CONTEXT() REPRESENTATION_CONTEXT('2D SPACE',''
  ) );
#7749 = PCURVE('',#1978,#7750);
#7750 = DEFINITIONAL_REPRESENTATION('',(#7751),#7755);
#7751 = LINE('',#7752,#7753);
#7752 = CARTESIAN_POINT('',(0.,-0.));
#7753 = VECTOR('',#7754,1.);
#7754 = DIRECTION('',(0.,1.));
#7755 = ( GEOMETRIC_REPRESENTATION_CONTEXT(2) 
PARAMETRIC_REPRESENTATION_CONTEXT() REPRESENTATION_CONTEXT('2D SPACE',''
  ) );
#7756 = ORIENTED_EDGE('',*,*,#4952,.F.);
#7757 = ORIENTED_EDGE('',*,*,#7736,.F.);
#7758 = ORIENTED_EDGE('',*,*,#1961,.T.);
#7759 = ADVANCED_FACE('',(#7760),#2009,.F.);
#7760 = FACE_BOUND('',#7761,.F.);
#7761 = EDGE_LOOP('',(#7762,#7763,#7786,#7808));
#7762 = ORIENTED_EDGE('',*,*,#1992,.T.);
#7763 = ORIENTED_EDGE('',*,*,#7764,.T.);
#7764 = EDGE_CURVE('',#1993,#7765,#7767,.T.);
#7765 = VERTEX_POINT('',#7766);
#7766 = CARTESIAN_POINT('',(18.125398376672,41.99799987724,-2.48));
#7767 = SEAM_CURVE('',#7768,(#7772,#7779),.PCURVE_S1.);
#7768 = LINE('',#7769,#7770);
#7769 = CARTESIAN_POINT('',(18.125398376672,41.99799987724,-14.));
#7770 = VECTOR('',#7771,1.);
#7771 = DIRECTION('',(0.,0.,1.));
#7772 = PCURVE('',#2009,#7773);
#7773 = DEFINITIONAL_REPRESENTATION('',(#7774),#7778);
#7774 = LINE('',#7775,#7776);
#7775 = CARTESIAN_POINT('',(0.,-0.));
#7776 = VECTOR('',#7777,1.);
#7777 = DIRECTION('',(0.,1.));
#7778 = ( GEOMETRIC_REPRESENTATION_CONTEXT(2) 
PARAMETRIC_REPRESENTATION_CONTEXT() REPRESENTATION_CONTEXT('2D SPACE',''
  ) );
#7779 = PCURVE('',#2009,#7780);
#7780 = DEFINITIONAL_REPRESENTATION('',(#7781),#7785);
#7781 = LINE('',#7782,#7783);
#7782 = CARTESIAN_POINT('',(6.28318530718,-0.));
#7783 = VECTOR('',#7784,1.);
#7784 = DIRECTION('',(0.,1.));
#7785 = ( GEOMETRIC_REPRESENTATION_CONTEXT(2) 
PARAMETRIC_REPRESENTATION_CONTEXT() REPRESENTATION_CONTEXT('2D SPACE',''
  ) );
#7786 = ORIENTED_EDGE('',*,*,#7787,.F.);
#7787 = EDGE_CURVE('',#7765,#7765,#7788,.T.);
#7788 = SURFACE_CURVE('',#7789,(#7794,#7801),.PCURVE_S1.);
#7789 = CIRCLE('',#7790,2.25);
#7790 = AXIS2_PLACEMENT_3D('',#7791,#7792,#7793);
#7791 = CARTESIAN_POINT('',(15.875398376672,41.99799987724,-2.48));
#7792 = DIRECTION('',(0.,0.,1.));
#7793 = DIRECTION('',(1.,0.,-0.));
#7794 = PCURVE('',#2009,#7795);
#7795 = DEFINITIONAL_REPRESENTATION('',(#7796),#7800);
#7796 = LINE('',#7797,#7798);
#7797 = CARTESIAN_POINT('',(0.,11.52));
#7798 = VECTOR('',#7799,1.);
#7799 = DIRECTION('',(1.,0.));
#7800 = ( GEOMETRIC_REPRESENTATION_CONTEXT(2) 
PARAMETRIC_REPRESENTATION_CONTEXT() REPRESENTATION_CONTEXT('2D SPACE',''
  ) );
#7801 = PCURVE('',#5026,#7802);
#7802 = DEFINITIONAL_REPRESENTATION('',(#7803),#7807);
#7803 = LINE('',#7804,#7805);
#7804 = CARTESIAN_POINT('',(0.,0.));
#7805 = VECTOR('',#7806,1.);
#7806 = DIRECTION('',(1.,0.));
#7807 = ( GEOMETRIC_REPRESENTATION_CONTEXT(2) 
PARAMETRIC_REPRESENTATION_CONTEXT() REPRESENTATION_CONTEXT('2D SPACE',''
  ) );
#7808 = ORIENTED_EDGE('',*,*,#7764,.F.);
#7809 = ADVANCED_FACE('',(#7810),#2040,.F.);
#7810 = FACE_BOUND('',#7811,.F.);
#7811 = EDGE_LOOP('',(#7812,#7813,#7836,#7858));
#7812 = ORIENTED_EDGE('',*,*,#2023,.T.);
#7813 = ORIENTED_EDGE('',*,*,#7814,.T.);
#7814 = EDGE_CURVE('',#2024,#7815,#7817,.T.);
#7815 = VERTEX_POINT('',#7816);
#7816 = CARTESIAN_POINT('',(66.25,8.,-2.48));
#7817 = SEAM_CURVE('',#7818,(#7822,#7829),.PCURVE_S1.);
#7818 = LINE('',#7819,#7820);
#7819 = CARTESIAN_POINT('',(66.25,8.,-14.));
#7820 = VECTOR('',#7821,1.);
#7821 = DIRECTION('',(0.,0.,1.));
#7822 = PCURVE('',#2040,#7823);
#7823 = DEFINITIONAL_REPRESENTATION('',(#7824),#7828);
#7824 = LINE('',#7825,#7826);
#7825 = CARTESIAN_POINT('',(0.,-0.));
#7826 = VECTOR('',#7827,1.);
#7827 = DIRECTION('',(0.,1.));
#7828 = ( GEOMETRIC_REPRESENTATION_CONTEXT(2) 
PARAMETRIC_REPRESENTATION_CONTEXT() REPRESENTATION_CONTEXT('2D SPACE',''
  ) );
#7829 = PCURVE('',#2040,#7830);
#7830 = DEFINITIONAL_REPRESENTATION('',(#7831),#7835);
#7831 = LINE('',#7832,#7833);
#7832 = CARTESIAN_POINT('',(6.28318530718,-0.));
#7833 = VECTOR('',#7834,1.);
#7834 = DIRECTION('',(0.,1.));
#7835 = ( GEOMETRIC_REPRESENTATION_CONTEXT(2) 
PARAMETRIC_REPRESENTATION_CONTEXT() REPRESENTATION_CONTEXT('2D SPACE',''
  ) );
#7836 = ORIENTED_EDGE('',*,*,#7837,.F.);
#7837 = EDGE_CURVE('',#7815,#7815,#7838,.T.);
#7838 = SURFACE_CURVE('',#7839,(#7844,#7851),.PCURVE_S1.);
#7839 = CIRCLE('',#7840,2.25);
#7840 = AXIS2_PLACEMENT_3D('',#7841,#7842,#7843);
#7841 = CARTESIAN_POINT('',(64.,8.,-2.48));
#7842 = DIRECTION('',(0.,0.,1.));
#7843 = DIRECTION('',(1.,0.,-0.));
#7844 = PCURVE('',#2040,#7845);
#7845 = DEFINITIONAL_REPRESENTATION('',(#7846),#7850);
#7846 = LINE('',#7847,#7848);
#7847 = CARTESIAN_POINT('',(0.,11.52));
#7848 = VECTOR('',#7849,1.);
#7849 = DIRECTION('',(1.,0.));
#7850 = ( GEOMETRIC_REPRESENTATION_CONTEXT(2) 
PARAMETRIC_REPRESENTATION_CONTEXT() REPRESENTATION_CONTEXT('2D SPACE',''
  ) );
#7851 = PCURVE('',#4995,#7852);
#7852 = DEFINITIONAL_REPRESENTATION('',(#7853),#7857);
#7853 = LINE('',#7854,#7855);
#7854 = CARTESIAN_POINT('',(0.,0.));
#7855 = VECTOR('',#7856,1.);
#7856 = DIRECTION('',(1.,0.));
#7857 = ( GEOMETRIC_REPRESENTATION_CONTEXT(2) 
PARAMETRIC_REPRESENTATION_CONTEXT() REPRESENTATION_CONTEXT('2D SPACE',''
  ) );
#7858 = ORIENTED_EDGE('',*,*,#7814,.F.);
#7859 = ADVANCED_FACE('',(#7860),#2071,.F.);
#7860 = FACE_BOUND('',#7861,.F.);
#7861 = EDGE_LOOP('',(#7862,#7891,#7912,#7913));
#7862 = ORIENTED_EDGE('',*,*,#7863,.F.);
#7863 = EDGE_CURVE('',#7864,#7864,#7866,.T.);
#7864 = VERTEX_POINT('',#7865);
#7865 = CARTESIAN_POINT('',(79.1,8.,-2.8));
#7866 = SURFACE_CURVE('',#7867,(#7872,#7879),.PCURVE_S1.);
#7867 = CIRCLE('',#7868,3.1);
#7868 = AXIS2_PLACEMENT_3D('',#7869,#7870,#7871);
#7869 = CARTESIAN_POINT('',(76.,8.,-2.8));
#7870 = DIRECTION('',(0.,0.,1.));
#7871 = DIRECTION('',(1.,0.,-0.));
#7872 = PCURVE('',#2071,#7873);
#7873 = DEFINITIONAL_REPRESENTATION('',(#7874),#7878);
#7874 = LINE('',#7875,#7876);
#7875 = CARTESIAN_POINT('',(0.,3.2));
#7876 = VECTOR('',#7877,1.);
#7877 = DIRECTION('',(1.,0.));
#7878 = ( GEOMETRIC_REPRESENTATION_CONTEXT(2) 
PARAMETRIC_REPRESENTATION_CONTEXT() REPRESENTATION_CONTEXT('2D SPACE',''
  ) );
#7879 = PCURVE('',#7880,#7885);
#7880 = PLANE('',#7881);
#7881 = AXIS2_PLACEMENT_3D('',#7882,#7883,#7884);
#7882 = CARTESIAN_POINT('',(76.,8.,-2.8));
#7883 = DIRECTION('',(0.,0.,1.));
#7884 = DIRECTION('',(1.,0.,-0.));
#7885 = DEFINITIONAL_REPRESENTATION('',(#7886),#7890);
#7886 = CIRCLE('',#7887,3.1);
#7887 = AXIS2_PLACEMENT_2D('',#7888,#7889);
#7888 = CARTESIAN_POINT('',(0.,0.));
#7889 = DIRECTION('',(1.,0.));
#7890 = ( GEOMETRIC_REPRESENTATION_CONTEXT(2) 
PARAMETRIC_REPRESENTATION_CONTEXT() REPRESENTATION_CONTEXT('2D SPACE',''
  ) );
#7891 = ORIENTED_EDGE('',*,*,#7892,.F.);
#7892 = EDGE_CURVE('',#2055,#7864,#7893,.T.);
#7893 = SEAM_CURVE('',#7894,(#7898,#7905),.PCURVE_S1.);
#7894 = LINE('',#7895,#7896);
#7895 = CARTESIAN_POINT('',(79.1,8.,-6.));
#7896 = VECTOR('',#7897,1.);
#7897 = DIRECTION('',(0.,0.,1.));
#7898 = PCURVE('',#2071,#7899);
#7899 = DEFINITIONAL_REPRESENTATION('',(#7900),#7904);
#7900 = LINE('',#7901,#7902);
#7901 = CARTESIAN_POINT('',(6.28318530718,-0.));
#7902 = VECTOR('',#7903,1.);
#7903 = DIRECTION('',(0.,1.));
#7904 = ( GEOMETRIC_REPRESENTATION_CONTEXT(2) 
PARAMETRIC_REPRESENTATION_CONTEXT() REPRESENTATION_CONTEXT('2D SPACE',''
  ) );
#7905 = PCURVE('',#2071,#7906);
#7906 = DEFINITIONAL_REPRESENTATION('',(#7907),#7911);
#7907 = LINE('',#7908,#7909);
#7908 = CARTESIAN_POINT('',(0.,-0.));
#7909 = VECTOR('',#7910,1.);
#7910 = DIRECTION('',(0.,1.));
#7911 = ( GEOMETRIC_REPRESENTATION_CONTEXT(2) 
PARAMETRIC_REPRESENTATION_CONTEXT() REPRESENTATION_CONTEXT('2D SPACE',''
  ) );
#7912 = ORIENTED_EDGE('',*,*,#2054,.T.);
#7913 = ORIENTED_EDGE('',*,*,#7892,.T.);
#7914 = ADVANCED_FACE('',(#7915),#2102,.F.);
#7915 = FACE_BOUND('',#7916,.F.);
#7916 = EDGE_LOOP('',(#7917,#7938,#7939,#7940));
#7917 = ORIENTED_EDGE('',*,*,#7918,.T.);
#7918 = EDGE_CURVE('',#2086,#5041,#7919,.T.);
#7919 = SEAM_CURVE('',#7920,(#7924,#7931),.PCURVE_S1.);
#7920 = LINE('',#7921,#7922);
#7921 = CARTESIAN_POINT('',(7.25,80.,-14.));
#7922 = VECTOR('',#7923,1.);
#7923 = DIRECTION('',(0.,0.,1.));
#7924 = PCURVE('',#2102,#7925);
#7925 = DEFINITIONAL_REPRESENTATION('',(#7926),#7930);
#7926 = LINE('',#7927,#7928);
#7927 = CARTESIAN_POINT('',(6.28318530718,-0.));
#7928 = VECTOR('',#7929,1.);
#7929 = DIRECTION('',(0.,1.));
#7930 = ( GEOMETRIC_REPRESENTATION_CONTEXT(2) 
PARAMETRIC_REPRESENTATION_CONTEXT() REPRESENTATION_CONTEXT('2D SPACE',''
  ) );
#7931 = PCURVE('',#2102,#7932);
#7932 = DEFINITIONAL_REPRESENTATION('',(#7933),#7937);
#7933 = LINE('',#7934,#7935);
#7934 = CARTESIAN_POINT('',(0.,-0.));
#7935 = VECTOR('',#7936,1.);
#7936 = DIRECTION('',(0.,1.));
#7937 = ( GEOMETRIC_REPRESENTATION_CONTEXT(2) 
PARAMETRIC_REPRESENTATION_CONTEXT() REPRESENTATION_CONTEXT('2D SPACE',''
  ) );
#7938 = ORIENTED_EDGE('',*,*,#5040,.F.);
#7939 = ORIENTED_EDGE('',*,*,#7918,.F.);
#7940 = ORIENTED_EDGE('',*,*,#2085,.T.);
#7941 = ADVANCED_FACE('',(#7942),#2133,.F.);
#7942 = FACE_BOUND('',#7943,.F.);
#7943 = EDGE_LOOP('',(#7944,#7965,#7966,#7967));
#7944 = ORIENTED_EDGE('',*,*,#7945,.T.);
#7945 = EDGE_CURVE('',#2117,#5067,#7946,.T.);
#7946 = SEAM_CURVE('',#7947,(#7951,#7958),.PCURVE_S1.);
#7947 = LINE('',#7948,#7949);
#7948 = CARTESIAN_POINT('',(76.25,56.,-14.));
#7949 = VECTOR('',#7950,1.);
#7950 = DIRECTION('',(0.,0.,1.));
#7951 = PCURVE('',#2133,#7952);
#7952 = DEFINITIONAL_REPRESENTATION('',(#7953),#7957);
#7953 = LINE('',#7954,#7955);
#7954 = CARTESIAN_POINT('',(6.28318530718,-0.));
#7955 = VECTOR('',#7956,1.);
#7956 = DIRECTION('',(0.,1.));
#7957 = ( GEOMETRIC_REPRESENTATION_CONTEXT(2) 
PARAMETRIC_REPRESENTATION_CONTEXT() REPRESENTATION_CONTEXT('2D SPACE',''
  ) );
#7958 = PCURVE('',#2133,#7959);
#7959 = DEFINITIONAL_REPRESENTATION('',(#7960),#7964);
#7960 = LINE('',#7961,#7962);
#7961 = CARTESIAN_POINT('',(0.,-0.));
#7962 = VECTOR('',#7963,1.);
#7963 = DIRECTION('',(0.,1.));
#7964 = ( GEOMETRIC_REPRESENTATION_CONTEXT(2) 
PARAMETRIC_REPRESENTATION_CONTEXT() REPRESENTATION_CONTEXT('2D SPACE',''
  ) );
#7965 = ORIENTED_EDGE('',*,*,#5066,.F.);
#7966 = ORIENTED_EDGE('',*,*,#7945,.F.);
#7967 = ORIENTED_EDGE('',*,*,#2116,.T.);
#7968 = ADVANCED_FACE('',(#7969),#2164,.F.);
#7969 = FACE_BOUND('',#7970,.F.);
#7970 = EDGE_LOOP('',(#7971,#8000,#8021,#8022));
#7971 = ORIENTED_EDGE('',*,*,#7972,.F.);
#7972 = EDGE_CURVE('',#7973,#7973,#7975,.T.);
#7973 = VERTEX_POINT('',#7974);
#7974 = CARTESIAN_POINT('',(103.1,8.,-2.8));
#7975 = SURFACE_CURVE('',#7976,(#7981,#7988),.PCURVE_S1.);
#7976 = CIRCLE('',#7977,3.1);
#7977 = AXIS2_PLACEMENT_3D('',#7978,#7979,#7980);
#7978 = CARTESIAN_POINT('',(100.,8.,-2.8));
#7979 = DIRECTION('',(0.,0.,1.));
#7980 = DIRECTION('',(1.,0.,-0.));
#7981 = PCURVE('',#2164,#7982);
#7982 = DEFINITIONAL_REPRESENTATION('',(#7983),#7987);
#7983 = LINE('',#7984,#7985);
#7984 = CARTESIAN_POINT('',(0.,3.2));
#7985 = VECTOR('',#7986,1.);
#7986 = DIRECTION('',(1.,0.));
#7987 = ( GEOMETRIC_REPRESENTATION_CONTEXT(2) 
PARAMETRIC_REPRESENTATION_CONTEXT() REPRESENTATION_CONTEXT('2D SPACE',''
  ) );
#7988 = PCURVE('',#7989,#7994);
#7989 = PLANE('',#7990);
#7990 = AXIS2_PLACEMENT_3D('',#7991,#7992,#7993);
#7991 = CARTESIAN_POINT('',(100.,8.,-2.8));
#7992 = DIRECTION('',(0.,0.,1.));
#7993 = DIRECTION('',(1.,0.,-0.));
#7994 = DEFINITIONAL_REPRESENTATION('',(#7995),#7999);
#7995 = CIRCLE('',#7996,3.1);
#7996 = AXIS2_PLACEMENT_2D('',#7997,#7998);
#7997 = CARTESIAN_POINT('',(0.,0.));
#7998 = DIRECTION('',(1.,0.));
#7999 = ( GEOMETRIC_REPRESENTATION_CONTEXT(2) 
PARAMETRIC_REPRESENTATION_CONTEXT() REPRESENTATION_CONTEXT('2D SPACE',''
  ) );
#8000 = ORIENTED_EDGE('',*,*,#8001,.F.);
#8001 = EDGE_CURVE('',#2148,#7973,#8002,.T.);
#8002 = SEAM_CURVE('',#8003,(#8007,#8014),.PCURVE_S1.);
#8003 = LINE('',#8004,#8005);
#8004 = CARTESIAN_POINT('',(103.1,8.,-6.));
#8005 = VECTOR('',#8006,1.);
#8006 = DIRECTION('',(0.,0.,1.));
#8007 = PCURVE('',#2164,#8008);
#8008 = DEFINITIONAL_REPRESENTATION('',(#8009),#8013);
#8009 = LINE('',#8010,#8011);
#8010 = CARTESIAN_POINT('',(6.28318530718,-0.));
#8011 = VECTOR('',#8012,1.);
#8012 = DIRECTION('',(0.,1.));
#8013 = ( GEOMETRIC_REPRESENTATION_CONTEXT(2) 
PARAMETRIC_REPRESENTATION_CONTEXT() REPRESENTATION_CONTEXT('2D SPACE',''
  ) );
#8014 = PCURVE('',#2164,#8015);
#8015 = DEFINITIONAL_REPRESENTATION('',(#8016),#8020);
#8016 = LINE('',#8017,#8018);
#8017 = CARTESIAN_POINT('',(0.,-0.));
#8018 = VECTOR('',#8019,1.);
#8019 = DIRECTION('',(0.,1.));
#8020 = ( GEOMETRIC_REPRESENTATION_CONTEXT(2) 
PARAMETRIC_REPRESENTATION_CONTEXT() REPRESENTATION_CONTEXT('2D SPACE',''
  ) );
#8021 = ORIENTED_EDGE('',*,*,#2147,.T.);
#8022 = ORIENTED_EDGE('',*,*,#8001,.T.);
#8023 = ADVANCED_FACE('',(#8024),#2195,.F.);
#8024 = FACE_BOUND('',#8025,.F.);
#8025 = EDGE_LOOP('',(#8026,#8027,#8050,#8072));
#8026 = ORIENTED_EDGE('',*,*,#2178,.T.);
#8027 = ORIENTED_EDGE('',*,*,#8028,.T.);
#8028 = EDGE_CURVE('',#2179,#8029,#8031,.T.);
#8029 = VERTEX_POINT('',#8030);
#8030 = CARTESIAN_POINT('',(114.25,8.,-2.48));
#8031 = SEAM_CURVE('',#8032,(#8036,#8043),.PCURVE_S1.);
#8032 = LINE('',#8033,#8034);
#8033 = CARTESIAN_POINT('',(114.25,8.,-14.));
#8034 = VECTOR('',#8035,1.);
#8035 = DIRECTION('',(0.,0.,1.));
#8036 = PCURVE('',#2195,#8037);
#8037 = DEFINITIONAL_REPRESENTATION('',(#8038),#8042);
#8038 = LINE('',#8039,#8040);
#8039 = CARTESIAN_POINT('',(0.,-0.));
#8040 = VECTOR('',#8041,1.);
#8041 = DIRECTION('',(0.,1.));
#8042 = ( GEOMETRIC_REPRESENTATION_CONTEXT(2) 
PARAMETRIC_REPRESENTATION_CONTEXT() REPRESENTATION_CONTEXT('2D SPACE',''
  ) );
#8043 = PCURVE('',#2195,#8044);
#8044 = DEFINITIONAL_REPRESENTATION('',(#8045),#8049);
#8045 = LINE('',#8046,#8047);
#8046 = CARTESIAN_POINT('',(6.28318530718,-0.));
#8047 = VECTOR('',#8048,1.);
#8048 = DIRECTION('',(0.,1.));
#8049 = ( GEOMETRIC_REPRESENTATION_CONTEXT(2) 
PARAMETRIC_REPRESENTATION_CONTEXT() REPRESENTATION_CONTEXT('2D SPACE',''
  ) );
#8050 = ORIENTED_EDGE('',*,*,#8051,.F.);
#8051 = EDGE_CURVE('',#8029,#8029,#8052,.T.);
#8052 = SURFACE_CURVE('',#8053,(#8058,#8065),.PCURVE_S1.);
#8053 = CIRCLE('',#8054,2.25);
#8054 = AXIS2_PLACEMENT_3D('',#8055,#8056,#8057);
#8055 = CARTESIAN_POINT('',(112.,8.,-2.48));
#8056 = DIRECTION('',(0.,0.,1.));
#8057 = DIRECTION('',(1.,0.,-0.));
#8058 = PCURVE('',#2195,#8059);
#8059 = DEFINITIONAL_REPRESENTATION('',(#8060),#8064);
#8060 = LINE('',#8061,#8062);
#8061 = CARTESIAN_POINT('',(0.,11.52));
#8062 = VECTOR('',#8063,1.);
#8063 = DIRECTION('',(1.,0.));
#8064 = ( GEOMETRIC_REPRESENTATION_CONTEXT(2) 
PARAMETRIC_REPRESENTATION_CONTEXT() REPRESENTATION_CONTEXT('2D SPACE',''
  ) );
#8065 = PCURVE('',#5109,#8066);
#8066 = DEFINITIONAL_REPRESENTATION('',(#8067),#8071);
#8067 = LINE('',#8068,#8069);
#8068 = CARTESIAN_POINT('',(0.,0.));
#8069 = VECTOR('',#8070,1.);
#8070 = DIRECTION('',(1.,0.));
#8071 = ( GEOMETRIC_REPRESENTATION_CONTEXT(2) 
PARAMETRIC_REPRESENTATION_CONTEXT() REPRESENTATION_CONTEXT('2D SPACE',''
  ) );
#8072 = ORIENTED_EDGE('',*,*,#8028,.F.);
#8073 = ADVANCED_FACE('',(#8074),#2226,.F.);
#8074 = FACE_BOUND('',#8075,.F.);
#8075 = EDGE_LOOP('',(#8076,#8097,#8098,#8099));
#8076 = ORIENTED_EDGE('',*,*,#8077,.T.);
#8077 = EDGE_CURVE('',#2210,#5124,#8078,.T.);
#8078 = SEAM_CURVE('',#8079,(#8083,#8090),.PCURVE_S1.);
#8079 = LINE('',#8080,#8081);
#8080 = CARTESIAN_POINT('',(116.25,36.,-14.));
#8081 = VECTOR('',#8082,1.);
#8082 = DIRECTION('',(0.,0.,1.));
#8083 = PCURVE('',#2226,#8084);
#8084 = DEFINITIONAL_REPRESENTATION('',(#8085),#8089);
#8085 = LINE('',#8086,#8087);
#8086 = CARTESIAN_POINT('',(6.28318530718,-0.));
#8087 = VECTOR('',#8088,1.);
#8088 = DIRECTION('',(0.,1.));
#8089 = ( GEOMETRIC_REPRESENTATION_CONTEXT(2) 
PARAMETRIC_REPRESENTATION_CONTEXT() REPRESENTATION_CONTEXT('2D SPACE',''
  ) );
#8090 = PCURVE('',#2226,#8091);
#8091 = DEFINITIONAL_REPRESENTATION('',(#8092),#8096);
#8092 = LINE('',#8093,#8094);
#8093 = CARTESIAN_POINT('',(0.,-0.));
#8094 = VECTOR('',#8095,1.);
#8095 = DIRECTION('',(0.,1.));
#8096 = ( GEOMETRIC_REPRESENTATION_CONTEXT(2) 
PARAMETRIC_REPRESENTATION_CONTEXT() REPRESENTATION_CONTEXT('2D SPACE',''
  ) );
#8097 = ORIENTED_EDGE('',*,*,#5123,.F.);
#8098 = ORIENTED_EDGE('',*,*,#8077,.F.);
#8099 = ORIENTED_EDGE('',*,*,#2209,.T.);
#8100 = ADVANCED_FACE('',(#8101),#2257,.F.);
#8101 = FACE_BOUND('',#8102,.F.);
#8102 = EDGE_LOOP('',(#8103,#8104,#8127,#8151,#8172,#8196,#8215,#8216,
    #8237,#8261,#8282,#8304));
#8103 = ORIENTED_EDGE('',*,*,#2240,.T.);
#8104 = ORIENTED_EDGE('',*,*,#8105,.T.);
#8105 = EDGE_CURVE('',#2241,#8106,#8108,.T.);
#8106 = VERTEX_POINT('',#8107);
#8107 = CARTESIAN_POINT('',(124.25,18.,0.));
#8108 = SEAM_CURVE('',#8109,(#8113,#8120),.PCURVE_S1.);
#8109 = LINE('',#8110,#8111);
#8110 = CARTESIAN_POINT('',(124.25,18.,-14.));
#8111 = VECTOR('',#8112,1.);
#8112 = DIRECTION('',(0.,0.,1.));
#8113 = PCURVE('',#2257,#8114);
#8114 = DEFINITIONAL_REPRESENTATION('',(#8115),#8119);
#8115 = LINE('',#8116,#8117);
#8116 = CARTESIAN_POINT('',(0.,-0.));
#8117 = VECTOR('',#8118,1.);
#8118 = DIRECTION('',(0.,1.));
#8119 = ( GEOMETRIC_REPRESENTATION_CONTEXT(2) 
PARAMETRIC_REPRESENTATION_CONTEXT() REPRESENTATION_CONTEXT('2D SPACE',''
  ) );
#8120 = PCURVE('',#2257,#8121);
#8121 = DEFINITIONAL_REPRESENTATION('',(#8122),#8126);
#8122 = LINE('',#8123,#8124);
#8123 = CARTESIAN_POINT('',(6.28318530718,-0.));
#8124 = VECTOR('',#8125,1.);
#8125 = DIRECTION('',(0.,1.));
#8126 = ( GEOMETRIC_REPRESENTATION_CONTEXT(2) 
PARAMETRIC_REPRESENTATION_CONTEXT() REPRESENTATION_CONTEXT('2D SPACE',''
  ) );
#8127 = ORIENTED_EDGE('',*,*,#8128,.F.);
#8128 = EDGE_CURVE('',#8129,#8106,#8131,.T.);
#8129 = VERTEX_POINT('',#8130);
#8130 = CARTESIAN_POINT('',(123.0307764064,16.,0.));
#8131 = SURFACE_CURVE('',#8132,(#8137,#8144),.PCURVE_S1.);
#8132 = CIRCLE('',#8133,2.25);
#8133 = AXIS2_PLACEMENT_3D('',#8134,#8135,#8136);
#8134 = CARTESIAN_POINT('',(122.,18.,0.));
#8135 = DIRECTION('',(0.,0.,1.));
#8136 = DIRECTION('',(1.,0.,-0.));
#8137 = PCURVE('',#2257,#8138);
#8138 = DEFINITIONAL_REPRESENTATION('',(#8139),#8143);
#8139 = LINE('',#8140,#8141);
#8140 = CARTESIAN_POINT('',(0.,14.));
#8141 = VECTOR('',#8142,1.);
#8142 = DIRECTION('',(1.,0.));
#8143 = ( GEOMETRIC_REPRESENTATION_CONTEXT(2) 
PARAMETRIC_REPRESENTATION_CONTEXT() REPRESENTATION_CONTEXT('2D SPACE',''
  ) );
#8144 = PCURVE('',#5727,#8145);
#8145 = DEFINITIONAL_REPRESENTATION('',(#8146),#8150);
#8146 = CIRCLE('',#8147,2.25);
#8147 = AXIS2_PLACEMENT_2D('',#8148,#8149);
#8148 = CARTESIAN_POINT('',(122.,17.9));
#8149 = DIRECTION('',(1.,0.));
#8150 = ( GEOMETRIC_REPRESENTATION_CONTEXT(2) 
PARAMETRIC_REPRESENTATION_CONTEXT() REPRESENTATION_CONTEXT('2D SPACE',''
  ) );
#8151 = ORIENTED_EDGE('',*,*,#8152,.F.);
#8152 = EDGE_CURVE('',#8153,#8129,#8155,.T.);
#8153 = VERTEX_POINT('',#8154);
#8154 = CARTESIAN_POINT('',(123.0307764064,16.,-1.2));
#8155 = SURFACE_CURVE('',#8156,(#8160,#8166),.PCURVE_S1.);
#8156 = LINE('',#8157,#8158);
#8157 = CARTESIAN_POINT('',(123.0307764064,16.,-14.));
#8158 = VECTOR('',#8159,1.);
#8159 = DIRECTION('',(0.,0.,1.));
#8160 = PCURVE('',#2257,#8161);
#8161 = DEFINITIONAL_REPRESENTATION('',(#8162),#8165);
#8162 = B_SPLINE_CURVE_WITH_KNOTS('',1,(#8163,#8164),.UNSPECIFIED.,.F.,
  .F.,(2,2),(7.9999994,14.0000006),.PIECEWISE_BEZIER_KNOTS.);
#8163 = CARTESIAN_POINT('',(5.188271230045,7.9999994));
#8164 = CARTESIAN_POINT('',(5.188271230045,14.0000006));
#8165 = ( GEOMETRIC_REPRESENTATION_CONTEXT(2) 
PARAMETRIC_REPRESENTATION_CONTEXT() REPRESENTATION_CONTEXT('2D SPACE',''
  ) );
#8166 = PCURVE('',#5754,#8167);
#8167 = DEFINITIONAL_REPRESENTATION('',(#8168),#8171);
#8168 = B_SPLINE_CURVE_WITH_KNOTS('',1,(#8169,#8170),.UNSPECIFIED.,.F.,
  .F.,(2,2),(7.9999994,14.0000006),.PIECEWISE_BEZIER_KNOTS.);
#8169 = CARTESIAN_POINT('',(-5.999999999062E-07,9.280776406404));
#8170 = CARTESIAN_POINT('',(6.0000006,9.280776406404));
#8171 = ( GEOMETRIC_REPRESENTATION_CONTEXT(2) 
PARAMETRIC_REPRESENTATION_CONTEXT() REPRESENTATION_CONTEXT('2D SPACE',''
  ) );
#8172 = ORIENTED_EDGE('',*,*,#8173,.F.);
#8173 = EDGE_CURVE('',#8174,#8153,#8176,.T.);
#8174 = VERTEX_POINT('',#8175);
#8175 = CARTESIAN_POINT('',(120.96922359359,16.,-1.2));
#8176 = SURFACE_CURVE('',#8177,(#8182,#8189),.PCURVE_S1.);
#8177 = CIRCLE('',#8178,2.25);
#8178 = AXIS2_PLACEMENT_3D('',#8179,#8180,#8181);
#8179 = CARTESIAN_POINT('',(122.,18.,-1.2));
#8180 = DIRECTION('',(0.,0.,1.));
#8181 = DIRECTION('',(1.,0.,-0.));
#8182 = PCURVE('',#2257,#8183);
#8183 = DEFINITIONAL_REPRESENTATION('',(#8184),#8188);
#8184 = LINE('',#8185,#8186);
#8185 = CARTESIAN_POINT('',(0.,12.8));
#8186 = VECTOR('',#8187,1.);
#8187 = DIRECTION('',(1.,0.));
#8188 = ( GEOMETRIC_REPRESENTATION_CONTEXT(2) 
PARAMETRIC_REPRESENTATION_CONTEXT() REPRESENTATION_CONTEXT('2D SPACE',''
  ) );
#8189 = PCURVE('',#5780,#8190);
#8190 = DEFINITIONAL_REPRESENTATION('',(#8191),#8195);
#8191 = CIRCLE('',#8192,2.25);
#8192 = AXIS2_PLACEMENT_2D('',#8193,#8194);
#8193 = CARTESIAN_POINT('',(-5.75,64.25));
#8194 = DIRECTION('',(1.,0.));
#8195 = ( GEOMETRIC_REPRESENTATION_CONTEXT(2) 
PARAMETRIC_REPRESENTATION_CONTEXT() REPRESENTATION_CONTEXT('2D SPACE',''
  ) );
#8196 = ORIENTED_EDGE('',*,*,#8197,.T.);
#8197 = EDGE_CURVE('',#8174,#4707,#8198,.T.);
#8198 = SURFACE_CURVE('',#8199,(#8203,#8209),.PCURVE_S1.);
#8199 = LINE('',#8200,#8201);
#8200 = CARTESIAN_POINT('',(120.96922359359,16.,-14.));
#8201 = VECTOR('',#8202,1.);
#8202 = DIRECTION('',(0.,0.,1.));
#8203 = PCURVE('',#2257,#8204);
#8204 = DEFINITIONAL_REPRESENTATION('',(#8205),#8208);
#8205 = B_SPLINE_CURVE_WITH_KNOTS('',1,(#8206,#8207),.UNSPECIFIED.,.F.,
  .F.,(2,2),(7.9999994,14.0000006),.PIECEWISE_BEZIER_KNOTS.);
#8206 = CARTESIAN_POINT('',(4.236506730724,7.9999994));
#8207 = CARTESIAN_POINT('',(4.236506730724,14.0000006));
#8208 = ( GEOMETRIC_REPRESENTATION_CONTEXT(2) 
PARAMETRIC_REPRESENTATION_CONTEXT() REPRESENTATION_CONTEXT('2D SPACE',''
  ) );
#8209 = PCURVE('',#4722,#8210);
#8210 = DEFINITIONAL_REPRESENTATION('',(#8211),#8214);
#8211 = B_SPLINE_CURVE_WITH_KNOTS('',1,(#8212,#8213),.UNSPECIFIED.,.F.,
  .F.,(2,2),(7.9999994,14.0000006),.PIECEWISE_BEZIER_KNOTS.);
#8212 = CARTESIAN_POINT('',(-5.999999999062E-07,7.219223593596));
#8213 = CARTESIAN_POINT('',(6.0000006,7.219223593596));
#8214 = ( GEOMETRIC_REPRESENTATION_CONTEXT(2) 
PARAMETRIC_REPRESENTATION_CONTEXT() REPRESENTATION_CONTEXT('2D SPACE',''
  ) );
#8215 = ORIENTED_EDGE('',*,*,#4734,.F.);
#8216 = ORIENTED_EDGE('',*,*,#8217,.F.);
#8217 = EDGE_CURVE('',#8218,#4735,#8220,.T.);
#8218 = VERTEX_POINT('',#8219);
#8219 = CARTESIAN_POINT('',(119.98443556292,19.,-1.2));
#8220 = SURFACE_CURVE('',#8221,(#8225,#8231),.PCURVE_S1.);
#8221 = LINE('',#8222,#8223);
#8222 = CARTESIAN_POINT('',(119.98443556292,19.,-14.));
#8223 = VECTOR('',#8224,1.);
#8224 = DIRECTION('',(0.,0.,1.));
#8225 = PCURVE('',#2257,#8226);
#8226 = DEFINITIONAL_REPRESENTATION('',(#8227),#8230);
#8227 = B_SPLINE_CURVE_WITH_KNOTS('',1,(#8228,#8229),.UNSPECIFIED.,.F.,
  .F.,(2,2),(7.9999994,14.0000006),.PIECEWISE_BEZIER_KNOTS.);
#8228 = CARTESIAN_POINT('',(2.681038661908,7.9999994));
#8229 = CARTESIAN_POINT('',(2.681038661908,14.0000006));
#8230 = ( GEOMETRIC_REPRESENTATION_CONTEXT(2) 
PARAMETRIC_REPRESENTATION_CONTEXT() REPRESENTATION_CONTEXT('2D SPACE',''
  ) );
#8231 = PCURVE('',#4774,#8232);
#8232 = DEFINITIONAL_REPRESENTATION('',(#8233),#8236);
#8233 = B_SPLINE_CURVE_WITH_KNOTS('',1,(#8234,#8235),.UNSPECIFIED.,.F.,
  .F.,(2,2),(7.9999994,14.0000006),.PIECEWISE_BEZIER_KNOTS.);
#8234 = CARTESIAN_POINT('',(-5.999999999062E-07,6.234435562925));
#8235 = CARTESIAN_POINT('',(6.0000006,6.234435562925));
#8236 = ( GEOMETRIC_REPRESENTATION_CONTEXT(2) 
PARAMETRIC_REPRESENTATION_CONTEXT() REPRESENTATION_CONTEXT('2D SPACE',''
  ) );
#8237 = ORIENTED_EDGE('',*,*,#8238,.F.);
#8238 = EDGE_CURVE('',#8239,#8218,#8241,.T.);
#8239 = VERTEX_POINT('',#8240);
#8240 = CARTESIAN_POINT('',(124.01556443707,19.,-1.2));
#8241 = SURFACE_CURVE('',#8242,(#8247,#8254),.PCURVE_S1.);
#8242 = CIRCLE('',#8243,2.25);
#8243 = AXIS2_PLACEMENT_3D('',#8244,#8245,#8246);
#8244 = CARTESIAN_POINT('',(122.,18.,-1.2));
#8245 = DIRECTION('',(0.,0.,1.));
#8246 = DIRECTION('',(1.,0.,-0.));
#8247 = PCURVE('',#2257,#8248);
#8248 = DEFINITIONAL_REPRESENTATION('',(#8249),#8253);
#8249 = LINE('',#8250,#8251);
#8250 = CARTESIAN_POINT('',(0.,12.8));
#8251 = VECTOR('',#8252,1.);
#8252 = DIRECTION('',(1.,0.));
#8253 = ( GEOMETRIC_REPRESENTATION_CONTEXT(2) 
PARAMETRIC_REPRESENTATION_CONTEXT() REPRESENTATION_CONTEXT('2D SPACE',''
  ) );
#8254 = PCURVE('',#5674,#8255);
#8255 = DEFINITIONAL_REPRESENTATION('',(#8256),#8260);
#8256 = CIRCLE('',#8257,2.25);
#8257 = AXIS2_PLACEMENT_2D('',#8258,#8259);
#8258 = CARTESIAN_POINT('',(-5.75,64.25));
#8259 = DIRECTION('',(1.,0.));
#8260 = ( GEOMETRIC_REPRESENTATION_CONTEXT(2) 
PARAMETRIC_REPRESENTATION_CONTEXT() REPRESENTATION_CONTEXT('2D SPACE',''
  ) );
#8261 = ORIENTED_EDGE('',*,*,#8262,.T.);
#8262 = EDGE_CURVE('',#8239,#8263,#8265,.T.);
#8263 = VERTEX_POINT('',#8264);
#8264 = CARTESIAN_POINT('',(124.01556443707,19.,0.));
#8265 = SURFACE_CURVE('',#8266,(#8270,#8276),.PCURVE_S1.);
#8266 = LINE('',#8267,#8268);
#8267 = CARTESIAN_POINT('',(124.01556443707,19.,-14.));
#8268 = VECTOR('',#8269,1.);
#8269 = DIRECTION('',(0.,0.,1.));
#8270 = PCURVE('',#2257,#8271);
#8271 = DEFINITIONAL_REPRESENTATION('',(#8272),#8275);
#8272 = B_SPLINE_CURVE_WITH_KNOTS('',1,(#8273,#8274),.UNSPECIFIED.,.F.,
  .F.,(2,2),(7.9999994,14.0000006),.PIECEWISE_BEZIER_KNOTS.);
#8273 = CARTESIAN_POINT('',(0.460553991681,7.9999994));
#8274 = CARTESIAN_POINT('',(0.460553991681,14.0000006));
#8275 = ( GEOMETRIC_REPRESENTATION_CONTEXT(2) 
PARAMETRIC_REPRESENTATION_CONTEXT() REPRESENTATION_CONTEXT('2D SPACE',''
  ) );
#8276 = PCURVE('',#5700,#8277);
#8277 = DEFINITIONAL_REPRESENTATION('',(#8278),#8281);
#8278 = B_SPLINE_CURVE_WITH_KNOTS('',1,(#8279,#8280),.UNSPECIFIED.,.F.,
  .F.,(2,2),(7.9999994,14.0000006),.PIECEWISE_BEZIER_KNOTS.);
#8279 = CARTESIAN_POINT('',(-5.999999999062E-07,10.265564437075));
#8280 = CARTESIAN_POINT('',(6.0000006,10.265564437075));
#8281 = ( GEOMETRIC_REPRESENTATION_CONTEXT(2) 
PARAMETRIC_REPRESENTATION_CONTEXT() REPRESENTATION_CONTEXT('2D SPACE',''
  ) );
#8282 = ORIENTED_EDGE('',*,*,#8283,.F.);
#8283 = EDGE_CURVE('',#8106,#8263,#8284,.T.);
#8284 = SURFACE_CURVE('',#8285,(#8290,#8297),.PCURVE_S1.);
#8285 = CIRCLE('',#8286,2.25);
#8286 = AXIS2_PLACEMENT_3D('',#8287,#8288,#8289);
#8287 = CARTESIAN_POINT('',(122.,18.,0.));
#8288 = DIRECTION('',(0.,0.,1.));
#8289 = DIRECTION('',(1.,0.,-0.));
#8290 = PCURVE('',#2257,#8291);
#8291 = DEFINITIONAL_REPRESENTATION('',(#8292),#8296);
#8292 = LINE('',#8293,#8294);
#8293 = CARTESIAN_POINT('',(0.,14.));
#8294 = VECTOR('',#8295,1.);
#8295 = DIRECTION('',(1.,0.));
#8296 = ( GEOMETRIC_REPRESENTATION_CONTEXT(2) 
PARAMETRIC_REPRESENTATION_CONTEXT() REPRESENTATION_CONTEXT('2D SPACE',''
  ) );
#8297 = PCURVE('',#5727,#8298);
#8298 = DEFINITIONAL_REPRESENTATION('',(#8299),#8303);
#8299 = CIRCLE('',#8300,2.25);
#8300 = AXIS2_PLACEMENT_2D('',#8301,#8302);
#8301 = CARTESIAN_POINT('',(122.,17.9));
#8302 = DIRECTION('',(1.,0.));
#8303 = ( GEOMETRIC_REPRESENTATION_CONTEXT(2) 
PARAMETRIC_REPRESENTATION_CONTEXT() REPRESENTATION_CONTEXT('2D SPACE',''
  ) );
#8304 = ORIENTED_EDGE('',*,*,#8105,.F.);
#8305 = ADVANCED_FACE('',(#8306),#2289,.F.);
#8306 = FACE_BOUND('',#8307,.F.);
#8307 = EDGE_LOOP('',(#8308,#8331,#8359,#8380));
#8308 = ORIENTED_EDGE('',*,*,#8309,.F.);
#8309 = EDGE_CURVE('',#8310,#2272,#8312,.T.);
#8310 = VERTEX_POINT('',#8311);
#8311 = CARTESIAN_POINT('',(121.,38.5,-14.));
#8312 = SURFACE_CURVE('',#8313,(#8317,#8324),.PCURVE_S1.);
#8313 = LINE('',#8314,#8315);
#8314 = CARTESIAN_POINT('',(121.,38.5,-14.));
#8315 = VECTOR('',#8316,1.);
#8316 = DIRECTION('',(0.,0.,1.));
#8317 = PCURVE('',#2289,#8318);
#8318 = DEFINITIONAL_REPRESENTATION('',(#8319),#8323);
#8319 = LINE('',#8320,#8321);
#8320 = CARTESIAN_POINT('',(0.,0.));
#8321 = VECTOR('',#8322,1.);
#8322 = DIRECTION('',(1.,0.));
#8323 = ( GEOMETRIC_REPRESENTATION_CONTEXT(2) 
PARAMETRIC_REPRESENTATION_CONTEXT() REPRESENTATION_CONTEXT('2D SPACE',''
  ) );
#8324 = PCURVE('',#2371,#8325);
#8325 = DEFINITIONAL_REPRESENTATION('',(#8326),#8330);
#8326 = LINE('',#8327,#8328);
#8327 = CARTESIAN_POINT('',(0.,0.));
#8328 = VECTOR('',#8329,1.);
#8329 = DIRECTION('',(1.,0.));
#8330 = ( GEOMETRIC_REPRESENTATION_CONTEXT(2) 
PARAMETRIC_REPRESENTATION_CONTEXT() REPRESENTATION_CONTEXT('2D SPACE',''
  ) );
#8331 = ORIENTED_EDGE('',*,*,#8332,.T.);
#8332 = EDGE_CURVE('',#8310,#8333,#8335,.T.);
#8333 = VERTEX_POINT('',#8334);
#8334 = CARTESIAN_POINT('',(121.,41.5,-14.));
#8335 = SURFACE_CURVE('',#8336,(#8340,#8347),.PCURVE_S1.);
#8336 = LINE('',#8337,#8338);
#8337 = CARTESIAN_POINT('',(121.,38.5,-14.));
#8338 = VECTOR('',#8339,1.);
#8339 = DIRECTION('',(-0.,1.,0.));
#8340 = PCURVE('',#2289,#8341);
#8341 = DEFINITIONAL_REPRESENTATION('',(#8342),#8346);
#8342 = LINE('',#8343,#8344);
#8343 = CARTESIAN_POINT('',(0.,0.));
#8344 = VECTOR('',#8345,1.);
#8345 = DIRECTION('',(0.,-1.));
#8346 = ( GEOMETRIC_REPRESENTATION_CONTEXT(2) 
PARAMETRIC_REPRESENTATION_CONTEXT() REPRESENTATION_CONTEXT('2D SPACE',''
  ) );
#8347 = PCURVE('',#8348,#8353);
#8348 = PLANE('',#8349);
#8349 = AXIS2_PLACEMENT_3D('',#8350,#8351,#8352);
#8350 = CARTESIAN_POINT('',(121.,38.5,-14.));
#8351 = DIRECTION('',(0.,0.,1.));
#8352 = DIRECTION('',(1.,0.,-0.));
#8353 = DEFINITIONAL_REPRESENTATION('',(#8354),#8358);
#8354 = LINE('',#8355,#8356);
#8355 = CARTESIAN_POINT('',(0.,0.));
#8356 = VECTOR('',#8357,1.);
#8357 = DIRECTION('',(0.,1.));
#8358 = ( GEOMETRIC_REPRESENTATION_CONTEXT(2) 
PARAMETRIC_REPRESENTATION_CONTEXT() REPRESENTATION_CONTEXT('2D SPACE',''
  ) );
#8359 = ORIENTED_EDGE('',*,*,#8360,.T.);
#8360 = EDGE_CURVE('',#8333,#2274,#8361,.T.);
#8361 = SURFACE_CURVE('',#8362,(#8366,#8373),.PCURVE_S1.);
#8362 = LINE('',#8363,#8364);
#8363 = CARTESIAN_POINT('',(121.,41.5,-14.));
#8364 = VECTOR('',#8365,1.);
#8365 = DIRECTION('',(0.,0.,1.));
#8366 = PCURVE('',#2289,#8367);
#8367 = DEFINITIONAL_REPRESENTATION('',(#8368),#8372);
#8368 = LINE('',#8369,#8370);
#8369 = CARTESIAN_POINT('',(0.,-3.));
#8370 = VECTOR('',#8371,1.);
#8371 = DIRECTION('',(1.,0.));
#8372 = ( GEOMETRIC_REPRESENTATION_CONTEXT(2) 
PARAMETRIC_REPRESENTATION_CONTEXT() REPRESENTATION_CONTEXT('2D SPACE',''
  ) );
#8373 = PCURVE('',#2317,#8374);
#8374 = DEFINITIONAL_REPRESENTATION('',(#8375),#8379);
#8375 = LINE('',#8376,#8377);
#8376 = CARTESIAN_POINT('',(0.,0.));
#8377 = VECTOR('',#8378,1.);
#8378 = DIRECTION('',(1.,0.));
#8379 = ( GEOMETRIC_REPRESENTATION_CONTEXT(2) 
PARAMETRIC_REPRESENTATION_CONTEXT() REPRESENTATION_CONTEXT('2D SPACE',''
  ) );
#8380 = ORIENTED_EDGE('',*,*,#2271,.F.);
#8381 = ADVANCED_FACE('',(#8382),#2317,.T.);
#8382 = FACE_BOUND('',#8383,.T.);
#8383 = EDGE_LOOP('',(#8384,#8407,#8408,#8409));
#8384 = ORIENTED_EDGE('',*,*,#8385,.F.);
#8385 = EDGE_CURVE('',#8333,#8386,#8388,.T.);
#8386 = VERTEX_POINT('',#8387);
#8387 = CARTESIAN_POINT('',(143.,41.5,-14.));
#8388 = SURFACE_CURVE('',#8389,(#8393,#8400),.PCURVE_S1.);
#8389 = LINE('',#8390,#8391);
#8390 = CARTESIAN_POINT('',(121.,41.5,-14.));
#8391 = VECTOR('',#8392,1.);
#8392 = DIRECTION('',(1.,0.,-0.));
#8393 = PCURVE('',#2317,#8394);
#8394 = DEFINITIONAL_REPRESENTATION('',(#8395),#8399);
#8395 = LINE('',#8396,#8397);
#8396 = CARTESIAN_POINT('',(0.,0.));
#8397 = VECTOR('',#8398,1.);
#8398 = DIRECTION('',(0.,1.));
#8399 = ( GEOMETRIC_REPRESENTATION_CONTEXT(2) 
PARAMETRIC_REPRESENTATION_CONTEXT() REPRESENTATION_CONTEXT('2D SPACE',''
  ) );
#8400 = PCURVE('',#8348,#8401);
#8401 = DEFINITIONAL_REPRESENTATION('',(#8402),#8406);
#8402 = LINE('',#8403,#8404);
#8403 = CARTESIAN_POINT('',(0.,3.));
#8404 = VECTOR('',#8405,1.);
#8405 = DIRECTION('',(1.,0.));
#8406 = ( GEOMETRIC_REPRESENTATION_CONTEXT(2) 
PARAMETRIC_REPRESENTATION_CONTEXT() REPRESENTATION_CONTEXT('2D SPACE',''
  ) );
#8407 = ORIENTED_EDGE('',*,*,#8360,.T.);
#8408 = ORIENTED_EDGE('',*,*,#2301,.T.);
#8409 = ORIENTED_EDGE('',*,*,#8410,.F.);
#8410 = EDGE_CURVE('',#8386,#2302,#8411,.T.);
#8411 = SURFACE_CURVE('',#8412,(#8416,#8423),.PCURVE_S1.);
#8412 = LINE('',#8413,#8414);
#8413 = CARTESIAN_POINT('',(143.,41.5,-14.));
#8414 = VECTOR('',#8415,1.);
#8415 = DIRECTION('',(0.,0.,1.));
#8416 = PCURVE('',#2317,#8417);
#8417 = DEFINITIONAL_REPRESENTATION('',(#8418),#8422);
#8418 = LINE('',#8419,#8420);
#8419 = CARTESIAN_POINT('',(0.,22.));
#8420 = VECTOR('',#8421,1.);
#8421 = DIRECTION('',(1.,0.));
#8422 = ( GEOMETRIC_REPRESENTATION_CONTEXT(2) 
PARAMETRIC_REPRESENTATION_CONTEXT() REPRESENTATION_CONTEXT('2D SPACE',''
  ) );
#8423 = PCURVE('',#2345,#8424);
#8424 = DEFINITIONAL_REPRESENTATION('',(#8425),#8429);
#8425 = LINE('',#8426,#8427);
#8426 = CARTESIAN_POINT('',(0.,-3.));
#8427 = VECTOR('',#8428,1.);
#8428 = DIRECTION('',(1.,0.));
#8429 = ( GEOMETRIC_REPRESENTATION_CONTEXT(2) 
PARAMETRIC_REPRESENTATION_CONTEXT() REPRESENTATION_CONTEXT('2D SPACE',''
  ) );
#8430 = ADVANCED_FACE('',(#8431),#2371,.F.);
#8431 = FACE_BOUND('',#8432,.F.);
#8432 = EDGE_LOOP('',(#8433,#8456,#8457,#8458));
#8433 = ORIENTED_EDGE('',*,*,#8434,.F.);
#8434 = EDGE_CURVE('',#8310,#8435,#8437,.T.);
#8435 = VERTEX_POINT('',#8436);
#8436 = CARTESIAN_POINT('',(143.,38.5,-14.));
#8437 = SURFACE_CURVE('',#8438,(#8442,#8449),.PCURVE_S1.);
#8438 = LINE('',#8439,#8440);
#8439 = CARTESIAN_POINT('',(121.,38.5,-14.));
#8440 = VECTOR('',#8441,1.);
#8441 = DIRECTION('',(1.,0.,-0.));
#8442 = PCURVE('',#2371,#8443);
#8443 = DEFINITIONAL_REPRESENTATION('',(#8444),#8448);
#8444 = LINE('',#8445,#8446);
#8445 = CARTESIAN_POINT('',(0.,0.));
#8446 = VECTOR('',#8447,1.);
#8447 = DIRECTION('',(0.,1.));
#8448 = ( GEOMETRIC_REPRESENTATION_CONTEXT(2) 
PARAMETRIC_REPRESENTATION_CONTEXT() REPRESENTATION_CONTEXT('2D SPACE',''
  ) );
#8449 = PCURVE('',#8348,#8450);
#8450 = DEFINITIONAL_REPRESENTATION('',(#8451),#8455);
#8451 = LINE('',#8452,#8453);
#8452 = CARTESIAN_POINT('',(0.,0.));
#8453 = VECTOR('',#8454,1.);
#8454 = DIRECTION('',(1.,0.));
#8455 = ( GEOMETRIC_REPRESENTATION_CONTEXT(2) 
PARAMETRIC_REPRESENTATION_CONTEXT() REPRESENTATION_CONTEXT('2D SPACE',''
  ) );
#8456 = ORIENTED_EDGE('',*,*,#8309,.T.);
#8457 = ORIENTED_EDGE('',*,*,#2357,.T.);
#8458 = ORIENTED_EDGE('',*,*,#8459,.F.);
#8459 = EDGE_CURVE('',#8435,#2330,#8460,.T.);
#8460 = SURFACE_CURVE('',#8461,(#8465,#8472),.PCURVE_S1.);
#8461 = LINE('',#8462,#8463);
#8462 = CARTESIAN_POINT('',(143.,38.5,-14.));
#8463 = VECTOR('',#8464,1.);
#8464 = DIRECTION('',(0.,0.,1.));
#8465 = PCURVE('',#2371,#8466);
#8466 = DEFINITIONAL_REPRESENTATION('',(#8467),#8471);
#8467 = LINE('',#8468,#8469);
#8468 = CARTESIAN_POINT('',(0.,22.));
#8469 = VECTOR('',#8470,1.);
#8470 = DIRECTION('',(1.,0.));
#8471 = ( GEOMETRIC_REPRESENTATION_CONTEXT(2) 
PARAMETRIC_REPRESENTATION_CONTEXT() REPRESENTATION_CONTEXT('2D SPACE',''
  ) );
#8472 = PCURVE('',#2345,#8473);
#8473 = DEFINITIONAL_REPRESENTATION('',(#8474),#8478);
#8474 = LINE('',#8475,#8476);
#8475 = CARTESIAN_POINT('',(0.,0.));
#8476 = VECTOR('',#8477,1.);
#8477 = DIRECTION('',(1.,0.));
#8478 = ( GEOMETRIC_REPRESENTATION_CONTEXT(2) 
PARAMETRIC_REPRESENTATION_CONTEXT() REPRESENTATION_CONTEXT('2D SPACE',''
  ) );
#8479 = ADVANCED_FACE('',(#8480),#2345,.T.);
#8480 = FACE_BOUND('',#8481,.T.);
#8481 = EDGE_LOOP('',(#8482,#8483,#8504,#8505));
#8482 = ORIENTED_EDGE('',*,*,#8459,.F.);
#8483 = ORIENTED_EDGE('',*,*,#8484,.T.);
#8484 = EDGE_CURVE('',#8435,#8386,#8485,.T.);
#8485 = SURFACE_CURVE('',#8486,(#8490,#8497),.PCURVE_S1.);
#8486 = LINE('',#8487,#8488);
#8487 = CARTESIAN_POINT('',(143.,38.5,-14.));
#8488 = VECTOR('',#8489,1.);
#8489 = DIRECTION('',(-0.,1.,0.));
#8490 = PCURVE('',#2345,#8491);
#8491 = DEFINITIONAL_REPRESENTATION('',(#8492),#8496);
#8492 = LINE('',#8493,#8494);
#8493 = CARTESIAN_POINT('',(0.,0.));
#8494 = VECTOR('',#8495,1.);
#8495 = DIRECTION('',(0.,-1.));
#8496 = ( GEOMETRIC_REPRESENTATION_CONTEXT(2) 
PARAMETRIC_REPRESENTATION_CONTEXT() REPRESENTATION_CONTEXT('2D SPACE',''
  ) );
#8497 = PCURVE('',#8348,#8498);
#8498 = DEFINITIONAL_REPRESENTATION('',(#8499),#8503);
#8499 = LINE('',#8500,#8501);
#8500 = CARTESIAN_POINT('',(22.,0.));
#8501 = VECTOR('',#8502,1.);
#8502 = DIRECTION('',(0.,1.));
#8503 = ( GEOMETRIC_REPRESENTATION_CONTEXT(2) 
PARAMETRIC_REPRESENTATION_CONTEXT() REPRESENTATION_CONTEXT('2D SPACE',''
  ) );
#8504 = ORIENTED_EDGE('',*,*,#8410,.T.);
#8505 = ORIENTED_EDGE('',*,*,#2329,.F.);
#8506 = ADVANCED_FACE('',(#8507),#2402,.F.);
#8507 = FACE_BOUND('',#8508,.F.);
#8508 = EDGE_LOOP('',(#8509,#8530,#8531,#8532));
#8509 = ORIENTED_EDGE('',*,*,#8510,.T.);
#8510 = EDGE_CURVE('',#2386,#5150,#8511,.T.);
#8511 = SEAM_CURVE('',#8512,(#8516,#8523),.PCURVE_S1.);
#8512 = LINE('',#8513,#8514);
#8513 = CARTESIAN_POINT('',(96.25,56.,-14.));
#8514 = VECTOR('',#8515,1.);
#8515 = DIRECTION('',(0.,0.,1.));
#8516 = PCURVE('',#2402,#8517);
#8517 = DEFINITIONAL_REPRESENTATION('',(#8518),#8522);
#8518 = LINE('',#8519,#8520);
#8519 = CARTESIAN_POINT('',(6.28318530718,-0.));
#8520 = VECTOR('',#8521,1.);
#8521 = DIRECTION('',(0.,1.));
#8522 = ( GEOMETRIC_REPRESENTATION_CONTEXT(2) 
PARAMETRIC_REPRESENTATION_CONTEXT() REPRESENTATION_CONTEXT('2D SPACE',''
  ) );
#8523 = PCURVE('',#2402,#8524);
#8524 = DEFINITIONAL_REPRESENTATION('',(#8525),#8529);
#8525 = LINE('',#8526,#8527);
#8526 = CARTESIAN_POINT('',(0.,-0.));
#8527 = VECTOR('',#8528,1.);
#8528 = DIRECTION('',(0.,1.));
#8529 = ( GEOMETRIC_REPRESENTATION_CONTEXT(2) 
PARAMETRIC_REPRESENTATION_CONTEXT() REPRESENTATION_CONTEXT('2D SPACE',''
  ) );
#8530 = ORIENTED_EDGE('',*,*,#5149,.F.);
#8531 = ORIENTED_EDGE('',*,*,#8510,.F.);
#8532 = ORIENTED_EDGE('',*,*,#2385,.T.);
#8533 = ADVANCED_FACE('',(#8534),#2433,.F.);
#8534 = FACE_BOUND('',#8535,.F.);
#8535 = EDGE_LOOP('',(#8536,#8537,#8560,#8582));
#8536 = ORIENTED_EDGE('',*,*,#2416,.T.);
#8537 = ORIENTED_EDGE('',*,*,#8538,.T.);
#8538 = EDGE_CURVE('',#2417,#8539,#8541,.T.);
#8539 = VERTEX_POINT('',#8540);
#8540 = CARTESIAN_POINT('',(88.82157735122,67.708572614372,-2.48));
#8541 = SEAM_CURVE('',#8542,(#8546,#8553),.PCURVE_S1.);
#8542 = LINE('',#8543,#8544);
#8543 = CARTESIAN_POINT('',(88.82157735122,67.708572614372,-14.));
#8544 = VECTOR('',#8545,1.);
#8545 = DIRECTION('',(0.,0.,1.));
#8546 = PCURVE('',#2433,#8547);
#8547 = DEFINITIONAL_REPRESENTATION('',(#8548),#8552);
#8548 = LINE('',#8549,#8550);
#8549 = CARTESIAN_POINT('',(0.,-0.));
#8550 = VECTOR('',#8551,1.);
#8551 = DIRECTION('',(0.,1.));
#8552 = ( GEOMETRIC_REPRESENTATION_CONTEXT(2) 
PARAMETRIC_REPRESENTATION_CONTEXT() REPRESENTATION_CONTEXT('2D SPACE',''
  ) );
#8553 = PCURVE('',#2433,#8554);
#8554 = DEFINITIONAL_REPRESENTATION('',(#8555),#8559);
#8555 = LINE('',#8556,#8557);
#8556 = CARTESIAN_POINT('',(6.28318530718,-0.));
#8557 = VECTOR('',#8558,1.);
#8558 = DIRECTION('',(0.,1.));
#8559 = ( GEOMETRIC_REPRESENTATION_CONTEXT(2) 
PARAMETRIC_REPRESENTATION_CONTEXT() REPRESENTATION_CONTEXT('2D SPACE',''
  ) );
#8560 = ORIENTED_EDGE('',*,*,#8561,.F.);
#8561 = EDGE_CURVE('',#8539,#8539,#8562,.T.);
#8562 = SURFACE_CURVE('',#8563,(#8568,#8575),.PCURVE_S1.);
#8563 = CIRCLE('',#8564,2.25);
#8564 = AXIS2_PLACEMENT_3D('',#8565,#8566,#8567);
#8565 = CARTESIAN_POINT('',(86.57157735122,67.708572614372,-2.48));
#8566 = DIRECTION('',(0.,0.,1.));
#8567 = DIRECTION('',(1.,0.,-0.));
#8568 = PCURVE('',#2433,#8569);
#8569 = DEFINITIONAL_REPRESENTATION('',(#8570),#8574);
#8570 = LINE('',#8571,#8572);
#8571 = CARTESIAN_POINT('',(0.,11.52));
#8572 = VECTOR('',#8573,1.);
#8573 = DIRECTION('',(1.,0.));
#8574 = ( GEOMETRIC_REPRESENTATION_CONTEXT(2) 
PARAMETRIC_REPRESENTATION_CONTEXT() REPRESENTATION_CONTEXT('2D SPACE',''
  ) );
#8575 = PCURVE('',#5192,#8576);
#8576 = DEFINITIONAL_REPRESENTATION('',(#8577),#8581);
#8577 = LINE('',#8578,#8579);
#8578 = CARTESIAN_POINT('',(0.,0.));
#8579 = VECTOR('',#8580,1.);
#8580 = DIRECTION('',(1.,0.));
#8581 = ( GEOMETRIC_REPRESENTATION_CONTEXT(2) 
PARAMETRIC_REPRESENTATION_CONTEXT() REPRESENTATION_CONTEXT('2D SPACE',''
  ) );
#8582 = ORIENTED_EDGE('',*,*,#8538,.F.);
#8583 = ADVANCED_FACE('',(#8584),#2464,.F.);
#8584 = FACE_BOUND('',#8585,.F.);
#8585 = EDGE_LOOP('',(#8586,#8587,#8610,#8632));
#8586 = ORIENTED_EDGE('',*,*,#2447,.T.);
#8587 = ORIENTED_EDGE('',*,*,#8588,.T.);
#8588 = EDGE_CURVE('',#2448,#8589,#8591,.T.);
#8589 = VERTEX_POINT('',#8590);
#8590 = CARTESIAN_POINT('',(154.25,44.,-2.48));
#8591 = SEAM_CURVE('',#8592,(#8596,#8603),.PCURVE_S1.);
#8592 = LINE('',#8593,#8594);
#8593 = CARTESIAN_POINT('',(154.25,44.,-14.));
#8594 = VECTOR('',#8595,1.);
#8595 = DIRECTION('',(0.,0.,1.));
#8596 = PCURVE('',#2464,#8597);
#8597 = DEFINITIONAL_REPRESENTATION('',(#8598),#8602);
#8598 = LINE('',#8599,#8600);
#8599 = CARTESIAN_POINT('',(0.,-0.));
#8600 = VECTOR('',#8601,1.);
#8601 = DIRECTION('',(0.,1.));
#8602 = ( GEOMETRIC_REPRESENTATION_CONTEXT(2) 
PARAMETRIC_REPRESENTATION_CONTEXT() REPRESENTATION_CONTEXT('2D SPACE',''
  ) );
#8603 = PCURVE('',#2464,#8604);
#8604 = DEFINITIONAL_REPRESENTATION('',(#8605),#8609);
#8605 = LINE('',#8606,#8607);
#8606 = CARTESIAN_POINT('',(6.28318530718,-0.));
#8607 = VECTOR('',#8608,1.);
#8608 = DIRECTION('',(0.,1.));
#8609 = ( GEOMETRIC_REPRESENTATION_CONTEXT(2) 
PARAMETRIC_REPRESENTATION_CONTEXT() REPRESENTATION_CONTEXT('2D SPACE',''
  ) );
#8610 = ORIENTED_EDGE('',*,*,#8611,.F.);
#8611 = EDGE_CURVE('',#8589,#8589,#8612,.T.);
#8612 = SURFACE_CURVE('',#8613,(#8618,#8625),.PCURVE_S1.);
#8613 = CIRCLE('',#8614,2.25);
#8614 = AXIS2_PLACEMENT_3D('',#8615,#8616,#8617);
#8615 = CARTESIAN_POINT('',(152.,44.,-2.48));
#8616 = DIRECTION('',(0.,0.,1.));
#8617 = DIRECTION('',(1.,0.,-0.));
#8618 = PCURVE('',#2464,#8619);
#8619 = DEFINITIONAL_REPRESENTATION('',(#8620),#8624);
#8620 = LINE('',#8621,#8622);
#8621 = CARTESIAN_POINT('',(0.,11.52));
#8622 = VECTOR('',#8623,1.);
#8623 = DIRECTION('',(1.,0.));
#8624 = ( GEOMETRIC_REPRESENTATION_CONTEXT(2) 
PARAMETRIC_REPRESENTATION_CONTEXT() REPRESENTATION_CONTEXT('2D SPACE',''
  ) );
#8625 = PCURVE('',#5223,#8626);
#8626 = DEFINITIONAL_REPRESENTATION('',(#8627),#8631);
#8627 = LINE('',#8628,#8629);
#8628 = CARTESIAN_POINT('',(0.,0.));
#8629 = VECTOR('',#8630,1.);
#8630 = DIRECTION('',(1.,0.));
#8631 = ( GEOMETRIC_REPRESENTATION_CONTEXT(2) 
PARAMETRIC_REPRESENTATION_CONTEXT() REPRESENTATION_CONTEXT('2D SPACE',''
  ) );
#8632 = ORIENTED_EDGE('',*,*,#8588,.F.);
#8633 = ADVANCED_FACE('',(#8634),#2495,.F.);
#8634 = FACE_BOUND('',#8635,.F.);
#8635 = EDGE_LOOP('',(#8636,#8665,#8686,#8687));
#8636 = ORIENTED_EDGE('',*,*,#8637,.F.);
#8637 = EDGE_CURVE('',#8638,#8638,#8640,.T.);
#8638 = VERTEX_POINT('',#8639);
#8639 = CARTESIAN_POINT('',(155.1,60.,-2.8));
#8640 = SURFACE_CURVE('',#8641,(#8646,#8653),.PCURVE_S1.);
#8641 = CIRCLE('',#8642,3.1);
#8642 = AXIS2_PLACEMENT_3D('',#8643,#8644,#8645);
#8643 = CARTESIAN_POINT('',(152.,60.,-2.8));
#8644 = DIRECTION('',(0.,0.,1.));
#8645 = DIRECTION('',(1.,0.,-0.));
#8646 = PCURVE('',#2495,#8647);
#8647 = DEFINITIONAL_REPRESENTATION('',(#8648),#8652);
#8648 = LINE('',#8649,#8650);
#8649 = CARTESIAN_POINT('',(0.,3.2));
#8650 = VECTOR('',#8651,1.);
#8651 = DIRECTION('',(1.,0.));
#8652 = ( GEOMETRIC_REPRESENTATION_CONTEXT(2) 
PARAMETRIC_REPRESENTATION_CONTEXT() REPRESENTATION_CONTEXT('2D SPACE',''
  ) );
#8653 = PCURVE('',#8654,#8659);
#8654 = PLANE('',#8655);
#8655 = AXIS2_PLACEMENT_3D('',#8656,#8657,#8658);
#8656 = CARTESIAN_POINT('',(152.,60.,-2.8));
#8657 = DIRECTION('',(0.,0.,1.));
#8658 = DIRECTION('',(1.,0.,-0.));
#8659 = DEFINITIONAL_REPRESENTATION('',(#8660),#8664);
#8660 = CIRCLE('',#8661,3.1);
#8661 = AXIS2_PLACEMENT_2D('',#8662,#8663);
#8662 = CARTESIAN_POINT('',(0.,0.));
#8663 = DIRECTION('',(1.,0.));
#8664 = ( GEOMETRIC_REPRESENTATION_CONTEXT(2) 
PARAMETRIC_REPRESENTATION_CONTEXT() REPRESENTATION_CONTEXT('2D SPACE',''
  ) );
#8665 = ORIENTED_EDGE('',*,*,#8666,.F.);
#8666 = EDGE_CURVE('',#2479,#8638,#8667,.T.);
#8667 = SEAM_CURVE('',#8668,(#8672,#8679),.PCURVE_S1.);
#8668 = LINE('',#8669,#8670);
#8669 = CARTESIAN_POINT('',(155.1,60.,-6.));
#8670 = VECTOR('',#8671,1.);
#8671 = DIRECTION('',(0.,0.,1.));
#8672 = PCURVE('',#2495,#8673);
#8673 = DEFINITIONAL_REPRESENTATION('',(#8674),#8678);
#8674 = LINE('',#8675,#8676);
#8675 = CARTESIAN_POINT('',(6.28318530718,-0.));
#8676 = VECTOR('',#8677,1.);
#8677 = DIRECTION('',(0.,1.));
#8678 = ( GEOMETRIC_REPRESENTATION_CONTEXT(2) 
PARAMETRIC_REPRESENTATION_CONTEXT() REPRESENTATION_CONTEXT('2D SPACE',''
  ) );
#8679 = PCURVE('',#2495,#8680);
#8680 = DEFINITIONAL_REPRESENTATION('',(#8681),#8685);
#8681 = LINE('',#8682,#8683);
#8682 = CARTESIAN_POINT('',(0.,-0.));
#8683 = VECTOR('',#8684,1.);
#8684 = DIRECTION('',(0.,1.));
#8685 = ( GEOMETRIC_REPRESENTATION_CONTEXT(2) 
PARAMETRIC_REPRESENTATION_CONTEXT() REPRESENTATION_CONTEXT('2D SPACE',''
  ) );
#8686 = ORIENTED_EDGE('',*,*,#2478,.T.);
#8687 = ORIENTED_EDGE('',*,*,#8666,.T.);
#8688 = ADVANCED_FACE('',(#8689),#2527,.F.);
#8689 = FACE_BOUND('',#8690,.F.);
#8690 = EDGE_LOOP('',(#8691,#8714,#8742,#8763));
#8691 = ORIENTED_EDGE('',*,*,#8692,.F.);
#8692 = EDGE_CURVE('',#8693,#2510,#8695,.T.);
#8693 = VERTEX_POINT('',#8694);
#8694 = CARTESIAN_POINT('',(105.2500001,78.5,-14.));
#8695 = SURFACE_CURVE('',#8696,(#8700,#8707),.PCURVE_S1.);
#8696 = LINE('',#8697,#8698);
#8697 = CARTESIAN_POINT('',(105.2500001,78.5,-14.));
#8698 = VECTOR('',#8699,1.);
#8699 = DIRECTION('',(0.,0.,1.));
#8700 = PCURVE('',#2527,#8701);
#8701 = DEFINITIONAL_REPRESENTATION('',(#8702),#8706);
#8702 = LINE('',#8703,#8704);
#8703 = CARTESIAN_POINT('',(0.,0.));
#8704 = VECTOR('',#8705,1.);
#8705 = DIRECTION('',(1.,0.));
#8706 = ( GEOMETRIC_REPRESENTATION_CONTEXT(2) 
PARAMETRIC_REPRESENTATION_CONTEXT() REPRESENTATION_CONTEXT('2D SPACE',''
  ) );
#8707 = PCURVE('',#2833,#8708);
#8708 = DEFINITIONAL_REPRESENTATION('',(#8709),#8713);
#8709 = LINE('',#8710,#8711);
#8710 = CARTESIAN_POINT('',(0.,0.));
#8711 = VECTOR('',#8712,1.);
#8712 = DIRECTION('',(1.,0.));
#8713 = ( GEOMETRIC_REPRESENTATION_CONTEXT(2) 
PARAMETRIC_REPRESENTATION_CONTEXT() REPRESENTATION_CONTEXT('2D SPACE',''
  ) );
#8714 = ORIENTED_EDGE('',*,*,#8715,.T.);
#8715 = EDGE_CURVE('',#8693,#8716,#8718,.T.);
#8716 = VERTEX_POINT('',#8717);
#8717 = CARTESIAN_POINT('',(105.2500001,81.5,-14.));
#8718 = SURFACE_CURVE('',#8719,(#8723,#8730),.PCURVE_S1.);
#8719 = LINE('',#8720,#8721);
#8720 = CARTESIAN_POINT('',(105.2500001,78.5,-14.));
#8721 = VECTOR('',#8722,1.);
#8722 = DIRECTION('',(-0.,1.,0.));
#8723 = PCURVE('',#2527,#8724);
#8724 = DEFINITIONAL_REPRESENTATION('',(#8725),#8729);
#8725 = LINE('',#8726,#8727);
#8726 = CARTESIAN_POINT('',(0.,0.));
#8727 = VECTOR('',#8728,1.);
#8728 = DIRECTION('',(0.,-1.));
#8729 = ( GEOMETRIC_REPRESENTATION_CONTEXT(2) 
PARAMETRIC_REPRESENTATION_CONTEXT() REPRESENTATION_CONTEXT('2D SPACE',''
  ) );
#8730 = PCURVE('',#8731,#8736);
#8731 = PLANE('',#8732);
#8732 = AXIS2_PLACEMENT_3D('',#8733,#8734,#8735);
#8733 = CARTESIAN_POINT('',(105.2500001,78.5,-14.));
#8734 = DIRECTION('',(0.,0.,1.));
#8735 = DIRECTION('',(1.,0.,-0.));
#8736 = DEFINITIONAL_REPRESENTATION('',(#8737),#8741);
#8737 = LINE('',#8738,#8739);
#8738 = CARTESIAN_POINT('',(0.,0.));
#8739 = VECTOR('',#8740,1.);
#8740 = DIRECTION('',(0.,1.));
#8741 = ( GEOMETRIC_REPRESENTATION_CONTEXT(2) 
PARAMETRIC_REPRESENTATION_CONTEXT() REPRESENTATION_CONTEXT('2D SPACE',''
  ) );
#8742 = ORIENTED_EDGE('',*,*,#8743,.T.);
#8743 = EDGE_CURVE('',#8716,#2512,#8744,.T.);
#8744 = SURFACE_CURVE('',#8745,(#8749,#8756),.PCURVE_S1.);
#8745 = LINE('',#8746,#8747);
#8746 = CARTESIAN_POINT('',(105.2500001,81.5,-14.));
#8747 = VECTOR('',#8748,1.);
#8748 = DIRECTION('',(0.,0.,1.));
#8749 = PCURVE('',#2527,#8750);
#8750 = DEFINITIONAL_REPRESENTATION('',(#8751),#8755);
#8751 = LINE('',#8752,#8753);
#8752 = CARTESIAN_POINT('',(0.,-3.));
#8753 = VECTOR('',#8754,1.);
#8754 = DIRECTION('',(1.,0.));
#8755 = ( GEOMETRIC_REPRESENTATION_CONTEXT(2) 
PARAMETRIC_REPRESENTATION_CONTEXT() REPRESENTATION_CONTEXT('2D SPACE',''
  ) );
#8756 = PCURVE('',#2555,#8757);
#8757 = DEFINITIONAL_REPRESENTATION('',(#8758),#8762);
#8758 = LINE('',#8759,#8760);
#8759 = CARTESIAN_POINT('',(0.,0.));
#8760 = VECTOR('',#8761,1.);
#8761 = DIRECTION('',(1.,0.));
#8762 = ( GEOMETRIC_REPRESENTATION_CONTEXT(2) 
PARAMETRIC_REPRESENTATION_CONTEXT() REPRESENTATION_CONTEXT('2D SPACE',''
  ) );
#8763 = ORIENTED_EDGE('',*,*,#2509,.F.);
#8764 = ADVANCED_FACE('',(#8765),#2555,.T.);
#8765 = FACE_BOUND('',#8766,.T.);
#8766 = EDGE_LOOP('',(#8767,#8790,#8791,#8792));
#8767 = ORIENTED_EDGE('',*,*,#8768,.F.);
#8768 = EDGE_CURVE('',#8716,#8769,#8771,.T.);
#8769 = VERTEX_POINT('',#8770);
#8770 = CARTESIAN_POINT('',(118.5,81.5,-14.));
#8771 = SURFACE_CURVE('',#8772,(#8776,#8783),.PCURVE_S1.);
#8772 = LINE('',#8773,#8774);
#8773 = CARTESIAN_POINT('',(105.2500001,81.5,-14.));
#8774 = VECTOR('',#8775,1.);
#8775 = DIRECTION('',(1.,0.,-0.));
#8776 = PCURVE('',#2555,#8777);
#8777 = DEFINITIONAL_REPRESENTATION('',(#8778),#8782);
#8778 = LINE('',#8779,#8780);
#8779 = CARTESIAN_POINT('',(0.,0.));
#8780 = VECTOR('',#8781,1.);
#8781 = DIRECTION('',(0.,1.));
#8782 = ( GEOMETRIC_REPRESENTATION_CONTEXT(2) 
PARAMETRIC_REPRESENTATION_CONTEXT() REPRESENTATION_CONTEXT('2D SPACE',''
  ) );
#8783 = PCURVE('',#8731,#8784);
#8784 = DEFINITIONAL_REPRESENTATION('',(#8785),#8789);
#8785 = LINE('',#8786,#8787);
#8786 = CARTESIAN_POINT('',(0.,3.));
#8787 = VECTOR('',#8788,1.);
#8788 = DIRECTION('',(1.,0.));
#8789 = ( GEOMETRIC_REPRESENTATION_CONTEXT(2) 
PARAMETRIC_REPRESENTATION_CONTEXT() REPRESENTATION_CONTEXT('2D SPACE',''
  ) );
#8790 = ORIENTED_EDGE('',*,*,#8743,.T.);
#8791 = ORIENTED_EDGE('',*,*,#2539,.T.);
#8792 = ORIENTED_EDGE('',*,*,#8793,.T.);
#8793 = EDGE_CURVE('',#2540,#8769,#8794,.T.);
#8794 = SURFACE_CURVE('',#8795,(#8799,#8805),.PCURVE_S1.);
#8795 = LINE('',#8796,#8797);
#8796 = CARTESIAN_POINT('',(118.5,81.5,-14.));
#8797 = VECTOR('',#8798,1.);
#8798 = DIRECTION('',(-0.,0.,-1.));
#8799 = PCURVE('',#2555,#8800);
#8800 = DEFINITIONAL_REPRESENTATION('',(#8801),#8804);
#8801 = B_SPLINE_CURVE_WITH_KNOTS('',1,(#8802,#8803),.UNSPECIFIED.,.F.,
  .F.,(2,2),(-8.,0.),.PIECEWISE_BEZIER_KNOTS.);
#8802 = CARTESIAN_POINT('',(8.,13.2499999));
#8803 = CARTESIAN_POINT('',(0.,13.2499999));
#8804 = ( GEOMETRIC_REPRESENTATION_CONTEXT(2) 
PARAMETRIC_REPRESENTATION_CONTEXT() REPRESENTATION_CONTEXT('2D SPACE',''
  ) );
#8805 = PCURVE('',#2583,#8806);
#8806 = DEFINITIONAL_REPRESENTATION('',(#8807),#8810);
#8807 = B_SPLINE_CURVE_WITH_KNOTS('',1,(#8808,#8809),.UNSPECIFIED.,.F.,
  .F.,(2,2),(-8.,0.),.PIECEWISE_BEZIER_KNOTS.);
#8808 = CARTESIAN_POINT('',(8.,-38.5));
#8809 = CARTESIAN_POINT('',(0.,-38.5));
#8810 = ( GEOMETRIC_REPRESENTATION_CONTEXT(2) 
PARAMETRIC_REPRESENTATION_CONTEXT() REPRESENTATION_CONTEXT('2D SPACE',''
  ) );
#8811 = ADVANCED_FACE('',(#8812),#2833,.F.);
#8812 = FACE_BOUND('',#8813,.F.);
#8813 = EDGE_LOOP('',(#8814,#8837,#8838,#8839));
#8814 = ORIENTED_EDGE('',*,*,#8815,.F.);
#8815 = EDGE_CURVE('',#8693,#8816,#8818,.T.);
#8816 = VERTEX_POINT('',#8817);
#8817 = CARTESIAN_POINT('',(118.5,78.5,-14.));
#8818 = SURFACE_CURVE('',#8819,(#8823,#8830),.PCURVE_S1.);
#8819 = LINE('',#8820,#8821);
#8820 = CARTESIAN_POINT('',(105.2500001,78.5,-14.));
#8821 = VECTOR('',#8822,1.);
#8822 = DIRECTION('',(1.,0.,-0.));
#8823 = PCURVE('',#2833,#8824);
#8824 = DEFINITIONAL_REPRESENTATION('',(#8825),#8829);
#8825 = LINE('',#8826,#8827);
#8826 = CARTESIAN_POINT('',(0.,0.));
#8827 = VECTOR('',#8828,1.);
#8828 = DIRECTION('',(0.,1.));
#8829 = ( GEOMETRIC_REPRESENTATION_CONTEXT(2) 
PARAMETRIC_REPRESENTATION_CONTEXT() REPRESENTATION_CONTEXT('2D SPACE',''
  ) );
#8830 = PCURVE('',#8731,#8831);
#8831 = DEFINITIONAL_REPRESENTATION('',(#8832),#8836);
#8832 = LINE('',#8833,#8834);
#8833 = CARTESIAN_POINT('',(0.,0.));
#8834 = VECTOR('',#8835,1.);
#8835 = DIRECTION('',(1.,0.));
#8836 = ( GEOMETRIC_REPRESENTATION_CONTEXT(2) 
PARAMETRIC_REPRESENTATION_CONTEXT() REPRESENTATION_CONTEXT('2D SPACE',''
  ) );
#8837 = ORIENTED_EDGE('',*,*,#8692,.T.);
#8838 = ORIENTED_EDGE('',*,*,#2819,.T.);
#8839 = ORIENTED_EDGE('',*,*,#8840,.T.);
#8840 = EDGE_CURVE('',#2792,#8816,#8841,.T.);
#8841 = SURFACE_CURVE('',#8842,(#8846,#8852),.PCURVE_S1.);
#8842 = LINE('',#8843,#8844);
#8843 = CARTESIAN_POINT('',(118.5,78.5,-14.));
#8844 = VECTOR('',#8845,1.);
#8845 = DIRECTION('',(-0.,0.,-1.));
#8846 = PCURVE('',#2833,#8847);
#8847 = DEFINITIONAL_REPRESENTATION('',(#8848),#8851);
#8848 = B_SPLINE_CURVE_WITH_KNOTS('',1,(#8849,#8850),.UNSPECIFIED.,.F.,
  .F.,(2,2),(-8.,0.),.PIECEWISE_BEZIER_KNOTS.);
#8849 = CARTESIAN_POINT('',(8.,13.2499999));
#8850 = CARTESIAN_POINT('',(0.,13.2499999));
#8851 = ( GEOMETRIC_REPRESENTATION_CONTEXT(2) 
PARAMETRIC_REPRESENTATION_CONTEXT() REPRESENTATION_CONTEXT('2D SPACE',''
  ) );
#8852 = PCURVE('',#2807,#8853);
#8853 = DEFINITIONAL_REPRESENTATION('',(#8854),#8857);
#8854 = B_SPLINE_CURVE_WITH_KNOTS('',1,(#8855,#8856),.UNSPECIFIED.,.F.,
  .F.,(2,2),(-8.,0.),.PIECEWISE_BEZIER_KNOTS.);
#8855 = CARTESIAN_POINT('',(8.,-35.5));
#8856 = CARTESIAN_POINT('',(0.,-35.5));
#8857 = ( GEOMETRIC_REPRESENTATION_CONTEXT(2) 
PARAMETRIC_REPRESENTATION_CONTEXT() REPRESENTATION_CONTEXT('2D SPACE',''
  ) );
#8858 = ADVANCED_FACE('',(#8859),#2583,.F.);
#8859 = FACE_BOUND('',#8860,.F.);
#8860 = EDGE_LOOP('',(#8861,#8862,#8863,#8886));
#8861 = ORIENTED_EDGE('',*,*,#2567,.F.);
#8862 = ORIENTED_EDGE('',*,*,#8793,.T.);
#8863 = ORIENTED_EDGE('',*,*,#8864,.T.);
#8864 = EDGE_CURVE('',#8769,#8865,#8867,.T.);
#8865 = VERTEX_POINT('',#8866);
#8866 = CARTESIAN_POINT('',(118.5,91.,-14.));
#8867 = SURFACE_CURVE('',#8868,(#8872,#8879),.PCURVE_S1.);
#8868 = LINE('',#8869,#8870);
#8869 = CARTESIAN_POINT('',(118.5,43.,-14.));
#8870 = VECTOR('',#8871,1.);
#8871 = DIRECTION('',(-0.,1.,0.));
#8872 = PCURVE('',#2583,#8873);
#8873 = DEFINITIONAL_REPRESENTATION('',(#8874),#8878);
#8874 = LINE('',#8875,#8876);
#8875 = CARTESIAN_POINT('',(0.,0.));
#8876 = VECTOR('',#8877,1.);
#8877 = DIRECTION('',(0.,-1.));
#8878 = ( GEOMETRIC_REPRESENTATION_CONTEXT(2) 
PARAMETRIC_REPRESENTATION_CONTEXT() REPRESENTATION_CONTEXT('2D SPACE',''
  ) );
#8879 = PCURVE('',#8731,#8880);
#8880 = DEFINITIONAL_REPRESENTATION('',(#8881),#8885);
#8881 = LINE('',#8882,#8883);
#8882 = CARTESIAN_POINT('',(13.2499999,-35.5));
#8883 = VECTOR('',#8884,1.);
#8884 = DIRECTION('',(0.,1.));
#8885 = ( GEOMETRIC_REPRESENTATION_CONTEXT(2) 
PARAMETRIC_REPRESENTATION_CONTEXT() REPRESENTATION_CONTEXT('2D SPACE',''
  ) );
#8886 = ORIENTED_EDGE('',*,*,#8887,.T.);
#8887 = EDGE_CURVE('',#8865,#2568,#8888,.T.);
#8888 = SURFACE_CURVE('',#8889,(#8893,#8900),.PCURVE_S1.);
#8889 = LINE('',#8890,#8891);
#8890 = CARTESIAN_POINT('',(118.5,91.,-14.));
#8891 = VECTOR('',#8892,1.);
#8892 = DIRECTION('',(0.,0.,1.));
#8893 = PCURVE('',#2583,#8894);
#8894 = DEFINITIONAL_REPRESENTATION('',(#8895),#8899);
#8895 = LINE('',#8896,#8897);
#8896 = CARTESIAN_POINT('',(0.,-48.));
#8897 = VECTOR('',#8898,1.);
#8898 = DIRECTION('',(1.,0.));
#8899 = ( GEOMETRIC_REPRESENTATION_CONTEXT(2) 
PARAMETRIC_REPRESENTATION_CONTEXT() REPRESENTATION_CONTEXT('2D SPACE',''
  ) );
#8900 = PCURVE('',#2611,#8901);
#8901 = DEFINITIONAL_REPRESENTATION('',(#8902),#8906);
#8902 = LINE('',#8903,#8904);
#8903 = CARTESIAN_POINT('',(0.,0.));
#8904 = VECTOR('',#8905,1.);
#8905 = DIRECTION('',(1.,0.));
#8906 = ( GEOMETRIC_REPRESENTATION_CONTEXT(2) 
PARAMETRIC_REPRESENTATION_CONTEXT() REPRESENTATION_CONTEXT('2D SPACE',''
  ) );
#8907 = ADVANCED_FACE('',(#8908),#2807,.F.);
#8908 = FACE_BOUND('',#8909,.F.);
#8909 = EDGE_LOOP('',(#8910,#8911,#8934,#8955));
#8910 = ORIENTED_EDGE('',*,*,#2791,.F.);
#8911 = ORIENTED_EDGE('',*,*,#8912,.F.);
#8912 = EDGE_CURVE('',#8913,#2764,#8915,.T.);
#8913 = VERTEX_POINT('',#8914);
#8914 = CARTESIAN_POINT('',(118.5,43.,-14.));
#8915 = SURFACE_CURVE('',#8916,(#8920,#8927),.PCURVE_S1.);
#8916 = LINE('',#8917,#8918);
#8917 = CARTESIAN_POINT('',(118.5,43.,-14.));
#8918 = VECTOR('',#8919,1.);
#8919 = DIRECTION('',(0.,0.,1.));
#8920 = PCURVE('',#2807,#8921);
#8921 = DEFINITIONAL_REPRESENTATION('',(#8922),#8926);
#8922 = LINE('',#8923,#8924);
#8923 = CARTESIAN_POINT('',(0.,0.));
#8924 = VECTOR('',#8925,1.);
#8925 = DIRECTION('',(1.,0.));
#8926 = ( GEOMETRIC_REPRESENTATION_CONTEXT(2) 
PARAMETRIC_REPRESENTATION_CONTEXT() REPRESENTATION_CONTEXT('2D SPACE',''
  ) );
#8927 = PCURVE('',#2779,#8928);
#8928 = DEFINITIONAL_REPRESENTATION('',(#8929),#8933);
#8929 = LINE('',#8930,#8931);
#8930 = CARTESIAN_POINT('',(0.,0.));
#8931 = VECTOR('',#8932,1.);
#8932 = DIRECTION('',(1.,0.));
#8933 = ( GEOMETRIC_REPRESENTATION_CONTEXT(2) 
PARAMETRIC_REPRESENTATION_CONTEXT() REPRESENTATION_CONTEXT('2D SPACE',''
  ) );
#8934 = ORIENTED_EDGE('',*,*,#8935,.T.);
#8935 = EDGE_CURVE('',#8913,#8816,#8936,.T.);
#8936 = SURFACE_CURVE('',#8937,(#8941,#8948),.PCURVE_S1.);
#8937 = LINE('',#8938,#8939);
#8938 = CARTESIAN_POINT('',(118.5,43.,-14.));
#8939 = VECTOR('',#8940,1.);
#8940 = DIRECTION('',(-0.,1.,0.));
#8941 = PCURVE('',#2807,#8942);
#8942 = DEFINITIONAL_REPRESENTATION('',(#8943),#8947);
#8943 = LINE('',#8944,#8945);
#8944 = CARTESIAN_POINT('',(0.,0.));
#8945 = VECTOR('',#8946,1.);
#8946 = DIRECTION('',(0.,-1.));
#8947 = ( GEOMETRIC_REPRESENTATION_CONTEXT(2) 
PARAMETRIC_REPRESENTATION_CONTEXT() REPRESENTATION_CONTEXT('2D SPACE',''
  ) );
#8948 = PCURVE('',#8731,#8949);
#8949 = DEFINITIONAL_REPRESENTATION('',(#8950),#8954);
#8950 = LINE('',#8951,#8952);
#8951 = CARTESIAN_POINT('',(13.2499999,-35.5));
#8952 = VECTOR('',#8953,1.);
#8953 = DIRECTION('',(0.,1.));
#8954 = ( GEOMETRIC_REPRESENTATION_CONTEXT(2) 
PARAMETRIC_REPRESENTATION_CONTEXT() REPRESENTATION_CONTEXT('2D SPACE',''
  ) );
#8955 = ORIENTED_EDGE('',*,*,#8840,.F.);
#8956 = ADVANCED_FACE('',(#8957),#2611,.T.);
#8957 = FACE_BOUND('',#8958,.T.);
#8958 = EDGE_LOOP('',(#8959,#8982,#8983,#8984));
#8959 = ORIENTED_EDGE('',*,*,#8960,.F.);
#8960 = EDGE_CURVE('',#8865,#8961,#8963,.T.);
#8961 = VERTEX_POINT('',#8962);
#8962 = CARTESIAN_POINT('',(121.5,91.,-14.));
#8963 = SURFACE_CURVE('',#8964,(#8968,#8975),.PCURVE_S1.);
#8964 = LINE('',#8965,#8966);
#8965 = CARTESIAN_POINT('',(118.5,91.,-14.));
#8966 = VECTOR('',#8967,1.);
#8967 = DIRECTION('',(1.,0.,-0.));
#8968 = PCURVE('',#2611,#8969);
#8969 = DEFINITIONAL_REPRESENTATION('',(#8970),#8974);
#8970 = LINE('',#8971,#8972);
#8971 = CARTESIAN_POINT('',(0.,0.));
#8972 = VECTOR('',#8973,1.);
#8973 = DIRECTION('',(0.,1.));
#8974 = ( GEOMETRIC_REPRESENTATION_CONTEXT(2) 
PARAMETRIC_REPRESENTATION_CONTEXT() REPRESENTATION_CONTEXT('2D SPACE',''
  ) );
#8975 = PCURVE('',#8731,#8976);
#8976 = DEFINITIONAL_REPRESENTATION('',(#8977),#8981);
#8977 = LINE('',#8978,#8979);
#8978 = CARTESIAN_POINT('',(13.2499999,12.5));
#8979 = VECTOR('',#8980,1.);
#8980 = DIRECTION('',(1.,0.));
#8981 = ( GEOMETRIC_REPRESENTATION_CONTEXT(2) 
PARAMETRIC_REPRESENTATION_CONTEXT() REPRESENTATION_CONTEXT('2D SPACE',''
  ) );
#8982 = ORIENTED_EDGE('',*,*,#8887,.T.);
#8983 = ORIENTED_EDGE('',*,*,#2595,.T.);
#8984 = ORIENTED_EDGE('',*,*,#8985,.F.);
#8985 = EDGE_CURVE('',#8961,#2596,#8986,.T.);
#8986 = SURFACE_CURVE('',#8987,(#8991,#8998),.PCURVE_S1.);
#8987 = LINE('',#8988,#8989);
#8988 = CARTESIAN_POINT('',(121.5,91.,-14.));
#8989 = VECTOR('',#8990,1.);
#8990 = DIRECTION('',(0.,0.,1.));
#8991 = PCURVE('',#2611,#8992);
#8992 = DEFINITIONAL_REPRESENTATION('',(#8993),#8997);
#8993 = LINE('',#8994,#8995);
#8994 = CARTESIAN_POINT('',(0.,3.));
#8995 = VECTOR('',#8996,1.);
#8996 = DIRECTION('',(1.,0.));
#8997 = ( GEOMETRIC_REPRESENTATION_CONTEXT(2) 
PARAMETRIC_REPRESENTATION_CONTEXT() REPRESENTATION_CONTEXT('2D SPACE',''
  ) );
#8998 = PCURVE('',#2639,#8999);
#8999 = DEFINITIONAL_REPRESENTATION('',(#9000),#9004);
#9000 = LINE('',#9001,#9002);
#9001 = CARTESIAN_POINT('',(0.,-48.));
#9002 = VECTOR('',#9003,1.);
#9003 = DIRECTION('',(1.,0.));
#9004 = ( GEOMETRIC_REPRESENTATION_CONTEXT(2) 
PARAMETRIC_REPRESENTATION_CONTEXT() REPRESENTATION_CONTEXT('2D SPACE',''
  ) );
#9005 = ADVANCED_FACE('',(#9006),#2779,.F.);
#9006 = FACE_BOUND('',#9007,.F.);
#9007 = EDGE_LOOP('',(#9008,#9031,#9032,#9033));
#9008 = ORIENTED_EDGE('',*,*,#9009,.F.);
#9009 = EDGE_CURVE('',#8913,#9010,#9012,.T.);
#9010 = VERTEX_POINT('',#9011);
#9011 = CARTESIAN_POINT('',(121.5,43.,-14.));
#9012 = SURFACE_CURVE('',#9013,(#9017,#9024),.PCURVE_S1.);
#9013 = LINE('',#9014,#9015);
#9014 = CARTESIAN_POINT('',(118.5,43.,-14.));
#9015 = VECTOR('',#9016,1.);
#9016 = DIRECTION('',(1.,0.,-0.));
#9017 = PCURVE('',#2779,#9018);
#9018 = DEFINITIONAL_REPRESENTATION('',(#9019),#9023);
#9019 = LINE('',#9020,#9021);
#9020 = CARTESIAN_POINT('',(0.,0.));
#9021 = VECTOR('',#9022,1.);
#9022 = DIRECTION('',(0.,1.));
#9023 = ( GEOMETRIC_REPRESENTATION_CONTEXT(2) 
PARAMETRIC_REPRESENTATION_CONTEXT() REPRESENTATION_CONTEXT('2D SPACE',''
  ) );
#9024 = PCURVE('',#8731,#9025);
#9025 = DEFINITIONAL_REPRESENTATION('',(#9026),#9030);
#9026 = LINE('',#9027,#9028);
#9027 = CARTESIAN_POINT('',(13.2499999,-35.5));
#9028 = VECTOR('',#9029,1.);
#9029 = DIRECTION('',(1.,0.));
#9030 = ( GEOMETRIC_REPRESENTATION_CONTEXT(2) 
PARAMETRIC_REPRESENTATION_CONTEXT() REPRESENTATION_CONTEXT('2D SPACE',''
  ) );
#9031 = ORIENTED_EDGE('',*,*,#8912,.T.);
#9032 = ORIENTED_EDGE('',*,*,#2763,.T.);
#9033 = ORIENTED_EDGE('',*,*,#9034,.F.);
#9034 = EDGE_CURVE('',#9010,#2736,#9035,.T.);
#9035 = SURFACE_CURVE('',#9036,(#9040,#9047),.PCURVE_S1.);
#9036 = LINE('',#9037,#9038);
#9037 = CARTESIAN_POINT('',(121.5,43.,-14.));
#9038 = VECTOR('',#9039,1.);
#9039 = DIRECTION('',(0.,0.,1.));
#9040 = PCURVE('',#2779,#9041);
#9041 = DEFINITIONAL_REPRESENTATION('',(#9042),#9046);
#9042 = LINE('',#9043,#9044);
#9043 = CARTESIAN_POINT('',(0.,3.));
#9044 = VECTOR('',#9045,1.);
#9045 = DIRECTION('',(1.,0.));
#9046 = ( GEOMETRIC_REPRESENTATION_CONTEXT(2) 
PARAMETRIC_REPRESENTATION_CONTEXT() REPRESENTATION_CONTEXT('2D SPACE',''
  ) );
#9047 = PCURVE('',#2751,#9048);
#9048 = DEFINITIONAL_REPRESENTATION('',(#9049),#9053);
#9049 = LINE('',#9050,#9051);
#9050 = CARTESIAN_POINT('',(0.,0.));
#9051 = VECTOR('',#9052,1.);
#9052 = DIRECTION('',(1.,0.));
#9053 = ( GEOMETRIC_REPRESENTATION_CONTEXT(2) 
PARAMETRIC_REPRESENTATION_CONTEXT() REPRESENTATION_CONTEXT('2D SPACE',''
  ) );
#9054 = ADVANCED_FACE('',(#9055),#2639,.T.);
#9055 = FACE_BOUND('',#9056,.T.);
#9056 = EDGE_LOOP('',(#9057,#9058,#9079,#9100));
#9057 = ORIENTED_EDGE('',*,*,#2623,.F.);
#9058 = ORIENTED_EDGE('',*,*,#9059,.T.);
#9059 = EDGE_CURVE('',#2624,#9060,#9062,.T.);
#9060 = VERTEX_POINT('',#9061);
#9061 = CARTESIAN_POINT('',(121.5,81.5,-14.));
#9062 = SURFACE_CURVE('',#9063,(#9067,#9073),.PCURVE_S1.);
#9063 = LINE('',#9064,#9065);
#9064 = CARTESIAN_POINT('',(121.5,81.5,-14.));
#9065 = VECTOR('',#9066,1.);
#9066 = DIRECTION('',(-0.,0.,-1.));
#9067 = PCURVE('',#2639,#9068);
#9068 = DEFINITIONAL_REPRESENTATION('',(#9069),#9072);
#9069 = B_SPLINE_CURVE_WITH_KNOTS('',1,(#9070,#9071),.UNSPECIFIED.,.F.,
  .F.,(2,2),(-8.,0.),.PIECEWISE_BEZIER_KNOTS.);
#9070 = CARTESIAN_POINT('',(8.,-38.5));
#9071 = CARTESIAN_POINT('',(0.,-38.5));
#9072 = ( GEOMETRIC_REPRESENTATION_CONTEXT(2) 
PARAMETRIC_REPRESENTATION_CONTEXT() REPRESENTATION_CONTEXT('2D SPACE',''
  ) );
#9073 = PCURVE('',#2667,#9074);
#9074 = DEFINITIONAL_REPRESENTATION('',(#9075),#9078);
#9075 = B_SPLINE_CURVE_WITH_KNOTS('',1,(#9076,#9077),.UNSPECIFIED.,.F.,
  .F.,(2,2),(-8.,0.),.PIECEWISE_BEZIER_KNOTS.);
#9076 = CARTESIAN_POINT('',(8.,16.2499999));
#9077 = CARTESIAN_POINT('',(0.,16.2499999));
#9078 = ( GEOMETRIC_REPRESENTATION_CONTEXT(2) 
PARAMETRIC_REPRESENTATION_CONTEXT() REPRESENTATION_CONTEXT('2D SPACE',''
  ) );
#9079 = ORIENTED_EDGE('',*,*,#9080,.T.);
#9080 = EDGE_CURVE('',#9060,#8961,#9081,.T.);
#9081 = SURFACE_CURVE('',#9082,(#9086,#9093),.PCURVE_S1.);
#9082 = LINE('',#9083,#9084);
#9083 = CARTESIAN_POINT('',(121.5,43.,-14.));
#9084 = VECTOR('',#9085,1.);
#9085 = DIRECTION('',(-0.,1.,0.));
#9086 = PCURVE('',#2639,#9087);
#9087 = DEFINITIONAL_REPRESENTATION('',(#9088),#9092);
#9088 = LINE('',#9089,#9090);
#9089 = CARTESIAN_POINT('',(0.,0.));
#9090 = VECTOR('',#9091,1.);
#9091 = DIRECTION('',(0.,-1.));
#9092 = ( GEOMETRIC_REPRESENTATION_CONTEXT(2) 
PARAMETRIC_REPRESENTATION_CONTEXT() REPRESENTATION_CONTEXT('2D SPACE',''
  ) );
#9093 = PCURVE('',#8731,#9094);
#9094 = DEFINITIONAL_REPRESENTATION('',(#9095),#9099);
#9095 = LINE('',#9096,#9097);
#9096 = CARTESIAN_POINT('',(16.2499999,-35.5));
#9097 = VECTOR('',#9098,1.);
#9098 = DIRECTION('',(0.,1.));
#9099 = ( GEOMETRIC_REPRESENTATION_CONTEXT(2) 
PARAMETRIC_REPRESENTATION_CONTEXT() REPRESENTATION_CONTEXT('2D SPACE',''
  ) );
#9100 = ORIENTED_EDGE('',*,*,#8985,.T.);
#9101 = ADVANCED_FACE('',(#9102),#2751,.T.);
#9102 = FACE_BOUND('',#9103,.T.);
#9103 = EDGE_LOOP('',(#9104,#9105,#9106,#9129));
#9104 = ORIENTED_EDGE('',*,*,#2735,.F.);
#9105 = ORIENTED_EDGE('',*,*,#9034,.F.);
#9106 = ORIENTED_EDGE('',*,*,#9107,.T.);
#9107 = EDGE_CURVE('',#9010,#9108,#9110,.T.);
#9108 = VERTEX_POINT('',#9109);
#9109 = CARTESIAN_POINT('',(121.5,78.5,-14.));
#9110 = SURFACE_CURVE('',#9111,(#9115,#9122),.PCURVE_S1.);
#9111 = LINE('',#9112,#9113);
#9112 = CARTESIAN_POINT('',(121.5,43.,-14.));
#9113 = VECTOR('',#9114,1.);
#9114 = DIRECTION('',(-0.,1.,0.));
#9115 = PCURVE('',#2751,#9116);
#9116 = DEFINITIONAL_REPRESENTATION('',(#9117),#9121);
#9117 = LINE('',#9118,#9119);
#9118 = CARTESIAN_POINT('',(0.,0.));
#9119 = VECTOR('',#9120,1.);
#9120 = DIRECTION('',(0.,-1.));
#9121 = ( GEOMETRIC_REPRESENTATION_CONTEXT(2) 
PARAMETRIC_REPRESENTATION_CONTEXT() REPRESENTATION_CONTEXT('2D SPACE',''
  ) );
#9122 = PCURVE('',#8731,#9123);
#9123 = DEFINITIONAL_REPRESENTATION('',(#9124),#9128);
#9124 = LINE('',#9125,#9126);
#9125 = CARTESIAN_POINT('',(16.2499999,-35.5));
#9126 = VECTOR('',#9127,1.);
#9127 = DIRECTION('',(0.,1.));
#9128 = ( GEOMETRIC_REPRESENTATION_CONTEXT(2) 
PARAMETRIC_REPRESENTATION_CONTEXT() REPRESENTATION_CONTEXT('2D SPACE',''
  ) );
#9129 = ORIENTED_EDGE('',*,*,#9130,.F.);
#9130 = EDGE_CURVE('',#2708,#9108,#9131,.T.);
#9131 = SURFACE_CURVE('',#9132,(#9136,#9142),.PCURVE_S1.);
#9132 = LINE('',#9133,#9134);
#9133 = CARTESIAN_POINT('',(121.5,78.5,-14.));
#9134 = VECTOR('',#9135,1.);
#9135 = DIRECTION('',(-0.,0.,-1.));
#9136 = PCURVE('',#2751,#9137);
#9137 = DEFINITIONAL_REPRESENTATION('',(#9138),#9141);
#9138 = B_SPLINE_CURVE_WITH_KNOTS('',1,(#9139,#9140),.UNSPECIFIED.,.F.,
  .F.,(2,2),(-8.,0.),.PIECEWISE_BEZIER_KNOTS.);
#9139 = CARTESIAN_POINT('',(8.,-35.5));
#9140 = CARTESIAN_POINT('',(0.,-35.5));
#9141 = ( GEOMETRIC_REPRESENTATION_CONTEXT(2) 
PARAMETRIC_REPRESENTATION_CONTEXT() REPRESENTATION_CONTEXT('2D SPACE',''
  ) );
#9142 = PCURVE('',#2723,#9143);
#9143 = DEFINITIONAL_REPRESENTATION('',(#9144),#9147);
#9144 = B_SPLINE_CURVE_WITH_KNOTS('',1,(#9145,#9146),.UNSPECIFIED.,.F.,
  .F.,(2,2),(-8.,0.),.PIECEWISE_BEZIER_KNOTS.);
#9145 = CARTESIAN_POINT('',(8.,16.2499999));
#9146 = CARTESIAN_POINT('',(0.,16.2499999));
#9147 = ( GEOMETRIC_REPRESENTATION_CONTEXT(2) 
PARAMETRIC_REPRESENTATION_CONTEXT() REPRESENTATION_CONTEXT('2D SPACE',''
  ) );
#9148 = ADVANCED_FACE('',(#9149),#2667,.T.);
#9149 = FACE_BOUND('',#9150,.T.);
#9150 = EDGE_LOOP('',(#9151,#9174,#9175,#9176));
#9151 = ORIENTED_EDGE('',*,*,#9152,.F.);
#9152 = EDGE_CURVE('',#9060,#9153,#9155,.T.);
#9153 = VERTEX_POINT('',#9154);
#9154 = CARTESIAN_POINT('',(143.,81.5,-14.));
#9155 = SURFACE_CURVE('',#9156,(#9160,#9167),.PCURVE_S1.);
#9156 = LINE('',#9157,#9158);
#9157 = CARTESIAN_POINT('',(105.2500001,81.5,-14.));
#9158 = VECTOR('',#9159,1.);
#9159 = DIRECTION('',(1.,0.,-0.));
#9160 = PCURVE('',#2667,#9161);
#9161 = DEFINITIONAL_REPRESENTATION('',(#9162),#9166);
#9162 = LINE('',#9163,#9164);
#9163 = CARTESIAN_POINT('',(0.,0.));
#9164 = VECTOR('',#9165,1.);
#9165 = DIRECTION('',(0.,1.));
#9166 = ( GEOMETRIC_REPRESENTATION_CONTEXT(2) 
PARAMETRIC_REPRESENTATION_CONTEXT() REPRESENTATION_CONTEXT('2D SPACE',''
  ) );
#9167 = PCURVE('',#8731,#9168);
#9168 = DEFINITIONAL_REPRESENTATION('',(#9169),#9173);
#9169 = LINE('',#9170,#9171);
#9170 = CARTESIAN_POINT('',(0.,3.));
#9171 = VECTOR('',#9172,1.);
#9172 = DIRECTION('',(1.,0.));
#9173 = ( GEOMETRIC_REPRESENTATION_CONTEXT(2) 
PARAMETRIC_REPRESENTATION_CONTEXT() REPRESENTATION_CONTEXT('2D SPACE',''
  ) );
#9174 = ORIENTED_EDGE('',*,*,#9059,.F.);
#9175 = ORIENTED_EDGE('',*,*,#2651,.T.);
#9176 = ORIENTED_EDGE('',*,*,#9177,.F.);
#9177 = EDGE_CURVE('',#9153,#2652,#9178,.T.);
#9178 = SURFACE_CURVE('',#9179,(#9183,#9190),.PCURVE_S1.);
#9179 = LINE('',#9180,#9181);
#9180 = CARTESIAN_POINT('',(143.,81.5,-14.));
#9181 = VECTOR('',#9182,1.);
#9182 = DIRECTION('',(0.,0.,1.));
#9183 = PCURVE('',#2667,#9184);
#9184 = DEFINITIONAL_REPRESENTATION('',(#9185),#9189);
#9185 = LINE('',#9186,#9187);
#9186 = CARTESIAN_POINT('',(0.,37.7499999));
#9187 = VECTOR('',#9188,1.);
#9188 = DIRECTION('',(1.,0.));
#9189 = ( GEOMETRIC_REPRESENTATION_CONTEXT(2) 
PARAMETRIC_REPRESENTATION_CONTEXT() REPRESENTATION_CONTEXT('2D SPACE',''
  ) );
#9190 = PCURVE('',#2695,#9191);
#9191 = DEFINITIONAL_REPRESENTATION('',(#9192),#9196);
#9192 = LINE('',#9193,#9194);
#9193 = CARTESIAN_POINT('',(0.,-3.));
#9194 = VECTOR('',#9195,1.);
#9195 = DIRECTION('',(1.,0.));
#9196 = ( GEOMETRIC_REPRESENTATION_CONTEXT(2) 
PARAMETRIC_REPRESENTATION_CONTEXT() REPRESENTATION_CONTEXT('2D SPACE',''
  ) );
#9197 = ADVANCED_FACE('',(#9198),#2723,.F.);
#9198 = FACE_BOUND('',#9199,.F.);
#9199 = EDGE_LOOP('',(#9200,#9223,#9224,#9225));
#9200 = ORIENTED_EDGE('',*,*,#9201,.F.);
#9201 = EDGE_CURVE('',#9108,#9202,#9204,.T.);
#9202 = VERTEX_POINT('',#9203);
#9203 = CARTESIAN_POINT('',(143.,78.5,-14.));
#9204 = SURFACE_CURVE('',#9205,(#9209,#9216),.PCURVE_S1.);
#9205 = LINE('',#9206,#9207);
#9206 = CARTESIAN_POINT('',(105.2500001,78.5,-14.));
#9207 = VECTOR('',#9208,1.);
#9208 = DIRECTION('',(1.,0.,-0.));
#9209 = PCURVE('',#2723,#9210);
#9210 = DEFINITIONAL_REPRESENTATION('',(#9211),#9215);
#9211 = LINE('',#9212,#9213);
#9212 = CARTESIAN_POINT('',(0.,0.));
#9213 = VECTOR('',#9214,1.);
#9214 = DIRECTION('',(0.,1.));
#9215 = ( GEOMETRIC_REPRESENTATION_CONTEXT(2) 
PARAMETRIC_REPRESENTATION_CONTEXT() REPRESENTATION_CONTEXT('2D SPACE',''
  ) );
#9216 = PCURVE('',#8731,#9217);
#9217 = DEFINITIONAL_REPRESENTATION('',(#9218),#9222);
#9218 = LINE('',#9219,#9220);
#9219 = CARTESIAN_POINT('',(0.,0.));
#9220 = VECTOR('',#9221,1.);
#9221 = DIRECTION('',(1.,0.));
#9222 = ( GEOMETRIC_REPRESENTATION_CONTEXT(2) 
PARAMETRIC_REPRESENTATION_CONTEXT() REPRESENTATION_CONTEXT('2D SPACE',''
  ) );
#9223 = ORIENTED_EDGE('',*,*,#9130,.F.);
#9224 = ORIENTED_EDGE('',*,*,#2707,.T.);
#9225 = ORIENTED_EDGE('',*,*,#9226,.F.);
#9226 = EDGE_CURVE('',#9202,#2680,#9227,.T.);
#9227 = SURFACE_CURVE('',#9228,(#9232,#9239),.PCURVE_S1.);
#9228 = LINE('',#9229,#9230);
#9229 = CARTESIAN_POINT('',(143.,78.5,-14.));
#9230 = VECTOR('',#9231,1.);
#9231 = DIRECTION('',(0.,0.,1.));
#9232 = PCURVE('',#2723,#9233);
#9233 = DEFINITIONAL_REPRESENTATION('',(#9234),#9238);
#9234 = LINE('',#9235,#9236);
#9235 = CARTESIAN_POINT('',(0.,37.7499999));
#9236 = VECTOR('',#9237,1.);
#9237 = DIRECTION('',(1.,0.));
#9238 = ( GEOMETRIC_REPRESENTATION_CONTEXT(2) 
PARAMETRIC_REPRESENTATION_CONTEXT() REPRESENTATION_CONTEXT('2D SPACE',''
  ) );
#9239 = PCURVE('',#2695,#9240);
#9240 = DEFINITIONAL_REPRESENTATION('',(#9241),#9245);
#9241 = LINE('',#9242,#9243);
#9242 = CARTESIAN_POINT('',(0.,0.));
#9243 = VECTOR('',#9244,1.);
#9244 = DIRECTION('',(1.,0.));
#9245 = ( GEOMETRIC_REPRESENTATION_CONTEXT(2) 
PARAMETRIC_REPRESENTATION_CONTEXT() REPRESENTATION_CONTEXT('2D SPACE',''
  ) );
#9246 = ADVANCED_FACE('',(#9247),#2695,.T.);
#9247 = FACE_BOUND('',#9248,.T.);
#9248 = EDGE_LOOP('',(#9249,#9250,#9271,#9272));
#9249 = ORIENTED_EDGE('',*,*,#9226,.F.);
#9250 = ORIENTED_EDGE('',*,*,#9251,.T.);
#9251 = EDGE_CURVE('',#9202,#9153,#9252,.T.);
#9252 = SURFACE_CURVE('',#9253,(#9257,#9264),.PCURVE_S1.);
#9253 = LINE('',#9254,#9255);
#9254 = CARTESIAN_POINT('',(143.,78.5,-14.));
#9255 = VECTOR('',#9256,1.);
#9256 = DIRECTION('',(-0.,1.,0.));
#9257 = PCURVE('',#2695,#9258);
#9258 = DEFINITIONAL_REPRESENTATION('',(#9259),#9263);
#9259 = LINE('',#9260,#9261);
#9260 = CARTESIAN_POINT('',(0.,0.));
#9261 = VECTOR('',#9262,1.);
#9262 = DIRECTION('',(0.,-1.));
#9263 = ( GEOMETRIC_REPRESENTATION_CONTEXT(2) 
PARAMETRIC_REPRESENTATION_CONTEXT() REPRESENTATION_CONTEXT('2D SPACE',''
  ) );
#9264 = PCURVE('',#8731,#9265);
#9265 = DEFINITIONAL_REPRESENTATION('',(#9266),#9270);
#9266 = LINE('',#9267,#9268);
#9267 = CARTESIAN_POINT('',(37.7499999,0.));
#9268 = VECTOR('',#9269,1.);
#9269 = DIRECTION('',(0.,1.));
#9270 = ( GEOMETRIC_REPRESENTATION_CONTEXT(2) 
PARAMETRIC_REPRESENTATION_CONTEXT() REPRESENTATION_CONTEXT('2D SPACE',''
  ) );
#9271 = ORIENTED_EDGE('',*,*,#9177,.T.);
#9272 = ORIENTED_EDGE('',*,*,#2679,.F.);
#9273 = ADVANCED_FACE('',(#9274),#2864,.F.);
#9274 = FACE_BOUND('',#9275,.F.);
#9275 = EDGE_LOOP('',(#9276,#9297,#9298,#9299));
#9276 = ORIENTED_EDGE('',*,*,#9277,.T.);
#9277 = EDGE_CURVE('',#2848,#5238,#9278,.T.);
#9278 = SEAM_CURVE('',#9279,(#9283,#9290),.PCURVE_S1.);
#9279 = LINE('',#9280,#9281);
#9280 = CARTESIAN_POINT('',(76.25,116.,-14.));
#9281 = VECTOR('',#9282,1.);
#9282 = DIRECTION('',(0.,0.,1.));
#9283 = PCURVE('',#2864,#9284);
#9284 = DEFINITIONAL_REPRESENTATION('',(#9285),#9289);
#9285 = LINE('',#9286,#9287);
#9286 = CARTESIAN_POINT('',(6.28318530718,-0.));
#9287 = VECTOR('',#9288,1.);
#9288 = DIRECTION('',(0.,1.));
#9289 = ( GEOMETRIC_REPRESENTATION_CONTEXT(2) 
PARAMETRIC_REPRESENTATION_CONTEXT() REPRESENTATION_CONTEXT('2D SPACE',''
  ) );
#9290 = PCURVE('',#2864,#9291);
#9291 = DEFINITIONAL_REPRESENTATION('',(#9292),#9296);
#9292 = LINE('',#9293,#9294);
#9293 = CARTESIAN_POINT('',(0.,-0.));
#9294 = VECTOR('',#9295,1.);
#9295 = DIRECTION('',(0.,1.));
#9296 = ( GEOMETRIC_REPRESENTATION_CONTEXT(2) 
PARAMETRIC_REPRESENTATION_CONTEXT() REPRESENTATION_CONTEXT('2D SPACE',''
  ) );
#9297 = ORIENTED_EDGE('',*,*,#5237,.F.);
#9298 = ORIENTED_EDGE('',*,*,#9277,.F.);
#9299 = ORIENTED_EDGE('',*,*,#2847,.T.);
#9300 = ADVANCED_FACE('',(#9301),#2895,.F.);
#9301 = FACE_BOUND('',#9302,.F.);
#9302 = EDGE_LOOP('',(#9303,#9324,#9325,#9326));
#9303 = ORIENTED_EDGE('',*,*,#9304,.T.);
#9304 = EDGE_CURVE('',#2879,#5264,#9305,.T.);
#9305 = SEAM_CURVE('',#9306,(#9310,#9317),.PCURVE_S1.);
#9306 = LINE('',#9307,#9308);
#9307 = CARTESIAN_POINT('',(7.25,132.,-14.));
#9308 = VECTOR('',#9309,1.);
#9309 = DIRECTION('',(0.,0.,1.));
#9310 = PCURVE('',#2895,#9311);
#9311 = DEFINITIONAL_REPRESENTATION('',(#9312),#9316);
#9312 = LINE('',#9313,#9314);
#9313 = CARTESIAN_POINT('',(6.28318530718,-0.));
#9314 = VECTOR('',#9315,1.);
#9315 = DIRECTION('',(0.,1.));
#9316 = ( GEOMETRIC_REPRESENTATION_CONTEXT(2) 
PARAMETRIC_REPRESENTATION_CONTEXT() REPRESENTATION_CONTEXT('2D SPACE',''
  ) );
#9317 = PCURVE('',#2895,#9318);
#9318 = DEFINITIONAL_REPRESENTATION('',(#9319),#9323);
#9319 = LINE('',#9320,#9321);
#9320 = CARTESIAN_POINT('',(0.,-0.));
#9321 = VECTOR('',#9322,1.);
#9322 = DIRECTION('',(0.,1.));
#9323 = ( GEOMETRIC_REPRESENTATION_CONTEXT(2) 
PARAMETRIC_REPRESENTATION_CONTEXT() REPRESENTATION_CONTEXT('2D SPACE',''
  ) );
#9324 = ORIENTED_EDGE('',*,*,#5263,.F.);
#9325 = ORIENTED_EDGE('',*,*,#9304,.F.);
#9326 = ORIENTED_EDGE('',*,*,#2878,.T.);
#9327 = ADVANCED_FACE('',(#9328),#2926,.F.);
#9328 = FACE_BOUND('',#9329,.F.);
#9329 = EDGE_LOOP('',(#9330,#9351,#9352,#9353));
#9330 = ORIENTED_EDGE('',*,*,#9331,.T.);
#9331 = EDGE_CURVE('',#2910,#5290,#9332,.T.);
#9332 = SEAM_CURVE('',#9333,(#9337,#9344),.PCURVE_S1.);
#9333 = LINE('',#9334,#9335);
#9334 = CARTESIAN_POINT('',(7.25,144.,-14.));
#9335 = VECTOR('',#9336,1.);
#9336 = DIRECTION('',(0.,0.,1.));
#9337 = PCURVE('',#2926,#9338);
#9338 = DEFINITIONAL_REPRESENTATION('',(#9339),#9343);
#9339 = LINE('',#9340,#9341);
#9340 = CARTESIAN_POINT('',(6.28318530718,-0.));
#9341 = VECTOR('',#9342,1.);
#9342 = DIRECTION('',(0.,1.));
#9343 = ( GEOMETRIC_REPRESENTATION_CONTEXT(2) 
PARAMETRIC_REPRESENTATION_CONTEXT() REPRESENTATION_CONTEXT('2D SPACE',''
  ) );
#9344 = PCURVE('',#2926,#9345);
#9345 = DEFINITIONAL_REPRESENTATION('',(#9346),#9350);
#9346 = LINE('',#9347,#9348);
#9347 = CARTESIAN_POINT('',(0.,-0.));
#9348 = VECTOR('',#9349,1.);
#9349 = DIRECTION('',(0.,1.));
#9350 = ( GEOMETRIC_REPRESENTATION_CONTEXT(2) 
PARAMETRIC_REPRESENTATION_CONTEXT() REPRESENTATION_CONTEXT('2D SPACE',''
  ) );
#9351 = ORIENTED_EDGE('',*,*,#5289,.F.);
#9352 = ORIENTED_EDGE('',*,*,#9331,.F.);
#9353 = ORIENTED_EDGE('',*,*,#2909,.T.);
#9354 = ADVANCED_FACE('',(#9355),#2957,.F.);
#9355 = FACE_BOUND('',#9356,.F.);
#9356 = EDGE_LOOP('',(#9357,#9358,#9381,#9403));
#9357 = ORIENTED_EDGE('',*,*,#2940,.T.);
#9358 = ORIENTED_EDGE('',*,*,#9359,.T.);
#9359 = EDGE_CURVE('',#2941,#9360,#9362,.T.);
#9360 = VERTEX_POINT('',#9361);
#9361 = CARTESIAN_POINT('',(42.25,140.,-2.48));
#9362 = SEAM_CURVE('',#9363,(#9367,#9374),.PCURVE_S1.);
#9363 = LINE('',#9364,#9365);
#9364 = CARTESIAN_POINT('',(42.25,140.,-14.));
#9365 = VECTOR('',#9366,1.);
#9366 = DIRECTION('',(0.,0.,1.));
#9367 = PCURVE('',#2957,#9368);
#9368 = DEFINITIONAL_REPRESENTATION('',(#9369),#9373);
#9369 = LINE('',#9370,#9371);
#9370 = CARTESIAN_POINT('',(0.,-0.));
#9371 = VECTOR('',#9372,1.);
#9372 = DIRECTION('',(0.,1.));
#9373 = ( GEOMETRIC_REPRESENTATION_CONTEXT(2) 
PARAMETRIC_REPRESENTATION_CONTEXT() REPRESENTATION_CONTEXT('2D SPACE',''
  ) );
#9374 = PCURVE('',#2957,#9375);
#9375 = DEFINITIONAL_REPRESENTATION('',(#9376),#9380);
#9376 = LINE('',#9377,#9378);
#9377 = CARTESIAN_POINT('',(6.28318530718,-0.));
#9378 = VECTOR('',#9379,1.);
#9379 = DIRECTION('',(0.,1.));
#9380 = ( GEOMETRIC_REPRESENTATION_CONTEXT(2) 
PARAMETRIC_REPRESENTATION_CONTEXT() REPRESENTATION_CONTEXT('2D SPACE',''
  ) );
#9381 = ORIENTED_EDGE('',*,*,#9382,.F.);
#9382 = EDGE_CURVE('',#9360,#9360,#9383,.T.);
#9383 = SURFACE_CURVE('',#9384,(#9389,#9396),.PCURVE_S1.);
#9384 = CIRCLE('',#9385,2.25);
#9385 = AXIS2_PLACEMENT_3D('',#9386,#9387,#9388);
#9386 = CARTESIAN_POINT('',(40.,140.,-2.48));
#9387 = DIRECTION('',(0.,0.,1.));
#9388 = DIRECTION('',(1.,0.,-0.));
#9389 = PCURVE('',#2957,#9390);
#9390 = DEFINITIONAL_REPRESENTATION('',(#9391),#9395);
#9391 = LINE('',#9392,#9393);
#9392 = CARTESIAN_POINT('',(0.,11.52));
#9393 = VECTOR('',#9394,1.);
#9394 = DIRECTION('',(1.,0.));
#9395 = ( GEOMETRIC_REPRESENTATION_CONTEXT(2) 
PARAMETRIC_REPRESENTATION_CONTEXT() REPRESENTATION_CONTEXT('2D SPACE',''
  ) );
#9396 = PCURVE('',#5332,#9397);
#9397 = DEFINITIONAL_REPRESENTATION('',(#9398),#9402);
#9398 = LINE('',#9399,#9400);
#9399 = CARTESIAN_POINT('',(0.,0.));
#9400 = VECTOR('',#9401,1.);
#9401 = DIRECTION('',(1.,0.));
#9402 = ( GEOMETRIC_REPRESENTATION_CONTEXT(2) 
PARAMETRIC_REPRESENTATION_CONTEXT() REPRESENTATION_CONTEXT('2D SPACE',''
  ) );
#9403 = ORIENTED_EDGE('',*,*,#9359,.F.);
#9404 = ADVANCED_FACE('',(#9405),#2988,.F.);
#9405 = FACE_BOUND('',#9406,.F.);
#9406 = EDGE_LOOP('',(#9407,#9428,#9429,#9430));
#9407 = ORIENTED_EDGE('',*,*,#9408,.T.);
#9408 = EDGE_CURVE('',#2972,#5347,#9409,.T.);
#9409 = SEAM_CURVE('',#9410,(#9414,#9421),.PCURVE_S1.);
#9410 = LINE('',#9411,#9412);
#9411 = CARTESIAN_POINT('',(30.25,155.,-14.));
#9412 = VECTOR('',#9413,1.);
#9413 = DIRECTION('',(0.,0.,1.));
#9414 = PCURVE('',#2988,#9415);
#9415 = DEFINITIONAL_REPRESENTATION('',(#9416),#9420);
#9416 = LINE('',#9417,#9418);
#9417 = CARTESIAN_POINT('',(6.28318530718,-0.));
#9418 = VECTOR('',#9419,1.);
#9419 = DIRECTION('',(0.,1.));
#9420 = ( GEOMETRIC_REPRESENTATION_CONTEXT(2) 
PARAMETRIC_REPRESENTATION_CONTEXT() REPRESENTATION_CONTEXT('2D SPACE',''
  ) );
#9421 = PCURVE('',#2988,#9422);
#9422 = DEFINITIONAL_REPRESENTATION('',(#9423),#9427);
#9423 = LINE('',#9424,#9425);
#9424 = CARTESIAN_POINT('',(0.,-0.));
#9425 = VECTOR('',#9426,1.);
#9426 = DIRECTION('',(0.,1.));
#9427 = ( GEOMETRIC_REPRESENTATION_CONTEXT(2) 
PARAMETRIC_REPRESENTATION_CONTEXT() REPRESENTATION_CONTEXT('2D SPACE',''
  ) );
#9428 = ORIENTED_EDGE('',*,*,#5346,.F.);
#9429 = ORIENTED_EDGE('',*,*,#9408,.F.);
#9430 = ORIENTED_EDGE('',*,*,#2971,.T.);
#9431 = ADVANCED_FACE('',(#9432),#3019,.F.);
#9432 = FACE_BOUND('',#9433,.F.);
#9433 = EDGE_LOOP('',(#9434,#9435,#9458,#9480));
#9434 = ORIENTED_EDGE('',*,*,#3002,.T.);
#9435 = ORIENTED_EDGE('',*,*,#9436,.T.);
#9436 = EDGE_CURVE('',#3003,#9437,#9439,.T.);
#9437 = VERTEX_POINT('',#9438);
#9438 = CARTESIAN_POINT('',(58.25,140.,-2.48));
#9439 = SEAM_CURVE('',#9440,(#9444,#9451),.PCURVE_S1.);
#9440 = LINE('',#9441,#9442);
#9441 = CARTESIAN_POINT('',(58.25,140.,-14.));
#9442 = VECTOR('',#9443,1.);
#9443 = DIRECTION('',(0.,0.,1.));
#9444 = PCURVE('',#3019,#9445);
#9445 = DEFINITIONAL_REPRESENTATION('',(#9446),#9450);
#9446 = LINE('',#9447,#9448);
#9447 = CARTESIAN_POINT('',(0.,-0.));
#9448 = VECTOR('',#9449,1.);
#9449 = DIRECTION('',(0.,1.));
#9450 = ( GEOMETRIC_REPRESENTATION_CONTEXT(2) 
PARAMETRIC_REPRESENTATION_CONTEXT() REPRESENTATION_CONTEXT('2D SPACE',''
  ) );
#9451 = PCURVE('',#3019,#9452);
#9452 = DEFINITIONAL_REPRESENTATION('',(#9453),#9457);
#9453 = LINE('',#9454,#9455);
#9454 = CARTESIAN_POINT('',(6.28318530718,-0.));
#9455 = VECTOR('',#9456,1.);
#9456 = DIRECTION('',(0.,1.));
#9457 = ( GEOMETRIC_REPRESENTATION_CONTEXT(2) 
PARAMETRIC_REPRESENTATION_CONTEXT() REPRESENTATION_CONTEXT('2D SPACE',''
  ) );
#9458 = ORIENTED_EDGE('',*,*,#9459,.F.);
#9459 = EDGE_CURVE('',#9437,#9437,#9460,.T.);
#9460 = SURFACE_CURVE('',#9461,(#9466,#9473),.PCURVE_S1.);
#9461 = CIRCLE('',#9462,2.25);
#9462 = AXIS2_PLACEMENT_3D('',#9463,#9464,#9465);
#9463 = CARTESIAN_POINT('',(56.,140.,-2.48));
#9464 = DIRECTION('',(0.,0.,1.));
#9465 = DIRECTION('',(1.,0.,-0.));
#9466 = PCURVE('',#3019,#9467);
#9467 = DEFINITIONAL_REPRESENTATION('',(#9468),#9472);
#9468 = LINE('',#9469,#9470);
#9469 = CARTESIAN_POINT('',(0.,11.52));
#9470 = VECTOR('',#9471,1.);
#9471 = DIRECTION('',(1.,0.));
#9472 = ( GEOMETRIC_REPRESENTATION_CONTEXT(2) 
PARAMETRIC_REPRESENTATION_CONTEXT() REPRESENTATION_CONTEXT('2D SPACE',''
  ) );
#9473 = PCURVE('',#5389,#9474);
#9474 = DEFINITIONAL_REPRESENTATION('',(#9475),#9479);
#9475 = LINE('',#9476,#9477);
#9476 = CARTESIAN_POINT('',(0.,0.));
#9477 = VECTOR('',#9478,1.);
#9478 = DIRECTION('',(1.,0.));
#9479 = ( GEOMETRIC_REPRESENTATION_CONTEXT(2) 
PARAMETRIC_REPRESENTATION_CONTEXT() REPRESENTATION_CONTEXT('2D SPACE',''
  ) );
#9480 = ORIENTED_EDGE('',*,*,#9436,.F.);
#9481 = ADVANCED_FACE('',(#9482),#3050,.F.);
#9482 = FACE_BOUND('',#9483,.F.);
#9483 = EDGE_LOOP('',(#9484,#9485,#9506,#9507));
#9484 = ORIENTED_EDGE('',*,*,#5403,.F.);
#9485 = ORIENTED_EDGE('',*,*,#9486,.F.);
#9486 = EDGE_CURVE('',#3034,#5404,#9487,.T.);
#9487 = SEAM_CURVE('',#9488,(#9492,#9499),.PCURVE_S1.);
#9488 = LINE('',#9489,#9490);
#9489 = CARTESIAN_POINT('',(100.25,92.,-6.));
#9490 = VECTOR('',#9491,1.);
#9491 = DIRECTION('',(0.,0.,1.));
#9492 = PCURVE('',#3050,#9493);
#9493 = DEFINITIONAL_REPRESENTATION('',(#9494),#9498);
#9494 = LINE('',#9495,#9496);
#9495 = CARTESIAN_POINT('',(6.28318530718,-0.));
#9496 = VECTOR('',#9497,1.);
#9497 = DIRECTION('',(0.,1.));
#9498 = ( GEOMETRIC_REPRESENTATION_CONTEXT(2) 
PARAMETRIC_REPRESENTATION_CONTEXT() REPRESENTATION_CONTEXT('2D SPACE',''
  ) );
#9499 = PCURVE('',#3050,#9500);
#9500 = DEFINITIONAL_REPRESENTATION('',(#9501),#9505);
#9501 = LINE('',#9502,#9503);
#9502 = CARTESIAN_POINT('',(0.,-0.));
#9503 = VECTOR('',#9504,1.);
#9504 = DIRECTION('',(0.,1.));
#9505 = ( GEOMETRIC_REPRESENTATION_CONTEXT(2) 
PARAMETRIC_REPRESENTATION_CONTEXT() REPRESENTATION_CONTEXT('2D SPACE',''
  ) );
#9506 = ORIENTED_EDGE('',*,*,#3033,.T.);
#9507 = ORIENTED_EDGE('',*,*,#9486,.T.);
#9508 = ADVANCED_FACE('',(#9509),#3081,.F.);
#9509 = FACE_BOUND('',#9510,.F.);
#9510 = EDGE_LOOP('',(#9511,#9532,#9533,#9534));
#9511 = ORIENTED_EDGE('',*,*,#9512,.T.);
#9512 = EDGE_CURVE('',#3065,#5430,#9513,.T.);
#9513 = SEAM_CURVE('',#9514,(#9518,#9525),.PCURVE_S1.);
#9514 = LINE('',#9515,#9516);
#9515 = CARTESIAN_POINT('',(116.25,98.,-14.));
#9516 = VECTOR('',#9517,1.);
#9517 = DIRECTION('',(0.,0.,1.));
#9518 = PCURVE('',#3081,#9519);
#9519 = DEFINITIONAL_REPRESENTATION('',(#9520),#9524);
#9520 = LINE('',#9521,#9522);
#9521 = CARTESIAN_POINT('',(6.28318530718,-0.));
#9522 = VECTOR('',#9523,1.);
#9523 = DIRECTION('',(0.,1.));
#9524 = ( GEOMETRIC_REPRESENTATION_CONTEXT(2) 
PARAMETRIC_REPRESENTATION_CONTEXT() REPRESENTATION_CONTEXT('2D SPACE',''
  ) );
#9525 = PCURVE('',#3081,#9526);
#9526 = DEFINITIONAL_REPRESENTATION('',(#9527),#9531);
#9527 = LINE('',#9528,#9529);
#9528 = CARTESIAN_POINT('',(0.,-0.));
#9529 = VECTOR('',#9530,1.);
#9530 = DIRECTION('',(0.,1.));
#9531 = ( GEOMETRIC_REPRESENTATION_CONTEXT(2) 
PARAMETRIC_REPRESENTATION_CONTEXT() REPRESENTATION_CONTEXT('2D SPACE',''
  ) );
#9532 = ORIENTED_EDGE('',*,*,#5429,.F.);
#9533 = ORIENTED_EDGE('',*,*,#9512,.F.);
#9534 = ORIENTED_EDGE('',*,*,#3064,.T.);
#9535 = ADVANCED_FACE('',(#9536),#3112,.F.);
#9536 = FACE_BOUND('',#9537,.F.);
#9537 = EDGE_LOOP('',(#9538,#9559,#9560,#9561));
#9538 = ORIENTED_EDGE('',*,*,#9539,.T.);
#9539 = EDGE_CURVE('',#3096,#5456,#9540,.T.);
#9540 = SEAM_CURVE('',#9541,(#9545,#9552),.PCURVE_S1.);
#9541 = LINE('',#9542,#9543);
#9542 = CARTESIAN_POINT('',(96.25,116.,-14.));
#9543 = VECTOR('',#9544,1.);
#9544 = DIRECTION('',(0.,0.,1.));
#9545 = PCURVE('',#3112,#9546);
#9546 = DEFINITIONAL_REPRESENTATION('',(#9547),#9551);
#9547 = LINE('',#9548,#9549);
#9548 = CARTESIAN_POINT('',(6.28318530718,-0.));
#9549 = VECTOR('',#9550,1.);
#9550 = DIRECTION('',(0.,1.));
#9551 = ( GEOMETRIC_REPRESENTATION_CONTEXT(2) 
PARAMETRIC_REPRESENTATION_CONTEXT() REPRESENTATION_CONTEXT('2D SPACE',''
  ) );
#9552 = PCURVE('',#3112,#9553);
#9553 = DEFINITIONAL_REPRESENTATION('',(#9554),#9558);
#9554 = LINE('',#9555,#9556);
#9555 = CARTESIAN_POINT('',(0.,-0.));
#9556 = VECTOR('',#9557,1.);
#9557 = DIRECTION('',(0.,1.));
#9558 = ( GEOMETRIC_REPRESENTATION_CONTEXT(2) 
PARAMETRIC_REPRESENTATION_CONTEXT() REPRESENTATION_CONTEXT('2D SPACE',''
  ) );
#9559 = ORIENTED_EDGE('',*,*,#5455,.F.);
#9560 = ORIENTED_EDGE('',*,*,#9539,.F.);
#9561 = ORIENTED_EDGE('',*,*,#3095,.T.);
#9562 = ADVANCED_FACE('',(#9563),#3143,.F.);
#9563 = FACE_BOUND('',#9564,.F.);
#9564 = EDGE_LOOP('',(#9565,#9594,#9615,#9616));
#9565 = ORIENTED_EDGE('',*,*,#9566,.F.);
#9566 = EDGE_CURVE('',#9567,#9567,#9569,.T.);
#9567 = VERTEX_POINT('',#9568);
#9568 = CARTESIAN_POINT('',(155.1,108.,-2.8));
#9569 = SURFACE_CURVE('',#9570,(#9575,#9582),.PCURVE_S1.);
#9570 = CIRCLE('',#9571,3.1);
#9571 = AXIS2_PLACEMENT_3D('',#9572,#9573,#9574);
#9572 = CARTESIAN_POINT('',(152.,108.,-2.8));
#9573 = DIRECTION('',(0.,0.,1.));
#9574 = DIRECTION('',(1.,0.,-0.));
#9575 = PCURVE('',#3143,#9576);
#9576 = DEFINITIONAL_REPRESENTATION('',(#9577),#9581);
#9577 = LINE('',#9578,#9579);
#9578 = CARTESIAN_POINT('',(0.,3.2));
#9579 = VECTOR('',#9580,1.);
#9580 = DIRECTION('',(1.,0.));
#9581 = ( GEOMETRIC_REPRESENTATION_CONTEXT(2) 
PARAMETRIC_REPRESENTATION_CONTEXT() REPRESENTATION_CONTEXT('2D SPACE',''
  ) );
#9582 = PCURVE('',#9583,#9588);
#9583 = PLANE('',#9584);
#9584 = AXIS2_PLACEMENT_3D('',#9585,#9586,#9587);
#9585 = CARTESIAN_POINT('',(152.,108.,-2.8));
#9586 = DIRECTION('',(0.,0.,1.));
#9587 = DIRECTION('',(1.,0.,-0.));
#9588 = DEFINITIONAL_REPRESENTATION('',(#9589),#9593);
#9589 = CIRCLE('',#9590,3.1);
#9590 = AXIS2_PLACEMENT_2D('',#9591,#9592);
#9591 = CARTESIAN_POINT('',(0.,0.));
#9592 = DIRECTION('',(1.,0.));
#9593 = ( GEOMETRIC_REPRESENTATION_CONTEXT(2) 
PARAMETRIC_REPRESENTATION_CONTEXT() REPRESENTATION_CONTEXT('2D SPACE',''
  ) );
#9594 = ORIENTED_EDGE('',*,*,#9595,.F.);
#9595 = EDGE_CURVE('',#3127,#9567,#9596,.T.);
#9596 = SEAM_CURVE('',#9597,(#9601,#9608),.PCURVE_S1.);
#9597 = LINE('',#9598,#9599);
#9598 = CARTESIAN_POINT('',(155.1,108.,-6.));
#9599 = VECTOR('',#9600,1.);
#9600 = DIRECTION('',(0.,0.,1.));
#9601 = PCURVE('',#3143,#9602);
#9602 = DEFINITIONAL_REPRESENTATION('',(#9603),#9607);
#9603 = LINE('',#9604,#9605);
#9604 = CARTESIAN_POINT('',(6.28318530718,-0.));
#9605 = VECTOR('',#9606,1.);
#9606 = DIRECTION('',(0.,1.));
#9607 = ( GEOMETRIC_REPRESENTATION_CONTEXT(2) 
PARAMETRIC_REPRESENTATION_CONTEXT() REPRESENTATION_CONTEXT('2D SPACE',''
  ) );
#9608 = PCURVE('',#3143,#9609);
#9609 = DEFINITIONAL_REPRESENTATION('',(#9610),#9614);
#9610 = LINE('',#9611,#9612);
#9611 = CARTESIAN_POINT('',(0.,-0.));
#9612 = VECTOR('',#9613,1.);
#9613 = DIRECTION('',(0.,1.));
#9614 = ( GEOMETRIC_REPRESENTATION_CONTEXT(2) 
PARAMETRIC_REPRESENTATION_CONTEXT() REPRESENTATION_CONTEXT('2D SPACE',''
  ) );
#9615 = ORIENTED_EDGE('',*,*,#3126,.T.);
#9616 = ORIENTED_EDGE('',*,*,#9595,.T.);
#9617 = ADVANCED_FACE('',(#9618),#3174,.F.);
#9618 = FACE_BOUND('',#9619,.F.);
#9619 = EDGE_LOOP('',(#9620,#9621,#9644,#9666));
#9620 = ORIENTED_EDGE('',*,*,#3157,.T.);
#9621 = ORIENTED_EDGE('',*,*,#9622,.T.);
#9622 = EDGE_CURVE('',#3158,#9623,#9625,.T.);
#9623 = VERTEX_POINT('',#9624);
#9624 = CARTESIAN_POINT('',(154.25,124.,-2.48));
#9625 = SEAM_CURVE('',#9626,(#9630,#9637),.PCURVE_S1.);
#9626 = LINE('',#9627,#9628);
#9627 = CARTESIAN_POINT('',(154.25,124.,-14.));
#9628 = VECTOR('',#9629,1.);
#9629 = DIRECTION('',(0.,0.,1.));
#9630 = PCURVE('',#3174,#9631);
#9631 = DEFINITIONAL_REPRESENTATION('',(#9632),#9636);
#9632 = LINE('',#9633,#9634);
#9633 = CARTESIAN_POINT('',(0.,-0.));
#9634 = VECTOR('',#9635,1.);
#9635 = DIRECTION('',(0.,1.));
#9636 = ( GEOMETRIC_REPRESENTATION_CONTEXT(2) 
PARAMETRIC_REPRESENTATION_CONTEXT() REPRESENTATION_CONTEXT('2D SPACE',''
  ) );
#9637 = PCURVE('',#3174,#9638);
#9638 = DEFINITIONAL_REPRESENTATION('',(#9639),#9643);
#9639 = LINE('',#9640,#9641);
#9640 = CARTESIAN_POINT('',(6.28318530718,-0.));
#9641 = VECTOR('',#9642,1.);
#9642 = DIRECTION('',(0.,1.));
#9643 = ( GEOMETRIC_REPRESENTATION_CONTEXT(2) 
PARAMETRIC_REPRESENTATION_CONTEXT() REPRESENTATION_CONTEXT('2D SPACE',''
  ) );
#9644 = ORIENTED_EDGE('',*,*,#9645,.F.);
#9645 = EDGE_CURVE('',#9623,#9623,#9646,.T.);
#9646 = SURFACE_CURVE('',#9647,(#9652,#9659),.PCURVE_S1.);
#9647 = CIRCLE('',#9648,2.25);
#9648 = AXIS2_PLACEMENT_3D('',#9649,#9650,#9651);
#9649 = CARTESIAN_POINT('',(152.,124.,-2.48));
#9650 = DIRECTION('',(0.,0.,1.));
#9651 = DIRECTION('',(1.,0.,-0.));
#9652 = PCURVE('',#3174,#9653);
#9653 = DEFINITIONAL_REPRESENTATION('',(#9654),#9658);
#9654 = LINE('',#9655,#9656);
#9655 = CARTESIAN_POINT('',(0.,11.52));
#9656 = VECTOR('',#9657,1.);
#9657 = DIRECTION('',(1.,0.));
#9658 = ( GEOMETRIC_REPRESENTATION_CONTEXT(2) 
PARAMETRIC_REPRESENTATION_CONTEXT() REPRESENTATION_CONTEXT('2D SPACE',''
  ) );
#9659 = PCURVE('',#5498,#9660);
#9660 = DEFINITIONAL_REPRESENTATION('',(#9661),#9665);
#9661 = LINE('',#9662,#9663);
#9662 = CARTESIAN_POINT('',(0.,0.));
#9663 = VECTOR('',#9664,1.);
#9664 = DIRECTION('',(1.,0.));
#9665 = ( GEOMETRIC_REPRESENTATION_CONTEXT(2) 
PARAMETRIC_REPRESENTATION_CONTEXT() REPRESENTATION_CONTEXT('2D SPACE',''
  ) );
#9666 = ORIENTED_EDGE('',*,*,#9622,.F.);
#9667 = ADVANCED_FACE('',(#9668),#3205,.F.);
#9668 = FACE_BOUND('',#9669,.F.);
#9669 = EDGE_LOOP('',(#9670,#9691,#9692,#9693));
#9670 = ORIENTED_EDGE('',*,*,#9671,.T.);
#9671 = EDGE_CURVE('',#3189,#5513,#9672,.T.);
#9672 = SEAM_CURVE('',#9673,(#9677,#9684),.PCURVE_S1.);
#9673 = LINE('',#9674,#9675);
#9674 = CARTESIAN_POINT('',(146.25,155.,-14.));
#9675 = VECTOR('',#9676,1.);
#9676 = DIRECTION('',(0.,0.,1.));
#9677 = PCURVE('',#3205,#9678);
#9678 = DEFINITIONAL_REPRESENTATION('',(#9679),#9683);
#9679 = LINE('',#9680,#9681);
#9680 = CARTESIAN_POINT('',(6.28318530718,-0.));
#9681 = VECTOR('',#9682,1.);
#9682 = DIRECTION('',(0.,1.));
#9683 = ( GEOMETRIC_REPRESENTATION_CONTEXT(2) 
PARAMETRIC_REPRESENTATION_CONTEXT() REPRESENTATION_CONTEXT('2D SPACE',''
  ) );
#9684 = PCURVE('',#3205,#9685);
#9685 = DEFINITIONAL_REPRESENTATION('',(#9686),#9690);
#9686 = LINE('',#9687,#9688);
#9687 = CARTESIAN_POINT('',(0.,-0.));
#9688 = VECTOR('',#9689,1.);
#9689 = DIRECTION('',(0.,1.));
#9690 = ( GEOMETRIC_REPRESENTATION_CONTEXT(2) 
PARAMETRIC_REPRESENTATION_CONTEXT() REPRESENTATION_CONTEXT('2D SPACE',''
  ) );
#9691 = ORIENTED_EDGE('',*,*,#5512,.F.);
#9692 = ORIENTED_EDGE('',*,*,#9671,.F.);
#9693 = ORIENTED_EDGE('',*,*,#3188,.T.);
#9694 = ADVANCED_FACE('',(#9695),#3889,.F.);
#9695 = FACE_BOUND('',#9696,.F.);
#9696 = EDGE_LOOP('',(#9697,#9698,#9699,#9700));
#9697 = ORIENTED_EDGE('',*,*,#3951,.F.);
#9698 = ORIENTED_EDGE('',*,*,#3929,.T.);
#9699 = ORIENTED_EDGE('',*,*,#3875,.T.);
#9700 = ORIENTED_EDGE('',*,*,#4356,.T.);
#9701 = ADVANCED_FACE('',(#9702),#4064,.F.);
#9702 = FACE_BOUND('',#9703,.F.);
#9703 = EDGE_LOOP('',(#9704,#9727,#9748,#9749));
#9704 = ORIENTED_EDGE('',*,*,#9705,.F.);
#9705 = EDGE_CURVE('',#9706,#4049,#9708,.T.);
#9706 = VERTEX_POINT('',#9707);
#9707 = CARTESIAN_POINT('',(153.5,153.5,-6.));
#9708 = SURFACE_CURVE('',#9709,(#9713,#9720),.PCURVE_S1.);
#9709 = LINE('',#9710,#9711);
#9710 = CARTESIAN_POINT('',(153.5,145.,-6.));
#9711 = VECTOR('',#9712,1.);
#9712 = DIRECTION('',(-0.,1.,0.));
#9713 = PCURVE('',#4064,#9714);
#9714 = DEFINITIONAL_REPRESENTATION('',(#9715),#9719);
#9715 = LINE('',#9716,#9717);
#9716 = CARTESIAN_POINT('',(153.5,144.9));
#9717 = VECTOR('',#9718,1.);
#9718 = DIRECTION('',(0.,1.));
#9719 = ( GEOMETRIC_REPRESENTATION_CONTEXT(2) 
PARAMETRIC_REPRESENTATION_CONTEXT() REPRESENTATION_CONTEXT('2D SPACE',''
  ) );
#9720 = PCURVE('',#4092,#9721);
#9721 = DEFINITIONAL_REPRESENTATION('',(#9722),#9726);
#9722 = LINE('',#9723,#9724);
#9723 = CARTESIAN_POINT('',(8.,0.));
#9724 = VECTOR('',#9725,1.);
#9725 = DIRECTION('',(0.,-1.));
#9726 = ( GEOMETRIC_REPRESENTATION_CONTEXT(2) 
PARAMETRIC_REPRESENTATION_CONTEXT() REPRESENTATION_CONTEXT('2D SPACE',''
  ) );
#9727 = ORIENTED_EDGE('',*,*,#9728,.T.);
#9728 = EDGE_CURVE('',#9706,#5588,#9729,.T.);
#9729 = SURFACE_CURVE('',#9730,(#9734,#9741),.PCURVE_S1.);
#9730 = LINE('',#9731,#9732);
#9731 = CARTESIAN_POINT('',(151.,153.5,-6.));
#9732 = VECTOR('',#9733,1.);
#9733 = DIRECTION('',(1.,0.,-0.));
#9734 = PCURVE('',#4064,#9735);
#9735 = DEFINITIONAL_REPRESENTATION('',(#9736),#9740);
#9736 = LINE('',#9737,#9738);
#9737 = CARTESIAN_POINT('',(151.,153.4));
#9738 = VECTOR('',#9739,1.);
#9739 = DIRECTION('',(1.,0.));
#9740 = ( GEOMETRIC_REPRESENTATION_CONTEXT(2) 
PARAMETRIC_REPRESENTATION_CONTEXT() REPRESENTATION_CONTEXT('2D SPACE',''
  ) );
#9741 = PCURVE('',#5603,#9742);
#9742 = DEFINITIONAL_REPRESENTATION('',(#9743),#9747);
#9743 = LINE('',#9744,#9745);
#9744 = CARTESIAN_POINT('',(8.,0.));
#9745 = VECTOR('',#9746,1.);
#9746 = DIRECTION('',(0.,1.));
#9747 = ( GEOMETRIC_REPRESENTATION_CONTEXT(2) 
PARAMETRIC_REPRESENTATION_CONTEXT() REPRESENTATION_CONTEXT('2D SPACE',''
  ) );
#9748 = ORIENTED_EDGE('',*,*,#5615,.T.);
#9749 = ORIENTED_EDGE('',*,*,#4048,.F.);
#9750 = ADVANCED_FACE('',(#9751),#4092,.T.);
#9751 = FACE_BOUND('',#9752,.T.);
#9752 = EDGE_LOOP('',(#9753,#9754,#9775,#9796));
#9753 = ORIENTED_EDGE('',*,*,#9705,.F.);
#9754 = ORIENTED_EDGE('',*,*,#9755,.T.);
#9755 = EDGE_CURVE('',#9706,#9756,#9758,.T.);
#9756 = VERTEX_POINT('',#9757);
#9757 = CARTESIAN_POINT('',(153.5,153.5,-14.));
#9758 = SURFACE_CURVE('',#9759,(#9763,#9769),.PCURVE_S1.);
#9759 = LINE('',#9760,#9761);
#9760 = CARTESIAN_POINT('',(153.5,153.5,-14.));
#9761 = VECTOR('',#9762,1.);
#9762 = DIRECTION('',(-0.,0.,-1.));
#9763 = PCURVE('',#4092,#9764);
#9764 = DEFINITIONAL_REPRESENTATION('',(#9765),#9768);
#9765 = B_SPLINE_CURVE_WITH_KNOTS('',1,(#9766,#9767),.UNSPECIFIED.,.F.,
  .F.,(2,2),(-8.,0.),.PIECEWISE_BEZIER_KNOTS.);
#9766 = CARTESIAN_POINT('',(8.,-8.5));
#9767 = CARTESIAN_POINT('',(0.,-8.5));
#9768 = ( GEOMETRIC_REPRESENTATION_CONTEXT(2) 
PARAMETRIC_REPRESENTATION_CONTEXT() REPRESENTATION_CONTEXT('2D SPACE',''
  ) );
#9769 = PCURVE('',#5603,#9770);
#9770 = DEFINITIONAL_REPRESENTATION('',(#9771),#9774);
#9771 = B_SPLINE_CURVE_WITH_KNOTS('',1,(#9772,#9773),.UNSPECIFIED.,.F.,
  .F.,(2,2),(-8.,0.),.PIECEWISE_BEZIER_KNOTS.);
#9772 = CARTESIAN_POINT('',(8.,2.5));
#9773 = CARTESIAN_POINT('',(0.,2.5));
#9774 = ( GEOMETRIC_REPRESENTATION_CONTEXT(2) 
PARAMETRIC_REPRESENTATION_CONTEXT() REPRESENTATION_CONTEXT('2D SPACE',''
  ) );
#9775 = ORIENTED_EDGE('',*,*,#9776,.T.);
#9776 = EDGE_CURVE('',#9756,#4077,#9777,.T.);
#9777 = SURFACE_CURVE('',#9778,(#9782,#9789),.PCURVE_S1.);
#9778 = LINE('',#9779,#9780);
#9779 = CARTESIAN_POINT('',(153.5,145.,-14.));
#9780 = VECTOR('',#9781,1.);
#9781 = DIRECTION('',(-0.,1.,0.));
#9782 = PCURVE('',#4092,#9783);
#9783 = DEFINITIONAL_REPRESENTATION('',(#9784),#9788);
#9784 = LINE('',#9785,#9786);
#9785 = CARTESIAN_POINT('',(0.,0.));
#9786 = VECTOR('',#9787,1.);
#9787 = DIRECTION('',(0.,-1.));
#9788 = ( GEOMETRIC_REPRESENTATION_CONTEXT(2) 
PARAMETRIC_REPRESENTATION_CONTEXT() REPRESENTATION_CONTEXT('2D SPACE',''
  ) );
#9789 = PCURVE('',#4120,#9790);
#9790 = DEFINITIONAL_REPRESENTATION('',(#9791),#9795);
#9791 = LINE('',#9792,#9793);
#9792 = CARTESIAN_POINT('',(2.5,-5.5));
#9793 = VECTOR('',#9794,1.);
#9794 = DIRECTION('',(0.,1.));
#9795 = ( GEOMETRIC_REPRESENTATION_CONTEXT(2) 
PARAMETRIC_REPRESENTATION_CONTEXT() REPRESENTATION_CONTEXT('2D SPACE',''
  ) );
#9796 = ORIENTED_EDGE('',*,*,#4076,.T.);
#9797 = ADVANCED_FACE('',(#9798),#4120,.F.);
#9798 = FACE_BOUND('',#9799,.F.);
#9799 = EDGE_LOOP('',(#9800,#9821,#9822,#9823,#9824,#9825,#9826,#9827));
#9800 = ORIENTED_EDGE('',*,*,#9801,.F.);
#9801 = EDGE_CURVE('',#9756,#5565,#9802,.T.);
#9802 = SURFACE_CURVE('',#9803,(#9807,#9814),.PCURVE_S1.);
#9803 = LINE('',#9804,#9805);
#9804 = CARTESIAN_POINT('',(151.,153.5,-14.));
#9805 = VECTOR('',#9806,1.);
#9806 = DIRECTION('',(1.,0.,-0.));
#9807 = PCURVE('',#4120,#9808);
#9808 = DEFINITIONAL_REPRESENTATION('',(#9809),#9813);
#9809 = LINE('',#9810,#9811);
#9810 = CARTESIAN_POINT('',(0.,3.));
#9811 = VECTOR('',#9812,1.);
#9812 = DIRECTION('',(1.,0.));
#9813 = ( GEOMETRIC_REPRESENTATION_CONTEXT(2) 
PARAMETRIC_REPRESENTATION_CONTEXT() REPRESENTATION_CONTEXT('2D SPACE',''
  ) );
#9814 = PCURVE('',#5603,#9815);
#9815 = DEFINITIONAL_REPRESENTATION('',(#9816),#9820);
#9816 = LINE('',#9817,#9818);
#9817 = CARTESIAN_POINT('',(0.,0.));
#9818 = VECTOR('',#9819,1.);
#9819 = DIRECTION('',(0.,1.));
#9820 = ( GEOMETRIC_REPRESENTATION_CONTEXT(2) 
PARAMETRIC_REPRESENTATION_CONTEXT() REPRESENTATION_CONTEXT('2D SPACE',''
  ) );
#9821 = ORIENTED_EDGE('',*,*,#9776,.T.);
#9822 = ORIENTED_EDGE('',*,*,#4104,.F.);
#9823 = ORIENTED_EDGE('',*,*,#6243,.F.);
#9824 = ORIENTED_EDGE('',*,*,#6168,.T.);
#9825 = ORIENTED_EDGE('',*,*,#6118,.T.);
#9826 = ORIENTED_EDGE('',*,*,#6020,.T.);
#9827 = ORIENTED_EDGE('',*,*,#5564,.T.);
#9828 = ADVANCED_FACE('',(#9829),#4193,.F.);
#9829 = FACE_BOUND('',#9830,.F.);
#9830 = EDGE_LOOP('',(#9831,#9832,#9833,#9834,#9835,#9836,#9837,#9838,
    #9839,#9840,#9841,#9842,#9843,#9844,#9845,#9846,#9847,#9848,#9849,
    #9850,#9851,#9852,#9853,#9854,#9855,#9878,#9906,#9927));
#9831 = ORIENTED_EDGE('',*,*,#7586,.F.);
#9832 = ORIENTED_EDGE('',*,*,#7660,.F.);
#9833 = ORIENTED_EDGE('',*,*,#7710,.F.);
#9834 = ORIENTED_EDGE('',*,*,#7611,.T.);
#9835 = ORIENTED_EDGE('',*,*,#7519,.F.);
#9836 = ORIENTED_EDGE('',*,*,#7468,.T.);
#9837 = ORIENTED_EDGE('',*,*,#7436,.T.);
#9838 = ORIENTED_EDGE('',*,*,#7340,.T.);
#9839 = ORIENTED_EDGE('',*,*,#7268,.F.);
#9840 = ORIENTED_EDGE('',*,*,#7219,.F.);
#9841 = ORIENTED_EDGE('',*,*,#7171,.F.);
#9842 = ORIENTED_EDGE('',*,*,#7121,.T.);
#9843 = ORIENTED_EDGE('',*,*,#7069,.F.);
#9844 = ORIENTED_EDGE('',*,*,#6991,.T.);
#9845 = ORIENTED_EDGE('',*,*,#6939,.T.);
#9846 = ORIENTED_EDGE('',*,*,#6843,.T.);
#9847 = ORIENTED_EDGE('',*,*,#6792,.T.);
#9848 = ORIENTED_EDGE('',*,*,#6693,.F.);
#9849 = ORIENTED_EDGE('',*,*,#6641,.T.);
#9850 = ORIENTED_EDGE('',*,*,#6547,.T.);
#9851 = ORIENTED_EDGE('',*,*,#6494,.T.);
#9852 = ORIENTED_EDGE('',*,*,#6395,.F.);
#9853 = ORIENTED_EDGE('',*,*,#6345,.T.);
#9854 = ORIENTED_EDGE('',*,*,#4177,.F.);
#9855 = ORIENTED_EDGE('',*,*,#9856,.F.);
#9856 = EDGE_CURVE('',#9857,#4178,#9859,.T.);
#9857 = VERTEX_POINT('',#9858);
#9858 = CARTESIAN_POINT('',(118.5,153.5,-14.));
#9859 = SURFACE_CURVE('',#9860,(#9864,#9871),.PCURVE_S1.);
#9860 = LINE('',#9861,#9862);
#9861 = CARTESIAN_POINT('',(118.5,105.,-14.));
#9862 = VECTOR('',#9863,1.);
#9863 = DIRECTION('',(-0.,1.,0.));
#9864 = PCURVE('',#4193,#9865);
#9865 = DEFINITIONAL_REPRESENTATION('',(#9866),#9870);
#9866 = LINE('',#9867,#9868);
#9867 = CARTESIAN_POINT('',(40.,-18.));
#9868 = VECTOR('',#9869,1.);
#9869 = DIRECTION('',(0.,1.));
#9870 = ( GEOMETRIC_REPRESENTATION_CONTEXT(2) 
PARAMETRIC_REPRESENTATION_CONTEXT() REPRESENTATION_CONTEXT('2D SPACE',''
  ) );
#9871 = PCURVE('',#4221,#9872);
#9872 = DEFINITIONAL_REPRESENTATION('',(#9873),#9877);
#9873 = LINE('',#9874,#9875);
#9874 = CARTESIAN_POINT('',(0.,0.));
#9875 = VECTOR('',#9876,1.);
#9876 = DIRECTION('',(0.,-1.));
#9877 = ( GEOMETRIC_REPRESENTATION_CONTEXT(2) 
PARAMETRIC_REPRESENTATION_CONTEXT() REPRESENTATION_CONTEXT('2D SPACE',''
  ) );
#9878 = ORIENTED_EDGE('',*,*,#9879,.F.);
#9879 = EDGE_CURVE('',#9880,#9857,#9882,.T.);
#9880 = VERTEX_POINT('',#9881);
#9881 = CARTESIAN_POINT('',(81.5,153.5,-14.));
#9882 = SURFACE_CURVE('',#9883,(#9887,#9894),.PCURVE_S1.);
#9883 = LINE('',#9884,#9885);
#9884 = CARTESIAN_POINT('',(65.,153.5,-14.));
#9885 = VECTOR('',#9886,1.);
#9886 = DIRECTION('',(1.,0.,-0.));
#9887 = PCURVE('',#4193,#9888);
#9888 = DEFINITIONAL_REPRESENTATION('',(#9889),#9893);
#9889 = LINE('',#9890,#9891);
#9890 = CARTESIAN_POINT('',(-13.5,30.5));
#9891 = VECTOR('',#9892,1.);
#9892 = DIRECTION('',(1.,0.));
#9893 = ( GEOMETRIC_REPRESENTATION_CONTEXT(2) 
PARAMETRIC_REPRESENTATION_CONTEXT() REPRESENTATION_CONTEXT('2D SPACE',''
  ) );
#9894 = PCURVE('',#9895,#9900);
#9895 = PLANE('',#9896);
#9896 = AXIS2_PLACEMENT_3D('',#9897,#9898,#9899);
#9897 = CARTESIAN_POINT('',(65.,153.5,-14.));
#9898 = DIRECTION('',(-0.,1.,0.));
#9899 = DIRECTION('',(0.,0.,1.));
#9900 = DEFINITIONAL_REPRESENTATION('',(#9901),#9905);
#9901 = LINE('',#9902,#9903);
#9902 = CARTESIAN_POINT('',(0.,0.));
#9903 = VECTOR('',#9904,1.);
#9904 = DIRECTION('',(0.,1.));
#9905 = ( GEOMETRIC_REPRESENTATION_CONTEXT(2) 
PARAMETRIC_REPRESENTATION_CONTEXT() REPRESENTATION_CONTEXT('2D SPACE',''
  ) );
#9906 = ORIENTED_EDGE('',*,*,#9907,.T.);
#9907 = EDGE_CURVE('',#9880,#4262,#9908,.T.);
#9908 = SURFACE_CURVE('',#9909,(#9913,#9920),.PCURVE_S1.);
#9909 = LINE('',#9910,#9911);
#9910 = CARTESIAN_POINT('',(81.5,123.,-14.));
#9911 = VECTOR('',#9912,1.);
#9912 = DIRECTION('',(-0.,1.,0.));
#9913 = PCURVE('',#4193,#9914);
#9914 = DEFINITIONAL_REPRESENTATION('',(#9915),#9919);
#9915 = LINE('',#9916,#9917);
#9916 = CARTESIAN_POINT('',(3.,0.));
#9917 = VECTOR('',#9918,1.);
#9918 = DIRECTION('',(0.,1.));
#9919 = ( GEOMETRIC_REPRESENTATION_CONTEXT(2) 
PARAMETRIC_REPRESENTATION_CONTEXT() REPRESENTATION_CONTEXT('2D SPACE',''
  ) );
#9920 = PCURVE('',#4277,#9921);
#9921 = DEFINITIONAL_REPRESENTATION('',(#9922),#9926);
#9922 = LINE('',#9923,#9924);
#9923 = CARTESIAN_POINT('',(0.,0.));
#9924 = VECTOR('',#9925,1.);
#9925 = DIRECTION('',(0.,-1.));
#9926 = ( GEOMETRIC_REPRESENTATION_CONTEXT(2) 
PARAMETRIC_REPRESENTATION_CONTEXT() REPRESENTATION_CONTEXT('2D SPACE',''
  ) );
#9927 = ORIENTED_EDGE('',*,*,#4289,.F.);
#9928 = ADVANCED_FACE('',(#9929),#4221,.F.);
#9929 = FACE_BOUND('',#9930,.F.);
#9930 = EDGE_LOOP('',(#9931,#9954,#9973,#9974));
#9931 = ORIENTED_EDGE('',*,*,#9932,.F.);
#9932 = EDGE_CURVE('',#9933,#4206,#9935,.T.);
#9933 = VERTEX_POINT('',#9934);
#9934 = CARTESIAN_POINT('',(118.5,153.5,-6.));
#9935 = SURFACE_CURVE('',#9936,(#9940,#9947),.PCURVE_S1.);
#9936 = LINE('',#9937,#9938);
#9937 = CARTESIAN_POINT('',(118.5,105.,-6.));
#9938 = VECTOR('',#9939,1.);
#9939 = DIRECTION('',(-0.,1.,0.));
#9940 = PCURVE('',#4221,#9941);
#9941 = DEFINITIONAL_REPRESENTATION('',(#9942),#9946);
#9942 = LINE('',#9943,#9944);
#9943 = CARTESIAN_POINT('',(8.,0.));
#9944 = VECTOR('',#9945,1.);
#9945 = DIRECTION('',(0.,-1.));
#9946 = ( GEOMETRIC_REPRESENTATION_CONTEXT(2) 
PARAMETRIC_REPRESENTATION_CONTEXT() REPRESENTATION_CONTEXT('2D SPACE',''
  ) );
#9947 = PCURVE('',#4249,#9948);
#9948 = DEFINITIONAL_REPRESENTATION('',(#9949),#9953);
#9949 = LINE('',#9950,#9951);
#9950 = CARTESIAN_POINT('',(118.5,104.9));
#9951 = VECTOR('',#9952,1.);
#9952 = DIRECTION('',(0.,1.));
#9953 = ( GEOMETRIC_REPRESENTATION_CONTEXT(2) 
PARAMETRIC_REPRESENTATION_CONTEXT() REPRESENTATION_CONTEXT('2D SPACE',''
  ) );
#9954 = ORIENTED_EDGE('',*,*,#9955,.T.);
#9955 = EDGE_CURVE('',#9933,#9857,#9956,.T.);
#9956 = SURFACE_CURVE('',#9957,(#9961,#9967),.PCURVE_S1.);
#9957 = LINE('',#9958,#9959);
#9958 = CARTESIAN_POINT('',(118.5,153.5,-14.));
#9959 = VECTOR('',#9960,1.);
#9960 = DIRECTION('',(-0.,0.,-1.));
#9961 = PCURVE('',#4221,#9962);
#9962 = DEFINITIONAL_REPRESENTATION('',(#9963),#9966);
#9963 = B_SPLINE_CURVE_WITH_KNOTS('',1,(#9964,#9965),.UNSPECIFIED.,.F.,
  .F.,(2,2),(-8.,0.),.PIECEWISE_BEZIER_KNOTS.);
#9964 = CARTESIAN_POINT('',(8.,-48.5));
#9965 = CARTESIAN_POINT('',(0.,-48.5));
#9966 = ( GEOMETRIC_REPRESENTATION_CONTEXT(2) 
PARAMETRIC_REPRESENTATION_CONTEXT() REPRESENTATION_CONTEXT('2D SPACE',''
  ) );
#9967 = PCURVE('',#9895,#9968);
#9968 = DEFINITIONAL_REPRESENTATION('',(#9969),#9972);
#9969 = B_SPLINE_CURVE_WITH_KNOTS('',1,(#9970,#9971),.UNSPECIFIED.,.F.,
  .F.,(2,2),(-8.,0.),.PIECEWISE_BEZIER_KNOTS.);
#9970 = CARTESIAN_POINT('',(8.,53.5));
#9971 = CARTESIAN_POINT('',(0.,53.5));
#9972 = ( GEOMETRIC_REPRESENTATION_CONTEXT(2) 
PARAMETRIC_REPRESENTATION_CONTEXT() REPRESENTATION_CONTEXT('2D SPACE',''
  ) );
#9973 = ORIENTED_EDGE('',*,*,#9856,.T.);
#9974 = ORIENTED_EDGE('',*,*,#4205,.T.);
#9975 = ADVANCED_FACE('',(#9976),#4249,.F.);
#9976 = FACE_BOUND('',#9977,.F.);
#9977 = EDGE_LOOP('',(#9978,#9979,#9980,#10003));
#9978 = ORIENTED_EDGE('',*,*,#9932,.T.);
#9979 = ORIENTED_EDGE('',*,*,#4233,.F.);
#9980 = ORIENTED_EDGE('',*,*,#9981,.F.);
#9981 = EDGE_CURVE('',#9982,#4234,#9984,.T.);
#9982 = VERTEX_POINT('',#9983);
#9983 = CARTESIAN_POINT('',(81.5,153.5,-6.));
#9984 = SURFACE_CURVE('',#9985,(#9989,#9996),.PCURVE_S1.);
#9985 = LINE('',#9986,#9987);
#9986 = CARTESIAN_POINT('',(81.5,123.,-6.));
#9987 = VECTOR('',#9988,1.);
#9988 = DIRECTION('',(-0.,1.,0.));
#9989 = PCURVE('',#4249,#9990);
#9990 = DEFINITIONAL_REPRESENTATION('',(#9991),#9995);
#9991 = LINE('',#9992,#9993);
#9992 = CARTESIAN_POINT('',(81.5,122.9));
#9993 = VECTOR('',#9994,1.);
#9994 = DIRECTION('',(0.,1.));
#9995 = ( GEOMETRIC_REPRESENTATION_CONTEXT(2) 
PARAMETRIC_REPRESENTATION_CONTEXT() REPRESENTATION_CONTEXT('2D SPACE',''
  ) );
#9996 = PCURVE('',#4277,#9997);
#9997 = DEFINITIONAL_REPRESENTATION('',(#9998),#10002);
#9998 = LINE('',#9999,#10000);
#9999 = CARTESIAN_POINT('',(8.,0.));
#10000 = VECTOR('',#10001,1.);
#10001 = DIRECTION('',(0.,-1.));
#10002 = ( GEOMETRIC_REPRESENTATION_CONTEXT(2) 
PARAMETRIC_REPRESENTATION_CONTEXT() REPRESENTATION_CONTEXT('2D SPACE',''
  ) );
#10003 = ORIENTED_EDGE('',*,*,#10004,.T.);
#10004 = EDGE_CURVE('',#9982,#9933,#10005,.T.);
#10005 = SURFACE_CURVE('',#10006,(#10010,#10017),.PCURVE_S1.);
#10006 = LINE('',#10007,#10008);
#10007 = CARTESIAN_POINT('',(65.,153.5,-6.));
#10008 = VECTOR('',#10009,1.);
#10009 = DIRECTION('',(1.,0.,-0.));
#10010 = PCURVE('',#4249,#10011);
#10011 = DEFINITIONAL_REPRESENTATION('',(#10012),#10016);
#10012 = LINE('',#10013,#10014);
#10013 = CARTESIAN_POINT('',(65.,153.4));
#10014 = VECTOR('',#10015,1.);
#10015 = DIRECTION('',(1.,0.));
#10016 = ( GEOMETRIC_REPRESENTATION_CONTEXT(2) 
PARAMETRIC_REPRESENTATION_CONTEXT() REPRESENTATION_CONTEXT('2D SPACE',''
  ) );
#10017 = PCURVE('',#9895,#10018);
#10018 = DEFINITIONAL_REPRESENTATION('',(#10019),#10023);
#10019 = LINE('',#10020,#10021);
#10020 = CARTESIAN_POINT('',(8.,0.));
#10021 = VECTOR('',#10022,1.);
#10022 = DIRECTION('',(0.,1.));
#10023 = ( GEOMETRIC_REPRESENTATION_CONTEXT(2) 
PARAMETRIC_REPRESENTATION_CONTEXT() REPRESENTATION_CONTEXT('2D SPACE',''
  ) );
#10024 = ADVANCED_FACE('',(#10025),#4277,.T.);
#10025 = FACE_BOUND('',#10026,.T.);
#10026 = EDGE_LOOP('',(#10027,#10028,#10047,#10048));
#10027 = ORIENTED_EDGE('',*,*,#9981,.F.);
#10028 = ORIENTED_EDGE('',*,*,#10029,.T.);
#10029 = EDGE_CURVE('',#9982,#9880,#10030,.T.);
#10030 = SURFACE_CURVE('',#10031,(#10035,#10041),.PCURVE_S1.);
#10031 = LINE('',#10032,#10033);
#10032 = CARTESIAN_POINT('',(81.5,153.5,-14.));
#10033 = VECTOR('',#10034,1.);
#10034 = DIRECTION('',(-0.,0.,-1.));
#10035 = PCURVE('',#4277,#10036);
#10036 = DEFINITIONAL_REPRESENTATION('',(#10037),#10040);
#10037 = B_SPLINE_CURVE_WITH_KNOTS('',1,(#10038,#10039),.UNSPECIFIED.,
  .F.,.F.,(2,2),(-8.,0.),.PIECEWISE_BEZIER_KNOTS.);
#10038 = CARTESIAN_POINT('',(8.,-30.5));
#10039 = CARTESIAN_POINT('',(0.,-30.5));
#10040 = ( GEOMETRIC_REPRESENTATION_CONTEXT(2) 
PARAMETRIC_REPRESENTATION_CONTEXT() REPRESENTATION_CONTEXT('2D SPACE',''
  ) );
#10041 = PCURVE('',#9895,#10042);
#10042 = DEFINITIONAL_REPRESENTATION('',(#10043),#10046);
#10043 = B_SPLINE_CURVE_WITH_KNOTS('',1,(#10044,#10045),.UNSPECIFIED.,
  .F.,.F.,(2,2),(-8.,0.),.PIECEWISE_BEZIER_KNOTS.);
#10044 = CARTESIAN_POINT('',(8.,16.5));
#10045 = CARTESIAN_POINT('',(0.,16.5));
#10046 = ( GEOMETRIC_REPRESENTATION_CONTEXT(2) 
PARAMETRIC_REPRESENTATION_CONTEXT() REPRESENTATION_CONTEXT('2D SPACE',''
  ) );
#10047 = ORIENTED_EDGE('',*,*,#9907,.T.);
#10048 = ORIENTED_EDGE('',*,*,#4261,.T.);
#10049 = ADVANCED_FACE('',(#10050),#4917,.F.);
#10050 = FACE_BOUND('',#10051,.F.);
#10051 = EDGE_LOOP('',(#10052,#10053,#10054,#10082));
#10052 = ORIENTED_EDGE('',*,*,#4900,.F.);
#10053 = ORIENTED_EDGE('',*,*,#5638,.F.);
#10054 = ORIENTED_EDGE('',*,*,#10055,.F.);
#10055 = EDGE_CURVE('',#10056,#5639,#10058,.T.);
#10056 = VERTEX_POINT('',#10057);
#10057 = CARTESIAN_POINT('',(158.59666067868,21.640476190476,-1.2));
#10058 = SURFACE_CURVE('',#10059,(#10064,#10071),.PCURVE_S1.);
#10059 = CIRCLE('',#10060,8.25);
#10060 = AXIS2_PLACEMENT_3D('',#10061,#10062,#10063);
#10061 = CARTESIAN_POINT('',(166.,18.,-1.2));
#10062 = DIRECTION('',(0.,0.,-1.));
#10063 = DIRECTION('',(-0.89737446319,0.44126984127,0.));
#10064 = PCURVE('',#4917,#10065);
#10065 = DEFINITIONAL_REPRESENTATION('',(#10066),#10070);
#10066 = LINE('',#10067,#10068);
#10067 = CARTESIAN_POINT('',(8.96776471603,0.));
#10068 = VECTOR('',#10069,1.);
#10069 = DIRECTION('',(-1.,-0.));
#10070 = ( GEOMETRIC_REPRESENTATION_CONTEXT(2) 
PARAMETRIC_REPRESENTATION_CONTEXT() REPRESENTATION_CONTEXT('2D SPACE',''
  ) );
#10071 = PCURVE('',#5674,#10072);
#10072 = DEFINITIONAL_REPRESENTATION('',(#10073),#10081);
#10073 = ( BOUNDED_CURVE() B_SPLINE_CURVE(2,(#10074,#10075,#10076,#10077
    ,#10078,#10079,#10080),.UNSPECIFIED.,.T.,.F.) 
B_SPLINE_CURVE_WITH_KNOTS((1,2,2,2,2,1),(-2.094395102393,0.,
    2.094395102393,4.188790204786,6.28318530718,8.377580409573),
.UNSPECIFIED.) CURVE() GEOMETRIC_REPRESENTATION_ITEM() 
RATIONAL_B_SPLINE_CURVE((1.,0.5,1.,0.5,1.,0.5,1.)) REPRESENTATION_ITEM(
  '') );
#10074 = CARTESIAN_POINT('',(30.846660678682,67.890476190476));
#10075 = CARTESIAN_POINT('',(37.152150404331,80.713436040672));
#10076 = CARTESIAN_POINT('',(45.104414523484,68.84124182986));
#10077 = CARTESIAN_POINT('',(53.056678642637,56.969047619048));
#10078 = CARTESIAN_POINT('',(38.798924797835,56.018281979664));
#10079 = CARTESIAN_POINT('',(24.541170953033,55.06751634028));
#10080 = CARTESIAN_POINT('',(30.846660678682,67.890476190476));
#10081 = ( GEOMETRIC_REPRESENTATION_CONTEXT(2) 
PARAMETRIC_REPRESENTATION_CONTEXT() REPRESENTATION_CONTEXT('2D SPACE',''
  ) );
#10082 = ORIENTED_EDGE('',*,*,#10083,.T.);
#10083 = EDGE_CURVE('',#10056,#4873,#10084,.T.);
#10084 = SURFACE_CURVE('',#10085,(#10089,#10095),.PCURVE_S1.);
#10085 = LINE('',#10086,#10087);
#10086 = CARTESIAN_POINT('',(158.59666067868,21.640476190476,-1.2));
#10087 = VECTOR('',#10088,1.);
#10088 = DIRECTION('',(0.,0.,1.));
#10089 = PCURVE('',#4917,#10090);
#10090 = DEFINITIONAL_REPRESENTATION('',(#10091),#10094);
#10091 = B_SPLINE_CURVE_WITH_KNOTS('',1,(#10092,#10093),.UNSPECIFIED.,
  .F.,.F.,(2,2),(0.,1.2),.PIECEWISE_BEZIER_KNOTS.);
#10092 = CARTESIAN_POINT('',(8.96776471603,0.));
#10093 = CARTESIAN_POINT('',(8.96776471603,1.2));
#10094 = ( GEOMETRIC_REPRESENTATION_CONTEXT(2) 
PARAMETRIC_REPRESENTATION_CONTEXT() REPRESENTATION_CONTEXT('2D SPACE',''
  ) );
#10095 = PCURVE('',#4888,#10096);
#10096 = DEFINITIONAL_REPRESENTATION('',(#10097),#10100);
#10097 = B_SPLINE_CURVE_WITH_KNOTS('',1,(#10098,#10099),.UNSPECIFIED.,
  .F.,.F.,(2,2),(-2.400000000069E-06,1.2000024),
  .PIECEWISE_BEZIER_KNOTS.);
#10098 = CARTESIAN_POINT('',(-2.400000000069E-06,30.846660678682));
#10099 = CARTESIAN_POINT('',(1.2000024,30.846660678682));
#10100 = ( GEOMETRIC_REPRESENTATION_CONTEXT(2) 
PARAMETRIC_REPRESENTATION_CONTEXT() REPRESENTATION_CONTEXT('2D SPACE',''
  ) );
#10101 = ADVANCED_FACE('',(#10102),#4888,.F.);
#10102 = FACE_BOUND('',#10103,.F.);
#10103 = EDGE_LOOP('',(#10104,#10127,#10146,#10147));
#10104 = ORIENTED_EDGE('',*,*,#10105,.F.);
#10105 = EDGE_CURVE('',#10106,#10056,#10108,.T.);
#10106 = VERTEX_POINT('',#10107);
#10107 = CARTESIAN_POINT('',(129.40333932131,21.640476190476,-1.2));
#10108 = SURFACE_CURVE('',#10109,(#10113,#10120),.PCURVE_S1.);
#10109 = LINE('',#10110,#10111);
#10110 = CARTESIAN_POINT('',(127.75,21.640476190476,-1.2));
#10111 = VECTOR('',#10112,1.);
#10112 = DIRECTION('',(1.,0.,-0.));
#10113 = PCURVE('',#4888,#10114);
#10114 = DEFINITIONAL_REPRESENTATION('',(#10115),#10119);
#10115 = LINE('',#10116,#10117);
#10116 = CARTESIAN_POINT('',(0.,0.));
#10117 = VECTOR('',#10118,1.);
#10118 = DIRECTION('',(0.,1.));
#10119 = ( GEOMETRIC_REPRESENTATION_CONTEXT(2) 
PARAMETRIC_REPRESENTATION_CONTEXT() REPRESENTATION_CONTEXT('2D SPACE',''
  ) );
#10120 = PCURVE('',#5674,#10121);
#10121 = DEFINITIONAL_REPRESENTATION('',(#10122),#10126);
#10122 = LINE('',#10123,#10124);
#10123 = CARTESIAN_POINT('',(0.,67.890476190476));
#10124 = VECTOR('',#10125,1.);
#10125 = DIRECTION('',(1.,0.));
#10126 = ( GEOMETRIC_REPRESENTATION_CONTEXT(2) 
PARAMETRIC_REPRESENTATION_CONTEXT() REPRESENTATION_CONTEXT('2D SPACE',''
  ) );
#10127 = ORIENTED_EDGE('',*,*,#10128,.T.);
#10128 = EDGE_CURVE('',#10106,#4844,#10129,.T.);
#10129 = SURFACE_CURVE('',#10130,(#10134,#10140),.PCURVE_S1.);
#10130 = LINE('',#10131,#10132);
#10131 = CARTESIAN_POINT('',(129.40333932131,21.640476190476,-1.2));
#10132 = VECTOR('',#10133,1.);
#10133 = DIRECTION('',(0.,0.,1.));
#10134 = PCURVE('',#4888,#10135);
#10135 = DEFINITIONAL_REPRESENTATION('',(#10136),#10139);
#10136 = B_SPLINE_CURVE_WITH_KNOTS('',1,(#10137,#10138),.UNSPECIFIED.,
  .F.,.F.,(2,2),(-2.400000000069E-06,1.2000024),
  .PIECEWISE_BEZIER_KNOTS.);
#10137 = CARTESIAN_POINT('',(-2.400000000069E-06,1.653339321318));
#10138 = CARTESIAN_POINT('',(1.2000024,1.653339321318));
#10139 = ( GEOMETRIC_REPRESENTATION_CONTEXT(2) 
PARAMETRIC_REPRESENTATION_CONTEXT() REPRESENTATION_CONTEXT('2D SPACE',''
  ) );
#10140 = PCURVE('',#4860,#10141);
#10141 = DEFINITIONAL_REPRESENTATION('',(#10142),#10145);
#10142 = B_SPLINE_CURVE_WITH_KNOTS('',1,(#10143,#10144),.UNSPECIFIED.,
  .F.,.F.,(2,2),(-2.400000000069E-06,1.2000024),
  .PIECEWISE_BEZIER_KNOTS.);
#10143 = CARTESIAN_POINT('',(0.457013244739,-2.400000000069E-06));
#10144 = CARTESIAN_POINT('',(0.457013244739,1.2000024));
#10145 = ( GEOMETRIC_REPRESENTATION_CONTEXT(2) 
PARAMETRIC_REPRESENTATION_CONTEXT() REPRESENTATION_CONTEXT('2D SPACE',''
  ) );
#10146 = ORIENTED_EDGE('',*,*,#4872,.T.);
#10147 = ORIENTED_EDGE('',*,*,#10083,.F.);
#10148 = ADVANCED_FACE('',(#10149),#4860,.F.);
#10149 = FACE_BOUND('',#10150,.F.);
#10150 = EDGE_LOOP('',(#10151,#10152,#10153,#10177));
#10151 = ORIENTED_EDGE('',*,*,#4843,.F.);
#10152 = ORIENTED_EDGE('',*,*,#10128,.F.);
#10153 = ORIENTED_EDGE('',*,*,#10154,.T.);
#10154 = EDGE_CURVE('',#10106,#10155,#10157,.T.);
#10155 = VERTEX_POINT('',#10156);
#10156 = CARTESIAN_POINT('',(127.66237582645,24.,-1.2));
#10157 = SURFACE_CURVE('',#10158,(#10163,#10170),.PCURVE_S1.);
#10158 = CIRCLE('',#10159,8.25);
#10159 = AXIS2_PLACEMENT_3D('',#10160,#10161,#10162);
#10160 = CARTESIAN_POINT('',(122.,18.,-1.2));
#10161 = DIRECTION('',(0.,0.,1.));
#10162 = DIRECTION('',(1.,0.,-0.));
#10163 = PCURVE('',#4860,#10164);
#10164 = DEFINITIONAL_REPRESENTATION('',(#10165),#10169);
#10165 = LINE('',#10166,#10167);
#10166 = CARTESIAN_POINT('',(0.,0.));
#10167 = VECTOR('',#10168,1.);
#10168 = DIRECTION('',(1.,0.));
#10169 = ( GEOMETRIC_REPRESENTATION_CONTEXT(2) 
PARAMETRIC_REPRESENTATION_CONTEXT() REPRESENTATION_CONTEXT('2D SPACE',''
  ) );
#10170 = PCURVE('',#5674,#10171);
#10171 = DEFINITIONAL_REPRESENTATION('',(#10172),#10176);
#10172 = CIRCLE('',#10173,8.25);
#10173 = AXIS2_PLACEMENT_2D('',#10174,#10175);
#10174 = CARTESIAN_POINT('',(-5.75,64.25));
#10175 = DIRECTION('',(1.,0.));
#10176 = ( GEOMETRIC_REPRESENTATION_CONTEXT(2) 
PARAMETRIC_REPRESENTATION_CONTEXT() REPRESENTATION_CONTEXT('2D SPACE',''
  ) );
#10177 = ORIENTED_EDGE('',*,*,#10178,.T.);
#10178 = EDGE_CURVE('',#10155,#4816,#10179,.T.);
#10179 = SURFACE_CURVE('',#10180,(#10184,#10190),.PCURVE_S1.);
#10180 = LINE('',#10181,#10182);
#10181 = CARTESIAN_POINT('',(127.66237582645,24.,-1.2));
#10182 = VECTOR('',#10183,1.);
#10183 = DIRECTION('',(0.,0.,1.));
#10184 = PCURVE('',#4860,#10185);
#10185 = DEFINITIONAL_REPRESENTATION('',(#10186),#10189);
#10186 = B_SPLINE_CURVE_WITH_KNOTS('',1,(#10187,#10188),.UNSPECIFIED.,
  .F.,.F.,(2,2),(-5.999999999062E-07,1.2000006),
  .PIECEWISE_BEZIER_KNOTS.);
#10187 = CARTESIAN_POINT('',(0.814339942127,-5.999999999062E-07));
#10188 = CARTESIAN_POINT('',(0.814339942127,1.2000006));
#10189 = ( GEOMETRIC_REPRESENTATION_CONTEXT(2) 
PARAMETRIC_REPRESENTATION_CONTEXT() REPRESENTATION_CONTEXT('2D SPACE',''
  ) );
#10190 = PCURVE('',#4831,#10191);
#10191 = DEFINITIONAL_REPRESENTATION('',(#10192),#10195);
#10192 = B_SPLINE_CURVE_WITH_KNOTS('',1,(#10193,#10194),.UNSPECIFIED.,
  .F.,.F.,(2,2),(-5.999999999062E-07,1.2000006),
  .PIECEWISE_BEZIER_KNOTS.);
#10193 = CARTESIAN_POINT('',(4.7999994,13.912375826453));
#10194 = CARTESIAN_POINT('',(6.0000006,13.912375826453));
#10195 = ( GEOMETRIC_REPRESENTATION_CONTEXT(2) 
PARAMETRIC_REPRESENTATION_CONTEXT() REPRESENTATION_CONTEXT('2D SPACE',''
  ) );
#10196 = ADVANCED_FACE('',(#10197),#4422,.F.);
#10197 = FACE_BOUND('',#10198,.F.);
#10198 = EDGE_LOOP('',(#10199,#10200,#10201,#10202));
#10199 = ORIENTED_EDGE('',*,*,#5878,.F.);
#10200 = ORIENTED_EDGE('',*,*,#5946,.T.);
#10201 = ORIENTED_EDGE('',*,*,#5971,.T.);
#10202 = ORIENTED_EDGE('',*,*,#4406,.T.);
#10203 = ADVANCED_FACE('',(#10204),#4831,.F.);
#10204 = FACE_BOUND('',#10205,.F.);
#10205 = EDGE_LOOP('',(#10206,#10227,#10228,#10229));
#10206 = ORIENTED_EDGE('',*,*,#10207,.T.);
#10207 = EDGE_CURVE('',#10208,#4787,#10210,.T.);
#10208 = VERTEX_POINT('',#10209);
#10209 = CARTESIAN_POINT('',(116.33762417354,24.,-1.2));
#10210 = SURFACE_CURVE('',#10211,(#10215,#10221),.PCURVE_S1.);
#10211 = LINE('',#10212,#10213);
#10212 = CARTESIAN_POINT('',(116.33762417354,24.,-1.2));
#10213 = VECTOR('',#10214,1.);
#10214 = DIRECTION('',(0.,0.,1.));
#10215 = PCURVE('',#4831,#10216);
#10216 = DEFINITIONAL_REPRESENTATION('',(#10217),#10220);
#10217 = B_SPLINE_CURVE_WITH_KNOTS('',1,(#10218,#10219),.UNSPECIFIED.,
  .F.,.F.,(2,2),(-5.999999999062E-07,1.2000006),
  .PIECEWISE_BEZIER_KNOTS.);
#10218 = CARTESIAN_POINT('',(4.7999994,2.587624173547));
#10219 = CARTESIAN_POINT('',(6.0000006,2.587624173547));
#10220 = ( GEOMETRIC_REPRESENTATION_CONTEXT(2) 
PARAMETRIC_REPRESENTATION_CONTEXT() REPRESENTATION_CONTEXT('2D SPACE',''
  ) );
#10221 = PCURVE('',#4803,#10222);
#10222 = DEFINITIONAL_REPRESENTATION('',(#10223),#10226);
#10223 = B_SPLINE_CURVE_WITH_KNOTS('',1,(#10224,#10225),.UNSPECIFIED.,
  .F.,.F.,(2,2),(-5.999999999062E-07,1.2000006),
  .PIECEWISE_BEZIER_KNOTS.);
#10224 = CARTESIAN_POINT('',(2.327252711463,-5.999999999062E-07));
#10225 = CARTESIAN_POINT('',(2.327252711463,1.2000006));
#10226 = ( GEOMETRIC_REPRESENTATION_CONTEXT(2) 
PARAMETRIC_REPRESENTATION_CONTEXT() REPRESENTATION_CONTEXT('2D SPACE',''
  ) );
#10227 = ORIENTED_EDGE('',*,*,#4815,.T.);
#10228 = ORIENTED_EDGE('',*,*,#10178,.F.);
#10229 = ORIENTED_EDGE('',*,*,#10230,.T.);
#10230 = EDGE_CURVE('',#10155,#10208,#10231,.T.);
#10231 = SURFACE_CURVE('',#10232,(#10236,#10242),.PCURVE_S1.);
#10232 = LINE('',#10233,#10234);
#10233 = CARTESIAN_POINT('',(120.75,24.,-1.2));
#10234 = VECTOR('',#10235,1.);
#10235 = DIRECTION('',(-1.,-0.,0.));
#10236 = PCURVE('',#4831,#10237);
#10237 = DEFINITIONAL_REPRESENTATION('',(#10238),#10241);
#10238 = B_SPLINE_CURVE_WITH_KNOTS('',1,(#10239,#10240),.UNSPECIFIED.,
  .F.,.F.,(2,2),(-53.43916967708,6.93916967708),
  .PIECEWISE_BEZIER_KNOTS.);
#10239 = CARTESIAN_POINT('',(4.8,60.43916967708));
#10240 = CARTESIAN_POINT('',(4.8,6.08303229204E-02));
#10241 = ( GEOMETRIC_REPRESENTATION_CONTEXT(2) 
PARAMETRIC_REPRESENTATION_CONTEXT() REPRESENTATION_CONTEXT('2D SPACE',''
  ) );
#10242 = PCURVE('',#5674,#10243);
#10243 = DEFINITIONAL_REPRESENTATION('',(#10244),#10247);
#10244 = B_SPLINE_CURVE_WITH_KNOTS('',1,(#10245,#10246),.UNSPECIFIED.,
  .F.,.F.,(2,2),(-53.43916967708,6.93916967708),
  .PIECEWISE_BEZIER_KNOTS.);
#10245 = CARTESIAN_POINT('',(46.43916967708,70.25));
#10246 = CARTESIAN_POINT('',(-13.93916967708,70.25));
#10247 = ( GEOMETRIC_REPRESENTATION_CONTEXT(2) 
PARAMETRIC_REPRESENTATION_CONTEXT() REPRESENTATION_CONTEXT('2D SPACE',''
  ) );
#10248 = ADVANCED_FACE('',(#10249),#4803,.F.);
#10249 = FACE_BOUND('',#10250,.F.);
#10250 = EDGE_LOOP('',(#10251,#10252,#10253,#10277));
#10251 = ORIENTED_EDGE('',*,*,#4786,.F.);
#10252 = ORIENTED_EDGE('',*,*,#10207,.F.);
#10253 = ORIENTED_EDGE('',*,*,#10254,.T.);
#10254 = EDGE_CURVE('',#10208,#10255,#10257,.T.);
#10255 = VERTEX_POINT('',#10256);
#10256 = CARTESIAN_POINT('',(113.81083032292,19.,-1.2));
#10257 = SURFACE_CURVE('',#10258,(#10263,#10270),.PCURVE_S1.);
#10258 = CIRCLE('',#10259,8.25);
#10259 = AXIS2_PLACEMENT_3D('',#10260,#10261,#10262);
#10260 = CARTESIAN_POINT('',(122.,18.,-1.2));
#10261 = DIRECTION('',(0.,0.,1.));
#10262 = DIRECTION('',(1.,0.,-0.));
#10263 = PCURVE('',#4803,#10264);
#10264 = DEFINITIONAL_REPRESENTATION('',(#10265),#10269);
#10265 = LINE('',#10266,#10267);
#10266 = CARTESIAN_POINT('',(0.,0.));
#10267 = VECTOR('',#10268,1.);
#10268 = DIRECTION('',(1.,0.));
#10269 = ( GEOMETRIC_REPRESENTATION_CONTEXT(2) 
PARAMETRIC_REPRESENTATION_CONTEXT() REPRESENTATION_CONTEXT('2D SPACE',''
  ) );
#10270 = PCURVE('',#5674,#10271);
#10271 = DEFINITIONAL_REPRESENTATION('',(#10272),#10276);
#10272 = CIRCLE('',#10273,8.25);
#10273 = AXIS2_PLACEMENT_2D('',#10274,#10275);
#10274 = CARTESIAN_POINT('',(-5.75,64.25));
#10275 = DIRECTION('',(1.,0.));
#10276 = ( GEOMETRIC_REPRESENTATION_CONTEXT(2) 
PARAMETRIC_REPRESENTATION_CONTEXT() REPRESENTATION_CONTEXT('2D SPACE',''
  ) );
#10277 = ORIENTED_EDGE('',*,*,#10278,.T.);
#10278 = EDGE_CURVE('',#10255,#4759,#10279,.T.);
#10279 = SURFACE_CURVE('',#10280,(#10284,#10290),.PCURVE_S1.);
#10280 = LINE('',#10281,#10282);
#10281 = CARTESIAN_POINT('',(113.81083032292,19.,-1.2));
#10282 = VECTOR('',#10283,1.);
#10283 = DIRECTION('',(0.,0.,1.));
#10284 = PCURVE('',#4803,#10285);
#10285 = DEFINITIONAL_REPRESENTATION('',(#10286),#10289);
#10286 = B_SPLINE_CURVE_WITH_KNOTS('',1,(#10287,#10288),.UNSPECIFIED.,
  .F.,.F.,(2,2),(-5.999999999062E-07,1.2000006),
  .PIECEWISE_BEZIER_KNOTS.);
#10287 = CARTESIAN_POINT('',(3.0200817369,-5.999999999062E-07));
#10288 = CARTESIAN_POINT('',(3.0200817369,1.2000006));
#10289 = ( GEOMETRIC_REPRESENTATION_CONTEXT(2) 
PARAMETRIC_REPRESENTATION_CONTEXT() REPRESENTATION_CONTEXT('2D SPACE',''
  ) );
#10290 = PCURVE('',#4774,#10291);
#10291 = DEFINITIONAL_REPRESENTATION('',(#10292),#10295);
#10292 = B_SPLINE_CURVE_WITH_KNOTS('',1,(#10293,#10294),.UNSPECIFIED.,
  .F.,.F.,(2,2),(-5.999999999062E-07,1.2000006),
  .PIECEWISE_BEZIER_KNOTS.);
#10293 = CARTESIAN_POINT('',(4.7999994,6.08303229204E-02));
#10294 = CARTESIAN_POINT('',(6.0000006,6.08303229204E-02));
#10295 = ( GEOMETRIC_REPRESENTATION_CONTEXT(2) 
PARAMETRIC_REPRESENTATION_CONTEXT() REPRESENTATION_CONTEXT('2D SPACE',''
  ) );
#10296 = ADVANCED_FACE('',(#10297),#4473,.T.);
#10297 = FACE_BOUND('',#10298,.T.);
#10298 = EDGE_LOOP('',(#10299,#10300,#10321,#10340));
#10299 = ORIENTED_EDGE('',*,*,#5858,.F.);
#10300 = ORIENTED_EDGE('',*,*,#10301,.T.);
#10301 = EDGE_CURVE('',#5833,#10302,#10304,.T.);
#10302 = VERTEX_POINT('',#10303);
#10303 = CARTESIAN_POINT('',(127.75,6.,-1.2));
#10304 = SURFACE_CURVE('',#10305,(#10309,#10315),.PCURVE_S1.);
#10305 = LINE('',#10306,#10307);
#10306 = CARTESIAN_POINT('',(120.75,6.,-1.2));
#10307 = VECTOR('',#10308,1.);
#10308 = DIRECTION('',(-1.,-0.,0.));
#10309 = PCURVE('',#4473,#10310);
#10310 = DEFINITIONAL_REPRESENTATION('',(#10311),#10314);
#10311 = B_SPLINE_CURVE_WITH_KNOTS('',1,(#10312,#10313),.UNSPECIFIED.,
  .F.,.F.,(2,2),(-53.5,7.),.PIECEWISE_BEZIER_KNOTS.);
#10312 = CARTESIAN_POINT('',(4.8,60.5));
#10313 = CARTESIAN_POINT('',(4.8,0.));
#10314 = ( GEOMETRIC_REPRESENTATION_CONTEXT(2) 
PARAMETRIC_REPRESENTATION_CONTEXT() REPRESENTATION_CONTEXT('2D SPACE',''
  ) );
#10315 = PCURVE('',#5847,#10316);
#10316 = DEFINITIONAL_REPRESENTATION('',(#10317),#10320);
#10317 = B_SPLINE_CURVE_WITH_KNOTS('',1,(#10318,#10319),.UNSPECIFIED.,
  .F.,.F.,(2,2),(-53.5,7.),.PIECEWISE_BEZIER_KNOTS.);
#10318 = CARTESIAN_POINT('',(46.5,52.25));
#10319 = CARTESIAN_POINT('',(-14.,52.25));
#10320 = ( GEOMETRIC_REPRESENTATION_CONTEXT(2) 
PARAMETRIC_REPRESENTATION_CONTEXT() REPRESENTATION_CONTEXT('2D SPACE',''
  ) );
#10321 = ORIENTED_EDGE('',*,*,#10322,.T.);
#10322 = EDGE_CURVE('',#10302,#4458,#10323,.T.);
#10323 = SURFACE_CURVE('',#10324,(#10328,#10334),.PCURVE_S1.);
#10324 = LINE('',#10325,#10326);
#10325 = CARTESIAN_POINT('',(127.75,6.,-3.6));
#10326 = VECTOR('',#10327,1.);
#10327 = DIRECTION('',(0.,0.,1.));
#10328 = PCURVE('',#4473,#10329);
#10329 = DEFINITIONAL_REPRESENTATION('',(#10330),#10333);
#10330 = B_SPLINE_CURVE_WITH_KNOTS('',1,(#10331,#10332),.UNSPECIFIED.,
  .F.,.F.,(2,2),(2.4,3.6),.PIECEWISE_BEZIER_KNOTS.);
#10331 = CARTESIAN_POINT('',(4.8,14.));
#10332 = CARTESIAN_POINT('',(6.,14.));
#10333 = ( GEOMETRIC_REPRESENTATION_CONTEXT(2) 
PARAMETRIC_REPRESENTATION_CONTEXT() REPRESENTATION_CONTEXT('2D SPACE',''
  ) );
#10334 = PCURVE('',#4501,#10335);
#10335 = DEFINITIONAL_REPRESENTATION('',(#10336),#10339);
#10336 = B_SPLINE_CURVE_WITH_KNOTS('',1,(#10337,#10338),.UNSPECIFIED.,
  .F.,.F.,(2,2),(2.4,3.6),.PIECEWISE_BEZIER_KNOTS.);
#10337 = CARTESIAN_POINT('',(0.,-52.25));
#10338 = CARTESIAN_POINT('',(1.2,-52.25));
#10339 = ( GEOMETRIC_REPRESENTATION_CONTEXT(2) 
PARAMETRIC_REPRESENTATION_CONTEXT() REPRESENTATION_CONTEXT('2D SPACE',''
  ) );
#10340 = ORIENTED_EDGE('',*,*,#4457,.T.);
#10341 = ADVANCED_FACE('',(#10342),#4774,.T.);
#10342 = FACE_BOUND('',#10343,.T.);
#10343 = EDGE_LOOP('',(#10344,#10345,#10364,#10365));
#10344 = ORIENTED_EDGE('',*,*,#8217,.F.);
#10345 = ORIENTED_EDGE('',*,*,#10346,.T.);
#10346 = EDGE_CURVE('',#8218,#10255,#10347,.T.);
#10347 = SURFACE_CURVE('',#10348,(#10352,#10358),.PCURVE_S1.);
#10348 = LINE('',#10349,#10350);
#10349 = CARTESIAN_POINT('',(120.75,19.,-1.2));
#10350 = VECTOR('',#10351,1.);
#10351 = DIRECTION('',(-1.,-0.,0.));
#10352 = PCURVE('',#4774,#10353);
#10353 = DEFINITIONAL_REPRESENTATION('',(#10354),#10357);
#10354 = B_SPLINE_CURVE_WITH_KNOTS('',1,(#10355,#10356),.UNSPECIFIED.,
  .F.,.F.,(2,2),(-53.5,7.),.PIECEWISE_BEZIER_KNOTS.);
#10355 = CARTESIAN_POINT('',(4.8,60.5));
#10356 = CARTESIAN_POINT('',(4.8,0.));
#10357 = ( GEOMETRIC_REPRESENTATION_CONTEXT(2) 
PARAMETRIC_REPRESENTATION_CONTEXT() REPRESENTATION_CONTEXT('2D SPACE',''
  ) );
#10358 = PCURVE('',#5674,#10359);
#10359 = DEFINITIONAL_REPRESENTATION('',(#10360),#10363);
#10360 = B_SPLINE_CURVE_WITH_KNOTS('',1,(#10361,#10362),.UNSPECIFIED.,
  .F.,.F.,(2,2),(-53.5,7.),.PIECEWISE_BEZIER_KNOTS.);
#10361 = CARTESIAN_POINT('',(46.5,65.25));
#10362 = CARTESIAN_POINT('',(-14.,65.25));
#10363 = ( GEOMETRIC_REPRESENTATION_CONTEXT(2) 
PARAMETRIC_REPRESENTATION_CONTEXT() REPRESENTATION_CONTEXT('2D SPACE',''
  ) );
#10364 = ORIENTED_EDGE('',*,*,#10278,.T.);
#10365 = ORIENTED_EDGE('',*,*,#4758,.T.);
#10366 = ADVANCED_FACE('',(#10367),#4501,.T.);
#10367 = FACE_BOUND('',#10368,.T.);
#10368 = EDGE_LOOP('',(#10369,#10370,#10371,#10394));
#10369 = ORIENTED_EDGE('',*,*,#4485,.F.);
#10370 = ORIENTED_EDGE('',*,*,#10322,.F.);
#10371 = ORIENTED_EDGE('',*,*,#10372,.T.);
#10372 = EDGE_CURVE('',#10302,#10373,#10375,.T.);
#10373 = VERTEX_POINT('',#10374);
#10374 = CARTESIAN_POINT('',(127.75,9.,-1.2));
#10375 = SURFACE_CURVE('',#10376,(#10380,#10387),.PCURVE_S1.);
#10376 = LINE('',#10377,#10378);
#10377 = CARTESIAN_POINT('',(127.75,-46.25,-1.2));
#10378 = VECTOR('',#10379,1.);
#10379 = DIRECTION('',(-0.,1.,0.));
#10380 = PCURVE('',#4501,#10381);
#10381 = DEFINITIONAL_REPRESENTATION('',(#10382),#10386);
#10382 = LINE('',#10383,#10384);
#10383 = CARTESIAN_POINT('',(0.,0.));
#10384 = VECTOR('',#10385,1.);
#10385 = DIRECTION('',(0.,-1.));
#10386 = ( GEOMETRIC_REPRESENTATION_CONTEXT(2) 
PARAMETRIC_REPRESENTATION_CONTEXT() REPRESENTATION_CONTEXT('2D SPACE',''
  ) );
#10387 = PCURVE('',#5847,#10388);
#10388 = DEFINITIONAL_REPRESENTATION('',(#10389),#10393);
#10389 = LINE('',#10390,#10391);
#10390 = CARTESIAN_POINT('',(0.,0.));
#10391 = VECTOR('',#10392,1.);
#10392 = DIRECTION('',(0.,1.));
#10393 = ( GEOMETRIC_REPRESENTATION_CONTEXT(2) 
PARAMETRIC_REPRESENTATION_CONTEXT() REPRESENTATION_CONTEXT('2D SPACE',''
  ) );
#10394 = ORIENTED_EDGE('',*,*,#10395,.T.);
#10395 = EDGE_CURVE('',#10373,#4486,#10396,.T.);
#10396 = SURFACE_CURVE('',#10397,(#10401,#10407),.PCURVE_S1.);
#10397 = LINE('',#10398,#10399);
#10398 = CARTESIAN_POINT('',(127.75,9.,-3.6));
#10399 = VECTOR('',#10400,1.);
#10400 = DIRECTION('',(0.,0.,1.));
#10401 = PCURVE('',#4501,#10402);
#10402 = DEFINITIONAL_REPRESENTATION('',(#10403),#10406);
#10403 = B_SPLINE_CURVE_WITH_KNOTS('',1,(#10404,#10405),.UNSPECIFIED.,
  .F.,.F.,(2,2),(2.4,3.6),.PIECEWISE_BEZIER_KNOTS.);
#10404 = CARTESIAN_POINT('',(0.,-55.25));
#10405 = CARTESIAN_POINT('',(1.2,-55.25));
#10406 = ( GEOMETRIC_REPRESENTATION_CONTEXT(2) 
PARAMETRIC_REPRESENTATION_CONTEXT() REPRESENTATION_CONTEXT('2D SPACE',''
  ) );
#10407 = PCURVE('',#4529,#10408);
#10408 = DEFINITIONAL_REPRESENTATION('',(#10409),#10412);
#10409 = B_SPLINE_CURVE_WITH_KNOTS('',1,(#10410,#10411),.UNSPECIFIED.,
  .F.,.F.,(2,2),(2.4,3.6),.PIECEWISE_BEZIER_KNOTS.);
#10410 = CARTESIAN_POINT('',(4.8,14.));
#10411 = CARTESIAN_POINT('',(6.,14.));
#10412 = ( GEOMETRIC_REPRESENTATION_CONTEXT(2) 
PARAMETRIC_REPRESENTATION_CONTEXT() REPRESENTATION_CONTEXT('2D SPACE',''
  ) );
#10413 = ADVANCED_FACE('',(#10414),#4529,.F.);
#10414 = FACE_BOUND('',#10415,.F.);
#10415 = EDGE_LOOP('',(#10416,#10417,#10436,#10437));
#10416 = ORIENTED_EDGE('',*,*,#5811,.F.);
#10417 = ORIENTED_EDGE('',*,*,#10418,.T.);
#10418 = EDGE_CURVE('',#5812,#10373,#10419,.T.);
#10419 = SURFACE_CURVE('',#10420,(#10424,#10430),.PCURVE_S1.);
#10420 = LINE('',#10421,#10422);
#10421 = CARTESIAN_POINT('',(120.75,9.,-1.2));
#10422 = VECTOR('',#10423,1.);
#10423 = DIRECTION('',(-1.,-0.,0.));
#10424 = PCURVE('',#4529,#10425);
#10425 = DEFINITIONAL_REPRESENTATION('',(#10426),#10429);
#10426 = B_SPLINE_CURVE_WITH_KNOTS('',1,(#10427,#10428),.UNSPECIFIED.,
  .F.,.F.,(2,2),(-53.5,7.),.PIECEWISE_BEZIER_KNOTS.);
#10427 = CARTESIAN_POINT('',(4.8,60.5));
#10428 = CARTESIAN_POINT('',(4.8,0.));
#10429 = ( GEOMETRIC_REPRESENTATION_CONTEXT(2) 
PARAMETRIC_REPRESENTATION_CONTEXT() REPRESENTATION_CONTEXT('2D SPACE',''
  ) );
#10430 = PCURVE('',#5847,#10431);
#10431 = DEFINITIONAL_REPRESENTATION('',(#10432),#10435);
#10432 = B_SPLINE_CURVE_WITH_KNOTS('',1,(#10433,#10434),.UNSPECIFIED.,
  .F.,.F.,(2,2),(-53.5,7.),.PIECEWISE_BEZIER_KNOTS.);
#10433 = CARTESIAN_POINT('',(46.5,55.25));
#10434 = CARTESIAN_POINT('',(-14.,55.25));
#10435 = ( GEOMETRIC_REPRESENTATION_CONTEXT(2) 
PARAMETRIC_REPRESENTATION_CONTEXT() REPRESENTATION_CONTEXT('2D SPACE',''
  ) );
#10436 = ORIENTED_EDGE('',*,*,#10395,.T.);
#10437 = ORIENTED_EDGE('',*,*,#4513,.T.);
#10438 = ADVANCED_FACE('',(#10439),#4722,.F.);
#10439 = FACE_BOUND('',#10440,.F.);
#10440 = EDGE_LOOP('',(#10441,#10442,#10463,#10482));
#10441 = ORIENTED_EDGE('',*,*,#8197,.F.);
#10442 = ORIENTED_EDGE('',*,*,#10443,.T.);
#10443 = EDGE_CURVE('',#8174,#10444,#10446,.T.);
#10444 = VERTEX_POINT('',#10445);
#10445 = CARTESIAN_POINT('',(113.9960947032,16.,-1.2));
#10446 = SURFACE_CURVE('',#10447,(#10451,#10457),.PCURVE_S1.);
#10447 = LINE('',#10448,#10449);
#10448 = CARTESIAN_POINT('',(120.75,16.,-1.2));
#10449 = VECTOR('',#10450,1.);
#10450 = DIRECTION('',(-1.,-0.,0.));
#10451 = PCURVE('',#4722,#10452);
#10452 = DEFINITIONAL_REPRESENTATION('',(#10453),#10456);
#10453 = B_SPLINE_CURVE_WITH_KNOTS('',1,(#10454,#10455),.UNSPECIFIED.,
  .F.,.F.,(2,2),(-53.5,7.),.PIECEWISE_BEZIER_KNOTS.);
#10454 = CARTESIAN_POINT('',(4.8,60.5));
#10455 = CARTESIAN_POINT('',(4.8,0.));
#10456 = ( GEOMETRIC_REPRESENTATION_CONTEXT(2) 
PARAMETRIC_REPRESENTATION_CONTEXT() REPRESENTATION_CONTEXT('2D SPACE',''
  ) );
#10457 = PCURVE('',#5780,#10458);
#10458 = DEFINITIONAL_REPRESENTATION('',(#10459),#10462);
#10459 = B_SPLINE_CURVE_WITH_KNOTS('',1,(#10460,#10461),.UNSPECIFIED.,
  .F.,.F.,(2,2),(-53.5,7.),.PIECEWISE_BEZIER_KNOTS.);
#10460 = CARTESIAN_POINT('',(46.5,62.25));
#10461 = CARTESIAN_POINT('',(-14.,62.25));
#10462 = ( GEOMETRIC_REPRESENTATION_CONTEXT(2) 
PARAMETRIC_REPRESENTATION_CONTEXT() REPRESENTATION_CONTEXT('2D SPACE',''
  ) );
#10463 = ORIENTED_EDGE('',*,*,#10464,.T.);
#10464 = EDGE_CURVE('',#10444,#4678,#10465,.T.);
#10465 = SURFACE_CURVE('',#10466,(#10470,#10476),.PCURVE_S1.);
#10466 = LINE('',#10467,#10468);
#10467 = CARTESIAN_POINT('',(113.9960947032,16.,-1.2));
#10468 = VECTOR('',#10469,1.);
#10469 = DIRECTION('',(0.,0.,1.));
#10470 = PCURVE('',#4722,#10471);
#10471 = DEFINITIONAL_REPRESENTATION('',(#10472),#10475);
#10472 = B_SPLINE_CURVE_WITH_KNOTS('',1,(#10473,#10474),.UNSPECIFIED.,
  .F.,.F.,(2,2),(-5.999999999062E-07,1.2000006),
  .PIECEWISE_BEZIER_KNOTS.);
#10473 = CARTESIAN_POINT('',(4.7999994,0.246094703209));
#10474 = CARTESIAN_POINT('',(6.0000006,0.246094703209));
#10475 = ( GEOMETRIC_REPRESENTATION_CONTEXT(2) 
PARAMETRIC_REPRESENTATION_CONTEXT() REPRESENTATION_CONTEXT('2D SPACE',''
  ) );
#10476 = PCURVE('',#4694,#10477);
#10477 = DEFINITIONAL_REPRESENTATION('',(#10478),#10481);
#10478 = B_SPLINE_CURVE_WITH_KNOTS('',1,(#10479,#10480),.UNSPECIFIED.,
  .F.,.F.,(2,2),(-5.999999999062E-07,1.2000006),
  .PIECEWISE_BEZIER_KNOTS.);
#10479 = CARTESIAN_POINT('',(3.386456507795,-5.999999999062E-07));
#10480 = CARTESIAN_POINT('',(3.386456507795,1.2000006));
#10481 = ( GEOMETRIC_REPRESENTATION_CONTEXT(2) 
PARAMETRIC_REPRESENTATION_CONTEXT() REPRESENTATION_CONTEXT('2D SPACE',''
  ) );
#10482 = ORIENTED_EDGE('',*,*,#4706,.T.);
#10483 = ADVANCED_FACE('',(#10484),#4694,.F.);
#10484 = FACE_BOUND('',#10485,.F.);
#10485 = EDGE_LOOP('',(#10486,#10487,#10488,#10512));
#10486 = ORIENTED_EDGE('',*,*,#4677,.F.);
#10487 = ORIENTED_EDGE('',*,*,#10464,.F.);
#10488 = ORIENTED_EDGE('',*,*,#10489,.T.);
#10489 = EDGE_CURVE('',#10444,#10490,#10492,.T.);
#10490 = VERTEX_POINT('',#10491);
#10491 = CARTESIAN_POINT('',(116.33762417354,12.,-1.2));
#10492 = SURFACE_CURVE('',#10493,(#10498,#10505),.PCURVE_S1.);
#10493 = CIRCLE('',#10494,8.25);
#10494 = AXIS2_PLACEMENT_3D('',#10495,#10496,#10497);
#10495 = CARTESIAN_POINT('',(122.,18.,-1.2));
#10496 = DIRECTION('',(0.,0.,1.));
#10497 = DIRECTION('',(1.,0.,-0.));
#10498 = PCURVE('',#4694,#10499);
#10499 = DEFINITIONAL_REPRESENTATION('',(#10500),#10504);
#10500 = LINE('',#10501,#10502);
#10501 = CARTESIAN_POINT('',(0.,0.));
#10502 = VECTOR('',#10503,1.);
#10503 = DIRECTION('',(1.,0.));
#10504 = ( GEOMETRIC_REPRESENTATION_CONTEXT(2) 
PARAMETRIC_REPRESENTATION_CONTEXT() REPRESENTATION_CONTEXT('2D SPACE',''
  ) );
#10505 = PCURVE('',#5780,#10506);
#10506 = DEFINITIONAL_REPRESENTATION('',(#10507),#10511);
#10507 = CIRCLE('',#10508,8.25);
#10508 = AXIS2_PLACEMENT_2D('',#10509,#10510);
#10509 = CARTESIAN_POINT('',(-5.75,64.25));
#10510 = DIRECTION('',(1.,0.));
#10511 = ( GEOMETRIC_REPRESENTATION_CONTEXT(2) 
PARAMETRIC_REPRESENTATION_CONTEXT() REPRESENTATION_CONTEXT('2D SPACE',''
  ) );
#10512 = ORIENTED_EDGE('',*,*,#10513,.T.);
#10513 = EDGE_CURVE('',#10490,#4650,#10514,.T.);
#10514 = SURFACE_CURVE('',#10515,(#10519,#10525),.PCURVE_S1.);
#10515 = LINE('',#10516,#10517);
#10516 = CARTESIAN_POINT('',(116.33762417354,12.,-1.2));
#10517 = VECTOR('',#10518,1.);
#10518 = DIRECTION('',(0.,0.,1.));
#10519 = PCURVE('',#4694,#10520);
#10520 = DEFINITIONAL_REPRESENTATION('',(#10521),#10524);
#10521 = B_SPLINE_CURVE_WITH_KNOTS('',1,(#10522,#10523),.UNSPECIFIED.,
  .F.,.F.,(2,2),(-5.999999999062E-07,1.2000006),
  .PIECEWISE_BEZIER_KNOTS.);
#10522 = CARTESIAN_POINT('',(3.955932595716,-5.999999999062E-07));
#10523 = CARTESIAN_POINT('',(3.955932595716,1.2000006));
#10524 = ( GEOMETRIC_REPRESENTATION_CONTEXT(2) 
PARAMETRIC_REPRESENTATION_CONTEXT() REPRESENTATION_CONTEXT('2D SPACE',''
  ) );
#10525 = PCURVE('',#4665,#10526);
#10526 = DEFINITIONAL_REPRESENTATION('',(#10527),#10530);
#10527 = B_SPLINE_CURVE_WITH_KNOTS('',1,(#10528,#10529),.UNSPECIFIED.,
  .F.,.F.,(2,2),(-5.999999999062E-07,1.2000006),
  .PIECEWISE_BEZIER_KNOTS.);
#10528 = CARTESIAN_POINT('',(4.7999994,2.587624173547));
#10529 = CARTESIAN_POINT('',(6.0000006,2.587624173547));
#10530 = ( GEOMETRIC_REPRESENTATION_CONTEXT(2) 
PARAMETRIC_REPRESENTATION_CONTEXT() REPRESENTATION_CONTEXT('2D SPACE',''
  ) );
#10531 = ADVANCED_FACE('',(#10532),#4580,.T.);
#10532 = FACE_BOUND('',#10533,.T.);
#10533 = EDGE_LOOP('',(#10534,#10535,#10556,#10575));
#10534 = ORIENTED_EDGE('',*,*,#5791,.F.);
#10535 = ORIENTED_EDGE('',*,*,#10536,.T.);
#10536 = EDGE_CURVE('',#5766,#10537,#10539,.T.);
#10537 = VERTEX_POINT('',#10538);
#10538 = CARTESIAN_POINT('',(127.75,12.,-1.2));
#10539 = SURFACE_CURVE('',#10540,(#10544,#10550),.PCURVE_S1.);
#10540 = LINE('',#10541,#10542);
#10541 = CARTESIAN_POINT('',(120.75,12.,-1.2));
#10542 = VECTOR('',#10543,1.);
#10543 = DIRECTION('',(-1.,-0.,0.));
#10544 = PCURVE('',#4580,#10545);
#10545 = DEFINITIONAL_REPRESENTATION('',(#10546),#10549);
#10546 = B_SPLINE_CURVE_WITH_KNOTS('',1,(#10547,#10548),.UNSPECIFIED.,
  .F.,.F.,(2,2),(-53.5,7.),.PIECEWISE_BEZIER_KNOTS.);
#10547 = CARTESIAN_POINT('',(4.8,60.5));
#10548 = CARTESIAN_POINT('',(4.8,0.));
#10549 = ( GEOMETRIC_REPRESENTATION_CONTEXT(2) 
PARAMETRIC_REPRESENTATION_CONTEXT() REPRESENTATION_CONTEXT('2D SPACE',''
  ) );
#10550 = PCURVE('',#5780,#10551);
#10551 = DEFINITIONAL_REPRESENTATION('',(#10552),#10555);
#10552 = B_SPLINE_CURVE_WITH_KNOTS('',1,(#10553,#10554),.UNSPECIFIED.,
  .F.,.F.,(2,2),(-53.5,7.),.PIECEWISE_BEZIER_KNOTS.);
#10553 = CARTESIAN_POINT('',(46.5,58.25));
#10554 = CARTESIAN_POINT('',(-14.,58.25));
#10555 = ( GEOMETRIC_REPRESENTATION_CONTEXT(2) 
PARAMETRIC_REPRESENTATION_CONTEXT() REPRESENTATION_CONTEXT('2D SPACE',''
  ) );
#10556 = ORIENTED_EDGE('',*,*,#10557,.T.);
#10557 = EDGE_CURVE('',#10537,#4565,#10558,.T.);
#10558 = SURFACE_CURVE('',#10559,(#10563,#10569),.PCURVE_S1.);
#10559 = LINE('',#10560,#10561);
#10560 = CARTESIAN_POINT('',(127.75,12.,-3.6));
#10561 = VECTOR('',#10562,1.);
#10562 = DIRECTION('',(0.,0.,1.));
#10563 = PCURVE('',#4580,#10564);
#10564 = DEFINITIONAL_REPRESENTATION('',(#10565),#10568);
#10565 = B_SPLINE_CURVE_WITH_KNOTS('',1,(#10566,#10567),.UNSPECIFIED.,
  .F.,.F.,(2,2),(2.4,3.6),.PIECEWISE_BEZIER_KNOTS.);
#10566 = CARTESIAN_POINT('',(4.8,14.));
#10567 = CARTESIAN_POINT('',(6.,14.));
#10568 = ( GEOMETRIC_REPRESENTATION_CONTEXT(2) 
PARAMETRIC_REPRESENTATION_CONTEXT() REPRESENTATION_CONTEXT('2D SPACE',''
  ) );
#10569 = PCURVE('',#4608,#10570);
#10570 = DEFINITIONAL_REPRESENTATION('',(#10571),#10574);
#10571 = B_SPLINE_CURVE_WITH_KNOTS('',1,(#10572,#10573),.UNSPECIFIED.,
  .F.,.F.,(2,2),(2.4,3.6),.PIECEWISE_BEZIER_KNOTS.);
#10572 = CARTESIAN_POINT('',(0.,-58.25));
#10573 = CARTESIAN_POINT('',(1.2,-58.25));
#10574 = ( GEOMETRIC_REPRESENTATION_CONTEXT(2) 
PARAMETRIC_REPRESENTATION_CONTEXT() REPRESENTATION_CONTEXT('2D SPACE',''
  ) );
#10575 = ORIENTED_EDGE('',*,*,#4564,.T.);
#10576 = ADVANCED_FACE('',(#10577),#4665,.T.);
#10577 = FACE_BOUND('',#10578,.T.);
#10578 = EDGE_LOOP('',(#10579,#10580,#10581,#10602));
#10579 = ORIENTED_EDGE('',*,*,#10513,.T.);
#10580 = ORIENTED_EDGE('',*,*,#4649,.T.);
#10581 = ORIENTED_EDGE('',*,*,#10582,.F.);
#10582 = EDGE_CURVE('',#10583,#4621,#10585,.T.);
#10583 = VERTEX_POINT('',#10584);
#10584 = CARTESIAN_POINT('',(127.66237582645,12.,-1.2));
#10585 = SURFACE_CURVE('',#10586,(#10590,#10596),.PCURVE_S1.);
#10586 = LINE('',#10587,#10588);
#10587 = CARTESIAN_POINT('',(127.66237582645,12.,-1.2));
#10588 = VECTOR('',#10589,1.);
#10589 = DIRECTION('',(0.,0.,1.));
#10590 = PCURVE('',#4665,#10591);
#10591 = DEFINITIONAL_REPRESENTATION('',(#10592),#10595);
#10592 = B_SPLINE_CURVE_WITH_KNOTS('',1,(#10593,#10594),.UNSPECIFIED.,
  .F.,.F.,(2,2),(-5.999999999062E-07,1.2000006),
  .PIECEWISE_BEZIER_KNOTS.);
#10593 = CARTESIAN_POINT('',(4.7999994,13.912375826453));
#10594 = CARTESIAN_POINT('',(6.0000006,13.912375826453));
#10595 = ( GEOMETRIC_REPRESENTATION_CONTEXT(2) 
PARAMETRIC_REPRESENTATION_CONTEXT() REPRESENTATION_CONTEXT('2D SPACE',''
  ) );
#10596 = PCURVE('',#4637,#10597);
#10597 = DEFINITIONAL_REPRESENTATION('',(#10598),#10601);
#10598 = B_SPLINE_CURVE_WITH_KNOTS('',1,(#10599,#10600),.UNSPECIFIED.,
  .F.,.F.,(2,2),(-5.999999999062E-07,1.2000006),
  .PIECEWISE_BEZIER_KNOTS.);
#10599 = CARTESIAN_POINT('',(5.468845365053,-5.999999999062E-07));
#10600 = CARTESIAN_POINT('',(5.468845365053,1.2000006));
#10601 = ( GEOMETRIC_REPRESENTATION_CONTEXT(2) 
PARAMETRIC_REPRESENTATION_CONTEXT() REPRESENTATION_CONTEXT('2D SPACE',''
  ) );
#10602 = ORIENTED_EDGE('',*,*,#10603,.T.);
#10603 = EDGE_CURVE('',#10583,#10490,#10604,.T.);
#10604 = SURFACE_CURVE('',#10605,(#10609,#10615),.PCURVE_S1.);
#10605 = LINE('',#10606,#10607);
#10606 = CARTESIAN_POINT('',(120.75,12.,-1.2));
#10607 = VECTOR('',#10608,1.);
#10608 = DIRECTION('',(-1.,-0.,0.));
#10609 = PCURVE('',#4665,#10610);
#10610 = DEFINITIONAL_REPRESENTATION('',(#10611),#10614);
#10611 = B_SPLINE_CURVE_WITH_KNOTS('',1,(#10612,#10613),.UNSPECIFIED.,
  .F.,.F.,(2,2),(-53.5,7.),.PIECEWISE_BEZIER_KNOTS.);
#10612 = CARTESIAN_POINT('',(4.8,60.5));
#10613 = CARTESIAN_POINT('',(4.8,0.));
#10614 = ( GEOMETRIC_REPRESENTATION_CONTEXT(2) 
PARAMETRIC_REPRESENTATION_CONTEXT() REPRESENTATION_CONTEXT('2D SPACE',''
  ) );
#10615 = PCURVE('',#5780,#10616);
#10616 = DEFINITIONAL_REPRESENTATION('',(#10617),#10620);
#10617 = B_SPLINE_CURVE_WITH_KNOTS('',1,(#10618,#10619),.UNSPECIFIED.,
  .F.,.F.,(2,2),(-53.5,7.),.PIECEWISE_BEZIER_KNOTS.);
#10618 = CARTESIAN_POINT('',(46.5,58.25));
#10619 = CARTESIAN_POINT('',(-14.,58.25));
#10620 = ( GEOMETRIC_REPRESENTATION_CONTEXT(2) 
PARAMETRIC_REPRESENTATION_CONTEXT() REPRESENTATION_CONTEXT('2D SPACE',''
  ) );
#10621 = ADVANCED_FACE('',(#10622),#4608,.T.);
#10622 = FACE_BOUND('',#10623,.T.);
#10623 = EDGE_LOOP('',(#10624,#10625,#10626,#10649));
#10624 = ORIENTED_EDGE('',*,*,#4592,.F.);
#10625 = ORIENTED_EDGE('',*,*,#10557,.F.);
#10626 = ORIENTED_EDGE('',*,*,#10627,.T.);
#10627 = EDGE_CURVE('',#10537,#10628,#10630,.T.);
#10628 = VERTEX_POINT('',#10629);
#10629 = CARTESIAN_POINT('',(127.75,12.0839202169,-1.2));
#10630 = SURFACE_CURVE('',#10631,(#10635,#10642),.PCURVE_S1.);
#10631 = LINE('',#10632,#10633);
#10632 = CARTESIAN_POINT('',(127.75,-46.25,-1.2));
#10633 = VECTOR('',#10634,1.);
#10634 = DIRECTION('',(-0.,1.,0.));
#10635 = PCURVE('',#4608,#10636);
#10636 = DEFINITIONAL_REPRESENTATION('',(#10637),#10641);
#10637 = LINE('',#10638,#10639);
#10638 = CARTESIAN_POINT('',(0.,0.));
#10639 = VECTOR('',#10640,1.);
#10640 = DIRECTION('',(0.,-1.));
#10641 = ( GEOMETRIC_REPRESENTATION_CONTEXT(2) 
PARAMETRIC_REPRESENTATION_CONTEXT() REPRESENTATION_CONTEXT('2D SPACE',''
  ) );
#10642 = PCURVE('',#5780,#10643);
#10643 = DEFINITIONAL_REPRESENTATION('',(#10644),#10648);
#10644 = LINE('',#10645,#10646);
#10645 = CARTESIAN_POINT('',(0.,0.));
#10646 = VECTOR('',#10647,1.);
#10647 = DIRECTION('',(0.,1.));
#10648 = ( GEOMETRIC_REPRESENTATION_CONTEXT(2) 
PARAMETRIC_REPRESENTATION_CONTEXT() REPRESENTATION_CONTEXT('2D SPACE',''
  ) );
#10649 = ORIENTED_EDGE('',*,*,#10650,.T.);
#10650 = EDGE_CURVE('',#10628,#4593,#10651,.T.);
#10651 = SURFACE_CURVE('',#10652,(#10656,#10662),.PCURVE_S1.);
#10652 = LINE('',#10653,#10654);
#10653 = CARTESIAN_POINT('',(127.75,12.0839202169,-1.2));
#10654 = VECTOR('',#10655,1.);
#10655 = DIRECTION('',(0.,0.,1.));
#10656 = PCURVE('',#4608,#10657);
#10657 = DEFINITIONAL_REPRESENTATION('',(#10658),#10661);
#10658 = B_SPLINE_CURVE_WITH_KNOTS('',1,(#10659,#10660),.UNSPECIFIED.,
  .F.,.F.,(2,2),(-2.400000000069E-06,1.2000024),
  .PIECEWISE_BEZIER_KNOTS.);
#10659 = CARTESIAN_POINT('',(-2.400000000069E-06,-58.3339202169));
#10660 = CARTESIAN_POINT('',(1.2000024,-58.3339202169));
#10661 = ( GEOMETRIC_REPRESENTATION_CONTEXT(2) 
PARAMETRIC_REPRESENTATION_CONTEXT() REPRESENTATION_CONTEXT('2D SPACE',''
  ) );
#10662 = PCURVE('',#4637,#10663);
#10663 = DEFINITIONAL_REPRESENTATION('',(#10664),#10667);
#10664 = B_SPLINE_CURVE_WITH_KNOTS('',1,(#10665,#10666),.UNSPECIFIED.,
  .F.,.F.,(2,2),(-2.400000000069E-06,1.2000024),
  .PIECEWISE_BEZIER_KNOTS.);
#10665 = CARTESIAN_POINT('',(5.483551979279,-2.400000000069E-06));
#10666 = CARTESIAN_POINT('',(5.483551979279,1.2000024));
#10667 = ( GEOMETRIC_REPRESENTATION_CONTEXT(2) 
PARAMETRIC_REPRESENTATION_CONTEXT() REPRESENTATION_CONTEXT('2D SPACE',''
  ) );
#10668 = ADVANCED_FACE('',(#10669),#4637,.F.);
#10669 = FACE_BOUND('',#10670,.F.);
#10670 = EDGE_LOOP('',(#10671,#10672,#10673,#10695));
#10671 = ORIENTED_EDGE('',*,*,#4620,.F.);
#10672 = ORIENTED_EDGE('',*,*,#10582,.F.);
#10673 = ORIENTED_EDGE('',*,*,#10674,.T.);
#10674 = EDGE_CURVE('',#10583,#10628,#10675,.T.);
#10675 = SURFACE_CURVE('',#10676,(#10681,#10688),.PCURVE_S1.);
#10676 = CIRCLE('',#10677,8.25);
#10677 = AXIS2_PLACEMENT_3D('',#10678,#10679,#10680);
#10678 = CARTESIAN_POINT('',(122.,18.,-1.2));
#10679 = DIRECTION('',(0.,0.,1.));
#10680 = DIRECTION('',(1.,0.,-0.));
#10681 = PCURVE('',#4637,#10682);
#10682 = DEFINITIONAL_REPRESENTATION('',(#10683),#10687);
#10683 = LINE('',#10684,#10685);
#10684 = CARTESIAN_POINT('',(0.,0.));
#10685 = VECTOR('',#10686,1.);
#10686 = DIRECTION('',(1.,0.));
#10687 = ( GEOMETRIC_REPRESENTATION_CONTEXT(2) 
PARAMETRIC_REPRESENTATION_CONTEXT() REPRESENTATION_CONTEXT('2D SPACE',''
  ) );
#10688 = PCURVE('',#5780,#10689);
#10689 = DEFINITIONAL_REPRESENTATION('',(#10690),#10694);
#10690 = CIRCLE('',#10691,8.25);
#10691 = AXIS2_PLACEMENT_2D('',#10692,#10693);
#10692 = CARTESIAN_POINT('',(-5.75,64.25));
#10693 = DIRECTION('',(1.,0.));
#10694 = ( GEOMETRIC_REPRESENTATION_CONTEXT(2) 
PARAMETRIC_REPRESENTATION_CONTEXT() REPRESENTATION_CONTEXT('2D SPACE',''
  ) );
#10695 = ORIENTED_EDGE('',*,*,#10650,.T.);
#10696 = ADVANCED_FACE('',(#10697),#4995,.F.);
#10697 = FACE_BOUND('',#10698,.F.);
#10698 = EDGE_LOOP('',(#10699,#10700,#10721,#10722));
#10699 = ORIENTED_EDGE('',*,*,#4978,.F.);
#10700 = ORIENTED_EDGE('',*,*,#10701,.F.);
#10701 = EDGE_CURVE('',#7815,#4979,#10702,.T.);
#10702 = SEAM_CURVE('',#10703,(#10707,#10714),.PCURVE_S1.);
#10703 = LINE('',#10704,#10705);
#10704 = CARTESIAN_POINT('',(66.25,8.,-2.48));
#10705 = VECTOR('',#10706,1.);
#10706 = DIRECTION('',(0.692410699001,-1.695917092454E-16,0.721503585514
    ));
#10707 = PCURVE('',#4995,#10708);
#10708 = DEFINITIONAL_REPRESENTATION('',(#10709),#10713);
#10709 = LINE('',#10710,#10711);
#10710 = CARTESIAN_POINT('',(6.28318530718,-0.));
#10711 = VECTOR('',#10712,1.);
#10712 = DIRECTION('',(0.,1.));
#10713 = ( GEOMETRIC_REPRESENTATION_CONTEXT(2) 
PARAMETRIC_REPRESENTATION_CONTEXT() REPRESENTATION_CONTEXT('2D SPACE',''
  ) );
#10714 = PCURVE('',#4995,#10715);
#10715 = DEFINITIONAL_REPRESENTATION('',(#10716),#10720);
#10716 = LINE('',#10717,#10718);
#10717 = CARTESIAN_POINT('',(0.,-0.));
#10718 = VECTOR('',#10719,1.);
#10719 = DIRECTION('',(0.,1.));
#10720 = ( GEOMETRIC_REPRESENTATION_CONTEXT(2) 
PARAMETRIC_REPRESENTATION_CONTEXT() REPRESENTATION_CONTEXT('2D SPACE',''
  ) );
#10721 = ORIENTED_EDGE('',*,*,#7837,.T.);
#10722 = ORIENTED_EDGE('',*,*,#10701,.T.);
#10723 = ADVANCED_FACE('',(#10724),#5026,.F.);
#10724 = FACE_BOUND('',#10725,.F.);
#10725 = EDGE_LOOP('',(#10726,#10727,#10748,#10749));
#10726 = ORIENTED_EDGE('',*,*,#5009,.F.);
#10727 = ORIENTED_EDGE('',*,*,#10728,.F.);
#10728 = EDGE_CURVE('',#7765,#5010,#10729,.T.);
#10729 = SEAM_CURVE('',#10730,(#10734,#10741),.PCURVE_S1.);
#10730 = LINE('',#10731,#10732);
#10731 = CARTESIAN_POINT('',(18.125398376672,41.99799987724,-2.48));
#10732 = VECTOR('',#10733,1.);
#10733 = DIRECTION('',(0.692410699001,-1.695917092454E-16,0.721503585514
    ));
#10734 = PCURVE('',#5026,#10735);
#10735 = DEFINITIONAL_REPRESENTATION('',(#10736),#10740);
#10736 = LINE('',#10737,#10738);
#10737 = CARTESIAN_POINT('',(6.28318530718,-0.));
#10738 = VECTOR('',#10739,1.);
#10739 = DIRECTION('',(0.,1.));
#10740 = ( GEOMETRIC_REPRESENTATION_CONTEXT(2) 
PARAMETRIC_REPRESENTATION_CONTEXT() REPRESENTATION_CONTEXT('2D SPACE',''
  ) );
#10741 = PCURVE('',#5026,#10742);
#10742 = DEFINITIONAL_REPRESENTATION('',(#10743),#10747);
#10743 = LINE('',#10744,#10745);
#10744 = CARTESIAN_POINT('',(0.,-0.));
#10745 = VECTOR('',#10746,1.);
#10746 = DIRECTION('',(0.,1.));
#10747 = ( GEOMETRIC_REPRESENTATION_CONTEXT(2) 
PARAMETRIC_REPRESENTATION_CONTEXT() REPRESENTATION_CONTEXT('2D SPACE',''
  ) );
#10748 = ORIENTED_EDGE('',*,*,#7787,.T.);
#10749 = ORIENTED_EDGE('',*,*,#10728,.T.);
#10750 = ADVANCED_FACE('',(#10751),#5109,.F.);
#10751 = FACE_BOUND('',#10752,.F.);
#10752 = EDGE_LOOP('',(#10753,#10754,#10775,#10776));
#10753 = ORIENTED_EDGE('',*,*,#5092,.F.);
#10754 = ORIENTED_EDGE('',*,*,#10755,.F.);
#10755 = EDGE_CURVE('',#8029,#5093,#10756,.T.);
#10756 = SEAM_CURVE('',#10757,(#10761,#10768),.PCURVE_S1.);
#10757 = LINE('',#10758,#10759);
#10758 = CARTESIAN_POINT('',(114.25,8.,-2.48));
#10759 = VECTOR('',#10760,1.);
#10760 = DIRECTION('',(0.692410699001,-1.695917092454E-16,0.721503585514
    ));
#10761 = PCURVE('',#5109,#10762);
#10762 = DEFINITIONAL_REPRESENTATION('',(#10763),#10767);
#10763 = LINE('',#10764,#10765);
#10764 = CARTESIAN_POINT('',(6.28318530718,-0.));
#10765 = VECTOR('',#10766,1.);
#10766 = DIRECTION('',(0.,1.));
#10767 = ( GEOMETRIC_REPRESENTATION_CONTEXT(2) 
PARAMETRIC_REPRESENTATION_CONTEXT() REPRESENTATION_CONTEXT('2D SPACE',''
  ) );
#10768 = PCURVE('',#5109,#10769);
#10769 = DEFINITIONAL_REPRESENTATION('',(#10770),#10774);
#10770 = LINE('',#10771,#10772);
#10771 = CARTESIAN_POINT('',(0.,-0.));
#10772 = VECTOR('',#10773,1.);
#10773 = DIRECTION('',(0.,1.));
#10774 = ( GEOMETRIC_REPRESENTATION_CONTEXT(2) 
PARAMETRIC_REPRESENTATION_CONTEXT() REPRESENTATION_CONTEXT('2D SPACE',''
  ) );
#10775 = ORIENTED_EDGE('',*,*,#8051,.T.);
#10776 = ORIENTED_EDGE('',*,*,#10755,.T.);
#10777 = ADVANCED_FACE('',(#10778),#5192,.F.);
#10778 = FACE_BOUND('',#10779,.F.);
#10779 = EDGE_LOOP('',(#10780,#10781,#10802,#10803));
#10780 = ORIENTED_EDGE('',*,*,#5175,.F.);
#10781 = ORIENTED_EDGE('',*,*,#10782,.F.);
#10782 = EDGE_CURVE('',#8539,#5176,#10783,.T.);
#10783 = SEAM_CURVE('',#10784,(#10788,#10795),.PCURVE_S1.);
#10784 = LINE('',#10785,#10786);
#10785 = CARTESIAN_POINT('',(88.82157735122,67.708572614372,-2.48));
#10786 = VECTOR('',#10787,1.);
#10787 = DIRECTION('',(0.692410699001,-1.695917092454E-16,0.721503585514
    ));
#10788 = PCURVE('',#5192,#10789);
#10789 = DEFINITIONAL_REPRESENTATION('',(#10790),#10794);
#10790 = LINE('',#10791,#10792);
#10791 = CARTESIAN_POINT('',(6.28318530718,-0.));
#10792 = VECTOR('',#10793,1.);
#10793 = DIRECTION('',(0.,1.));
#10794 = ( GEOMETRIC_REPRESENTATION_CONTEXT(2) 
PARAMETRIC_REPRESENTATION_CONTEXT() REPRESENTATION_CONTEXT('2D SPACE',''
  ) );
#10795 = PCURVE('',#5192,#10796);
#10796 = DEFINITIONAL_REPRESENTATION('',(#10797),#10801);
#10797 = LINE('',#10798,#10799);
#10798 = CARTESIAN_POINT('',(0.,-0.));
#10799 = VECTOR('',#10800,1.);
#10800 = DIRECTION('',(0.,1.));
#10801 = ( GEOMETRIC_REPRESENTATION_CONTEXT(2) 
PARAMETRIC_REPRESENTATION_CONTEXT() REPRESENTATION_CONTEXT('2D SPACE',''
  ) );
#10802 = ORIENTED_EDGE('',*,*,#8561,.T.);
#10803 = ORIENTED_EDGE('',*,*,#10782,.T.);
#10804 = ADVANCED_FACE('',(#10805),#5223,.F.);
#10805 = FACE_BOUND('',#10806,.F.);
#10806 = EDGE_LOOP('',(#10807,#10808,#10829,#10830));
#10807 = ORIENTED_EDGE('',*,*,#5206,.F.);
#10808 = ORIENTED_EDGE('',*,*,#10809,.F.);
#10809 = EDGE_CURVE('',#8589,#5207,#10810,.T.);
#10810 = SEAM_CURVE('',#10811,(#10815,#10822),.PCURVE_S1.);
#10811 = LINE('',#10812,#10813);
#10812 = CARTESIAN_POINT('',(154.25,44.,-2.48));
#10813 = VECTOR('',#10814,1.);
#10814 = DIRECTION('',(0.692410699001,-1.695917092454E-16,0.721503585514
    ));
#10815 = PCURVE('',#5223,#10816);
#10816 = DEFINITIONAL_REPRESENTATION('',(#10817),#10821);
#10817 = LINE('',#10818,#10819);
#10818 = CARTESIAN_POINT('',(6.28318530718,-0.));
#10819 = VECTOR('',#10820,1.);
#10820 = DIRECTION('',(0.,1.));
#10821 = ( GEOMETRIC_REPRESENTATION_CONTEXT(2) 
PARAMETRIC_REPRESENTATION_CONTEXT() REPRESENTATION_CONTEXT('2D SPACE',''
  ) );
#10822 = PCURVE('',#5223,#10823);
#10823 = DEFINITIONAL_REPRESENTATION('',(#10824),#10828);
#10824 = LINE('',#10825,#10826);
#10825 = CARTESIAN_POINT('',(0.,-0.));
#10826 = VECTOR('',#10827,1.);
#10827 = DIRECTION('',(0.,1.));
#10828 = ( GEOMETRIC_REPRESENTATION_CONTEXT(2) 
PARAMETRIC_REPRESENTATION_CONTEXT() REPRESENTATION_CONTEXT('2D SPACE',''
  ) );
#10829 = ORIENTED_EDGE('',*,*,#8611,.T.);
#10830 = ORIENTED_EDGE('',*,*,#10809,.T.);
#10831 = ADVANCED_FACE('',(#10832),#5332,.F.);
#10832 = FACE_BOUND('',#10833,.F.);
#10833 = EDGE_LOOP('',(#10834,#10835,#10856,#10857));
#10834 = ORIENTED_EDGE('',*,*,#5315,.F.);
#10835 = ORIENTED_EDGE('',*,*,#10836,.F.);
#10836 = EDGE_CURVE('',#9360,#5316,#10837,.T.);
#10837 = SEAM_CURVE('',#10838,(#10842,#10849),.PCURVE_S1.);
#10838 = LINE('',#10839,#10840);
#10839 = CARTESIAN_POINT('',(42.25,140.,-2.48));
#10840 = VECTOR('',#10841,1.);
#10841 = DIRECTION('',(0.692410699001,-1.695917092454E-16,0.721503585514
    ));
#10842 = PCURVE('',#5332,#10843);
#10843 = DEFINITIONAL_REPRESENTATION('',(#10844),#10848);
#10844 = LINE('',#10845,#10846);
#10845 = CARTESIAN_POINT('',(6.28318530718,-0.));
#10846 = VECTOR('',#10847,1.);
#10847 = DIRECTION('',(0.,1.));
#10848 = ( GEOMETRIC_REPRESENTATION_CONTEXT(2) 
PARAMETRIC_REPRESENTATION_CONTEXT() REPRESENTATION_CONTEXT('2D SPACE',''
  ) );
#10849 = PCURVE('',#5332,#10850);
#10850 = DEFINITIONAL_REPRESENTATION('',(#10851),#10855);
#10851 = LINE('',#10852,#10853);
#10852 = CARTESIAN_POINT('',(0.,-0.));
#10853 = VECTOR('',#10854,1.);
#10854 = DIRECTION('',(0.,1.));
#10855 = ( GEOMETRIC_REPRESENTATION_CONTEXT(2) 
PARAMETRIC_REPRESENTATION_CONTEXT() REPRESENTATION_CONTEXT('2D SPACE',''
  ) );
#10856 = ORIENTED_EDGE('',*,*,#9382,.T.);
#10857 = ORIENTED_EDGE('',*,*,#10836,.T.);
#10858 = ADVANCED_FACE('',(#10859),#5389,.F.);
#10859 = FACE_BOUND('',#10860,.F.);
#10860 = EDGE_LOOP('',(#10861,#10862,#10883,#10884));
#10861 = ORIENTED_EDGE('',*,*,#5372,.F.);
#10862 = ORIENTED_EDGE('',*,*,#10863,.F.);
#10863 = EDGE_CURVE('',#9437,#5373,#10864,.T.);
#10864 = SEAM_CURVE('',#10865,(#10869,#10876),.PCURVE_S1.);
#10865 = LINE('',#10866,#10867);
#10866 = CARTESIAN_POINT('',(58.25,140.,-2.48));
#10867 = VECTOR('',#10868,1.);
#10868 = DIRECTION('',(0.692410699001,-1.695917092454E-16,0.721503585514
    ));
#10869 = PCURVE('',#5389,#10870);
#10870 = DEFINITIONAL_REPRESENTATION('',(#10871),#10875);
#10871 = LINE('',#10872,#10873);
#10872 = CARTESIAN_POINT('',(6.28318530718,-0.));
#10873 = VECTOR('',#10874,1.);
#10874 = DIRECTION('',(0.,1.));
#10875 = ( GEOMETRIC_REPRESENTATION_CONTEXT(2) 
PARAMETRIC_REPRESENTATION_CONTEXT() REPRESENTATION_CONTEXT('2D SPACE',''
  ) );
#10876 = PCURVE('',#5389,#10877);
#10877 = DEFINITIONAL_REPRESENTATION('',(#10878),#10882);
#10878 = LINE('',#10879,#10880);
#10879 = CARTESIAN_POINT('',(0.,-0.));
#10880 = VECTOR('',#10881,1.);
#10881 = DIRECTION('',(0.,1.));
#10882 = ( GEOMETRIC_REPRESENTATION_CONTEXT(2) 
PARAMETRIC_REPRESENTATION_CONTEXT() REPRESENTATION_CONTEXT('2D SPACE',''
  ) );
#10883 = ORIENTED_EDGE('',*,*,#9459,.T.);
#10884 = ORIENTED_EDGE('',*,*,#10863,.T.);
#10885 = ADVANCED_FACE('',(#10886),#5498,.F.);
#10886 = FACE_BOUND('',#10887,.F.);
#10887 = EDGE_LOOP('',(#10888,#10889,#10910,#10911));
#10888 = ORIENTED_EDGE('',*,*,#5481,.F.);
#10889 = ORIENTED_EDGE('',*,*,#10890,.F.);
#10890 = EDGE_CURVE('',#9623,#5482,#10891,.T.);
#10891 = SEAM_CURVE('',#10892,(#10896,#10903),.PCURVE_S1.);
#10892 = LINE('',#10893,#10894);
#10893 = CARTESIAN_POINT('',(154.25,124.,-2.48));
#10894 = VECTOR('',#10895,1.);
#10895 = DIRECTION('',(0.692410699001,-1.695917092454E-16,0.721503585514
    ));
#10896 = PCURVE('',#5498,#10897);
#10897 = DEFINITIONAL_REPRESENTATION('',(#10898),#10902);
#10898 = LINE('',#10899,#10900);
#10899 = CARTESIAN_POINT('',(6.28318530718,-0.));
#10900 = VECTOR('',#10901,1.);
#10901 = DIRECTION('',(0.,1.));
#10902 = ( GEOMETRIC_REPRESENTATION_CONTEXT(2) 
PARAMETRIC_REPRESENTATION_CONTEXT() REPRESENTATION_CONTEXT('2D SPACE',''
  ) );
#10903 = PCURVE('',#5498,#10904);
#10904 = DEFINITIONAL_REPRESENTATION('',(#10905),#10909);
#10905 = LINE('',#10906,#10907);
#10906 = CARTESIAN_POINT('',(0.,-0.));
#10907 = VECTOR('',#10908,1.);
#10908 = DIRECTION('',(0.,1.));
#10909 = ( GEOMETRIC_REPRESENTATION_CONTEXT(2) 
PARAMETRIC_REPRESENTATION_CONTEXT() REPRESENTATION_CONTEXT('2D SPACE',''
  ) );
#10910 = ORIENTED_EDGE('',*,*,#9645,.T.);
#10911 = ORIENTED_EDGE('',*,*,#10890,.T.);
#10912 = ADVANCED_FACE('',(#10913),#5847,.T.);
#10913 = FACE_BOUND('',#10914,.T.);
#10914 = EDGE_LOOP('',(#10915,#10916,#10917,#10918));
#10915 = ORIENTED_EDGE('',*,*,#10372,.F.);
#10916 = ORIENTED_EDGE('',*,*,#10301,.F.);
#10917 = ORIENTED_EDGE('',*,*,#5832,.F.);
#10918 = ORIENTED_EDGE('',*,*,#10418,.T.);
#10919 = ADVANCED_FACE('',(#10920),#5780,.T.);
#10920 = FACE_BOUND('',#10921,.T.);
#10921 = EDGE_LOOP('',(#10922,#10923,#10924,#10925,#10944,#10945,#10946,
    #10947,#10948));
#10922 = ORIENTED_EDGE('',*,*,#10627,.F.);
#10923 = ORIENTED_EDGE('',*,*,#10536,.F.);
#10924 = ORIENTED_EDGE('',*,*,#5765,.F.);
#10925 = ORIENTED_EDGE('',*,*,#10926,.T.);
#10926 = EDGE_CURVE('',#5740,#8153,#10927,.T.);
#10927 = SURFACE_CURVE('',#10928,(#10932,#10938),.PCURVE_S1.);
#10928 = LINE('',#10929,#10930);
#10929 = CARTESIAN_POINT('',(120.75,16.,-1.2));
#10930 = VECTOR('',#10931,1.);
#10931 = DIRECTION('',(-1.,-0.,0.));
#10932 = PCURVE('',#5780,#10933);
#10933 = DEFINITIONAL_REPRESENTATION('',(#10934),#10937);
#10934 = B_SPLINE_CURVE_WITH_KNOTS('',1,(#10935,#10936),.UNSPECIFIED.,
  .F.,.F.,(2,2),(-53.5,7.),.PIECEWISE_BEZIER_KNOTS.);
#10935 = CARTESIAN_POINT('',(46.5,62.25));
#10936 = CARTESIAN_POINT('',(-14.,62.25));
#10937 = ( GEOMETRIC_REPRESENTATION_CONTEXT(2) 
PARAMETRIC_REPRESENTATION_CONTEXT() REPRESENTATION_CONTEXT('2D SPACE',''
  ) );
#10938 = PCURVE('',#5754,#10939);
#10939 = DEFINITIONAL_REPRESENTATION('',(#10940),#10943);
#10940 = B_SPLINE_CURVE_WITH_KNOTS('',1,(#10941,#10942),.UNSPECIFIED.,
  .F.,.F.,(2,2),(-53.5,7.),.PIECEWISE_BEZIER_KNOTS.);
#10941 = CARTESIAN_POINT('',(4.8,60.5));
#10942 = CARTESIAN_POINT('',(4.8,0.));
#10943 = ( GEOMETRIC_REPRESENTATION_CONTEXT(2) 
PARAMETRIC_REPRESENTATION_CONTEXT() REPRESENTATION_CONTEXT('2D SPACE',''
  ) );
#10944 = ORIENTED_EDGE('',*,*,#8173,.F.);
#10945 = ORIENTED_EDGE('',*,*,#10443,.T.);
#10946 = ORIENTED_EDGE('',*,*,#10489,.T.);
#10947 = ORIENTED_EDGE('',*,*,#10603,.F.);
#10948 = ORIENTED_EDGE('',*,*,#10674,.T.);
#10949 = ADVANCED_FACE('',(#10950),#5754,.F.);
#10950 = FACE_BOUND('',#10951,.F.);
#10951 = EDGE_LOOP('',(#10952,#10953,#10954,#10955));
#10952 = ORIENTED_EDGE('',*,*,#5739,.F.);
#10953 = ORIENTED_EDGE('',*,*,#10926,.T.);
#10954 = ORIENTED_EDGE('',*,*,#8152,.T.);
#10955 = ORIENTED_EDGE('',*,*,#10956,.T.);
#10956 = EDGE_CURVE('',#8129,#5712,#10957,.T.);
#10957 = SURFACE_CURVE('',#10958,(#10962,#10969),.PCURVE_S1.);
#10958 = LINE('',#10959,#10960);
#10959 = CARTESIAN_POINT('',(113.75,16.,0.));
#10960 = VECTOR('',#10961,1.);
#10961 = DIRECTION('',(1.,0.,-0.));
#10962 = PCURVE('',#5754,#10963);
#10963 = DEFINITIONAL_REPRESENTATION('',(#10964),#10968);
#10964 = LINE('',#10965,#10966);
#10965 = CARTESIAN_POINT('',(6.,0.));
#10966 = VECTOR('',#10967,1.);
#10967 = DIRECTION('',(0.,1.));
#10968 = ( GEOMETRIC_REPRESENTATION_CONTEXT(2) 
PARAMETRIC_REPRESENTATION_CONTEXT() REPRESENTATION_CONTEXT('2D SPACE',''
  ) );
#10969 = PCURVE('',#5727,#10970);
#10970 = DEFINITIONAL_REPRESENTATION('',(#10971),#10975);
#10971 = LINE('',#10972,#10973);
#10972 = CARTESIAN_POINT('',(113.75,15.9));
#10973 = VECTOR('',#10974,1.);
#10974 = DIRECTION('',(1.,0.));
#10975 = ( GEOMETRIC_REPRESENTATION_CONTEXT(2) 
PARAMETRIC_REPRESENTATION_CONTEXT() REPRESENTATION_CONTEXT('2D SPACE',''
  ) );
#10976 = ADVANCED_FACE('',(#10977),#5727,.T.);
#10977 = FACE_BOUND('',#10978,.T.);
#10978 = EDGE_LOOP('',(#10979,#10980,#11001,#11002,#11003));
#10979 = ORIENTED_EDGE('',*,*,#5711,.T.);
#10980 = ORIENTED_EDGE('',*,*,#10981,.F.);
#10981 = EDGE_CURVE('',#8263,#5686,#10982,.T.);
#10982 = SURFACE_CURVE('',#10983,(#10987,#10994),.PCURVE_S1.);
#10983 = LINE('',#10984,#10985);
#10984 = CARTESIAN_POINT('',(113.75,19.,0.));
#10985 = VECTOR('',#10986,1.);
#10986 = DIRECTION('',(1.,0.,-0.));
#10987 = PCURVE('',#5727,#10988);
#10988 = DEFINITIONAL_REPRESENTATION('',(#10989),#10993);
#10989 = LINE('',#10990,#10991);
#10990 = CARTESIAN_POINT('',(113.75,18.9));
#10991 = VECTOR('',#10992,1.);
#10992 = DIRECTION('',(1.,0.));
#10993 = ( GEOMETRIC_REPRESENTATION_CONTEXT(2) 
PARAMETRIC_REPRESENTATION_CONTEXT() REPRESENTATION_CONTEXT('2D SPACE',''
  ) );
#10994 = PCURVE('',#5700,#10995);
#10995 = DEFINITIONAL_REPRESENTATION('',(#10996),#11000);
#10996 = LINE('',#10997,#10998);
#10997 = CARTESIAN_POINT('',(6.,0.));
#10998 = VECTOR('',#10999,1.);
#10999 = DIRECTION('',(0.,1.));
#11000 = ( GEOMETRIC_REPRESENTATION_CONTEXT(2) 
PARAMETRIC_REPRESENTATION_CONTEXT() REPRESENTATION_CONTEXT('2D SPACE',''
  ) );
#11001 = ORIENTED_EDGE('',*,*,#8283,.F.);
#11002 = ORIENTED_EDGE('',*,*,#8128,.F.);
#11003 = ORIENTED_EDGE('',*,*,#10956,.T.);
#11004 = ADVANCED_FACE('',(#11005),#5700,.T.);
#11005 = FACE_BOUND('',#11006,.T.);
#11006 = EDGE_LOOP('',(#11007,#11008,#11027,#11028));
#11007 = ORIENTED_EDGE('',*,*,#5685,.F.);
#11008 = ORIENTED_EDGE('',*,*,#11009,.T.);
#11009 = EDGE_CURVE('',#5660,#8239,#11010,.T.);
#11010 = SURFACE_CURVE('',#11011,(#11015,#11021),.PCURVE_S1.);
#11011 = LINE('',#11012,#11013);
#11012 = CARTESIAN_POINT('',(120.75,19.,-1.2));
#11013 = VECTOR('',#11014,1.);
#11014 = DIRECTION('',(-1.,-0.,0.));
#11015 = PCURVE('',#5700,#11016);
#11016 = DEFINITIONAL_REPRESENTATION('',(#11017),#11020);
#11017 = B_SPLINE_CURVE_WITH_KNOTS('',1,(#11018,#11019),.UNSPECIFIED.,
  .F.,.F.,(2,2),(-53.5,7.),.PIECEWISE_BEZIER_KNOTS.);
#11018 = CARTESIAN_POINT('',(4.8,60.5));
#11019 = CARTESIAN_POINT('',(4.8,0.));
#11020 = ( GEOMETRIC_REPRESENTATION_CONTEXT(2) 
PARAMETRIC_REPRESENTATION_CONTEXT() REPRESENTATION_CONTEXT('2D SPACE',''
  ) );
#11021 = PCURVE('',#5674,#11022);
#11022 = DEFINITIONAL_REPRESENTATION('',(#11023),#11026);
#11023 = B_SPLINE_CURVE_WITH_KNOTS('',1,(#11024,#11025),.UNSPECIFIED.,
  .F.,.F.,(2,2),(-53.5,7.),.PIECEWISE_BEZIER_KNOTS.);
#11024 = CARTESIAN_POINT('',(46.5,65.25));
#11025 = CARTESIAN_POINT('',(-14.,65.25));
#11026 = ( GEOMETRIC_REPRESENTATION_CONTEXT(2) 
PARAMETRIC_REPRESENTATION_CONTEXT() REPRESENTATION_CONTEXT('2D SPACE',''
  ) );
#11027 = ORIENTED_EDGE('',*,*,#8262,.T.);
#11028 = ORIENTED_EDGE('',*,*,#10981,.T.);
#11029 = ADVANCED_FACE('',(#11030),#5674,.T.);
#11030 = FACE_BOUND('',#11031,.T.);
#11031 = EDGE_LOOP('',(#11032,#11033,#11034,#11035,#11036,#11037,#11038,
    #11039,#11040));
#11032 = ORIENTED_EDGE('',*,*,#11009,.F.);
#11033 = ORIENTED_EDGE('',*,*,#5659,.F.);
#11034 = ORIENTED_EDGE('',*,*,#10055,.F.);
#11035 = ORIENTED_EDGE('',*,*,#10105,.F.);
#11036 = ORIENTED_EDGE('',*,*,#10154,.T.);
#11037 = ORIENTED_EDGE('',*,*,#10230,.T.);
#11038 = ORIENTED_EDGE('',*,*,#10254,.T.);
#11039 = ORIENTED_EDGE('',*,*,#10346,.F.);
#11040 = ORIENTED_EDGE('',*,*,#8238,.F.);
#11041 = ADVANCED_FACE('',(#11042),#5603,.T.);
#11042 = FACE_BOUND('',#11043,.T.);
#11043 = EDGE_LOOP('',(#11044,#11045,#11046,#11047));
#11044 = ORIENTED_EDGE('',*,*,#9801,.F.);
#11045 = ORIENTED_EDGE('',*,*,#9755,.F.);
#11046 = ORIENTED_EDGE('',*,*,#9728,.T.);
#11047 = ORIENTED_EDGE('',*,*,#5587,.F.);
#11048 = ADVANCED_FACE('',(#11049),#7880,.F.);
#11049 = FACE_BOUND('',#11050,.F.);
#11050 = EDGE_LOOP('',(#11051));
#11051 = ORIENTED_EDGE('',*,*,#7863,.T.);
#11052 = ADVANCED_FACE('',(#11053),#7989,.F.);
#11053 = FACE_BOUND('',#11054,.F.);
#11054 = EDGE_LOOP('',(#11055));
#11055 = ORIENTED_EDGE('',*,*,#7972,.T.);
#11056 = ADVANCED_FACE('',(#11057),#8348,.F.);
#11057 = FACE_BOUND('',#11058,.F.);
#11058 = EDGE_LOOP('',(#11059,#11060,#11061,#11062));
#11059 = ORIENTED_EDGE('',*,*,#8332,.F.);
#11060 = ORIENTED_EDGE('',*,*,#8434,.T.);
#11061 = ORIENTED_EDGE('',*,*,#8484,.T.);
#11062 = ORIENTED_EDGE('',*,*,#8385,.F.);
#11063 = ADVANCED_FACE('',(#11064),#8654,.F.);
#11064 = FACE_BOUND('',#11065,.F.);
#11065 = EDGE_LOOP('',(#11066));
#11066 = ORIENTED_EDGE('',*,*,#8637,.T.);
#11067 = ADVANCED_FACE('',(#11068),#8731,.F.);
#11068 = FACE_BOUND('',#11069,.F.);
#11069 = EDGE_LOOP('',(#11070,#11071,#11072,#11073,#11074,#11075,#11076,
    #11077,#11078,#11079,#11080,#11081));
#11070 = ORIENTED_EDGE('',*,*,#8768,.F.);
#11071 = ORIENTED_EDGE('',*,*,#8715,.F.);
#11072 = ORIENTED_EDGE('',*,*,#8815,.T.);
#11073 = ORIENTED_EDGE('',*,*,#8935,.F.);
#11074 = ORIENTED_EDGE('',*,*,#9009,.T.);
#11075 = ORIENTED_EDGE('',*,*,#9107,.T.);
#11076 = ORIENTED_EDGE('',*,*,#9201,.T.);
#11077 = ORIENTED_EDGE('',*,*,#9251,.T.);
#11078 = ORIENTED_EDGE('',*,*,#9152,.F.);
#11079 = ORIENTED_EDGE('',*,*,#9080,.T.);
#11080 = ORIENTED_EDGE('',*,*,#8960,.F.);
#11081 = ORIENTED_EDGE('',*,*,#8864,.F.);
#11082 = ADVANCED_FACE('',(#11083),#9583,.F.);
#11083 = FACE_BOUND('',#11084,.F.);
#11084 = EDGE_LOOP('',(#11085));
#11085 = ORIENTED_EDGE('',*,*,#9566,.T.);
#11086 = ADVANCED_FACE('',(#11087),#9895,.T.);
#11087 = FACE_BOUND('',#11088,.T.);
#11088 = EDGE_LOOP('',(#11089,#11090,#11091,#11092));
#11089 = ORIENTED_EDGE('',*,*,#9879,.F.);
#11090 = ORIENTED_EDGE('',*,*,#10029,.F.);
#11091 = ORIENTED_EDGE('',*,*,#10004,.T.);
#11092 = ORIENTED_EDGE('',*,*,#9955,.T.);
#11093 = ( GEOMETRIC_REPRESENTATION_CONTEXT(3) 
GLOBAL_UNCERTAINTY_ASSIGNED_CONTEXT((#11097)) 
GLOBAL_UNIT_ASSIGNED_CONTEXT((#11094,#11095,#11096)) 
REPRESENTATION_CONTEXT('Context #1',
  '3D Context with UNIT and UNCERTAINTY') );
#11094 = ( LENGTH_UNIT() NAMED_UNIT(*) SI_UNIT(.MILLI.,.METRE.) );
#11095 = ( NAMED_UNIT(*) PLANE_ANGLE_UNIT() SI_UNIT($,.RADIAN.) );
#11096 = ( NAMED_UNIT(*) SI_UNIT($,.STERADIAN.) SOLID_ANGLE_UNIT() );
#11097 = UNCERTAINTY_MEASURE_WITH_UNIT(LENGTH_MEASURE(2.E-07),#11094,
  'distance_accuracy_value','confusion accuracy');
#11098 = CONTEXT_DEPENDENT_SHAPE_REPRESENTATION(#11099,#11101);
#11099 = ( REPRESENTATION_RELATIONSHIP('','',#32,#10) 
REPRESENTATION_RELATIONSHIP_WITH_TRANSFORMATION(#11100) 
SHAPE_REPRESENTATION_RELATIONSHIP() );
#11100 = ITEM_DEFINED_TRANSFORMATION('','',#11,#15);
#11101 = PRODUCT_DEFINITION_SHAPE('Placement','Placement of an item',
  #11102);
#11102 = NEXT_ASSEMBLY_USAGE_OCCURRENCE('569','=>[0:1:1:2]','',#5,#27,$
  );
#11103 = PRODUCT_RELATED_PRODUCT_CATEGORY('part',$,(#29));

#11104=DESCRIPTIVE_REPRESENTATION_ITEM('cadgen:generator','cadgen');
#11105=REPRESENTATION('cadgen:generator',(#11104),#19);
#11106=PROPERTY_DEFINITION('cadgen metadata','cadgen:generator',#5);
#11107=PROPERTY_DEFINITION_REPRESENTATION(#11106,#11105);
#11108=DESCRIPTIVE_REPRESENTATION_ITEM('cadgen:entryKind','part');
#11109=REPRESENTATION('cadgen:entryKind',(#11108),#19);
#11110=PROPERTY_DEFINITION('cadgen metadata','cadgen:entryKind',#5);
#11111=PROPERTY_DEFINITION_REPRESENTATION(#11110,#11109);
#11112=DESCRIPTIVE_REPRESENTATION_ITEM('cadgen:sourcePath','part_deck_0_2.step.py');
#11113=REPRESENTATION('cadgen:sourcePath',(#11112),#19);
#11114=PROPERTY_DEFINITION('cadgen metadata','cadgen:sourcePath',#5);
#11115=PROPERTY_DEFINITION_REPRESENTATION(#11114,#11113);
#11116=DESCRIPTIVE_REPRESENTATION_ITEM('cadgen:sourceHash','2482225040361131689f140ce82b19eb3208242a5f6d313a2f7e59e7a785f082');
#11117=REPRESENTATION('cadgen:sourceHash',(#11116),#19);
#11118=PROPERTY_DEFINITION('cadgen metadata','cadgen:sourceHash',#5);
#11119=PROPERTY_DEFINITION_REPRESENTATION(#11118,#11117);
ENDSEC;
END-ISO-10303-21;
