ISO-10303-21;
HEADER;
FILE_DESCRIPTION(('Open CASCADE Model'),'2;1');
FILE_NAME('square_twin_tail_comet','1970-01-01T00:00:00',('Author'),(
    'Open CASCADE'),'Open CASCADE STEP processor 7.9','cadgen','Unknown'
  );
FILE_SCHEMA(('AUTOMOTIVE_DESIGN { 1 0 10303 214 1 1 1 1 }'));
ENDSEC;
DATA;
#1 = APPLICATION_PROTOCOL_DEFINITION('international standard',
  'automotive_design',2000,#2);
#2 = APPLICATION_CONTEXT(
  'core data for automotive mechanical design processes');
#3 = SHAPE_DEFINITION_REPRESENTATION(#4,#10);
#4 = PRODUCT_DEFINITION_SHAPE('','',#5);
#5 = PRODUCT_DEFINITION('design','',#6,#9);
#6 = PRODUCT_DEFINITION_FORMATION('','',#7);
#7 = PRODUCT('square_twin_tail_comet','square_twin_tail_comet','',(#8));
#8 = PRODUCT_CONTEXT('',#2,'mechanical');
#9 = PRODUCT_DEFINITION_CONTEXT('part definition',#2,'design');
#10 = ADVANCED_BREP_SHAPE_REPRESENTATION('',(#11,#15),#5802);
#11 = AXIS2_PLACEMENT_3D('',#12,#13,#14);
#12 = CARTESIAN_POINT('',(0.,0.,0.));
#13 = DIRECTION('',(0.,0.,1.));
#14 = DIRECTION('',(1.,0.,-0.));
#15 = MANIFOLD_SOLID_BREP('',#16);
#16 = CLOSED_SHELL('',(#17,#587,#663,#708,#755,#802,#847,#894,#941,#986,
    #1033,#1078,#1123,#1170,#1217,#1264,#1309,#1334,#1404,#1449,#1494,
    #1519,#2597,#2604,#2680,#2729,#2778,#2827,#2876,#2925,#2974,#3001,
    #3081,#3155,#3204,#3253,#3302,#3349,#3398,#3447,#3494,#3543,#3590,
    #3637,#3686,#3735,#3782,#3831,#3858,#3869,#4226,#4359,#4482,#4508,
    #4667,#5192,#5263,#5269,#5339,#5384,#5429,#5454,#5481,#5489,#5513,
    #5591,#5666,#5711,#5761,#5768,#5795));
#17 = ADVANCED_FACE('',(#18,#473),#32,.T.);
#18 = FACE_BOUND('',#19,.T.);
#19 = EDGE_LOOP('',(#20,#55,#83,#111,#139,#167,#195,#223,#251,#279,#307,
    #335,#363,#391,#419,#447));
#20 = ORIENTED_EDGE('',*,*,#21,.T.);
#21 = EDGE_CURVE('',#22,#24,#26,.T.);
#22 = VERTEX_POINT('',#23);
#23 = CARTESIAN_POINT('',(-2.225,-5.,3.7));
#24 = VERTEX_POINT('',#25);
#25 = CARTESIAN_POINT('',(-2.225,-10.,3.7));
#26 = SURFACE_CURVE('',#27,(#31,#43),.PCURVE_S1.);
#27 = LINE('',#28,#29);
#28 = CARTESIAN_POINT('',(-2.225,-5.,3.7));
#29 = VECTOR('',#30,1.);
#30 = DIRECTION('',(0.,-1.,0.));
#31 = PCURVE('',#32,#37);
#32 = PLANE('',#33);
#33 = AXIS2_PLACEMENT_3D('',#34,#35,#36);
#34 = CARTESIAN_POINT('',(-1.8,-5.425,3.7));
#35 = DIRECTION('',(0.,0.,1.));
#36 = DIRECTION('',(1.,0.,0.));
#37 = DEFINITIONAL_REPRESENTATION('',(#38),#42);
#38 = LINE('',#39,#40);
#39 = CARTESIAN_POINT('',(-0.425,0.425));
#40 = VECTOR('',#41,1.);
#41 = DIRECTION('',(0.,-1.));
#42 = ( GEOMETRIC_REPRESENTATION_CONTEXT(2) 
PARAMETRIC_REPRESENTATION_CONTEXT() REPRESENTATION_CONTEXT('2D SPACE',''
  ) );
#43 = PCURVE('',#44,#49);
#44 = PLANE('',#45);
#45 = AXIS2_PLACEMENT_3D('',#46,#47,#48);
#46 = CARTESIAN_POINT('',(-2.225,-7.5,3.05));
#47 = DIRECTION('',(1.,0.,0.));
#48 = DIRECTION('',(0.,0.,1.));
#49 = DEFINITIONAL_REPRESENTATION('',(#50),#54);
#50 = LINE('',#51,#52);
#51 = CARTESIAN_POINT('',(0.65,-2.5));
#52 = VECTOR('',#53,1.);
#53 = DIRECTION('',(0.,1.));
#54 = ( GEOMETRIC_REPRESENTATION_CONTEXT(2) 
PARAMETRIC_REPRESENTATION_CONTEXT() REPRESENTATION_CONTEXT('2D SPACE',''
  ) );
#55 = ORIENTED_EDGE('',*,*,#56,.T.);
#56 = EDGE_CURVE('',#24,#57,#59,.T.);
#57 = VERTEX_POINT('',#58);
#58 = CARTESIAN_POINT('',(-1.8,-10.,3.7));
#59 = SURFACE_CURVE('',#60,(#64,#71),.PCURVE_S1.);
#60 = LINE('',#61,#62);
#61 = CARTESIAN_POINT('',(-2.225,-10.,3.7));
#62 = VECTOR('',#63,1.);
#63 = DIRECTION('',(1.,0.,0.));
#64 = PCURVE('',#32,#65);
#65 = DEFINITIONAL_REPRESENTATION('',(#66),#70);
#66 = LINE('',#67,#68);
#67 = CARTESIAN_POINT('',(-0.425,-4.575));
#68 = VECTOR('',#69,1.);
#69 = DIRECTION('',(1.,0.));
#70 = ( GEOMETRIC_REPRESENTATION_CONTEXT(2) 
PARAMETRIC_REPRESENTATION_CONTEXT() REPRESENTATION_CONTEXT('2D SPACE',''
  ) );
#71 = PCURVE('',#72,#77);
#72 = PLANE('',#73);
#73 = AXIS2_PLACEMENT_3D('',#74,#75,#76);
#74 = CARTESIAN_POINT('',(-2.225,-10.,3.05));
#75 = DIRECTION('',(0.,1.,0.));
#76 = DIRECTION('',(0.,0.,1.));
#77 = DEFINITIONAL_REPRESENTATION('',(#78),#82);
#78 = LINE('',#79,#80);
#79 = CARTESIAN_POINT('',(0.65,0.));
#80 = VECTOR('',#81,1.);
#81 = DIRECTION('',(0.,1.));
#82 = ( GEOMETRIC_REPRESENTATION_CONTEXT(2) 
PARAMETRIC_REPRESENTATION_CONTEXT() REPRESENTATION_CONTEXT('2D SPACE',''
  ) );
#83 = ORIENTED_EDGE('',*,*,#84,.F.);
#84 = EDGE_CURVE('',#85,#57,#87,.T.);
#85 = VERTEX_POINT('',#86);
#86 = CARTESIAN_POINT('',(-1.8,-10.425,3.7));
#87 = SURFACE_CURVE('',#88,(#92,#99),.PCURVE_S1.);
#88 = LINE('',#89,#90);
#89 = CARTESIAN_POINT('',(-1.8,-10.425,3.7));
#90 = VECTOR('',#91,1.);
#91 = DIRECTION('',(0.,1.,0.));
#92 = PCURVE('',#32,#93);
#93 = DEFINITIONAL_REPRESENTATION('',(#94),#98);
#94 = LINE('',#95,#96);
#95 = CARTESIAN_POINT('',(0.,-5.));
#96 = VECTOR('',#97,1.);
#97 = DIRECTION('',(0.,1.));
#98 = ( GEOMETRIC_REPRESENTATION_CONTEXT(2) 
PARAMETRIC_REPRESENTATION_CONTEXT() REPRESENTATION_CONTEXT('2D SPACE',''
  ) );
#99 = PCURVE('',#100,#105);
#100 = PLANE('',#101);
#101 = AXIS2_PLACEMENT_3D('',#102,#103,#104);
#102 = CARTESIAN_POINT('',(-1.8,-10.425,3.05));
#103 = DIRECTION('',(1.,0.,0.));
#104 = DIRECTION('',(0.,0.,1.));
#105 = DEFINITIONAL_REPRESENTATION('',(#106),#110);
#106 = LINE('',#107,#108);
#107 = CARTESIAN_POINT('',(0.65,0.));
#108 = VECTOR('',#109,1.);
#109 = DIRECTION('',(0.,-1.));
#110 = ( GEOMETRIC_REPRESENTATION_CONTEXT(2) 
PARAMETRIC_REPRESENTATION_CONTEXT() REPRESENTATION_CONTEXT('2D SPACE',''
  ) );
#111 = ORIENTED_EDGE('',*,*,#112,.T.);
#112 = EDGE_CURVE('',#85,#113,#115,.T.);
#113 = VERTEX_POINT('',#114);
#114 = CARTESIAN_POINT('',(1.8,-10.425,3.7));
#115 = SURFACE_CURVE('',#116,(#120,#127),.PCURVE_S1.);
#116 = LINE('',#117,#118);
#117 = CARTESIAN_POINT('',(-1.8,-10.425,3.7));
#118 = VECTOR('',#119,1.);
#119 = DIRECTION('',(1.,0.,0.));
#120 = PCURVE('',#32,#121);
#121 = DEFINITIONAL_REPRESENTATION('',(#122),#126);
#122 = LINE('',#123,#124);
#123 = CARTESIAN_POINT('',(0.,-5.));
#124 = VECTOR('',#125,1.);
#125 = DIRECTION('',(1.,0.));
#126 = ( GEOMETRIC_REPRESENTATION_CONTEXT(2) 
PARAMETRIC_REPRESENTATION_CONTEXT() REPRESENTATION_CONTEXT('2D SPACE',''
  ) );
#127 = PCURVE('',#128,#133);
#128 = PLANE('',#129);
#129 = AXIS2_PLACEMENT_3D('',#130,#131,#132);
#130 = CARTESIAN_POINT('',(-1.8,-10.425,3.05));
#131 = DIRECTION('',(0.,1.,0.));
#132 = DIRECTION('',(0.,0.,1.));
#133 = DEFINITIONAL_REPRESENTATION('',(#134),#138);
#134 = LINE('',#135,#136);
#135 = CARTESIAN_POINT('',(0.65,0.));
#136 = VECTOR('',#137,1.);
#137 = DIRECTION('',(0.,1.));
#138 = ( GEOMETRIC_REPRESENTATION_CONTEXT(2) 
PARAMETRIC_REPRESENTATION_CONTEXT() REPRESENTATION_CONTEXT('2D SPACE',''
  ) );
#139 = ORIENTED_EDGE('',*,*,#140,.T.);
#140 = EDGE_CURVE('',#113,#141,#143,.T.);
#141 = VERTEX_POINT('',#142);
#142 = CARTESIAN_POINT('',(1.8,-10.,3.7));
#143 = SURFACE_CURVE('',#144,(#148,#155),.PCURVE_S1.);
#144 = LINE('',#145,#146);
#145 = CARTESIAN_POINT('',(1.8,-10.425,3.7));
#146 = VECTOR('',#147,1.);
#147 = DIRECTION('',(0.,1.,0.));
#148 = PCURVE('',#32,#149);
#149 = DEFINITIONAL_REPRESENTATION('',(#150),#154);
#150 = LINE('',#151,#152);
#151 = CARTESIAN_POINT('',(3.6,-5.));
#152 = VECTOR('',#153,1.);
#153 = DIRECTION('',(0.,1.));
#154 = ( GEOMETRIC_REPRESENTATION_CONTEXT(2) 
PARAMETRIC_REPRESENTATION_CONTEXT() REPRESENTATION_CONTEXT('2D SPACE',''
  ) );
#155 = PCURVE('',#156,#161);
#156 = PLANE('',#157);
#157 = AXIS2_PLACEMENT_3D('',#158,#159,#160);
#158 = CARTESIAN_POINT('',(1.8,-10.425,3.05));
#159 = DIRECTION('',(1.,0.,0.));
#160 = DIRECTION('',(0.,0.,1.));
#161 = DEFINITIONAL_REPRESENTATION('',(#162),#166);
#162 = LINE('',#163,#164);
#163 = CARTESIAN_POINT('',(0.65,0.));
#164 = VECTOR('',#165,1.);
#165 = DIRECTION('',(0.,-1.));
#166 = ( GEOMETRIC_REPRESENTATION_CONTEXT(2) 
PARAMETRIC_REPRESENTATION_CONTEXT() REPRESENTATION_CONTEXT('2D SPACE',''
  ) );
#167 = ORIENTED_EDGE('',*,*,#168,.T.);
#168 = EDGE_CURVE('',#141,#169,#171,.T.);
#169 = VERTEX_POINT('',#170);
#170 = CARTESIAN_POINT('',(2.225,-10.,3.7));
#171 = SURFACE_CURVE('',#172,(#176,#183),.PCURVE_S1.);
#172 = LINE('',#173,#174);
#173 = CARTESIAN_POINT('',(1.375,-10.,3.7));
#174 = VECTOR('',#175,1.);
#175 = DIRECTION('',(1.,0.,0.));
#176 = PCURVE('',#32,#177);
#177 = DEFINITIONAL_REPRESENTATION('',(#178),#182);
#178 = LINE('',#179,#180);
#179 = CARTESIAN_POINT('',(3.175,-4.575));
#180 = VECTOR('',#181,1.);
#181 = DIRECTION('',(1.,0.));
#182 = ( GEOMETRIC_REPRESENTATION_CONTEXT(2) 
PARAMETRIC_REPRESENTATION_CONTEXT() REPRESENTATION_CONTEXT('2D SPACE',''
  ) );
#183 = PCURVE('',#184,#189);
#184 = PLANE('',#185);
#185 = AXIS2_PLACEMENT_3D('',#186,#187,#188);
#186 = CARTESIAN_POINT('',(1.375,-10.,3.05));
#187 = DIRECTION('',(0.,1.,0.));
#188 = DIRECTION('',(0.,0.,1.));
#189 = DEFINITIONAL_REPRESENTATION('',(#190),#194);
#190 = LINE('',#191,#192);
#191 = CARTESIAN_POINT('',(0.65,0.));
#192 = VECTOR('',#193,1.);
#193 = DIRECTION('',(0.,1.));
#194 = ( GEOMETRIC_REPRESENTATION_CONTEXT(2) 
PARAMETRIC_REPRESENTATION_CONTEXT() REPRESENTATION_CONTEXT('2D SPACE',''
  ) );
#195 = ORIENTED_EDGE('',*,*,#196,.T.);
#196 = EDGE_CURVE('',#169,#197,#199,.T.);
#197 = VERTEX_POINT('',#198);
#198 = CARTESIAN_POINT('',(2.225,-7.5,3.7));
#199 = SURFACE_CURVE('',#200,(#204,#211),.PCURVE_S1.);
#200 = LINE('',#201,#202);
#201 = CARTESIAN_POINT('',(2.225,-10.,3.7));
#202 = VECTOR('',#203,1.);
#203 = DIRECTION('',(0.,1.,0.));
#204 = PCURVE('',#32,#205);
#205 = DEFINITIONAL_REPRESENTATION('',(#206),#210);
#206 = LINE('',#207,#208);
#207 = CARTESIAN_POINT('',(4.025,-4.575));
#208 = VECTOR('',#209,1.);
#209 = DIRECTION('',(0.,1.));
#210 = ( GEOMETRIC_REPRESENTATION_CONTEXT(2) 
PARAMETRIC_REPRESENTATION_CONTEXT() REPRESENTATION_CONTEXT('2D SPACE',''
  ) );
#211 = PCURVE('',#212,#217);
#212 = PLANE('',#213);
#213 = AXIS2_PLACEMENT_3D('',#214,#215,#216);
#214 = CARTESIAN_POINT('',(2.225,-10.,3.05));
#215 = DIRECTION('',(1.,0.,0.));
#216 = DIRECTION('',(0.,0.,1.));
#217 = DEFINITIONAL_REPRESENTATION('',(#218),#222);
#218 = LINE('',#219,#220);
#219 = CARTESIAN_POINT('',(0.65,0.));
#220 = VECTOR('',#221,1.);
#221 = DIRECTION('',(0.,-1.));
#222 = ( GEOMETRIC_REPRESENTATION_CONTEXT(2) 
PARAMETRIC_REPRESENTATION_CONTEXT() REPRESENTATION_CONTEXT('2D SPACE',''
  ) );
#223 = ORIENTED_EDGE('',*,*,#224,.F.);
#224 = EDGE_CURVE('',#225,#197,#227,.T.);
#225 = VERTEX_POINT('',#226);
#226 = CARTESIAN_POINT('',(1.8,-7.5,3.7));
#227 = SURFACE_CURVE('',#228,(#232,#239),.PCURVE_S1.);
#228 = LINE('',#229,#230);
#229 = CARTESIAN_POINT('',(1.375,-7.5,3.7));
#230 = VECTOR('',#231,1.);
#231 = DIRECTION('',(1.,0.,0.));
#232 = PCURVE('',#32,#233);
#233 = DEFINITIONAL_REPRESENTATION('',(#234),#238);
#234 = LINE('',#235,#236);
#235 = CARTESIAN_POINT('',(3.175,-2.075));
#236 = VECTOR('',#237,1.);
#237 = DIRECTION('',(1.,0.));
#238 = ( GEOMETRIC_REPRESENTATION_CONTEXT(2) 
PARAMETRIC_REPRESENTATION_CONTEXT() REPRESENTATION_CONTEXT('2D SPACE',''
  ) );
#239 = PCURVE('',#240,#245);
#240 = PLANE('',#241);
#241 = AXIS2_PLACEMENT_3D('',#242,#243,#244);
#242 = CARTESIAN_POINT('',(1.375,-7.5,3.05));
#243 = DIRECTION('',(0.,1.,0.));
#244 = DIRECTION('',(0.,0.,1.));
#245 = DEFINITIONAL_REPRESENTATION('',(#246),#250);
#246 = LINE('',#247,#248);
#247 = CARTESIAN_POINT('',(0.65,0.));
#248 = VECTOR('',#249,1.);
#249 = DIRECTION('',(0.,1.));
#250 = ( GEOMETRIC_REPRESENTATION_CONTEXT(2) 
PARAMETRIC_REPRESENTATION_CONTEXT() REPRESENTATION_CONTEXT('2D SPACE',''
  ) );
#251 = ORIENTED_EDGE('',*,*,#252,.T.);
#252 = EDGE_CURVE('',#225,#253,#255,.T.);
#253 = VERTEX_POINT('',#254);
#254 = CARTESIAN_POINT('',(1.8,-7.075,3.7));
#255 = SURFACE_CURVE('',#256,(#260,#267),.PCURVE_S1.);
#256 = LINE('',#257,#258);
#257 = CARTESIAN_POINT('',(1.8,-7.925,3.7));
#258 = VECTOR('',#259,1.);
#259 = DIRECTION('',(0.,1.,0.));
#260 = PCURVE('',#32,#261);
#261 = DEFINITIONAL_REPRESENTATION('',(#262),#266);
#262 = LINE('',#263,#264);
#263 = CARTESIAN_POINT('',(3.6,-2.5));
#264 = VECTOR('',#265,1.);
#265 = DIRECTION('',(0.,1.));
#266 = ( GEOMETRIC_REPRESENTATION_CONTEXT(2) 
PARAMETRIC_REPRESENTATION_CONTEXT() REPRESENTATION_CONTEXT('2D SPACE',''
  ) );
#267 = PCURVE('',#268,#273);
#268 = PLANE('',#269);
#269 = AXIS2_PLACEMENT_3D('',#270,#271,#272);
#270 = CARTESIAN_POINT('',(1.8,-7.925,3.05));
#271 = DIRECTION('',(1.,0.,0.));
#272 = DIRECTION('',(0.,0.,1.));
#273 = DEFINITIONAL_REPRESENTATION('',(#274),#278);
#274 = LINE('',#275,#276);
#275 = CARTESIAN_POINT('',(0.65,0.));
#276 = VECTOR('',#277,1.);
#277 = DIRECTION('',(0.,-1.));
#278 = ( GEOMETRIC_REPRESENTATION_CONTEXT(2) 
PARAMETRIC_REPRESENTATION_CONTEXT() REPRESENTATION_CONTEXT('2D SPACE',''
  ) );
#279 = ORIENTED_EDGE('',*,*,#280,.F.);
#280 = EDGE_CURVE('',#281,#253,#283,.T.);
#281 = VERTEX_POINT('',#282);
#282 = CARTESIAN_POINT('',(-1.375,-7.075,3.7));
#283 = SURFACE_CURVE('',#284,(#288,#295),.PCURVE_S1.);
#284 = LINE('',#285,#286);
#285 = CARTESIAN_POINT('',(-1.8,-7.075,3.7));
#286 = VECTOR('',#287,1.);
#287 = DIRECTION('',(1.,0.,0.));
#288 = PCURVE('',#32,#289);
#289 = DEFINITIONAL_REPRESENTATION('',(#290),#294);
#290 = LINE('',#291,#292);
#291 = CARTESIAN_POINT('',(0.,-1.65));
#292 = VECTOR('',#293,1.);
#293 = DIRECTION('',(1.,0.));
#294 = ( GEOMETRIC_REPRESENTATION_CONTEXT(2) 
PARAMETRIC_REPRESENTATION_CONTEXT() REPRESENTATION_CONTEXT('2D SPACE',''
  ) );
#295 = PCURVE('',#296,#301);
#296 = PLANE('',#297);
#297 = AXIS2_PLACEMENT_3D('',#298,#299,#300);
#298 = CARTESIAN_POINT('',(-1.8,-7.075,3.05));
#299 = DIRECTION('',(0.,1.,0.));
#300 = DIRECTION('',(0.,0.,1.));
#301 = DEFINITIONAL_REPRESENTATION('',(#302),#306);
#302 = LINE('',#303,#304);
#303 = CARTESIAN_POINT('',(0.65,0.));
#304 = VECTOR('',#305,1.);
#305 = DIRECTION('',(0.,1.));
#306 = ( GEOMETRIC_REPRESENTATION_CONTEXT(2) 
PARAMETRIC_REPRESENTATION_CONTEXT() REPRESENTATION_CONTEXT('2D SPACE',''
  ) );
#307 = ORIENTED_EDGE('',*,*,#308,.T.);
#308 = EDGE_CURVE('',#281,#309,#311,.T.);
#309 = VERTEX_POINT('',#310);
#310 = CARTESIAN_POINT('',(-1.375,-5.425,3.7));
#311 = SURFACE_CURVE('',#312,(#316,#323),.PCURVE_S1.);
#312 = LINE('',#313,#314);
#313 = CARTESIAN_POINT('',(-1.375,-7.5,3.7));
#314 = VECTOR('',#315,1.);
#315 = DIRECTION('',(0.,1.,0.));
#316 = PCURVE('',#32,#317);
#317 = DEFINITIONAL_REPRESENTATION('',(#318),#322);
#318 = LINE('',#319,#320);
#319 = CARTESIAN_POINT('',(0.425,-2.075));
#320 = VECTOR('',#321,1.);
#321 = DIRECTION('',(0.,1.));
#322 = ( GEOMETRIC_REPRESENTATION_CONTEXT(2) 
PARAMETRIC_REPRESENTATION_CONTEXT() REPRESENTATION_CONTEXT('2D SPACE',''
  ) );
#323 = PCURVE('',#324,#329);
#324 = PLANE('',#325);
#325 = AXIS2_PLACEMENT_3D('',#326,#327,#328);
#326 = CARTESIAN_POINT('',(-1.375,-7.5,3.05));
#327 = DIRECTION('',(1.,0.,0.));
#328 = DIRECTION('',(0.,0.,1.));
#329 = DEFINITIONAL_REPRESENTATION('',(#330),#334);
#330 = LINE('',#331,#332);
#331 = CARTESIAN_POINT('',(0.65,0.));
#332 = VECTOR('',#333,1.);
#333 = DIRECTION('',(0.,-1.));
#334 = ( GEOMETRIC_REPRESENTATION_CONTEXT(2) 
PARAMETRIC_REPRESENTATION_CONTEXT() REPRESENTATION_CONTEXT('2D SPACE',''
  ) );
#335 = ORIENTED_EDGE('',*,*,#336,.T.);
#336 = EDGE_CURVE('',#309,#337,#339,.T.);
#337 = VERTEX_POINT('',#338);
#338 = CARTESIAN_POINT('',(1.8,-5.425,3.7));
#339 = SURFACE_CURVE('',#340,(#344,#351),.PCURVE_S1.);
#340 = LINE('',#341,#342);
#341 = CARTESIAN_POINT('',(-1.8,-5.425,3.7));
#342 = VECTOR('',#343,1.);
#343 = DIRECTION('',(1.,0.,0.));
#344 = PCURVE('',#32,#345);
#345 = DEFINITIONAL_REPRESENTATION('',(#346),#350);
#346 = LINE('',#347,#348);
#347 = CARTESIAN_POINT('',(0.,0.));
#348 = VECTOR('',#349,1.);
#349 = DIRECTION('',(1.,0.));
#350 = ( GEOMETRIC_REPRESENTATION_CONTEXT(2) 
PARAMETRIC_REPRESENTATION_CONTEXT() REPRESENTATION_CONTEXT('2D SPACE',''
  ) );
#351 = PCURVE('',#352,#357);
#352 = PLANE('',#353);
#353 = AXIS2_PLACEMENT_3D('',#354,#355,#356);
#354 = CARTESIAN_POINT('',(-1.8,-5.425,3.05));
#355 = DIRECTION('',(0.,1.,0.));
#356 = DIRECTION('',(0.,0.,1.));
#357 = DEFINITIONAL_REPRESENTATION('',(#358),#362);
#358 = LINE('',#359,#360);
#359 = CARTESIAN_POINT('',(0.65,0.));
#360 = VECTOR('',#361,1.);
#361 = DIRECTION('',(0.,1.));
#362 = ( GEOMETRIC_REPRESENTATION_CONTEXT(2) 
PARAMETRIC_REPRESENTATION_CONTEXT() REPRESENTATION_CONTEXT('2D SPACE',''
  ) );
#363 = ORIENTED_EDGE('',*,*,#364,.T.);
#364 = EDGE_CURVE('',#337,#365,#367,.T.);
#365 = VERTEX_POINT('',#366);
#366 = CARTESIAN_POINT('',(1.8,-4.575,3.7));
#367 = SURFACE_CURVE('',#368,(#372,#379),.PCURVE_S1.);
#368 = LINE('',#369,#370);
#369 = CARTESIAN_POINT('',(1.8,-5.425,3.7));
#370 = VECTOR('',#371,1.);
#371 = DIRECTION('',(0.,1.,0.));
#372 = PCURVE('',#32,#373);
#373 = DEFINITIONAL_REPRESENTATION('',(#374),#378);
#374 = LINE('',#375,#376);
#375 = CARTESIAN_POINT('',(3.6,0.));
#376 = VECTOR('',#377,1.);
#377 = DIRECTION('',(0.,1.));
#378 = ( GEOMETRIC_REPRESENTATION_CONTEXT(2) 
PARAMETRIC_REPRESENTATION_CONTEXT() REPRESENTATION_CONTEXT('2D SPACE',''
  ) );
#379 = PCURVE('',#380,#385);
#380 = PLANE('',#381);
#381 = AXIS2_PLACEMENT_3D('',#382,#383,#384);
#382 = CARTESIAN_POINT('',(1.8,-5.425,3.05));
#383 = DIRECTION('',(1.,0.,0.));
#384 = DIRECTION('',(0.,0.,1.));
#385 = DEFINITIONAL_REPRESENTATION('',(#386),#390);
#386 = LINE('',#387,#388);
#387 = CARTESIAN_POINT('',(0.65,0.));
#388 = VECTOR('',#389,1.);
#389 = DIRECTION('',(0.,-1.));
#390 = ( GEOMETRIC_REPRESENTATION_CONTEXT(2) 
PARAMETRIC_REPRESENTATION_CONTEXT() REPRESENTATION_CONTEXT('2D SPACE',''
  ) );
#391 = ORIENTED_EDGE('',*,*,#392,.F.);
#392 = EDGE_CURVE('',#393,#365,#395,.T.);
#393 = VERTEX_POINT('',#394);
#394 = CARTESIAN_POINT('',(-1.8,-4.575,3.7));
#395 = SURFACE_CURVE('',#396,(#400,#407),.PCURVE_S1.);
#396 = LINE('',#397,#398);
#397 = CARTESIAN_POINT('',(-1.8,-4.575,3.7));
#398 = VECTOR('',#399,1.);
#399 = DIRECTION('',(1.,0.,0.));
#400 = PCURVE('',#32,#401);
#401 = DEFINITIONAL_REPRESENTATION('',(#402),#406);
#402 = LINE('',#403,#404);
#403 = CARTESIAN_POINT('',(0.,0.85));
#404 = VECTOR('',#405,1.);
#405 = DIRECTION('',(1.,0.));
#406 = ( GEOMETRIC_REPRESENTATION_CONTEXT(2) 
PARAMETRIC_REPRESENTATION_CONTEXT() REPRESENTATION_CONTEXT('2D SPACE',''
  ) );
#407 = PCURVE('',#408,#413);
#408 = PLANE('',#409);
#409 = AXIS2_PLACEMENT_3D('',#410,#411,#412);
#410 = CARTESIAN_POINT('',(-1.8,-4.575,3.05));
#411 = DIRECTION('',(0.,1.,0.));
#412 = DIRECTION('',(0.,0.,1.));
#413 = DEFINITIONAL_REPRESENTATION('',(#414),#418);
#414 = LINE('',#415,#416);
#415 = CARTESIAN_POINT('',(0.65,0.));
#416 = VECTOR('',#417,1.);
#417 = DIRECTION('',(0.,1.));
#418 = ( GEOMETRIC_REPRESENTATION_CONTEXT(2) 
PARAMETRIC_REPRESENTATION_CONTEXT() REPRESENTATION_CONTEXT('2D SPACE',''
  ) );
#419 = ORIENTED_EDGE('',*,*,#420,.F.);
#420 = EDGE_CURVE('',#421,#393,#423,.T.);
#421 = VERTEX_POINT('',#422);
#422 = CARTESIAN_POINT('',(-1.8,-5.,3.7));
#423 = SURFACE_CURVE('',#424,(#428,#435),.PCURVE_S1.);
#424 = LINE('',#425,#426);
#425 = CARTESIAN_POINT('',(-1.8,-5.425,3.7));
#426 = VECTOR('',#427,1.);
#427 = DIRECTION('',(0.,1.,0.));
#428 = PCURVE('',#32,#429);
#429 = DEFINITIONAL_REPRESENTATION('',(#430),#434);
#430 = LINE('',#431,#432);
#431 = CARTESIAN_POINT('',(0.,0.));
#432 = VECTOR('',#433,1.);
#433 = DIRECTION('',(0.,1.));
#434 = ( GEOMETRIC_REPRESENTATION_CONTEXT(2) 
PARAMETRIC_REPRESENTATION_CONTEXT() REPRESENTATION_CONTEXT('2D SPACE',''
  ) );
#435 = PCURVE('',#436,#441);
#436 = PLANE('',#437);
#437 = AXIS2_PLACEMENT_3D('',#438,#439,#440);
#438 = CARTESIAN_POINT('',(-1.8,-5.425,3.05));
#439 = DIRECTION('',(1.,0.,0.));
#440 = DIRECTION('',(0.,0.,1.));
#441 = DEFINITIONAL_REPRESENTATION('',(#442),#446);
#442 = LINE('',#443,#444);
#443 = CARTESIAN_POINT('',(0.65,0.));
#444 = VECTOR('',#445,1.);
#445 = DIRECTION('',(0.,-1.));
#446 = ( GEOMETRIC_REPRESENTATION_CONTEXT(2) 
PARAMETRIC_REPRESENTATION_CONTEXT() REPRESENTATION_CONTEXT('2D SPACE',''
  ) );
#447 = ORIENTED_EDGE('',*,*,#448,.F.);
#448 = EDGE_CURVE('',#22,#421,#449,.T.);
#449 = SURFACE_CURVE('',#450,(#454,#461),.PCURVE_S1.);
#450 = LINE('',#451,#452);
#451 = CARTESIAN_POINT('',(-2.225,-5.,3.7));
#452 = VECTOR('',#453,1.);
#453 = DIRECTION('',(1.,0.,0.));
#454 = PCURVE('',#32,#455);
#455 = DEFINITIONAL_REPRESENTATION('',(#456),#460);
#456 = LINE('',#457,#458);
#457 = CARTESIAN_POINT('',(-0.425,0.425));
#458 = VECTOR('',#459,1.);
#459 = DIRECTION('',(1.,0.));
#460 = ( GEOMETRIC_REPRESENTATION_CONTEXT(2) 
PARAMETRIC_REPRESENTATION_CONTEXT() REPRESENTATION_CONTEXT('2D SPACE',''
  ) );
#461 = PCURVE('',#462,#467);
#462 = PLANE('',#463);
#463 = AXIS2_PLACEMENT_3D('',#464,#465,#466);
#464 = CARTESIAN_POINT('',(-2.225,-5.,3.05));
#465 = DIRECTION('',(0.,1.,0.));
#466 = DIRECTION('',(0.,0.,1.));
#467 = DEFINITIONAL_REPRESENTATION('',(#468),#472);
#468 = LINE('',#469,#470);
#469 = CARTESIAN_POINT('',(0.65,0.));
#470 = VECTOR('',#471,1.);
#471 = DIRECTION('',(0.,1.));
#472 = ( GEOMETRIC_REPRESENTATION_CONTEXT(2) 
PARAMETRIC_REPRESENTATION_CONTEXT() REPRESENTATION_CONTEXT('2D SPACE',''
  ) );
#473 = FACE_BOUND('',#474,.T.);
#474 = EDGE_LOOP('',(#475,#505,#533,#561));
#475 = ORIENTED_EDGE('',*,*,#476,.T.);
#476 = EDGE_CURVE('',#477,#479,#481,.T.);
#477 = VERTEX_POINT('',#478);
#478 = CARTESIAN_POINT('',(-1.375,-9.575,3.7));
#479 = VERTEX_POINT('',#480);
#480 = CARTESIAN_POINT('',(-1.375,-7.925,3.7));
#481 = SURFACE_CURVE('',#482,(#486,#493),.PCURVE_S1.);
#482 = LINE('',#483,#484);
#483 = CARTESIAN_POINT('',(-1.375,-10.,3.7));
#484 = VECTOR('',#485,1.);
#485 = DIRECTION('',(0.,1.,0.));
#486 = PCURVE('',#32,#487);
#487 = DEFINITIONAL_REPRESENTATION('',(#488),#492);
#488 = LINE('',#489,#490);
#489 = CARTESIAN_POINT('',(0.425,-4.575));
#490 = VECTOR('',#491,1.);
#491 = DIRECTION('',(0.,1.));
#492 = ( GEOMETRIC_REPRESENTATION_CONTEXT(2) 
PARAMETRIC_REPRESENTATION_CONTEXT() REPRESENTATION_CONTEXT('2D SPACE',''
  ) );
#493 = PCURVE('',#494,#499);
#494 = PLANE('',#495);
#495 = AXIS2_PLACEMENT_3D('',#496,#497,#498);
#496 = CARTESIAN_POINT('',(-1.375,-10.,3.05));
#497 = DIRECTION('',(1.,0.,0.));
#498 = DIRECTION('',(0.,0.,1.));
#499 = DEFINITIONAL_REPRESENTATION('',(#500),#504);
#500 = LINE('',#501,#502);
#501 = CARTESIAN_POINT('',(0.65,0.));
#502 = VECTOR('',#503,1.);
#503 = DIRECTION('',(0.,-1.));
#504 = ( GEOMETRIC_REPRESENTATION_CONTEXT(2) 
PARAMETRIC_REPRESENTATION_CONTEXT() REPRESENTATION_CONTEXT('2D SPACE',''
  ) );
#505 = ORIENTED_EDGE('',*,*,#506,.T.);
#506 = EDGE_CURVE('',#479,#507,#509,.T.);
#507 = VERTEX_POINT('',#508);
#508 = CARTESIAN_POINT('',(1.375,-7.925,3.7));
#509 = SURFACE_CURVE('',#510,(#514,#521),.PCURVE_S1.);
#510 = LINE('',#511,#512);
#511 = CARTESIAN_POINT('',(-1.8,-7.925,3.7));
#512 = VECTOR('',#513,1.);
#513 = DIRECTION('',(1.,0.,0.));
#514 = PCURVE('',#32,#515);
#515 = DEFINITIONAL_REPRESENTATION('',(#516),#520);
#516 = LINE('',#517,#518);
#517 = CARTESIAN_POINT('',(0.,-2.5));
#518 = VECTOR('',#519,1.);
#519 = DIRECTION('',(1.,0.));
#520 = ( GEOMETRIC_REPRESENTATION_CONTEXT(2) 
PARAMETRIC_REPRESENTATION_CONTEXT() REPRESENTATION_CONTEXT('2D SPACE',''
  ) );
#521 = PCURVE('',#522,#527);
#522 = PLANE('',#523);
#523 = AXIS2_PLACEMENT_3D('',#524,#525,#526);
#524 = CARTESIAN_POINT('',(-1.8,-7.925,3.05));
#525 = DIRECTION('',(0.,1.,0.));
#526 = DIRECTION('',(0.,0.,1.));
#527 = DEFINITIONAL_REPRESENTATION('',(#528),#532);
#528 = LINE('',#529,#530);
#529 = CARTESIAN_POINT('',(0.65,0.));
#530 = VECTOR('',#531,1.);
#531 = DIRECTION('',(0.,1.));
#532 = ( GEOMETRIC_REPRESENTATION_CONTEXT(2) 
PARAMETRIC_REPRESENTATION_CONTEXT() REPRESENTATION_CONTEXT('2D SPACE',''
  ) );
#533 = ORIENTED_EDGE('',*,*,#534,.F.);
#534 = EDGE_CURVE('',#535,#507,#537,.T.);
#535 = VERTEX_POINT('',#536);
#536 = CARTESIAN_POINT('',(1.375,-9.575,3.7));
#537 = SURFACE_CURVE('',#538,(#542,#549),.PCURVE_S1.);
#538 = LINE('',#539,#540);
#539 = CARTESIAN_POINT('',(1.375,-10.,3.7));
#540 = VECTOR('',#541,1.);
#541 = DIRECTION('',(0.,1.,0.));
#542 = PCURVE('',#32,#543);
#543 = DEFINITIONAL_REPRESENTATION('',(#544),#548);
#544 = LINE('',#545,#546);
#545 = CARTESIAN_POINT('',(3.175,-4.575));
#546 = VECTOR('',#547,1.);
#547 = DIRECTION('',(0.,1.));
#548 = ( GEOMETRIC_REPRESENTATION_CONTEXT(2) 
PARAMETRIC_REPRESENTATION_CONTEXT() REPRESENTATION_CONTEXT('2D SPACE',''
  ) );
#549 = PCURVE('',#550,#555);
#550 = PLANE('',#551);
#551 = AXIS2_PLACEMENT_3D('',#552,#553,#554);
#552 = CARTESIAN_POINT('',(1.375,-10.,3.05));
#553 = DIRECTION('',(1.,0.,0.));
#554 = DIRECTION('',(0.,0.,1.));
#555 = DEFINITIONAL_REPRESENTATION('',(#556),#560);
#556 = LINE('',#557,#558);
#557 = CARTESIAN_POINT('',(0.65,0.));
#558 = VECTOR('',#559,1.);
#559 = DIRECTION('',(0.,-1.));
#560 = ( GEOMETRIC_REPRESENTATION_CONTEXT(2) 
PARAMETRIC_REPRESENTATION_CONTEXT() REPRESENTATION_CONTEXT('2D SPACE',''
  ) );
#561 = ORIENTED_EDGE('',*,*,#562,.F.);
#562 = EDGE_CURVE('',#477,#535,#563,.T.);
#563 = SURFACE_CURVE('',#564,(#568,#575),.PCURVE_S1.);
#564 = LINE('',#565,#566);
#565 = CARTESIAN_POINT('',(-1.8,-9.575,3.7));
#566 = VECTOR('',#567,1.);
#567 = DIRECTION('',(1.,0.,0.));
#568 = PCURVE('',#32,#569);
#569 = DEFINITIONAL_REPRESENTATION('',(#570),#574);
#570 = LINE('',#571,#572);
#571 = CARTESIAN_POINT('',(0.,-4.15));
#572 = VECTOR('',#573,1.);
#573 = DIRECTION('',(1.,0.));
#574 = ( GEOMETRIC_REPRESENTATION_CONTEXT(2) 
PARAMETRIC_REPRESENTATION_CONTEXT() REPRESENTATION_CONTEXT('2D SPACE',''
  ) );
#575 = PCURVE('',#576,#581);
#576 = PLANE('',#577);
#577 = AXIS2_PLACEMENT_3D('',#578,#579,#580);
#578 = CARTESIAN_POINT('',(-1.8,-9.575,3.05));
#579 = DIRECTION('',(0.,1.,0.));
#580 = DIRECTION('',(0.,0.,1.));
#581 = DEFINITIONAL_REPRESENTATION('',(#582),#586);
#582 = LINE('',#583,#584);
#583 = CARTESIAN_POINT('',(0.65,0.));
#584 = VECTOR('',#585,1.);
#585 = DIRECTION('',(0.,1.));
#586 = ( GEOMETRIC_REPRESENTATION_CONTEXT(2) 
PARAMETRIC_REPRESENTATION_CONTEXT() REPRESENTATION_CONTEXT('2D SPACE',''
  ) );
#587 = ADVANCED_FACE('',(#588),#44,.F.);
#588 = FACE_BOUND('',#589,.F.);
#589 = EDGE_LOOP('',(#590,#591,#614,#642));
#590 = ORIENTED_EDGE('',*,*,#21,.T.);
#591 = ORIENTED_EDGE('',*,*,#592,.F.);
#592 = EDGE_CURVE('',#593,#24,#595,.T.);
#593 = VERTEX_POINT('',#594);
#594 = CARTESIAN_POINT('',(-2.225,-10.,3.2));
#595 = SURFACE_CURVE('',#596,(#600,#607),.PCURVE_S1.);
#596 = LINE('',#597,#598);
#597 = CARTESIAN_POINT('',(-2.225,-10.,3.05));
#598 = VECTOR('',#599,1.);
#599 = DIRECTION('',(0.,0.,1.));
#600 = PCURVE('',#44,#601);
#601 = DEFINITIONAL_REPRESENTATION('',(#602),#606);
#602 = LINE('',#603,#604);
#603 = CARTESIAN_POINT('',(0.,2.5));
#604 = VECTOR('',#605,1.);
#605 = DIRECTION('',(1.,0.));
#606 = ( GEOMETRIC_REPRESENTATION_CONTEXT(2) 
PARAMETRIC_REPRESENTATION_CONTEXT() REPRESENTATION_CONTEXT('2D SPACE',''
  ) );
#607 = PCURVE('',#72,#608);
#608 = DEFINITIONAL_REPRESENTATION('',(#609),#613);
#609 = LINE('',#610,#611);
#610 = CARTESIAN_POINT('',(0.,0.));
#611 = VECTOR('',#612,1.);
#612 = DIRECTION('',(1.,0.));
#613 = ( GEOMETRIC_REPRESENTATION_CONTEXT(2) 
PARAMETRIC_REPRESENTATION_CONTEXT() REPRESENTATION_CONTEXT('2D SPACE',''
  ) );
#614 = ORIENTED_EDGE('',*,*,#615,.F.);
#615 = EDGE_CURVE('',#616,#593,#618,.T.);
#616 = VERTEX_POINT('',#617);
#617 = CARTESIAN_POINT('',(-2.225,-5.,3.2));
#618 = SURFACE_CURVE('',#619,(#623,#630),.PCURVE_S1.);
#619 = LINE('',#620,#621);
#620 = CARTESIAN_POINT('',(-2.225,-5.,3.2));
#621 = VECTOR('',#622,1.);
#622 = DIRECTION('',(0.,-1.,0.));
#623 = PCURVE('',#44,#624);
#624 = DEFINITIONAL_REPRESENTATION('',(#625),#629);
#625 = LINE('',#626,#627);
#626 = CARTESIAN_POINT('',(0.15,-2.5));
#627 = VECTOR('',#628,1.);
#628 = DIRECTION('',(0.,1.));
#629 = ( GEOMETRIC_REPRESENTATION_CONTEXT(2) 
PARAMETRIC_REPRESENTATION_CONTEXT() REPRESENTATION_CONTEXT('2D SPACE',''
  ) );
#630 = PCURVE('',#631,#636);
#631 = PLANE('',#632);
#632 = AXIS2_PLACEMENT_3D('',#633,#634,#635);
#633 = CARTESIAN_POINT('',(-1.316298253911E-16,4.38766084637E-17,3.2));
#634 = DIRECTION('',(0.,0.,1.));
#635 = DIRECTION('',(1.,0.,-0.));
#636 = DEFINITIONAL_REPRESENTATION('',(#637),#641);
#637 = LINE('',#638,#639);
#638 = CARTESIAN_POINT('',(-2.225,-5.));
#639 = VECTOR('',#640,1.);
#640 = DIRECTION('',(0.,-1.));
#641 = ( GEOMETRIC_REPRESENTATION_CONTEXT(2) 
PARAMETRIC_REPRESENTATION_CONTEXT() REPRESENTATION_CONTEXT('2D SPACE',''
  ) );
#642 = ORIENTED_EDGE('',*,*,#643,.T.);
#643 = EDGE_CURVE('',#616,#22,#644,.T.);
#644 = SURFACE_CURVE('',#645,(#649,#656),.PCURVE_S1.);
#645 = LINE('',#646,#647);
#646 = CARTESIAN_POINT('',(-2.225,-5.,3.05));
#647 = VECTOR('',#648,1.);
#648 = DIRECTION('',(0.,0.,1.));
#649 = PCURVE('',#44,#650);
#650 = DEFINITIONAL_REPRESENTATION('',(#651),#655);
#651 = LINE('',#652,#653);
#652 = CARTESIAN_POINT('',(0.,-2.5));
#653 = VECTOR('',#654,1.);
#654 = DIRECTION('',(1.,0.));
#655 = ( GEOMETRIC_REPRESENTATION_CONTEXT(2) 
PARAMETRIC_REPRESENTATION_CONTEXT() REPRESENTATION_CONTEXT('2D SPACE',''
  ) );
#656 = PCURVE('',#462,#657);
#657 = DEFINITIONAL_REPRESENTATION('',(#658),#662);
#658 = LINE('',#659,#660);
#659 = CARTESIAN_POINT('',(0.,0.));
#660 = VECTOR('',#661,1.);
#661 = DIRECTION('',(1.,0.));
#662 = ( GEOMETRIC_REPRESENTATION_CONTEXT(2) 
PARAMETRIC_REPRESENTATION_CONTEXT() REPRESENTATION_CONTEXT('2D SPACE',''
  ) );
#663 = ADVANCED_FACE('',(#664),#72,.F.);
#664 = FACE_BOUND('',#665,.F.);
#665 = EDGE_LOOP('',(#666,#687,#688,#689));
#666 = ORIENTED_EDGE('',*,*,#667,.T.);
#667 = EDGE_CURVE('',#668,#593,#670,.T.);
#668 = VERTEX_POINT('',#669);
#669 = CARTESIAN_POINT('',(-1.8,-10.,3.2));
#670 = SURFACE_CURVE('',#671,(#675,#681),.PCURVE_S1.);
#671 = LINE('',#672,#673);
#672 = CARTESIAN_POINT('',(-1.1125,-10.,3.2));
#673 = VECTOR('',#674,1.);
#674 = DIRECTION('',(-1.,0.,0.));
#675 = PCURVE('',#72,#676);
#676 = DEFINITIONAL_REPRESENTATION('',(#677),#680);
#677 = B_SPLINE_CURVE_WITH_KNOTS('',1,(#678,#679),.UNSPECIFIED.,.F.,.F.,
  (2,2),(0.2625,1.1125),.PIECEWISE_BEZIER_KNOTS.);
#678 = CARTESIAN_POINT('',(0.15,0.85));
#679 = CARTESIAN_POINT('',(0.15,0.));
#680 = ( GEOMETRIC_REPRESENTATION_CONTEXT(2) 
PARAMETRIC_REPRESENTATION_CONTEXT() REPRESENTATION_CONTEXT('2D SPACE',''
  ) );
#681 = PCURVE('',#631,#682);
#682 = DEFINITIONAL_REPRESENTATION('',(#683),#686);
#683 = B_SPLINE_CURVE_WITH_KNOTS('',1,(#684,#685),.UNSPECIFIED.,.F.,.F.,
  (2,2),(0.2625,1.1125),.PIECEWISE_BEZIER_KNOTS.);
#684 = CARTESIAN_POINT('',(-1.375,-10.));
#685 = CARTESIAN_POINT('',(-2.225,-10.));
#686 = ( GEOMETRIC_REPRESENTATION_CONTEXT(2) 
PARAMETRIC_REPRESENTATION_CONTEXT() REPRESENTATION_CONTEXT('2D SPACE',''
  ) );
#687 = ORIENTED_EDGE('',*,*,#592,.T.);
#688 = ORIENTED_EDGE('',*,*,#56,.T.);
#689 = ORIENTED_EDGE('',*,*,#690,.T.);
#690 = EDGE_CURVE('',#57,#668,#691,.T.);
#691 = SURFACE_CURVE('',#692,(#696,#702),.PCURVE_S1.);
#692 = LINE('',#693,#694);
#693 = CARTESIAN_POINT('',(-1.8,-10.,3.05));
#694 = VECTOR('',#695,1.);
#695 = DIRECTION('',(0.,0.,-1.));
#696 = PCURVE('',#72,#697);
#697 = DEFINITIONAL_REPRESENTATION('',(#698),#701);
#698 = B_SPLINE_CURVE_WITH_KNOTS('',1,(#699,#700),.UNSPECIFIED.,.F.,.F.,
  (2,2),(-0.65,0.),.PIECEWISE_BEZIER_KNOTS.);
#699 = CARTESIAN_POINT('',(0.65,0.425));
#700 = CARTESIAN_POINT('',(0.,0.425));
#701 = ( GEOMETRIC_REPRESENTATION_CONTEXT(2) 
PARAMETRIC_REPRESENTATION_CONTEXT() REPRESENTATION_CONTEXT('2D SPACE',''
  ) );
#702 = PCURVE('',#100,#703);
#703 = DEFINITIONAL_REPRESENTATION('',(#704),#707);
#704 = B_SPLINE_CURVE_WITH_KNOTS('',1,(#705,#706),.UNSPECIFIED.,.F.,.F.,
  (2,2),(-0.65,0.),.PIECEWISE_BEZIER_KNOTS.);
#705 = CARTESIAN_POINT('',(0.65,-0.425));
#706 = CARTESIAN_POINT('',(0.,-0.425));
#707 = ( GEOMETRIC_REPRESENTATION_CONTEXT(2) 
PARAMETRIC_REPRESENTATION_CONTEXT() REPRESENTATION_CONTEXT('2D SPACE',''
  ) );
#708 = ADVANCED_FACE('',(#709),#100,.F.);
#709 = FACE_BOUND('',#710,.F.);
#710 = EDGE_LOOP('',(#711,#734,#753,#754));
#711 = ORIENTED_EDGE('',*,*,#712,.F.);
#712 = EDGE_CURVE('',#713,#85,#715,.T.);
#713 = VERTEX_POINT('',#714);
#714 = CARTESIAN_POINT('',(-1.8,-10.425,3.2));
#715 = SURFACE_CURVE('',#716,(#720,#727),.PCURVE_S1.);
#716 = LINE('',#717,#718);
#717 = CARTESIAN_POINT('',(-1.8,-10.425,3.05));
#718 = VECTOR('',#719,1.);
#719 = DIRECTION('',(0.,0.,1.));
#720 = PCURVE('',#100,#721);
#721 = DEFINITIONAL_REPRESENTATION('',(#722),#726);
#722 = LINE('',#723,#724);
#723 = CARTESIAN_POINT('',(0.,0.));
#724 = VECTOR('',#725,1.);
#725 = DIRECTION('',(1.,0.));
#726 = ( GEOMETRIC_REPRESENTATION_CONTEXT(2) 
PARAMETRIC_REPRESENTATION_CONTEXT() REPRESENTATION_CONTEXT('2D SPACE',''
  ) );
#727 = PCURVE('',#128,#728);
#728 = DEFINITIONAL_REPRESENTATION('',(#729),#733);
#729 = LINE('',#730,#731);
#730 = CARTESIAN_POINT('',(0.,0.));
#731 = VECTOR('',#732,1.);
#732 = DIRECTION('',(1.,0.));
#733 = ( GEOMETRIC_REPRESENTATION_CONTEXT(2) 
PARAMETRIC_REPRESENTATION_CONTEXT() REPRESENTATION_CONTEXT('2D SPACE',''
  ) );
#734 = ORIENTED_EDGE('',*,*,#735,.T.);
#735 = EDGE_CURVE('',#713,#668,#736,.T.);
#736 = SURFACE_CURVE('',#737,(#741,#747),.PCURVE_S1.);
#737 = LINE('',#738,#739);
#738 = CARTESIAN_POINT('',(-1.8,-5.2125,3.2));
#739 = VECTOR('',#740,1.);
#740 = DIRECTION('',(0.,1.,0.));
#741 = PCURVE('',#100,#742);
#742 = DEFINITIONAL_REPRESENTATION('',(#743),#746);
#743 = B_SPLINE_CURVE_WITH_KNOTS('',1,(#744,#745),.UNSPECIFIED.,.F.,.F.,
  (2,2),(-5.2125,-4.3625),.PIECEWISE_BEZIER_KNOTS.);
#744 = CARTESIAN_POINT('',(0.15,0.));
#745 = CARTESIAN_POINT('',(0.15,-0.85));
#746 = ( GEOMETRIC_REPRESENTATION_CONTEXT(2) 
PARAMETRIC_REPRESENTATION_CONTEXT() REPRESENTATION_CONTEXT('2D SPACE',''
  ) );
#747 = PCURVE('',#631,#748);
#748 = DEFINITIONAL_REPRESENTATION('',(#749),#752);
#749 = B_SPLINE_CURVE_WITH_KNOTS('',1,(#750,#751),.UNSPECIFIED.,.F.,.F.,
  (2,2),(-5.2125,-4.3625),.PIECEWISE_BEZIER_KNOTS.);
#750 = CARTESIAN_POINT('',(-1.8,-10.425));
#751 = CARTESIAN_POINT('',(-1.8,-9.575));
#752 = ( GEOMETRIC_REPRESENTATION_CONTEXT(2) 
PARAMETRIC_REPRESENTATION_CONTEXT() REPRESENTATION_CONTEXT('2D SPACE',''
  ) );
#753 = ORIENTED_EDGE('',*,*,#690,.F.);
#754 = ORIENTED_EDGE('',*,*,#84,.F.);
#755 = ADVANCED_FACE('',(#756),#128,.F.);
#756 = FACE_BOUND('',#757,.F.);
#757 = EDGE_LOOP('',(#758,#781,#800,#801));
#758 = ORIENTED_EDGE('',*,*,#759,.F.);
#759 = EDGE_CURVE('',#760,#113,#762,.T.);
#760 = VERTEX_POINT('',#761);
#761 = CARTESIAN_POINT('',(1.8,-10.425,3.2));
#762 = SURFACE_CURVE('',#763,(#767,#774),.PCURVE_S1.);
#763 = LINE('',#764,#765);
#764 = CARTESIAN_POINT('',(1.8,-10.425,3.05));
#765 = VECTOR('',#766,1.);
#766 = DIRECTION('',(0.,0.,1.));
#767 = PCURVE('',#128,#768);
#768 = DEFINITIONAL_REPRESENTATION('',(#769),#773);
#769 = LINE('',#770,#771);
#770 = CARTESIAN_POINT('',(0.,3.6));
#771 = VECTOR('',#772,1.);
#772 = DIRECTION('',(1.,0.));
#773 = ( GEOMETRIC_REPRESENTATION_CONTEXT(2) 
PARAMETRIC_REPRESENTATION_CONTEXT() REPRESENTATION_CONTEXT('2D SPACE',''
  ) );
#774 = PCURVE('',#156,#775);
#775 = DEFINITIONAL_REPRESENTATION('',(#776),#780);
#776 = LINE('',#777,#778);
#777 = CARTESIAN_POINT('',(0.,0.));
#778 = VECTOR('',#779,1.);
#779 = DIRECTION('',(1.,0.));
#780 = ( GEOMETRIC_REPRESENTATION_CONTEXT(2) 
PARAMETRIC_REPRESENTATION_CONTEXT() REPRESENTATION_CONTEXT('2D SPACE',''
  ) );
#781 = ORIENTED_EDGE('',*,*,#782,.T.);
#782 = EDGE_CURVE('',#760,#713,#783,.T.);
#783 = SURFACE_CURVE('',#784,(#788,#794),.PCURVE_S1.);
#784 = LINE('',#785,#786);
#785 = CARTESIAN_POINT('',(-0.9,-10.425,3.2));
#786 = VECTOR('',#787,1.);
#787 = DIRECTION('',(-1.,0.,0.));
#788 = PCURVE('',#128,#789);
#789 = DEFINITIONAL_REPRESENTATION('',(#790),#793);
#790 = B_SPLINE_CURVE_WITH_KNOTS('',1,(#791,#792),.UNSPECIFIED.,.F.,.F.,
  (2,2),(-2.7,0.9),.PIECEWISE_BEZIER_KNOTS.);
#791 = CARTESIAN_POINT('',(0.15,3.6));
#792 = CARTESIAN_POINT('',(0.15,0.));
#793 = ( GEOMETRIC_REPRESENTATION_CONTEXT(2) 
PARAMETRIC_REPRESENTATION_CONTEXT() REPRESENTATION_CONTEXT('2D SPACE',''
  ) );
#794 = PCURVE('',#631,#795);
#795 = DEFINITIONAL_REPRESENTATION('',(#796),#799);
#796 = B_SPLINE_CURVE_WITH_KNOTS('',1,(#797,#798),.UNSPECIFIED.,.F.,.F.,
  (2,2),(-2.7,0.9),.PIECEWISE_BEZIER_KNOTS.);
#797 = CARTESIAN_POINT('',(1.8,-10.425));
#798 = CARTESIAN_POINT('',(-1.8,-10.425));
#799 = ( GEOMETRIC_REPRESENTATION_CONTEXT(2) 
PARAMETRIC_REPRESENTATION_CONTEXT() REPRESENTATION_CONTEXT('2D SPACE',''
  ) );
#800 = ORIENTED_EDGE('',*,*,#712,.T.);
#801 = ORIENTED_EDGE('',*,*,#112,.T.);
#802 = ADVANCED_FACE('',(#803),#156,.T.);
#803 = FACE_BOUND('',#804,.T.);
#804 = EDGE_LOOP('',(#805,#806,#827,#846));
#805 = ORIENTED_EDGE('',*,*,#759,.F.);
#806 = ORIENTED_EDGE('',*,*,#807,.T.);
#807 = EDGE_CURVE('',#760,#808,#810,.T.);
#808 = VERTEX_POINT('',#809);
#809 = CARTESIAN_POINT('',(1.8,-10.,3.2));
#810 = SURFACE_CURVE('',#811,(#815,#821),.PCURVE_S1.);
#811 = LINE('',#812,#813);
#812 = CARTESIAN_POINT('',(1.8,-5.2125,3.2));
#813 = VECTOR('',#814,1.);
#814 = DIRECTION('',(0.,1.,0.));
#815 = PCURVE('',#156,#816);
#816 = DEFINITIONAL_REPRESENTATION('',(#817),#820);
#817 = B_SPLINE_CURVE_WITH_KNOTS('',1,(#818,#819),.UNSPECIFIED.,.F.,.F.,
  (2,2),(-5.2125,-4.3625),.PIECEWISE_BEZIER_KNOTS.);
#818 = CARTESIAN_POINT('',(0.15,0.));
#819 = CARTESIAN_POINT('',(0.15,-0.85));
#820 = ( GEOMETRIC_REPRESENTATION_CONTEXT(2) 
PARAMETRIC_REPRESENTATION_CONTEXT() REPRESENTATION_CONTEXT('2D SPACE',''
  ) );
#821 = PCURVE('',#631,#822);
#822 = DEFINITIONAL_REPRESENTATION('',(#823),#826);
#823 = B_SPLINE_CURVE_WITH_KNOTS('',1,(#824,#825),.UNSPECIFIED.,.F.,.F.,
  (2,2),(-5.2125,-4.3625),.PIECEWISE_BEZIER_KNOTS.);
#824 = CARTESIAN_POINT('',(1.8,-10.425));
#825 = CARTESIAN_POINT('',(1.8,-9.575));
#826 = ( GEOMETRIC_REPRESENTATION_CONTEXT(2) 
PARAMETRIC_REPRESENTATION_CONTEXT() REPRESENTATION_CONTEXT('2D SPACE',''
  ) );
#827 = ORIENTED_EDGE('',*,*,#828,.F.);
#828 = EDGE_CURVE('',#141,#808,#829,.T.);
#829 = SURFACE_CURVE('',#830,(#834,#840),.PCURVE_S1.);
#830 = LINE('',#831,#832);
#831 = CARTESIAN_POINT('',(1.8,-10.,3.05));
#832 = VECTOR('',#833,1.);
#833 = DIRECTION('',(0.,0.,-1.));
#834 = PCURVE('',#156,#835);
#835 = DEFINITIONAL_REPRESENTATION('',(#836),#839);
#836 = B_SPLINE_CURVE_WITH_KNOTS('',1,(#837,#838),.UNSPECIFIED.,.F.,.F.,
  (2,2),(-0.65,0.),.PIECEWISE_BEZIER_KNOTS.);
#837 = CARTESIAN_POINT('',(0.65,-0.425));
#838 = CARTESIAN_POINT('',(0.,-0.425));
#839 = ( GEOMETRIC_REPRESENTATION_CONTEXT(2) 
PARAMETRIC_REPRESENTATION_CONTEXT() REPRESENTATION_CONTEXT('2D SPACE',''
  ) );
#840 = PCURVE('',#184,#841);
#841 = DEFINITIONAL_REPRESENTATION('',(#842),#845);
#842 = B_SPLINE_CURVE_WITH_KNOTS('',1,(#843,#844),.UNSPECIFIED.,.F.,.F.,
  (2,2),(-0.65,0.),.PIECEWISE_BEZIER_KNOTS.);
#843 = CARTESIAN_POINT('',(0.65,0.425));
#844 = CARTESIAN_POINT('',(0.,0.425));
#845 = ( GEOMETRIC_REPRESENTATION_CONTEXT(2) 
PARAMETRIC_REPRESENTATION_CONTEXT() REPRESENTATION_CONTEXT('2D SPACE',''
  ) );
#846 = ORIENTED_EDGE('',*,*,#140,.F.);
#847 = ADVANCED_FACE('',(#848),#184,.F.);
#848 = FACE_BOUND('',#849,.F.);
#849 = EDGE_LOOP('',(#850,#871,#872,#873));
#850 = ORIENTED_EDGE('',*,*,#851,.T.);
#851 = EDGE_CURVE('',#852,#808,#854,.T.);
#852 = VERTEX_POINT('',#853);
#853 = CARTESIAN_POINT('',(2.225,-10.,3.2));
#854 = SURFACE_CURVE('',#855,(#859,#865),.PCURVE_S1.);
#855 = LINE('',#856,#857);
#856 = CARTESIAN_POINT('',(0.6875,-10.,3.2));
#857 = VECTOR('',#858,1.);
#858 = DIRECTION('',(-1.,0.,0.));
#859 = PCURVE('',#184,#860);
#860 = DEFINITIONAL_REPRESENTATION('',(#861),#864);
#861 = B_SPLINE_CURVE_WITH_KNOTS('',1,(#862,#863),.UNSPECIFIED.,.F.,.F.,
  (2,2),(-1.5375,-0.6875),.PIECEWISE_BEZIER_KNOTS.);
#862 = CARTESIAN_POINT('',(0.15,0.85));
#863 = CARTESIAN_POINT('',(0.15,0.));
#864 = ( GEOMETRIC_REPRESENTATION_CONTEXT(2) 
PARAMETRIC_REPRESENTATION_CONTEXT() REPRESENTATION_CONTEXT('2D SPACE',''
  ) );
#865 = PCURVE('',#631,#866);
#866 = DEFINITIONAL_REPRESENTATION('',(#867),#870);
#867 = B_SPLINE_CURVE_WITH_KNOTS('',1,(#868,#869),.UNSPECIFIED.,.F.,.F.,
  (2,2),(-1.5375,-0.6875),.PIECEWISE_BEZIER_KNOTS.);
#868 = CARTESIAN_POINT('',(2.225,-10.));
#869 = CARTESIAN_POINT('',(1.375,-10.));
#870 = ( GEOMETRIC_REPRESENTATION_CONTEXT(2) 
PARAMETRIC_REPRESENTATION_CONTEXT() REPRESENTATION_CONTEXT('2D SPACE',''
  ) );
#871 = ORIENTED_EDGE('',*,*,#828,.F.);
#872 = ORIENTED_EDGE('',*,*,#168,.T.);
#873 = ORIENTED_EDGE('',*,*,#874,.F.);
#874 = EDGE_CURVE('',#852,#169,#875,.T.);
#875 = SURFACE_CURVE('',#876,(#880,#887),.PCURVE_S1.);
#876 = LINE('',#877,#878);
#877 = CARTESIAN_POINT('',(2.225,-10.,3.05));
#878 = VECTOR('',#879,1.);
#879 = DIRECTION('',(0.,0.,1.));
#880 = PCURVE('',#184,#881);
#881 = DEFINITIONAL_REPRESENTATION('',(#882),#886);
#882 = LINE('',#883,#884);
#883 = CARTESIAN_POINT('',(0.,0.85));
#884 = VECTOR('',#885,1.);
#885 = DIRECTION('',(1.,0.));
#886 = ( GEOMETRIC_REPRESENTATION_CONTEXT(2) 
PARAMETRIC_REPRESENTATION_CONTEXT() REPRESENTATION_CONTEXT('2D SPACE',''
  ) );
#887 = PCURVE('',#212,#888);
#888 = DEFINITIONAL_REPRESENTATION('',(#889),#893);
#889 = LINE('',#890,#891);
#890 = CARTESIAN_POINT('',(0.,0.));
#891 = VECTOR('',#892,1.);
#892 = DIRECTION('',(1.,0.));
#893 = ( GEOMETRIC_REPRESENTATION_CONTEXT(2) 
PARAMETRIC_REPRESENTATION_CONTEXT() REPRESENTATION_CONTEXT('2D SPACE',''
  ) );
#894 = ADVANCED_FACE('',(#895),#212,.T.);
#895 = FACE_BOUND('',#896,.T.);
#896 = EDGE_LOOP('',(#897,#898,#919,#940));
#897 = ORIENTED_EDGE('',*,*,#874,.F.);
#898 = ORIENTED_EDGE('',*,*,#899,.T.);
#899 = EDGE_CURVE('',#852,#900,#902,.T.);
#900 = VERTEX_POINT('',#901);
#901 = CARTESIAN_POINT('',(2.225,-7.5,3.2));
#902 = SURFACE_CURVE('',#903,(#907,#913),.PCURVE_S1.);
#903 = LINE('',#904,#905);
#904 = CARTESIAN_POINT('',(2.225,-5.,3.2));
#905 = VECTOR('',#906,1.);
#906 = DIRECTION('',(0.,1.,0.));
#907 = PCURVE('',#212,#908);
#908 = DEFINITIONAL_REPRESENTATION('',(#909),#912);
#909 = B_SPLINE_CURVE_WITH_KNOTS('',1,(#910,#911),.UNSPECIFIED.,.F.,.F.,
  (2,2),(-5.,-2.5),.PIECEWISE_BEZIER_KNOTS.);
#910 = CARTESIAN_POINT('',(0.15,0.));
#911 = CARTESIAN_POINT('',(0.15,-2.5));
#912 = ( GEOMETRIC_REPRESENTATION_CONTEXT(2) 
PARAMETRIC_REPRESENTATION_CONTEXT() REPRESENTATION_CONTEXT('2D SPACE',''
  ) );
#913 = PCURVE('',#631,#914);
#914 = DEFINITIONAL_REPRESENTATION('',(#915),#918);
#915 = B_SPLINE_CURVE_WITH_KNOTS('',1,(#916,#917),.UNSPECIFIED.,.F.,.F.,
  (2,2),(-5.,-2.5),.PIECEWISE_BEZIER_KNOTS.);
#916 = CARTESIAN_POINT('',(2.225,-10.));
#917 = CARTESIAN_POINT('',(2.225,-7.5));
#918 = ( GEOMETRIC_REPRESENTATION_CONTEXT(2) 
PARAMETRIC_REPRESENTATION_CONTEXT() REPRESENTATION_CONTEXT('2D SPACE',''
  ) );
#919 = ORIENTED_EDGE('',*,*,#920,.T.);
#920 = EDGE_CURVE('',#900,#197,#921,.T.);
#921 = SURFACE_CURVE('',#922,(#926,#933),.PCURVE_S1.);
#922 = LINE('',#923,#924);
#923 = CARTESIAN_POINT('',(2.225,-7.5,3.05));
#924 = VECTOR('',#925,1.);
#925 = DIRECTION('',(0.,0.,1.));
#926 = PCURVE('',#212,#927);
#927 = DEFINITIONAL_REPRESENTATION('',(#928),#932);
#928 = LINE('',#929,#930);
#929 = CARTESIAN_POINT('',(0.,-2.5));
#930 = VECTOR('',#931,1.);
#931 = DIRECTION('',(1.,0.));
#932 = ( GEOMETRIC_REPRESENTATION_CONTEXT(2) 
PARAMETRIC_REPRESENTATION_CONTEXT() REPRESENTATION_CONTEXT('2D SPACE',''
  ) );
#933 = PCURVE('',#240,#934);
#934 = DEFINITIONAL_REPRESENTATION('',(#935),#939);
#935 = LINE('',#936,#937);
#936 = CARTESIAN_POINT('',(0.,0.85));
#937 = VECTOR('',#938,1.);
#938 = DIRECTION('',(1.,0.));
#939 = ( GEOMETRIC_REPRESENTATION_CONTEXT(2) 
PARAMETRIC_REPRESENTATION_CONTEXT() REPRESENTATION_CONTEXT('2D SPACE',''
  ) );
#940 = ORIENTED_EDGE('',*,*,#196,.F.);
#941 = ADVANCED_FACE('',(#942),#240,.T.);
#942 = FACE_BOUND('',#943,.T.);
#943 = EDGE_LOOP('',(#944,#965,#984,#985));
#944 = ORIENTED_EDGE('',*,*,#945,.T.);
#945 = EDGE_CURVE('',#900,#946,#948,.T.);
#946 = VERTEX_POINT('',#947);
#947 = CARTESIAN_POINT('',(1.8,-7.5,3.2));
#948 = SURFACE_CURVE('',#949,(#953,#959),.PCURVE_S1.);
#949 = LINE('',#950,#951);
#950 = CARTESIAN_POINT('',(0.6875,-7.5,3.2));
#951 = VECTOR('',#952,1.);
#952 = DIRECTION('',(-1.,0.,0.));
#953 = PCURVE('',#240,#954);
#954 = DEFINITIONAL_REPRESENTATION('',(#955),#958);
#955 = B_SPLINE_CURVE_WITH_KNOTS('',1,(#956,#957),.UNSPECIFIED.,.F.,.F.,
  (2,2),(-1.5375,-0.6875),.PIECEWISE_BEZIER_KNOTS.);
#956 = CARTESIAN_POINT('',(0.15,0.85));
#957 = CARTESIAN_POINT('',(0.15,0.));
#958 = ( GEOMETRIC_REPRESENTATION_CONTEXT(2) 
PARAMETRIC_REPRESENTATION_CONTEXT() REPRESENTATION_CONTEXT('2D SPACE',''
  ) );
#959 = PCURVE('',#631,#960);
#960 = DEFINITIONAL_REPRESENTATION('',(#961),#964);
#961 = B_SPLINE_CURVE_WITH_KNOTS('',1,(#962,#963),.UNSPECIFIED.,.F.,.F.,
  (2,2),(-1.5375,-0.6875),.PIECEWISE_BEZIER_KNOTS.);
#962 = CARTESIAN_POINT('',(2.225,-7.5));
#963 = CARTESIAN_POINT('',(1.375,-7.5));
#964 = ( GEOMETRIC_REPRESENTATION_CONTEXT(2) 
PARAMETRIC_REPRESENTATION_CONTEXT() REPRESENTATION_CONTEXT('2D SPACE',''
  ) );
#965 = ORIENTED_EDGE('',*,*,#966,.T.);
#966 = EDGE_CURVE('',#946,#225,#967,.T.);
#967 = SURFACE_CURVE('',#968,(#972,#978),.PCURVE_S1.);
#968 = LINE('',#969,#970);
#969 = CARTESIAN_POINT('',(1.8,-7.5,3.05));
#970 = VECTOR('',#971,1.);
#971 = DIRECTION('',(0.,0.,1.));
#972 = PCURVE('',#240,#973);
#973 = DEFINITIONAL_REPRESENTATION('',(#974),#977);
#974 = B_SPLINE_CURVE_WITH_KNOTS('',1,(#975,#976),.UNSPECIFIED.,.F.,.F.,
  (2,2),(0.,0.65),.PIECEWISE_BEZIER_KNOTS.);
#975 = CARTESIAN_POINT('',(0.,0.425));
#976 = CARTESIAN_POINT('',(0.65,0.425));
#977 = ( GEOMETRIC_REPRESENTATION_CONTEXT(2) 
PARAMETRIC_REPRESENTATION_CONTEXT() REPRESENTATION_CONTEXT('2D SPACE',''
  ) );
#978 = PCURVE('',#268,#979);
#979 = DEFINITIONAL_REPRESENTATION('',(#980),#983);
#980 = B_SPLINE_CURVE_WITH_KNOTS('',1,(#981,#982),.UNSPECIFIED.,.F.,.F.,
  (2,2),(0.,0.65),.PIECEWISE_BEZIER_KNOTS.);
#981 = CARTESIAN_POINT('',(0.,-0.425));
#982 = CARTESIAN_POINT('',(0.65,-0.425));
#983 = ( GEOMETRIC_REPRESENTATION_CONTEXT(2) 
PARAMETRIC_REPRESENTATION_CONTEXT() REPRESENTATION_CONTEXT('2D SPACE',''
  ) );
#984 = ORIENTED_EDGE('',*,*,#224,.T.);
#985 = ORIENTED_EDGE('',*,*,#920,.F.);
#986 = ADVANCED_FACE('',(#987),#268,.T.);
#987 = FACE_BOUND('',#988,.T.);
#988 = EDGE_LOOP('',(#989,#990,#1011,#1032));
#989 = ORIENTED_EDGE('',*,*,#966,.F.);
#990 = ORIENTED_EDGE('',*,*,#991,.T.);
#991 = EDGE_CURVE('',#946,#992,#994,.T.);
#992 = VERTEX_POINT('',#993);
#993 = CARTESIAN_POINT('',(1.8,-7.075,3.2));
#994 = SURFACE_CURVE('',#995,(#999,#1005),.PCURVE_S1.);
#995 = LINE('',#996,#997);
#996 = CARTESIAN_POINT('',(1.8,-3.9625,3.2));
#997 = VECTOR('',#998,1.);
#998 = DIRECTION('',(0.,1.,0.));
#999 = PCURVE('',#268,#1000);
#1000 = DEFINITIONAL_REPRESENTATION('',(#1001),#1004);
#1001 = B_SPLINE_CURVE_WITH_KNOTS('',1,(#1002,#1003),.UNSPECIFIED.,.F.,
  .F.,(2,2),(-3.9625,-3.1125),.PIECEWISE_BEZIER_KNOTS.);
#1002 = CARTESIAN_POINT('',(0.15,0.));
#1003 = CARTESIAN_POINT('',(0.15,-0.85));
#1004 = ( GEOMETRIC_REPRESENTATION_CONTEXT(2) 
PARAMETRIC_REPRESENTATION_CONTEXT() REPRESENTATION_CONTEXT('2D SPACE',''
  ) );
#1005 = PCURVE('',#631,#1006);
#1006 = DEFINITIONAL_REPRESENTATION('',(#1007),#1010);
#1007 = B_SPLINE_CURVE_WITH_KNOTS('',1,(#1008,#1009),.UNSPECIFIED.,.F.,
  .F.,(2,2),(-3.9625,-3.1125),.PIECEWISE_BEZIER_KNOTS.);
#1008 = CARTESIAN_POINT('',(1.8,-7.925));
#1009 = CARTESIAN_POINT('',(1.8,-7.075));
#1010 = ( GEOMETRIC_REPRESENTATION_CONTEXT(2) 
PARAMETRIC_REPRESENTATION_CONTEXT() REPRESENTATION_CONTEXT('2D SPACE',''
  ) );
#1011 = ORIENTED_EDGE('',*,*,#1012,.T.);
#1012 = EDGE_CURVE('',#992,#253,#1013,.T.);
#1013 = SURFACE_CURVE('',#1014,(#1018,#1025),.PCURVE_S1.);
#1014 = LINE('',#1015,#1016);
#1015 = CARTESIAN_POINT('',(1.8,-7.075,3.05));
#1016 = VECTOR('',#1017,1.);
#1017 = DIRECTION('',(0.,0.,1.));
#1018 = PCURVE('',#268,#1019);
#1019 = DEFINITIONAL_REPRESENTATION('',(#1020),#1024);
#1020 = LINE('',#1021,#1022);
#1021 = CARTESIAN_POINT('',(0.,-0.85));
#1022 = VECTOR('',#1023,1.);
#1023 = DIRECTION('',(1.,0.));
#1024 = ( GEOMETRIC_REPRESENTATION_CONTEXT(2) 
PARAMETRIC_REPRESENTATION_CONTEXT() REPRESENTATION_CONTEXT('2D SPACE',''
  ) );
#1025 = PCURVE('',#296,#1026);
#1026 = DEFINITIONAL_REPRESENTATION('',(#1027),#1031);
#1027 = LINE('',#1028,#1029);
#1028 = CARTESIAN_POINT('',(0.,3.6));
#1029 = VECTOR('',#1030,1.);
#1030 = DIRECTION('',(1.,0.));
#1031 = ( GEOMETRIC_REPRESENTATION_CONTEXT(2) 
PARAMETRIC_REPRESENTATION_CONTEXT() REPRESENTATION_CONTEXT('2D SPACE',''
  ) );
#1032 = ORIENTED_EDGE('',*,*,#252,.F.);
#1033 = ADVANCED_FACE('',(#1034),#296,.T.);
#1034 = FACE_BOUND('',#1035,.T.);
#1035 = EDGE_LOOP('',(#1036,#1057,#1076,#1077));
#1036 = ORIENTED_EDGE('',*,*,#1037,.T.);
#1037 = EDGE_CURVE('',#992,#1038,#1040,.T.);
#1038 = VERTEX_POINT('',#1039);
#1039 = CARTESIAN_POINT('',(-1.375,-7.075,3.2));
#1040 = SURFACE_CURVE('',#1041,(#1045,#1051),.PCURVE_S1.);
#1041 = LINE('',#1042,#1043);
#1042 = CARTESIAN_POINT('',(-0.9,-7.075,3.2));
#1043 = VECTOR('',#1044,1.);
#1044 = DIRECTION('',(-1.,0.,0.));
#1045 = PCURVE('',#296,#1046);
#1046 = DEFINITIONAL_REPRESENTATION('',(#1047),#1050);
#1047 = B_SPLINE_CURVE_WITH_KNOTS('',1,(#1048,#1049),.UNSPECIFIED.,.F.,
  .F.,(2,2),(-2.7,0.9),.PIECEWISE_BEZIER_KNOTS.);
#1048 = CARTESIAN_POINT('',(0.15,3.6));
#1049 = CARTESIAN_POINT('',(0.15,0.));
#1050 = ( GEOMETRIC_REPRESENTATION_CONTEXT(2) 
PARAMETRIC_REPRESENTATION_CONTEXT() REPRESENTATION_CONTEXT('2D SPACE',''
  ) );
#1051 = PCURVE('',#631,#1052);
#1052 = DEFINITIONAL_REPRESENTATION('',(#1053),#1056);
#1053 = B_SPLINE_CURVE_WITH_KNOTS('',1,(#1054,#1055),.UNSPECIFIED.,.F.,
  .F.,(2,2),(-2.7,0.9),.PIECEWISE_BEZIER_KNOTS.);
#1054 = CARTESIAN_POINT('',(1.8,-7.075));
#1055 = CARTESIAN_POINT('',(-1.8,-7.075));
#1056 = ( GEOMETRIC_REPRESENTATION_CONTEXT(2) 
PARAMETRIC_REPRESENTATION_CONTEXT() REPRESENTATION_CONTEXT('2D SPACE',''
  ) );
#1057 = ORIENTED_EDGE('',*,*,#1058,.T.);
#1058 = EDGE_CURVE('',#1038,#281,#1059,.T.);
#1059 = SURFACE_CURVE('',#1060,(#1064,#1070),.PCURVE_S1.);
#1060 = LINE('',#1061,#1062);
#1061 = CARTESIAN_POINT('',(-1.375,-7.075,3.05));
#1062 = VECTOR('',#1063,1.);
#1063 = DIRECTION('',(0.,0.,1.));
#1064 = PCURVE('',#296,#1065);
#1065 = DEFINITIONAL_REPRESENTATION('',(#1066),#1069);
#1066 = B_SPLINE_CURVE_WITH_KNOTS('',1,(#1067,#1068),.UNSPECIFIED.,.F.,
  .F.,(2,2),(0.,0.65),.PIECEWISE_BEZIER_KNOTS.);
#1067 = CARTESIAN_POINT('',(0.,0.425));
#1068 = CARTESIAN_POINT('',(0.65,0.425));
#1069 = ( GEOMETRIC_REPRESENTATION_CONTEXT(2) 
PARAMETRIC_REPRESENTATION_CONTEXT() REPRESENTATION_CONTEXT('2D SPACE',''
  ) );
#1070 = PCURVE('',#324,#1071);
#1071 = DEFINITIONAL_REPRESENTATION('',(#1072),#1075);
#1072 = B_SPLINE_CURVE_WITH_KNOTS('',1,(#1073,#1074),.UNSPECIFIED.,.F.,
  .F.,(2,2),(0.,0.65),.PIECEWISE_BEZIER_KNOTS.);
#1073 = CARTESIAN_POINT('',(0.,-0.425));
#1074 = CARTESIAN_POINT('',(0.65,-0.425));
#1075 = ( GEOMETRIC_REPRESENTATION_CONTEXT(2) 
PARAMETRIC_REPRESENTATION_CONTEXT() REPRESENTATION_CONTEXT('2D SPACE',''
  ) );
#1076 = ORIENTED_EDGE('',*,*,#280,.T.);
#1077 = ORIENTED_EDGE('',*,*,#1012,.F.);
#1078 = ADVANCED_FACE('',(#1079),#324,.T.);
#1079 = FACE_BOUND('',#1080,.T.);
#1080 = EDGE_LOOP('',(#1081,#1082,#1103,#1122));
#1081 = ORIENTED_EDGE('',*,*,#1058,.F.);
#1082 = ORIENTED_EDGE('',*,*,#1083,.T.);
#1083 = EDGE_CURVE('',#1038,#1084,#1086,.T.);
#1084 = VERTEX_POINT('',#1085);
#1085 = CARTESIAN_POINT('',(-1.375,-5.425,3.2));
#1086 = SURFACE_CURVE('',#1087,(#1091,#1097),.PCURVE_S1.);
#1087 = LINE('',#1088,#1089);
#1088 = CARTESIAN_POINT('',(-1.375,-3.75,3.2));
#1089 = VECTOR('',#1090,1.);
#1090 = DIRECTION('',(0.,1.,0.));
#1091 = PCURVE('',#324,#1092);
#1092 = DEFINITIONAL_REPRESENTATION('',(#1093),#1096);
#1093 = B_SPLINE_CURVE_WITH_KNOTS('',1,(#1094,#1095),.UNSPECIFIED.,.F.,
  .F.,(2,2),(-3.75,-1.25),.PIECEWISE_BEZIER_KNOTS.);
#1094 = CARTESIAN_POINT('',(0.15,0.));
#1095 = CARTESIAN_POINT('',(0.15,-2.5));
#1096 = ( GEOMETRIC_REPRESENTATION_CONTEXT(2) 
PARAMETRIC_REPRESENTATION_CONTEXT() REPRESENTATION_CONTEXT('2D SPACE',''
  ) );
#1097 = PCURVE('',#631,#1098);
#1098 = DEFINITIONAL_REPRESENTATION('',(#1099),#1102);
#1099 = B_SPLINE_CURVE_WITH_KNOTS('',1,(#1100,#1101),.UNSPECIFIED.,.F.,
  .F.,(2,2),(-3.75,-1.25),.PIECEWISE_BEZIER_KNOTS.);
#1100 = CARTESIAN_POINT('',(-1.375,-7.5));
#1101 = CARTESIAN_POINT('',(-1.375,-5.));
#1102 = ( GEOMETRIC_REPRESENTATION_CONTEXT(2) 
PARAMETRIC_REPRESENTATION_CONTEXT() REPRESENTATION_CONTEXT('2D SPACE',''
  ) );
#1103 = ORIENTED_EDGE('',*,*,#1104,.F.);
#1104 = EDGE_CURVE('',#309,#1084,#1105,.T.);
#1105 = SURFACE_CURVE('',#1106,(#1110,#1116),.PCURVE_S1.);
#1106 = LINE('',#1107,#1108);
#1107 = CARTESIAN_POINT('',(-1.375,-5.425,3.05));
#1108 = VECTOR('',#1109,1.);
#1109 = DIRECTION('',(0.,0.,-1.));
#1110 = PCURVE('',#324,#1111);
#1111 = DEFINITIONAL_REPRESENTATION('',(#1112),#1115);
#1112 = B_SPLINE_CURVE_WITH_KNOTS('',1,(#1113,#1114),.UNSPECIFIED.,.F.,
  .F.,(2,2),(-0.65,0.),.PIECEWISE_BEZIER_KNOTS.);
#1113 = CARTESIAN_POINT('',(0.65,-2.075));
#1114 = CARTESIAN_POINT('',(0.,-2.075));
#1115 = ( GEOMETRIC_REPRESENTATION_CONTEXT(2) 
PARAMETRIC_REPRESENTATION_CONTEXT() REPRESENTATION_CONTEXT('2D SPACE',''
  ) );
#1116 = PCURVE('',#352,#1117);
#1117 = DEFINITIONAL_REPRESENTATION('',(#1118),#1121);
#1118 = B_SPLINE_CURVE_WITH_KNOTS('',1,(#1119,#1120),.UNSPECIFIED.,.F.,
  .F.,(2,2),(-0.65,0.),.PIECEWISE_BEZIER_KNOTS.);
#1119 = CARTESIAN_POINT('',(0.65,0.425));
#1120 = CARTESIAN_POINT('',(0.,0.425));
#1121 = ( GEOMETRIC_REPRESENTATION_CONTEXT(2) 
PARAMETRIC_REPRESENTATION_CONTEXT() REPRESENTATION_CONTEXT('2D SPACE',''
  ) );
#1122 = ORIENTED_EDGE('',*,*,#308,.F.);
#1123 = ADVANCED_FACE('',(#1124),#352,.F.);
#1124 = FACE_BOUND('',#1125,.F.);
#1125 = EDGE_LOOP('',(#1126,#1147,#1148,#1149));
#1126 = ORIENTED_EDGE('',*,*,#1127,.T.);
#1127 = EDGE_CURVE('',#1128,#1084,#1130,.T.);
#1128 = VERTEX_POINT('',#1129);
#1129 = CARTESIAN_POINT('',(1.8,-5.425,3.2));
#1130 = SURFACE_CURVE('',#1131,(#1135,#1141),.PCURVE_S1.);
#1131 = LINE('',#1132,#1133);
#1132 = CARTESIAN_POINT('',(-0.9,-5.425,3.2));
#1133 = VECTOR('',#1134,1.);
#1134 = DIRECTION('',(-1.,0.,0.));
#1135 = PCURVE('',#352,#1136);
#1136 = DEFINITIONAL_REPRESENTATION('',(#1137),#1140);
#1137 = B_SPLINE_CURVE_WITH_KNOTS('',1,(#1138,#1139),.UNSPECIFIED.,.F.,
  .F.,(2,2),(-2.7,0.9),.PIECEWISE_BEZIER_KNOTS.);
#1138 = CARTESIAN_POINT('',(0.15,3.6));
#1139 = CARTESIAN_POINT('',(0.15,0.));
#1140 = ( GEOMETRIC_REPRESENTATION_CONTEXT(2) 
PARAMETRIC_REPRESENTATION_CONTEXT() REPRESENTATION_CONTEXT('2D SPACE',''
  ) );
#1141 = PCURVE('',#631,#1142);
#1142 = DEFINITIONAL_REPRESENTATION('',(#1143),#1146);
#1143 = B_SPLINE_CURVE_WITH_KNOTS('',1,(#1144,#1145),.UNSPECIFIED.,.F.,
  .F.,(2,2),(-2.7,0.9),.PIECEWISE_BEZIER_KNOTS.);
#1144 = CARTESIAN_POINT('',(1.8,-5.425));
#1145 = CARTESIAN_POINT('',(-1.8,-5.425));
#1146 = ( GEOMETRIC_REPRESENTATION_CONTEXT(2) 
PARAMETRIC_REPRESENTATION_CONTEXT() REPRESENTATION_CONTEXT('2D SPACE',''
  ) );
#1147 = ORIENTED_EDGE('',*,*,#1104,.F.);
#1148 = ORIENTED_EDGE('',*,*,#336,.T.);
#1149 = ORIENTED_EDGE('',*,*,#1150,.F.);
#1150 = EDGE_CURVE('',#1128,#337,#1151,.T.);
#1151 = SURFACE_CURVE('',#1152,(#1156,#1163),.PCURVE_S1.);
#1152 = LINE('',#1153,#1154);
#1153 = CARTESIAN_POINT('',(1.8,-5.425,3.05));
#1154 = VECTOR('',#1155,1.);
#1155 = DIRECTION('',(0.,0.,1.));
#1156 = PCURVE('',#352,#1157);
#1157 = DEFINITIONAL_REPRESENTATION('',(#1158),#1162);
#1158 = LINE('',#1159,#1160);
#1159 = CARTESIAN_POINT('',(0.,3.6));
#1160 = VECTOR('',#1161,1.);
#1161 = DIRECTION('',(1.,0.));
#1162 = ( GEOMETRIC_REPRESENTATION_CONTEXT(2) 
PARAMETRIC_REPRESENTATION_CONTEXT() REPRESENTATION_CONTEXT('2D SPACE',''
  ) );
#1163 = PCURVE('',#380,#1164);
#1164 = DEFINITIONAL_REPRESENTATION('',(#1165),#1169);
#1165 = LINE('',#1166,#1167);
#1166 = CARTESIAN_POINT('',(0.,0.));
#1167 = VECTOR('',#1168,1.);
#1168 = DIRECTION('',(1.,0.));
#1169 = ( GEOMETRIC_REPRESENTATION_CONTEXT(2) 
PARAMETRIC_REPRESENTATION_CONTEXT() REPRESENTATION_CONTEXT('2D SPACE',''
  ) );
#1170 = ADVANCED_FACE('',(#1171),#380,.T.);
#1171 = FACE_BOUND('',#1172,.T.);
#1172 = EDGE_LOOP('',(#1173,#1174,#1195,#1216));
#1173 = ORIENTED_EDGE('',*,*,#1150,.F.);
#1174 = ORIENTED_EDGE('',*,*,#1175,.T.);
#1175 = EDGE_CURVE('',#1128,#1176,#1178,.T.);
#1176 = VERTEX_POINT('',#1177);
#1177 = CARTESIAN_POINT('',(1.8,-4.575,3.2));
#1178 = SURFACE_CURVE('',#1179,(#1183,#1189),.PCURVE_S1.);
#1179 = LINE('',#1180,#1181);
#1180 = CARTESIAN_POINT('',(1.8,-2.7125,3.2));
#1181 = VECTOR('',#1182,1.);
#1182 = DIRECTION('',(0.,1.,0.));
#1183 = PCURVE('',#380,#1184);
#1184 = DEFINITIONAL_REPRESENTATION('',(#1185),#1188);
#1185 = B_SPLINE_CURVE_WITH_KNOTS('',1,(#1186,#1187),.UNSPECIFIED.,.F.,
  .F.,(2,2),(-2.7125,-1.8625),.PIECEWISE_BEZIER_KNOTS.);
#1186 = CARTESIAN_POINT('',(0.15,0.));
#1187 = CARTESIAN_POINT('',(0.15,-0.85));
#1188 = ( GEOMETRIC_REPRESENTATION_CONTEXT(2) 
PARAMETRIC_REPRESENTATION_CONTEXT() REPRESENTATION_CONTEXT('2D SPACE',''
  ) );
#1189 = PCURVE('',#631,#1190);
#1190 = DEFINITIONAL_REPRESENTATION('',(#1191),#1194);
#1191 = B_SPLINE_CURVE_WITH_KNOTS('',1,(#1192,#1193),.UNSPECIFIED.,.F.,
  .F.,(2,2),(-2.7125,-1.8625),.PIECEWISE_BEZIER_KNOTS.);
#1192 = CARTESIAN_POINT('',(1.8,-5.425));
#1193 = CARTESIAN_POINT('',(1.8,-4.575));
#1194 = ( GEOMETRIC_REPRESENTATION_CONTEXT(2) 
PARAMETRIC_REPRESENTATION_CONTEXT() REPRESENTATION_CONTEXT('2D SPACE',''
  ) );
#1195 = ORIENTED_EDGE('',*,*,#1196,.T.);
#1196 = EDGE_CURVE('',#1176,#365,#1197,.T.);
#1197 = SURFACE_CURVE('',#1198,(#1202,#1209),.PCURVE_S1.);
#1198 = LINE('',#1199,#1200);
#1199 = CARTESIAN_POINT('',(1.8,-4.575,3.05));
#1200 = VECTOR('',#1201,1.);
#1201 = DIRECTION('',(0.,0.,1.));
#1202 = PCURVE('',#380,#1203);
#1203 = DEFINITIONAL_REPRESENTATION('',(#1204),#1208);
#1204 = LINE('',#1205,#1206);
#1205 = CARTESIAN_POINT('',(0.,-0.85));
#1206 = VECTOR('',#1207,1.);
#1207 = DIRECTION('',(1.,0.));
#1208 = ( GEOMETRIC_REPRESENTATION_CONTEXT(2) 
PARAMETRIC_REPRESENTATION_CONTEXT() REPRESENTATION_CONTEXT('2D SPACE',''
  ) );
#1209 = PCURVE('',#408,#1210);
#1210 = DEFINITIONAL_REPRESENTATION('',(#1211),#1215);
#1211 = LINE('',#1212,#1213);
#1212 = CARTESIAN_POINT('',(0.,3.6));
#1213 = VECTOR('',#1214,1.);
#1214 = DIRECTION('',(1.,0.));
#1215 = ( GEOMETRIC_REPRESENTATION_CONTEXT(2) 
PARAMETRIC_REPRESENTATION_CONTEXT() REPRESENTATION_CONTEXT('2D SPACE',''
  ) );
#1216 = ORIENTED_EDGE('',*,*,#364,.F.);
#1217 = ADVANCED_FACE('',(#1218),#408,.T.);
#1218 = FACE_BOUND('',#1219,.T.);
#1219 = EDGE_LOOP('',(#1220,#1221,#1242,#1263));
#1220 = ORIENTED_EDGE('',*,*,#1196,.F.);
#1221 = ORIENTED_EDGE('',*,*,#1222,.T.);
#1222 = EDGE_CURVE('',#1176,#1223,#1225,.T.);
#1223 = VERTEX_POINT('',#1224);
#1224 = CARTESIAN_POINT('',(-1.8,-4.575,3.2));
#1225 = SURFACE_CURVE('',#1226,(#1230,#1236),.PCURVE_S1.);
#1226 = LINE('',#1227,#1228);
#1227 = CARTESIAN_POINT('',(-0.9,-4.575,3.2));
#1228 = VECTOR('',#1229,1.);
#1229 = DIRECTION('',(-1.,0.,0.));
#1230 = PCURVE('',#408,#1231);
#1231 = DEFINITIONAL_REPRESENTATION('',(#1232),#1235);
#1232 = B_SPLINE_CURVE_WITH_KNOTS('',1,(#1233,#1234),.UNSPECIFIED.,.F.,
  .F.,(2,2),(-2.7,0.9),.PIECEWISE_BEZIER_KNOTS.);
#1233 = CARTESIAN_POINT('',(0.15,3.6));
#1234 = CARTESIAN_POINT('',(0.15,0.));
#1235 = ( GEOMETRIC_REPRESENTATION_CONTEXT(2) 
PARAMETRIC_REPRESENTATION_CONTEXT() REPRESENTATION_CONTEXT('2D SPACE',''
  ) );
#1236 = PCURVE('',#631,#1237);
#1237 = DEFINITIONAL_REPRESENTATION('',(#1238),#1241);
#1238 = B_SPLINE_CURVE_WITH_KNOTS('',1,(#1239,#1240),.UNSPECIFIED.,.F.,
  .F.,(2,2),(-2.7,0.9),.PIECEWISE_BEZIER_KNOTS.);
#1239 = CARTESIAN_POINT('',(1.8,-4.575));
#1240 = CARTESIAN_POINT('',(-1.8,-4.575));
#1241 = ( GEOMETRIC_REPRESENTATION_CONTEXT(2) 
PARAMETRIC_REPRESENTATION_CONTEXT() REPRESENTATION_CONTEXT('2D SPACE',''
  ) );
#1242 = ORIENTED_EDGE('',*,*,#1243,.T.);
#1243 = EDGE_CURVE('',#1223,#393,#1244,.T.);
#1244 = SURFACE_CURVE('',#1245,(#1249,#1256),.PCURVE_S1.);
#1245 = LINE('',#1246,#1247);
#1246 = CARTESIAN_POINT('',(-1.8,-4.575,3.05));
#1247 = VECTOR('',#1248,1.);
#1248 = DIRECTION('',(0.,0.,1.));
#1249 = PCURVE('',#408,#1250);
#1250 = DEFINITIONAL_REPRESENTATION('',(#1251),#1255);
#1251 = LINE('',#1252,#1253);
#1252 = CARTESIAN_POINT('',(0.,0.));
#1253 = VECTOR('',#1254,1.);
#1254 = DIRECTION('',(1.,0.));
#1255 = ( GEOMETRIC_REPRESENTATION_CONTEXT(2) 
PARAMETRIC_REPRESENTATION_CONTEXT() REPRESENTATION_CONTEXT('2D SPACE',''
  ) );
#1256 = PCURVE('',#436,#1257);
#1257 = DEFINITIONAL_REPRESENTATION('',(#1258),#1262);
#1258 = LINE('',#1259,#1260);
#1259 = CARTESIAN_POINT('',(0.,-0.85));
#1260 = VECTOR('',#1261,1.);
#1261 = DIRECTION('',(1.,0.));
#1262 = ( GEOMETRIC_REPRESENTATION_CONTEXT(2) 
PARAMETRIC_REPRESENTATION_CONTEXT() REPRESENTATION_CONTEXT('2D SPACE',''
  ) );
#1263 = ORIENTED_EDGE('',*,*,#392,.T.);
#1264 = ADVANCED_FACE('',(#1265),#436,.F.);
#1265 = FACE_BOUND('',#1266,.F.);
#1266 = EDGE_LOOP('',(#1267,#1288,#1307,#1308));
#1267 = ORIENTED_EDGE('',*,*,#1268,.F.);
#1268 = EDGE_CURVE('',#1269,#421,#1271,.T.);
#1269 = VERTEX_POINT('',#1270);
#1270 = CARTESIAN_POINT('',(-1.8,-5.,3.2));
#1271 = SURFACE_CURVE('',#1272,(#1276,#1282),.PCURVE_S1.);
#1272 = LINE('',#1273,#1274);
#1273 = CARTESIAN_POINT('',(-1.8,-5.,3.05));
#1274 = VECTOR('',#1275,1.);
#1275 = DIRECTION('',(0.,0.,1.));
#1276 = PCURVE('',#436,#1277);
#1277 = DEFINITIONAL_REPRESENTATION('',(#1278),#1281);
#1278 = B_SPLINE_CURVE_WITH_KNOTS('',1,(#1279,#1280),.UNSPECIFIED.,.F.,
  .F.,(2,2),(0.,0.65),.PIECEWISE_BEZIER_KNOTS.);
#1279 = CARTESIAN_POINT('',(0.,-0.425));
#1280 = CARTESIAN_POINT('',(0.65,-0.425));
#1281 = ( GEOMETRIC_REPRESENTATION_CONTEXT(2) 
PARAMETRIC_REPRESENTATION_CONTEXT() REPRESENTATION_CONTEXT('2D SPACE',''
  ) );
#1282 = PCURVE('',#462,#1283);
#1283 = DEFINITIONAL_REPRESENTATION('',(#1284),#1287);
#1284 = B_SPLINE_CURVE_WITH_KNOTS('',1,(#1285,#1286),.UNSPECIFIED.,.F.,
  .F.,(2,2),(0.,0.65),.PIECEWISE_BEZIER_KNOTS.);
#1285 = CARTESIAN_POINT('',(0.,0.425));
#1286 = CARTESIAN_POINT('',(0.65,0.425));
#1287 = ( GEOMETRIC_REPRESENTATION_CONTEXT(2) 
PARAMETRIC_REPRESENTATION_CONTEXT() REPRESENTATION_CONTEXT('2D SPACE',''
  ) );
#1288 = ORIENTED_EDGE('',*,*,#1289,.T.);
#1289 = EDGE_CURVE('',#1269,#1223,#1290,.T.);
#1290 = SURFACE_CURVE('',#1291,(#1295,#1301),.PCURVE_S1.);
#1291 = LINE('',#1292,#1293);
#1292 = CARTESIAN_POINT('',(-1.8,-2.7125,3.2));
#1293 = VECTOR('',#1294,1.);
#1294 = DIRECTION('',(0.,1.,0.));
#1295 = PCURVE('',#436,#1296);
#1296 = DEFINITIONAL_REPRESENTATION('',(#1297),#1300);
#1297 = B_SPLINE_CURVE_WITH_KNOTS('',1,(#1298,#1299),.UNSPECIFIED.,.F.,
  .F.,(2,2),(-2.7125,-1.8625),.PIECEWISE_BEZIER_KNOTS.);
#1298 = CARTESIAN_POINT('',(0.15,0.));
#1299 = CARTESIAN_POINT('',(0.15,-0.85));
#1300 = ( GEOMETRIC_REPRESENTATION_CONTEXT(2) 
PARAMETRIC_REPRESENTATION_CONTEXT() REPRESENTATION_CONTEXT('2D SPACE',''
  ) );
#1301 = PCURVE('',#631,#1302);
#1302 = DEFINITIONAL_REPRESENTATION('',(#1303),#1306);
#1303 = B_SPLINE_CURVE_WITH_KNOTS('',1,(#1304,#1305),.UNSPECIFIED.,.F.,
  .F.,(2,2),(-2.7125,-1.8625),.PIECEWISE_BEZIER_KNOTS.);
#1304 = CARTESIAN_POINT('',(-1.8,-5.425));
#1305 = CARTESIAN_POINT('',(-1.8,-4.575));
#1306 = ( GEOMETRIC_REPRESENTATION_CONTEXT(2) 
PARAMETRIC_REPRESENTATION_CONTEXT() REPRESENTATION_CONTEXT('2D SPACE',''
  ) );
#1307 = ORIENTED_EDGE('',*,*,#1243,.T.);
#1308 = ORIENTED_EDGE('',*,*,#420,.F.);
#1309 = ADVANCED_FACE('',(#1310),#462,.T.);
#1310 = FACE_BOUND('',#1311,.T.);
#1311 = EDGE_LOOP('',(#1312,#1331,#1332,#1333));
#1312 = ORIENTED_EDGE('',*,*,#1313,.T.);
#1313 = EDGE_CURVE('',#1269,#616,#1314,.T.);
#1314 = SURFACE_CURVE('',#1315,(#1319,#1325),.PCURVE_S1.);
#1315 = LINE('',#1316,#1317);
#1316 = CARTESIAN_POINT('',(-1.1125,-5.,3.2));
#1317 = VECTOR('',#1318,1.);
#1318 = DIRECTION('',(-1.,0.,0.));
#1319 = PCURVE('',#462,#1320);
#1320 = DEFINITIONAL_REPRESENTATION('',(#1321),#1324);
#1321 = B_SPLINE_CURVE_WITH_KNOTS('',1,(#1322,#1323),.UNSPECIFIED.,.F.,
  .F.,(2,2),(0.2625,1.1125),.PIECEWISE_BEZIER_KNOTS.);
#1322 = CARTESIAN_POINT('',(0.15,0.85));
#1323 = CARTESIAN_POINT('',(0.15,0.));
#1324 = ( GEOMETRIC_REPRESENTATION_CONTEXT(2) 
PARAMETRIC_REPRESENTATION_CONTEXT() REPRESENTATION_CONTEXT('2D SPACE',''
  ) );
#1325 = PCURVE('',#631,#1326);
#1326 = DEFINITIONAL_REPRESENTATION('',(#1327),#1330);
#1327 = B_SPLINE_CURVE_WITH_KNOTS('',1,(#1328,#1329),.UNSPECIFIED.,.F.,
  .F.,(2,2),(0.2625,1.1125),.PIECEWISE_BEZIER_KNOTS.);
#1328 = CARTESIAN_POINT('',(-1.375,-5.));
#1329 = CARTESIAN_POINT('',(-2.225,-5.));
#1330 = ( GEOMETRIC_REPRESENTATION_CONTEXT(2) 
PARAMETRIC_REPRESENTATION_CONTEXT() REPRESENTATION_CONTEXT('2D SPACE',''
  ) );
#1331 = ORIENTED_EDGE('',*,*,#643,.T.);
#1332 = ORIENTED_EDGE('',*,*,#448,.T.);
#1333 = ORIENTED_EDGE('',*,*,#1268,.F.);
#1334 = ADVANCED_FACE('',(#1335),#494,.T.);
#1335 = FACE_BOUND('',#1336,.T.);
#1336 = EDGE_LOOP('',(#1337,#1358,#1384,#1403));
#1337 = ORIENTED_EDGE('',*,*,#1338,.F.);
#1338 = EDGE_CURVE('',#1339,#477,#1341,.T.);
#1339 = VERTEX_POINT('',#1340);
#1340 = CARTESIAN_POINT('',(-1.375,-9.575,3.2));
#1341 = SURFACE_CURVE('',#1342,(#1346,#1352),.PCURVE_S1.);
#1342 = LINE('',#1343,#1344);
#1343 = CARTESIAN_POINT('',(-1.375,-9.575,3.05));
#1344 = VECTOR('',#1345,1.);
#1345 = DIRECTION('',(0.,0.,1.));
#1346 = PCURVE('',#494,#1347);
#1347 = DEFINITIONAL_REPRESENTATION('',(#1348),#1351);
#1348 = B_SPLINE_CURVE_WITH_KNOTS('',1,(#1349,#1350),.UNSPECIFIED.,.F.,
  .F.,(2,2),(0.,0.65),.PIECEWISE_BEZIER_KNOTS.);
#1349 = CARTESIAN_POINT('',(0.,-0.425));
#1350 = CARTESIAN_POINT('',(0.65,-0.425));
#1351 = ( GEOMETRIC_REPRESENTATION_CONTEXT(2) 
PARAMETRIC_REPRESENTATION_CONTEXT() REPRESENTATION_CONTEXT('2D SPACE',''
  ) );
#1352 = PCURVE('',#576,#1353);
#1353 = DEFINITIONAL_REPRESENTATION('',(#1354),#1357);
#1354 = B_SPLINE_CURVE_WITH_KNOTS('',1,(#1355,#1356),.UNSPECIFIED.,.F.,
  .F.,(2,2),(0.,0.65),.PIECEWISE_BEZIER_KNOTS.);
#1355 = CARTESIAN_POINT('',(0.,0.425));
#1356 = CARTESIAN_POINT('',(0.65,0.425));
#1357 = ( GEOMETRIC_REPRESENTATION_CONTEXT(2) 
PARAMETRIC_REPRESENTATION_CONTEXT() REPRESENTATION_CONTEXT('2D SPACE',''
  ) );
#1358 = ORIENTED_EDGE('',*,*,#1359,.T.);
#1359 = EDGE_CURVE('',#1339,#1360,#1362,.T.);
#1360 = VERTEX_POINT('',#1361);
#1361 = CARTESIAN_POINT('',(-1.375,-7.925,3.2));
#1362 = SURFACE_CURVE('',#1363,(#1367,#1373),.PCURVE_S1.);
#1363 = LINE('',#1364,#1365);
#1364 = CARTESIAN_POINT('',(-1.375,-5.,3.2));
#1365 = VECTOR('',#1366,1.);
#1366 = DIRECTION('',(0.,1.,0.));
#1367 = PCURVE('',#494,#1368);
#1368 = DEFINITIONAL_REPRESENTATION('',(#1369),#1372);
#1369 = B_SPLINE_CURVE_WITH_KNOTS('',1,(#1370,#1371),.UNSPECIFIED.,.F.,
  .F.,(2,2),(-5.,-2.5),.PIECEWISE_BEZIER_KNOTS.);
#1370 = CARTESIAN_POINT('',(0.15,0.));
#1371 = CARTESIAN_POINT('',(0.15,-2.5));
#1372 = ( GEOMETRIC_REPRESENTATION_CONTEXT(2) 
PARAMETRIC_REPRESENTATION_CONTEXT() REPRESENTATION_CONTEXT('2D SPACE',''
  ) );
#1373 = PCURVE('',#1374,#1379);
#1374 = PLANE('',#1375);
#1375 = AXIS2_PLACEMENT_3D('',#1376,#1377,#1378);
#1376 = CARTESIAN_POINT('',(-1.316298253911E-16,4.38766084637E-17,3.2));
#1377 = DIRECTION('',(0.,0.,1.));
#1378 = DIRECTION('',(1.,0.,-0.));
#1379 = DEFINITIONAL_REPRESENTATION('',(#1380),#1383);
#1380 = B_SPLINE_CURVE_WITH_KNOTS('',1,(#1381,#1382),.UNSPECIFIED.,.F.,
  .F.,(2,2),(-5.,-2.5),.PIECEWISE_BEZIER_KNOTS.);
#1381 = CARTESIAN_POINT('',(-1.375,-10.));
#1382 = CARTESIAN_POINT('',(-1.375,-7.5));
#1383 = ( GEOMETRIC_REPRESENTATION_CONTEXT(2) 
PARAMETRIC_REPRESENTATION_CONTEXT() REPRESENTATION_CONTEXT('2D SPACE',''
  ) );
#1384 = ORIENTED_EDGE('',*,*,#1385,.F.);
#1385 = EDGE_CURVE('',#479,#1360,#1386,.T.);
#1386 = SURFACE_CURVE('',#1387,(#1391,#1397),.PCURVE_S1.);
#1387 = LINE('',#1388,#1389);
#1388 = CARTESIAN_POINT('',(-1.375,-7.925,3.05));
#1389 = VECTOR('',#1390,1.);
#1390 = DIRECTION('',(0.,0.,-1.));
#1391 = PCURVE('',#494,#1392);
#1392 = DEFINITIONAL_REPRESENTATION('',(#1393),#1396);
#1393 = B_SPLINE_CURVE_WITH_KNOTS('',1,(#1394,#1395),.UNSPECIFIED.,.F.,
  .F.,(2,2),(-0.65,0.),.PIECEWISE_BEZIER_KNOTS.);
#1394 = CARTESIAN_POINT('',(0.65,-2.075));
#1395 = CARTESIAN_POINT('',(0.,-2.075));
#1396 = ( GEOMETRIC_REPRESENTATION_CONTEXT(2) 
PARAMETRIC_REPRESENTATION_CONTEXT() REPRESENTATION_CONTEXT('2D SPACE',''
  ) );
#1397 = PCURVE('',#522,#1398);
#1398 = DEFINITIONAL_REPRESENTATION('',(#1399),#1402);
#1399 = B_SPLINE_CURVE_WITH_KNOTS('',1,(#1400,#1401),.UNSPECIFIED.,.F.,
  .F.,(2,2),(-0.65,0.),.PIECEWISE_BEZIER_KNOTS.);
#1400 = CARTESIAN_POINT('',(0.65,0.425));
#1401 = CARTESIAN_POINT('',(0.,0.425));
#1402 = ( GEOMETRIC_REPRESENTATION_CONTEXT(2) 
PARAMETRIC_REPRESENTATION_CONTEXT() REPRESENTATION_CONTEXT('2D SPACE',''
  ) );
#1403 = ORIENTED_EDGE('',*,*,#476,.F.);
#1404 = ADVANCED_FACE('',(#1405),#522,.F.);
#1405 = FACE_BOUND('',#1406,.F.);
#1406 = EDGE_LOOP('',(#1407,#1428,#1429,#1430));
#1407 = ORIENTED_EDGE('',*,*,#1408,.T.);
#1408 = EDGE_CURVE('',#1409,#1360,#1411,.T.);
#1409 = VERTEX_POINT('',#1410);
#1410 = CARTESIAN_POINT('',(1.375,-7.925,3.2));
#1411 = SURFACE_CURVE('',#1412,(#1416,#1422),.PCURVE_S1.);
#1412 = LINE('',#1413,#1414);
#1413 = CARTESIAN_POINT('',(-0.9,-7.925,3.2));
#1414 = VECTOR('',#1415,1.);
#1415 = DIRECTION('',(-1.,0.,0.));
#1416 = PCURVE('',#522,#1417);
#1417 = DEFINITIONAL_REPRESENTATION('',(#1418),#1421);
#1418 = B_SPLINE_CURVE_WITH_KNOTS('',1,(#1419,#1420),.UNSPECIFIED.,.F.,
  .F.,(2,2),(-2.7,0.9),.PIECEWISE_BEZIER_KNOTS.);
#1419 = CARTESIAN_POINT('',(0.15,3.6));
#1420 = CARTESIAN_POINT('',(0.15,0.));
#1421 = ( GEOMETRIC_REPRESENTATION_CONTEXT(2) 
PARAMETRIC_REPRESENTATION_CONTEXT() REPRESENTATION_CONTEXT('2D SPACE',''
  ) );
#1422 = PCURVE('',#1374,#1423);
#1423 = DEFINITIONAL_REPRESENTATION('',(#1424),#1427);
#1424 = B_SPLINE_CURVE_WITH_KNOTS('',1,(#1425,#1426),.UNSPECIFIED.,.F.,
  .F.,(2,2),(-2.7,0.9),.PIECEWISE_BEZIER_KNOTS.);
#1425 = CARTESIAN_POINT('',(1.8,-7.925));
#1426 = CARTESIAN_POINT('',(-1.8,-7.925));
#1427 = ( GEOMETRIC_REPRESENTATION_CONTEXT(2) 
PARAMETRIC_REPRESENTATION_CONTEXT() REPRESENTATION_CONTEXT('2D SPACE',''
  ) );
#1428 = ORIENTED_EDGE('',*,*,#1385,.F.);
#1429 = ORIENTED_EDGE('',*,*,#506,.T.);
#1430 = ORIENTED_EDGE('',*,*,#1431,.T.);
#1431 = EDGE_CURVE('',#507,#1409,#1432,.T.);
#1432 = SURFACE_CURVE('',#1433,(#1437,#1443),.PCURVE_S1.);
#1433 = LINE('',#1434,#1435);
#1434 = CARTESIAN_POINT('',(1.375,-7.925,3.05));
#1435 = VECTOR('',#1436,1.);
#1436 = DIRECTION('',(0.,0.,-1.));
#1437 = PCURVE('',#522,#1438);
#1438 = DEFINITIONAL_REPRESENTATION('',(#1439),#1442);
#1439 = B_SPLINE_CURVE_WITH_KNOTS('',1,(#1440,#1441),.UNSPECIFIED.,.F.,
  .F.,(2,2),(-0.65,0.),.PIECEWISE_BEZIER_KNOTS.);
#1440 = CARTESIAN_POINT('',(0.65,3.175));
#1441 = CARTESIAN_POINT('',(0.,3.175));
#1442 = ( GEOMETRIC_REPRESENTATION_CONTEXT(2) 
PARAMETRIC_REPRESENTATION_CONTEXT() REPRESENTATION_CONTEXT('2D SPACE',''
  ) );
#1443 = PCURVE('',#550,#1444);
#1444 = DEFINITIONAL_REPRESENTATION('',(#1445),#1448);
#1445 = B_SPLINE_CURVE_WITH_KNOTS('',1,(#1446,#1447),.UNSPECIFIED.,.F.,
  .F.,(2,2),(-0.65,0.),.PIECEWISE_BEZIER_KNOTS.);
#1446 = CARTESIAN_POINT('',(0.65,-2.075));
#1447 = CARTESIAN_POINT('',(0.,-2.075));
#1448 = ( GEOMETRIC_REPRESENTATION_CONTEXT(2) 
PARAMETRIC_REPRESENTATION_CONTEXT() REPRESENTATION_CONTEXT('2D SPACE',''
  ) );
#1449 = ADVANCED_FACE('',(#1450),#550,.F.);
#1450 = FACE_BOUND('',#1451,.F.);
#1451 = EDGE_LOOP('',(#1452,#1473,#1492,#1493));
#1452 = ORIENTED_EDGE('',*,*,#1453,.F.);
#1453 = EDGE_CURVE('',#1454,#535,#1456,.T.);
#1454 = VERTEX_POINT('',#1455);
#1455 = CARTESIAN_POINT('',(1.375,-9.575,3.2));
#1456 = SURFACE_CURVE('',#1457,(#1461,#1467),.PCURVE_S1.);
#1457 = LINE('',#1458,#1459);
#1458 = CARTESIAN_POINT('',(1.375,-9.575,3.05));
#1459 = VECTOR('',#1460,1.);
#1460 = DIRECTION('',(0.,0.,1.));
#1461 = PCURVE('',#550,#1462);
#1462 = DEFINITIONAL_REPRESENTATION('',(#1463),#1466);
#1463 = B_SPLINE_CURVE_WITH_KNOTS('',1,(#1464,#1465),.UNSPECIFIED.,.F.,
  .F.,(2,2),(0.,0.65),.PIECEWISE_BEZIER_KNOTS.);
#1464 = CARTESIAN_POINT('',(0.,-0.425));
#1465 = CARTESIAN_POINT('',(0.65,-0.425));
#1466 = ( GEOMETRIC_REPRESENTATION_CONTEXT(2) 
PARAMETRIC_REPRESENTATION_CONTEXT() REPRESENTATION_CONTEXT('2D SPACE',''
  ) );
#1467 = PCURVE('',#576,#1468);
#1468 = DEFINITIONAL_REPRESENTATION('',(#1469),#1472);
#1469 = B_SPLINE_CURVE_WITH_KNOTS('',1,(#1470,#1471),.UNSPECIFIED.,.F.,
  .F.,(2,2),(0.,0.65),.PIECEWISE_BEZIER_KNOTS.);
#1470 = CARTESIAN_POINT('',(0.,3.175));
#1471 = CARTESIAN_POINT('',(0.65,3.175));
#1472 = ( GEOMETRIC_REPRESENTATION_CONTEXT(2) 
PARAMETRIC_REPRESENTATION_CONTEXT() REPRESENTATION_CONTEXT('2D SPACE',''
  ) );
#1473 = ORIENTED_EDGE('',*,*,#1474,.T.);
#1474 = EDGE_CURVE('',#1454,#1409,#1475,.T.);
#1475 = SURFACE_CURVE('',#1476,(#1480,#1486),.PCURVE_S1.);
#1476 = LINE('',#1477,#1478);
#1477 = CARTESIAN_POINT('',(1.375,-5.,3.2));
#1478 = VECTOR('',#1479,1.);
#1479 = DIRECTION('',(0.,1.,0.));
#1480 = PCURVE('',#550,#1481);
#1481 = DEFINITIONAL_REPRESENTATION('',(#1482),#1485);
#1482 = B_SPLINE_CURVE_WITH_KNOTS('',1,(#1483,#1484),.UNSPECIFIED.,.F.,
  .F.,(2,2),(-5.,-2.5),.PIECEWISE_BEZIER_KNOTS.);
#1483 = CARTESIAN_POINT('',(0.15,0.));
#1484 = CARTESIAN_POINT('',(0.15,-2.5));
#1485 = ( GEOMETRIC_REPRESENTATION_CONTEXT(2) 
PARAMETRIC_REPRESENTATION_CONTEXT() REPRESENTATION_CONTEXT('2D SPACE',''
  ) );
#1486 = PCURVE('',#1374,#1487);
#1487 = DEFINITIONAL_REPRESENTATION('',(#1488),#1491);
#1488 = B_SPLINE_CURVE_WITH_KNOTS('',1,(#1489,#1490),.UNSPECIFIED.,.F.,
  .F.,(2,2),(-5.,-2.5),.PIECEWISE_BEZIER_KNOTS.);
#1489 = CARTESIAN_POINT('',(1.375,-10.));
#1490 = CARTESIAN_POINT('',(1.375,-7.5));
#1491 = ( GEOMETRIC_REPRESENTATION_CONTEXT(2) 
PARAMETRIC_REPRESENTATION_CONTEXT() REPRESENTATION_CONTEXT('2D SPACE',''
  ) );
#1492 = ORIENTED_EDGE('',*,*,#1431,.F.);
#1493 = ORIENTED_EDGE('',*,*,#534,.F.);
#1494 = ADVANCED_FACE('',(#1495),#576,.T.);
#1495 = FACE_BOUND('',#1496,.T.);
#1496 = EDGE_LOOP('',(#1497,#1516,#1517,#1518));
#1497 = ORIENTED_EDGE('',*,*,#1498,.T.);
#1498 = EDGE_CURVE('',#1454,#1339,#1499,.T.);
#1499 = SURFACE_CURVE('',#1500,(#1504,#1510),.PCURVE_S1.);
#1500 = LINE('',#1501,#1502);
#1501 = CARTESIAN_POINT('',(-0.9,-9.575,3.2));
#1502 = VECTOR('',#1503,1.);
#1503 = DIRECTION('',(-1.,0.,0.));
#1504 = PCURVE('',#576,#1505);
#1505 = DEFINITIONAL_REPRESENTATION('',(#1506),#1509);
#1506 = B_SPLINE_CURVE_WITH_KNOTS('',1,(#1507,#1508),.UNSPECIFIED.,.F.,
  .F.,(2,2),(-2.7,0.9),.PIECEWISE_BEZIER_KNOTS.);
#1507 = CARTESIAN_POINT('',(0.15,3.6));
#1508 = CARTESIAN_POINT('',(0.15,0.));
#1509 = ( GEOMETRIC_REPRESENTATION_CONTEXT(2) 
PARAMETRIC_REPRESENTATION_CONTEXT() REPRESENTATION_CONTEXT('2D SPACE',''
  ) );
#1510 = PCURVE('',#1374,#1511);
#1511 = DEFINITIONAL_REPRESENTATION('',(#1512),#1515);
#1512 = B_SPLINE_CURVE_WITH_KNOTS('',1,(#1513,#1514),.UNSPECIFIED.,.F.,
  .F.,(2,2),(-2.7,0.9),.PIECEWISE_BEZIER_KNOTS.);
#1513 = CARTESIAN_POINT('',(1.8,-9.575));
#1514 = CARTESIAN_POINT('',(-1.8,-9.575));
#1515 = ( GEOMETRIC_REPRESENTATION_CONTEXT(2) 
PARAMETRIC_REPRESENTATION_CONTEXT() REPRESENTATION_CONTEXT('2D SPACE',''
  ) );
#1516 = ORIENTED_EDGE('',*,*,#1338,.T.);
#1517 = ORIENTED_EDGE('',*,*,#562,.T.);
#1518 = ORIENTED_EDGE('',*,*,#1453,.F.);
#1519 = ADVANCED_FACE('',(#1520,#1746,#1764,#2177),#631,.T.);
#1520 = FACE_BOUND('',#1521,.T.);
#1521 = EDGE_LOOP('',(#1522,#1552,#1580,#1608,#1636,#1664,#1692,#1720));
#1522 = ORIENTED_EDGE('',*,*,#1523,.T.);
#1523 = EDGE_CURVE('',#1524,#1526,#1528,.T.);
#1524 = VERTEX_POINT('',#1525);
#1525 = CARTESIAN_POINT('',(-8.,-11.,3.2));
#1526 = VERTEX_POINT('',#1527);
#1527 = CARTESIAN_POINT('',(8.,-11.,3.2));
#1528 = SURFACE_CURVE('',#1529,(#1533,#1540),.PCURVE_S1.);
#1529 = LINE('',#1530,#1531);
#1530 = CARTESIAN_POINT('',(-8.,-11.,3.2));
#1531 = VECTOR('',#1532,1.);
#1532 = DIRECTION('',(1.,0.,0.));
#1533 = PCURVE('',#631,#1534);
#1534 = DEFINITIONAL_REPRESENTATION('',(#1535),#1539);
#1535 = LINE('',#1536,#1537);
#1536 = CARTESIAN_POINT('',(-8.,-11.));
#1537 = VECTOR('',#1538,1.);
#1538 = DIRECTION('',(1.,0.));
#1539 = ( GEOMETRIC_REPRESENTATION_CONTEXT(2) 
PARAMETRIC_REPRESENTATION_CONTEXT() REPRESENTATION_CONTEXT('2D SPACE',''
  ) );
#1540 = PCURVE('',#1541,#1546);
#1541 = PLANE('',#1542);
#1542 = AXIS2_PLACEMENT_3D('',#1543,#1544,#1545);
#1543 = CARTESIAN_POINT('',(-8.,-11.,0.));
#1544 = DIRECTION('',(0.,1.,0.));
#1545 = DIRECTION('',(1.,0.,0.));
#1546 = DEFINITIONAL_REPRESENTATION('',(#1547),#1551);
#1547 = LINE('',#1548,#1549);
#1548 = CARTESIAN_POINT('',(0.,-3.2));
#1549 = VECTOR('',#1550,1.);
#1550 = DIRECTION('',(1.,0.));
#1551 = ( GEOMETRIC_REPRESENTATION_CONTEXT(2) 
PARAMETRIC_REPRESENTATION_CONTEXT() REPRESENTATION_CONTEXT('2D SPACE',''
  ) );
#1552 = ORIENTED_EDGE('',*,*,#1553,.T.);
#1553 = EDGE_CURVE('',#1526,#1554,#1556,.T.);
#1554 = VERTEX_POINT('',#1555);
#1555 = CARTESIAN_POINT('',(11.,-8.,3.2));
#1556 = SURFACE_CURVE('',#1557,(#1561,#1568),.PCURVE_S1.);
#1557 = LINE('',#1558,#1559);
#1558 = CARTESIAN_POINT('',(8.,-11.,3.2));
#1559 = VECTOR('',#1560,1.);
#1560 = DIRECTION('',(0.707106781187,0.707106781187,0.));
#1561 = PCURVE('',#631,#1562);
#1562 = DEFINITIONAL_REPRESENTATION('',(#1563),#1567);
#1563 = LINE('',#1564,#1565);
#1564 = CARTESIAN_POINT('',(8.,-11.));
#1565 = VECTOR('',#1566,1.);
#1566 = DIRECTION('',(0.707106781187,0.707106781187));
#1567 = ( GEOMETRIC_REPRESENTATION_CONTEXT(2) 
PARAMETRIC_REPRESENTATION_CONTEXT() REPRESENTATION_CONTEXT('2D SPACE',''
  ) );
#1568 = PCURVE('',#1569,#1574);
#1569 = PLANE('',#1570);
#1570 = AXIS2_PLACEMENT_3D('',#1571,#1572,#1573);
#1571 = CARTESIAN_POINT('',(8.,-11.,0.));
#1572 = DIRECTION('',(-0.707106781187,0.707106781187,0.));
#1573 = DIRECTION('',(0.707106781187,0.707106781187,0.));
#1574 = DEFINITIONAL_REPRESENTATION('',(#1575),#1579);
#1575 = LINE('',#1576,#1577);
#1576 = CARTESIAN_POINT('',(0.,-3.2));
#1577 = VECTOR('',#1578,1.);
#1578 = DIRECTION('',(1.,0.));
#1579 = ( GEOMETRIC_REPRESENTATION_CONTEXT(2) 
PARAMETRIC_REPRESENTATION_CONTEXT() REPRESENTATION_CONTEXT('2D SPACE',''
  ) );
#1580 = ORIENTED_EDGE('',*,*,#1581,.T.);
#1581 = EDGE_CURVE('',#1554,#1582,#1584,.T.);
#1582 = VERTEX_POINT('',#1583);
#1583 = CARTESIAN_POINT('',(11.,8.,3.2));
#1584 = SURFACE_CURVE('',#1585,(#1589,#1596),.PCURVE_S1.);
#1585 = LINE('',#1586,#1587);
#1586 = CARTESIAN_POINT('',(11.,-8.,3.2));
#1587 = VECTOR('',#1588,1.);
#1588 = DIRECTION('',(0.,1.,0.));
#1589 = PCURVE('',#631,#1590);
#1590 = DEFINITIONAL_REPRESENTATION('',(#1591),#1595);
#1591 = LINE('',#1592,#1593);
#1592 = CARTESIAN_POINT('',(11.,-8.));
#1593 = VECTOR('',#1594,1.);
#1594 = DIRECTION('',(0.,1.));
#1595 = ( GEOMETRIC_REPRESENTATION_CONTEXT(2) 
PARAMETRIC_REPRESENTATION_CONTEXT() REPRESENTATION_CONTEXT('2D SPACE',''
  ) );
#1596 = PCURVE('',#1597,#1602);
#1597 = PLANE('',#1598);
#1598 = AXIS2_PLACEMENT_3D('',#1599,#1600,#1601);
#1599 = CARTESIAN_POINT('',(11.,-8.,0.));
#1600 = DIRECTION('',(-1.,0.,0.));
#1601 = DIRECTION('',(0.,1.,0.));
#1602 = DEFINITIONAL_REPRESENTATION('',(#1603),#1607);
#1603 = LINE('',#1604,#1605);
#1604 = CARTESIAN_POINT('',(0.,-3.2));
#1605 = VECTOR('',#1606,1.);
#1606 = DIRECTION('',(1.,0.));
#1607 = ( GEOMETRIC_REPRESENTATION_CONTEXT(2) 
PARAMETRIC_REPRESENTATION_CONTEXT() REPRESENTATION_CONTEXT('2D SPACE',''
  ) );
#1608 = ORIENTED_EDGE('',*,*,#1609,.T.);
#1609 = EDGE_CURVE('',#1582,#1610,#1612,.T.);
#1610 = VERTEX_POINT('',#1611);
#1611 = CARTESIAN_POINT('',(8.,11.,3.2));
#1612 = SURFACE_CURVE('',#1613,(#1617,#1624),.PCURVE_S1.);
#1613 = LINE('',#1614,#1615);
#1614 = CARTESIAN_POINT('',(11.,8.,3.2));
#1615 = VECTOR('',#1616,1.);
#1616 = DIRECTION('',(-0.707106781187,0.707106781187,0.));
#1617 = PCURVE('',#631,#1618);
#1618 = DEFINITIONAL_REPRESENTATION('',(#1619),#1623);
#1619 = LINE('',#1620,#1621);
#1620 = CARTESIAN_POINT('',(11.,8.));
#1621 = VECTOR('',#1622,1.);
#1622 = DIRECTION('',(-0.707106781187,0.707106781187));
#1623 = ( GEOMETRIC_REPRESENTATION_CONTEXT(2) 
PARAMETRIC_REPRESENTATION_CONTEXT() REPRESENTATION_CONTEXT('2D SPACE',''
  ) );
#1624 = PCURVE('',#1625,#1630);
#1625 = PLANE('',#1626);
#1626 = AXIS2_PLACEMENT_3D('',#1627,#1628,#1629);
#1627 = CARTESIAN_POINT('',(11.,8.,0.));
#1628 = DIRECTION('',(-0.707106781187,-0.707106781187,0.));
#1629 = DIRECTION('',(-0.707106781187,0.707106781187,0.));
#1630 = DEFINITIONAL_REPRESENTATION('',(#1631),#1635);
#1631 = LINE('',#1632,#1633);
#1632 = CARTESIAN_POINT('',(0.,-3.2));
#1633 = VECTOR('',#1634,1.);
#1634 = DIRECTION('',(1.,0.));
#1635 = ( GEOMETRIC_REPRESENTATION_CONTEXT(2) 
PARAMETRIC_REPRESENTATION_CONTEXT() REPRESENTATION_CONTEXT('2D SPACE',''
  ) );
#1636 = ORIENTED_EDGE('',*,*,#1637,.T.);
#1637 = EDGE_CURVE('',#1610,#1638,#1640,.T.);
#1638 = VERTEX_POINT('',#1639);
#1639 = CARTESIAN_POINT('',(-8.,11.,3.2));
#1640 = SURFACE_CURVE('',#1641,(#1645,#1652),.PCURVE_S1.);
#1641 = LINE('',#1642,#1643);
#1642 = CARTESIAN_POINT('',(8.,11.,3.2));
#1643 = VECTOR('',#1644,1.);
#1644 = DIRECTION('',(-1.,0.,0.));
#1645 = PCURVE('',#631,#1646);
#1646 = DEFINITIONAL_REPRESENTATION('',(#1647),#1651);
#1647 = LINE('',#1648,#1649);
#1648 = CARTESIAN_POINT('',(8.,11.));
#1649 = VECTOR('',#1650,1.);
#1650 = DIRECTION('',(-1.,0.));
#1651 = ( GEOMETRIC_REPRESENTATION_CONTEXT(2) 
PARAMETRIC_REPRESENTATION_CONTEXT() REPRESENTATION_CONTEXT('2D SPACE',''
  ) );
#1652 = PCURVE('',#1653,#1658);
#1653 = PLANE('',#1654);
#1654 = AXIS2_PLACEMENT_3D('',#1655,#1656,#1657);
#1655 = CARTESIAN_POINT('',(8.,11.,0.));
#1656 = DIRECTION('',(0.,-1.,0.));
#1657 = DIRECTION('',(-1.,0.,0.));
#1658 = DEFINITIONAL_REPRESENTATION('',(#1659),#1663);
#1659 = LINE('',#1660,#1661);
#1660 = CARTESIAN_POINT('',(0.,-3.2));
#1661 = VECTOR('',#1662,1.);
#1662 = DIRECTION('',(1.,0.));
#1663 = ( GEOMETRIC_REPRESENTATION_CONTEXT(2) 
PARAMETRIC_REPRESENTATION_CONTEXT() REPRESENTATION_CONTEXT('2D SPACE',''
  ) );
#1664 = ORIENTED_EDGE('',*,*,#1665,.T.);
#1665 = EDGE_CURVE('',#1638,#1666,#1668,.T.);
#1666 = VERTEX_POINT('',#1667);
#1667 = CARTESIAN_POINT('',(-11.,8.,3.2));
#1668 = SURFACE_CURVE('',#1669,(#1673,#1680),.PCURVE_S1.);
#1669 = LINE('',#1670,#1671);
#1670 = CARTESIAN_POINT('',(-8.,11.,3.2));
#1671 = VECTOR('',#1672,1.);
#1672 = DIRECTION('',(-0.707106781187,-0.707106781187,0.));
#1673 = PCURVE('',#631,#1674);
#1674 = DEFINITIONAL_REPRESENTATION('',(#1675),#1679);
#1675 = LINE('',#1676,#1677);
#1676 = CARTESIAN_POINT('',(-8.,11.));
#1677 = VECTOR('',#1678,1.);
#1678 = DIRECTION('',(-0.707106781187,-0.707106781187));
#1679 = ( GEOMETRIC_REPRESENTATION_CONTEXT(2) 
PARAMETRIC_REPRESENTATION_CONTEXT() REPRESENTATION_CONTEXT('2D SPACE',''
  ) );
#1680 = PCURVE('',#1681,#1686);
#1681 = PLANE('',#1682);
#1682 = AXIS2_PLACEMENT_3D('',#1683,#1684,#1685);
#1683 = CARTESIAN_POINT('',(-8.,11.,0.));
#1684 = DIRECTION('',(0.707106781187,-0.707106781187,0.));
#1685 = DIRECTION('',(-0.707106781187,-0.707106781187,0.));
#1686 = DEFINITIONAL_REPRESENTATION('',(#1687),#1691);
#1687 = LINE('',#1688,#1689);
#1688 = CARTESIAN_POINT('',(0.,-3.2));
#1689 = VECTOR('',#1690,1.);
#1690 = DIRECTION('',(1.,0.));
#1691 = ( GEOMETRIC_REPRESENTATION_CONTEXT(2) 
PARAMETRIC_REPRESENTATION_CONTEXT() REPRESENTATION_CONTEXT('2D SPACE',''
  ) );
#1692 = ORIENTED_EDGE('',*,*,#1693,.T.);
#1693 = EDGE_CURVE('',#1666,#1694,#1696,.T.);
#1694 = VERTEX_POINT('',#1695);
#1695 = CARTESIAN_POINT('',(-11.,-8.,3.2));
#1696 = SURFACE_CURVE('',#1697,(#1701,#1708),.PCURVE_S1.);
#1697 = LINE('',#1698,#1699);
#1698 = CARTESIAN_POINT('',(-11.,8.,3.2));
#1699 = VECTOR('',#1700,1.);
#1700 = DIRECTION('',(0.,-1.,0.));
#1701 = PCURVE('',#631,#1702);
#1702 = DEFINITIONAL_REPRESENTATION('',(#1703),#1707);
#1703 = LINE('',#1704,#1705);
#1704 = CARTESIAN_POINT('',(-11.,8.));
#1705 = VECTOR('',#1706,1.);
#1706 = DIRECTION('',(0.,-1.));
#1707 = ( GEOMETRIC_REPRESENTATION_CONTEXT(2) 
PARAMETRIC_REPRESENTATION_CONTEXT() REPRESENTATION_CONTEXT('2D SPACE',''
  ) );
#1708 = PCURVE('',#1709,#1714);
#1709 = PLANE('',#1710);
#1710 = AXIS2_PLACEMENT_3D('',#1711,#1712,#1713);
#1711 = CARTESIAN_POINT('',(-11.,8.,0.));
#1712 = DIRECTION('',(1.,0.,-0.));
#1713 = DIRECTION('',(0.,-1.,0.));
#1714 = DEFINITIONAL_REPRESENTATION('',(#1715),#1719);
#1715 = LINE('',#1716,#1717);
#1716 = CARTESIAN_POINT('',(0.,-3.2));
#1717 = VECTOR('',#1718,1.);
#1718 = DIRECTION('',(1.,0.));
#1719 = ( GEOMETRIC_REPRESENTATION_CONTEXT(2) 
PARAMETRIC_REPRESENTATION_CONTEXT() REPRESENTATION_CONTEXT('2D SPACE',''
  ) );
#1720 = ORIENTED_EDGE('',*,*,#1721,.T.);
#1721 = EDGE_CURVE('',#1694,#1524,#1722,.T.);
#1722 = SURFACE_CURVE('',#1723,(#1727,#1734),.PCURVE_S1.);
#1723 = LINE('',#1724,#1725);
#1724 = CARTESIAN_POINT('',(-11.,-8.,3.2));
#1725 = VECTOR('',#1726,1.);
#1726 = DIRECTION('',(0.707106781187,-0.707106781187,0.));
#1727 = PCURVE('',#631,#1728);
#1728 = DEFINITIONAL_REPRESENTATION('',(#1729),#1733);
#1729 = LINE('',#1730,#1731);
#1730 = CARTESIAN_POINT('',(-11.,-8.));
#1731 = VECTOR('',#1732,1.);
#1732 = DIRECTION('',(0.707106781187,-0.707106781187));
#1733 = ( GEOMETRIC_REPRESENTATION_CONTEXT(2) 
PARAMETRIC_REPRESENTATION_CONTEXT() REPRESENTATION_CONTEXT('2D SPACE',''
  ) );
#1734 = PCURVE('',#1735,#1740);
#1735 = PLANE('',#1736);
#1736 = AXIS2_PLACEMENT_3D('',#1737,#1738,#1739);
#1737 = CARTESIAN_POINT('',(-11.,-8.,0.));
#1738 = DIRECTION('',(0.707106781187,0.707106781187,-0.));
#1739 = DIRECTION('',(0.707106781187,-0.707106781187,0.));
#1740 = DEFINITIONAL_REPRESENTATION('',(#1741),#1745);
#1741 = LINE('',#1742,#1743);
#1742 = CARTESIAN_POINT('',(0.,-3.2));
#1743 = VECTOR('',#1744,1.);
#1744 = DIRECTION('',(1.,0.));
#1745 = ( GEOMETRIC_REPRESENTATION_CONTEXT(2) 
PARAMETRIC_REPRESENTATION_CONTEXT() REPRESENTATION_CONTEXT('2D SPACE',''
  ) );
#1746 = FACE_BOUND('',#1747,.T.);
#1747 = EDGE_LOOP('',(#1748,#1749,#1750,#1751,#1752,#1753,#1754,#1755,
    #1756,#1757,#1758,#1759,#1760,#1761,#1762,#1763));
#1748 = ORIENTED_EDGE('',*,*,#1313,.F.);
#1749 = ORIENTED_EDGE('',*,*,#1289,.T.);
#1750 = ORIENTED_EDGE('',*,*,#1222,.F.);
#1751 = ORIENTED_EDGE('',*,*,#1175,.F.);
#1752 = ORIENTED_EDGE('',*,*,#1127,.T.);
#1753 = ORIENTED_EDGE('',*,*,#1083,.F.);
#1754 = ORIENTED_EDGE('',*,*,#1037,.F.);
#1755 = ORIENTED_EDGE('',*,*,#991,.F.);
#1756 = ORIENTED_EDGE('',*,*,#945,.F.);
#1757 = ORIENTED_EDGE('',*,*,#899,.F.);
#1758 = ORIENTED_EDGE('',*,*,#851,.T.);
#1759 = ORIENTED_EDGE('',*,*,#807,.F.);
#1760 = ORIENTED_EDGE('',*,*,#782,.T.);
#1761 = ORIENTED_EDGE('',*,*,#735,.T.);
#1762 = ORIENTED_EDGE('',*,*,#667,.T.);
#1763 = ORIENTED_EDGE('',*,*,#615,.F.);
#1764 = FACE_BOUND('',#1765,.T.);
#1765 = EDGE_LOOP('',(#1766));
#1766 = ORIENTED_EDGE('',*,*,#1767,.T.);
#1767 = EDGE_CURVE('',#1768,#1768,#1770,.T.);
#1768 = VERTEX_POINT('',#1769);
#1769 = CARTESIAN_POINT('',(2.823333333333,5.553648291132E-16,3.2));
#1770 = SURFACE_CURVE('',#1771,(#1894,#2020),.PCURVE_S1.);
#1771 = B_SPLINE_CURVE_WITH_KNOTS('',6,(#1772,#1773,#1774,#1775,#1776,
    #1777,#1778,#1779,#1780,#1781,#1782,#1783,#1784,#1785,#1786,#1787,
    #1788,#1789,#1790,#1791,#1792,#1793,#1794,#1795,#1796,#1797,#1798,
    #1799,#1800,#1801,#1802,#1803,#1804,#1805,#1806,#1807,#1808,#1809,
    #1810,#1811,#1812,#1813,#1814,#1815,#1816,#1817,#1818,#1819,#1820,
    #1821,#1822,#1823,#1824,#1825,#1826,#1827,#1828,#1829,#1830,#1831,
    #1832,#1833,#1834,#1835,#1836,#1837,#1838,#1839,#1840,#1841,#1842,
    #1843,#1844,#1845,#1846,#1847,#1848,#1849,#1850,#1851,#1852,#1853,
    #1854,#1855,#1856,#1857,#1858,#1859,#1860,#1861,#1862,#1863,#1864,
    #1865,#1866,#1867,#1868,#1869,#1870,#1871,#1872,#1873,#1874,#1875,
    #1876,#1877,#1878,#1879,#1880,#1881,#1882,#1883,#1884,#1885,#1886,
    #1887,#1888,#1889,#1890,#1891,#1892,#1893),.UNSPECIFIED.,.T.,.F.,(7,
    5,5,5,5,5,5,5,5,5,5,5,5,5,5,5,5,5,5,5,5,5,5,5,7),(0.,
    5.971581569559E-02,9.587124914003E-02,0.139012827269,0.170461766332,
    0.193014849314,0.249993828958,0.329530473162,0.360979284543,
    0.404120687481,0.440275974398,0.459582257916,0.499999409679,
    0.52774448864,0.559724019188,0.595879306632,0.639020710198,
    0.670469522038,0.7500061674,0.806985147875,0.829538231185,
    0.860987170706,0.904128749463,0.940284183435,1.),.UNSPECIFIED.);
#1772 = CARTESIAN_POINT('',(2.823333333333,6.932179334507E-14,3.2));
#1773 = CARTESIAN_POINT('',(2.823333645619,-0.270487617657,3.2));
#1774 = CARTESIAN_POINT('',(2.794890451815,-0.541161544566,3.2));
#1775 = CARTESIAN_POINT('',(2.737940923716,-0.807922962553,3.2));
#1776 = CARTESIAN_POINT('',(2.653995240706,-1.067456468905,3.2));
#1777 = CARTESIAN_POINT('',(2.545262441795,-1.317073500354,3.2));
#1778 = CARTESIAN_POINT('',(2.335350001587,-1.698543493747,3.2));
#1779 = CARTESIAN_POINT('',(2.248088577211,-1.838050305841,3.2));
#1780 = CARTESIAN_POINT('',(2.153303790088,-1.972787729439,3.2));
#1781 = CARTESIAN_POINT('',(2.051591217889,-2.102454335624,3.2));
#1782 = CARTESIAN_POINT('',(1.943535787732,-2.22683934521,3.2));
#1783 = CARTESIAN_POINT('',(1.693825493526,-2.487747583695,3.2));
#1784 = CARTESIAN_POINT('',(1.549719440663,-2.621965758622,3.2));
#1785 = CARTESIAN_POINT('',(1.398280841489,-2.748224918563,3.2));
#1786 = CARTESIAN_POINT('',(1.240369557112,-2.866405599562,3.2));
#1787 = CARTESIAN_POINT('',(1.076762614731,-2.976468280818,3.2));
#1788 = CARTESIAN_POINT('',(0.785202051026,-3.152744960412,3.2));
#1789 = CARTESIAN_POINT('',(0.659608151752,-3.222754758501,3.2));
#1790 = CARTESIAN_POINT('',(0.531612592266,-3.28845632486,3.2));
#1791 = CARTESIAN_POINT('',(0.401460389115,-3.349859514575,3.2));
#1792 = CARTESIAN_POINT('',(0.269377442149,-3.406979923024,3.2));
#1793 = CARTESIAN_POINT('',(3.961318893417E-02,-3.497745626853,3.2));
#1794 = CARTESIAN_POINT('',(-5.723005457641E-02,-3.533459979857,3.2));
#1795 = CARTESIAN_POINT('',(-0.15488255872,-3.566989127354,3.2));
#1796 = CARTESIAN_POINT('',(-0.253271201344,-3.598340218445,3.2));
#1797 = CARTESIAN_POINT('',(-0.352326375438,-3.627520368866,3.2));
#1798 = CARTESIAN_POINT('',(-0.70375578443,-3.722791297444,3.2));
#1799 = CARTESIAN_POINT('',(-0.959343760983,-3.777230473947,3.2));
#1800 = CARTESIAN_POINT('',(-1.217710660212,-3.817972395692,3.2));
#1801 = CARTESIAN_POINT('',(-1.477879987655,-3.845102228959,3.2));
#1802 = CARTESIAN_POINT('',(-1.738931718038,-3.858666361166,3.2));
#1803 = CARTESIAN_POINT('',(-2.364424183378,-3.858666680221,3.2));
#1804 = CARTESIAN_POINT('',(-2.728754851831,-3.832234118129,3.2));
#1805 = CARTESIAN_POINT('',(-3.09074326826,-3.779394381193,3.2));
#1806 = CARTESIAN_POINT('',(-3.447826770415,-3.699904554295,3.2));
#1807 = CARTESIAN_POINT('',(-3.797161804636,-3.593522841757,3.2));
#1808 = CARTESIAN_POINT('',(-4.269377441286,-3.4069799219,3.2));
#1809 = CARTESIAN_POINT('',(-4.401460388137,-3.349859513478,3.2));
#1810 = CARTESIAN_POINT('',(-4.53161259122,-3.288456323901,3.2));
#1811 = CARTESIAN_POINT('',(-4.659608150706,-3.222754757807,3.2));
#1812 = CARTESIAN_POINT('',(-4.785202050058,-3.152744960111,3.2));
#1813 = CARTESIAN_POINT('',(-5.076762614007,-2.976468281788,3.2));
#1814 = CARTESIAN_POINT('',(-5.240369556614,-2.866405601515,3.2));
#1815 = CARTESIAN_POINT('',(-5.398280841405,-2.74822492165,3.2));
#1816 = CARTESIAN_POINT('',(-5.549719441072,-2.621965762822,3.2));
#1817 = CARTESIAN_POINT('',(-5.693825494326,-2.487747588783,3.2));
#1818 = CARTESIAN_POINT('',(-5.94353578963,-2.2268393503,3.2));
#1819 = CARTESIAN_POINT('',(-6.051591220508,-2.102454339844,3.2));
#1820 = CARTESIAN_POINT('',(-6.153303792981,-1.972787732407,3.2));
#1821 = CARTESIAN_POINT('',(-6.248088579858,-1.838050307187,3.2));
#1822 = CARTESIAN_POINT('',(-6.335350003522,-1.698543493209,3.2));
#1823 = CARTESIAN_POINT('',(-6.456784910696,-1.477861911597,3.2));
#1824 = CARTESIAN_POINT('',(-6.496748385104,-1.399800461126,3.2));
#1825 = CARTESIAN_POINT('',(-6.534314999217,-1.320560218797,3.2));
#1826 = CARTESIAN_POINT('',(-6.569400717209,-1.240213294244,3.2));
#1827 = CARTESIAN_POINT('',(-6.601926147715,-1.15884096489,3.2));
#1828 = CARTESIAN_POINT('',(-6.69439208309,-0.904225572344,3.2));
#1829 = CARTESIAN_POINT('',(-6.745430050125,-0.727793600423,3.2));
#1830 = CARTESIAN_POINT('',(-6.784239428819,-0.548118620015,3.2));
#1831 = CARTESIAN_POINT('',(-6.810302850717,-0.366183074043,3.2));
#1832 = CARTESIAN_POINT('',(-6.823333719042,-0.18307632643,3.2));
#1833 = CARTESIAN_POINT('',(-6.823333372765,0.125676132542,3.2));
#1834 = CARTESIAN_POINT('',(-6.817193326872,0.251357246512,3.2));
#1835 = CARTESIAN_POINT('',(-6.804912978728,0.376665867278,3.2));
#1836 = CARTESIAN_POINT('',(-6.786554599953,0.501241957386,3.2));
#1837 = CARTESIAN_POINT('',(-6.762236503228,0.624742799015,3.2));
#1838 = CARTESIAN_POINT('',(-6.697421475163,0.887577793634,3.2));
#1839 = CARTESIAN_POINT('',(-6.655018735901,1.02646298272,3.2));
#1840 = CARTESIAN_POINT('',(-6.605175144957,1.163002656266,3.2));
#1841 = CARTESIAN_POINT('',(-6.548220912987,1.296777380068,3.2));
#1842 = CARTESIAN_POINT('',(-6.484533805825,1.427435009917,3.2));
#1843 = CARTESIAN_POINT('',(-6.335350003522,1.698543493208,3.2));
#1844 = CARTESIAN_POINT('',(-6.248088579858,1.838050307186,3.2));
#1845 = CARTESIAN_POINT('',(-6.153303792982,1.972787732406,3.2));
#1846 = CARTESIAN_POINT('',(-6.051591220508,2.102454339843,3.2));
#1847 = CARTESIAN_POINT('',(-5.943535789631,2.226839350299,3.2));
#1848 = CARTESIAN_POINT('',(-5.693825494327,2.487747588782,3.2));
#1849 = CARTESIAN_POINT('',(-5.549719441073,2.621965762821,3.2));
#1850 = CARTESIAN_POINT('',(-5.398280841406,2.74822492165,3.2));
#1851 = CARTESIAN_POINT('',(-5.240369556615,2.866405601514,3.2));
#1852 = CARTESIAN_POINT('',(-5.076762614008,2.976468281787,3.2));
#1853 = CARTESIAN_POINT('',(-4.785202050059,3.152744960111,3.2));
#1854 = CARTESIAN_POINT('',(-4.659608150707,3.222754757807,3.2));
#1855 = CARTESIAN_POINT('',(-4.531612591221,3.2884563239,3.2));
#1856 = CARTESIAN_POINT('',(-4.401460388138,3.349859513477,3.2));
#1857 = CARTESIAN_POINT('',(-4.269377441287,3.4069799219,3.2));
#1858 = CARTESIAN_POINT('',(-3.797161804637,3.593522841757,3.2));
#1859 = CARTESIAN_POINT('',(-3.447826770416,3.699904554295,3.2));
#1860 = CARTESIAN_POINT('',(-3.090743268261,3.779394381192,3.2));
#1861 = CARTESIAN_POINT('',(-2.728754851832,3.832234118129,3.2));
#1862 = CARTESIAN_POINT('',(-2.364424183379,3.858666680221,3.2));
#1863 = CARTESIAN_POINT('',(-1.738931718039,3.858666361166,3.2));
#1864 = CARTESIAN_POINT('',(-1.477879987656,3.845102228959,3.2));
#1865 = CARTESIAN_POINT('',(-1.217710660213,3.817972395692,3.2));
#1866 = CARTESIAN_POINT('',(-0.959343760984,3.777230473947,3.2));
#1867 = CARTESIAN_POINT('',(-0.70375578443,3.722791297444,3.2));
#1868 = CARTESIAN_POINT('',(-0.352326375439,3.627520368866,3.2));
#1869 = CARTESIAN_POINT('',(-0.253271201345,3.598340218445,3.2));
#1870 = CARTESIAN_POINT('',(-0.154882558721,3.566989127355,3.2));
#1871 = CARTESIAN_POINT('',(-5.723005457725E-02,3.533459979857,3.2));
#1872 = CARTESIAN_POINT('',(3.961318893337E-02,3.497745626854,3.2));
#1873 = CARTESIAN_POINT('',(0.269377442148,3.406979923024,3.2));
#1874 = CARTESIAN_POINT('',(0.401460389115,3.349859514575,3.2));
#1875 = CARTESIAN_POINT('',(0.531612592265,3.28845632486,3.2));
#1876 = CARTESIAN_POINT('',(0.659608151751,3.222754758501,3.2));
#1877 = CARTESIAN_POINT('',(0.785202051025,3.152744960413,3.2));
#1878 = CARTESIAN_POINT('',(1.076762614731,2.976468280818,3.2));
#1879 = CARTESIAN_POINT('',(1.240369557111,2.866405599563,3.2));
#1880 = CARTESIAN_POINT('',(1.398280841489,2.748224918563,3.2));
#1881 = CARTESIAN_POINT('',(1.549719440662,2.621965758623,3.2));
#1882 = CARTESIAN_POINT('',(1.693825493526,2.487747583695,3.2));
#1883 = CARTESIAN_POINT('',(1.943535787731,2.22683934521,3.2));
#1884 = CARTESIAN_POINT('',(2.051591217889,2.102454335624,3.2));
#1885 = CARTESIAN_POINT('',(2.153303790088,1.97278772944,3.2));
#1886 = CARTESIAN_POINT('',(2.248088577211,1.838050305841,3.2));
#1887 = CARTESIAN_POINT('',(2.335350001587,1.698543493747,3.2));
#1888 = CARTESIAN_POINT('',(2.545262441794,1.317073500355,3.2));
#1889 = CARTESIAN_POINT('',(2.653995240707,1.067456468904,3.2));
#1890 = CARTESIAN_POINT('',(2.737940923714,0.807922962555,3.2));
#1891 = CARTESIAN_POINT('',(2.794890451816,0.541161544566,3.2));
#1892 = CARTESIAN_POINT('',(2.823333645619,0.270487617657,3.2));
#1893 = CARTESIAN_POINT('',(2.823333333333,9.320550281638E-16,3.2));
#1894 = PCURVE('',#631,#1895);
#1895 = DEFINITIONAL_REPRESENTATION('',(#1896),#2019);
#1896 = B_SPLINE_CURVE_WITH_KNOTS('',6,(#1897,#1898,#1899,#1900,#1901,
    #1902,#1903,#1904,#1905,#1906,#1907,#1908,#1909,#1910,#1911,#1912,
    #1913,#1914,#1915,#1916,#1917,#1918,#1919,#1920,#1921,#1922,#1923,
    #1924,#1925,#1926,#1927,#1928,#1929,#1930,#1931,#1932,#1933,#1934,
    #1935,#1936,#1937,#1938,#1939,#1940,#1941,#1942,#1943,#1944,#1945,
    #1946,#1947,#1948,#1949,#1950,#1951,#1952,#1953,#1954,#1955,#1956,
    #1957,#1958,#1959,#1960,#1961,#1962,#1963,#1964,#1965,#1966,#1967,
    #1968,#1969,#1970,#1971,#1972,#1973,#1974,#1975,#1976,#1977,#1978,
    #1979,#1980,#1981,#1982,#1983,#1984,#1985,#1986,#1987,#1988,#1989,
    #1990,#1991,#1992,#1993,#1994,#1995,#1996,#1997,#1998,#1999,#2000,
    #2001,#2002,#2003,#2004,#2005,#2006,#2007,#2008,#2009,#2010,#2011,
    #2012,#2013,#2014,#2015,#2016,#2017,#2018),.UNSPECIFIED.,.F.,.F.,(7,
    5,5,5,5,5,5,5,5,5,5,5,5,5,5,5,5,5,5,5,5,5,5,5,7),(0.,
    5.971581569559E-02,9.587124914003E-02,0.139012827269,0.170461766332,
    0.193014849314,0.249993828958,0.329530473162,0.360979284543,
    0.404120687481,0.440275974398,0.459582257916,0.499999409679,
    0.52774448864,0.559724019188,0.595879306632,0.639020710198,
    0.670469522038,0.7500061674,0.806985147875,0.829538231185,
    0.860987170706,0.904128749463,0.940284183435,1.),.UNSPECIFIED.);
#1897 = CARTESIAN_POINT('',(2.823333333333,6.927791673661E-14));
#1898 = CARTESIAN_POINT('',(2.823333645619,-0.270487617657));
#1899 = CARTESIAN_POINT('',(2.794890451815,-0.541161544566));
#1900 = CARTESIAN_POINT('',(2.737940923716,-0.807922962553));
#1901 = CARTESIAN_POINT('',(2.653995240706,-1.067456468905));
#1902 = CARTESIAN_POINT('',(2.545262441795,-1.317073500354));
#1903 = CARTESIAN_POINT('',(2.335350001587,-1.698543493747));
#1904 = CARTESIAN_POINT('',(2.248088577211,-1.838050305841));
#1905 = CARTESIAN_POINT('',(2.153303790088,-1.972787729439));
#1906 = CARTESIAN_POINT('',(2.051591217889,-2.102454335624));
#1907 = CARTESIAN_POINT('',(1.943535787732,-2.22683934521));
#1908 = CARTESIAN_POINT('',(1.693825493526,-2.487747583695));
#1909 = CARTESIAN_POINT('',(1.549719440663,-2.621965758622));
#1910 = CARTESIAN_POINT('',(1.398280841489,-2.748224918563));
#1911 = CARTESIAN_POINT('',(1.240369557112,-2.866405599562));
#1912 = CARTESIAN_POINT('',(1.076762614731,-2.976468280818));
#1913 = CARTESIAN_POINT('',(0.785202051026,-3.152744960412));
#1914 = CARTESIAN_POINT('',(0.659608151752,-3.222754758501));
#1915 = CARTESIAN_POINT('',(0.531612592266,-3.28845632486));
#1916 = CARTESIAN_POINT('',(0.401460389115,-3.349859514575));
#1917 = CARTESIAN_POINT('',(0.269377442149,-3.406979923024));
#1918 = CARTESIAN_POINT('',(3.961318893417E-02,-3.497745626853));
#1919 = CARTESIAN_POINT('',(-5.723005457641E-02,-3.533459979857));
#1920 = CARTESIAN_POINT('',(-0.15488255872,-3.566989127354));
#1921 = CARTESIAN_POINT('',(-0.253271201344,-3.598340218445));
#1922 = CARTESIAN_POINT('',(-0.352326375438,-3.627520368866));
#1923 = CARTESIAN_POINT('',(-0.70375578443,-3.722791297444));
#1924 = CARTESIAN_POINT('',(-0.959343760983,-3.777230473947));
#1925 = CARTESIAN_POINT('',(-1.217710660212,-3.817972395692));
#1926 = CARTESIAN_POINT('',(-1.477879987655,-3.845102228959));
#1927 = CARTESIAN_POINT('',(-1.738931718038,-3.858666361166));
#1928 = CARTESIAN_POINT('',(-2.364424183378,-3.858666680221));
#1929 = CARTESIAN_POINT('',(-2.728754851831,-3.832234118129));
#1930 = CARTESIAN_POINT('',(-3.09074326826,-3.779394381193));
#1931 = CARTESIAN_POINT('',(-3.447826770415,-3.699904554295));
#1932 = CARTESIAN_POINT('',(-3.797161804636,-3.593522841757));
#1933 = CARTESIAN_POINT('',(-4.269377441286,-3.4069799219));
#1934 = CARTESIAN_POINT('',(-4.401460388137,-3.349859513478));
#1935 = CARTESIAN_POINT('',(-4.53161259122,-3.288456323901));
#1936 = CARTESIAN_POINT('',(-4.659608150706,-3.222754757807));
#1937 = CARTESIAN_POINT('',(-4.785202050058,-3.152744960111));
#1938 = CARTESIAN_POINT('',(-5.076762614007,-2.976468281788));
#1939 = CARTESIAN_POINT('',(-5.240369556614,-2.866405601515));
#1940 = CARTESIAN_POINT('',(-5.398280841405,-2.74822492165));
#1941 = CARTESIAN_POINT('',(-5.549719441072,-2.621965762822));
#1942 = CARTESIAN_POINT('',(-5.693825494326,-2.487747588783));
#1943 = CARTESIAN_POINT('',(-5.94353578963,-2.2268393503));
#1944 = CARTESIAN_POINT('',(-6.051591220508,-2.102454339844));
#1945 = CARTESIAN_POINT('',(-6.153303792981,-1.972787732407));
#1946 = CARTESIAN_POINT('',(-6.248088579858,-1.838050307187));
#1947 = CARTESIAN_POINT('',(-6.335350003522,-1.698543493209));
#1948 = CARTESIAN_POINT('',(-6.456784910696,-1.477861911597));
#1949 = CARTESIAN_POINT('',(-6.496748385104,-1.399800461126));
#1950 = CARTESIAN_POINT('',(-6.534314999217,-1.320560218797));
#1951 = CARTESIAN_POINT('',(-6.569400717209,-1.240213294244));
#1952 = CARTESIAN_POINT('',(-6.601926147715,-1.15884096489));
#1953 = CARTESIAN_POINT('',(-6.69439208309,-0.904225572344));
#1954 = CARTESIAN_POINT('',(-6.745430050125,-0.727793600423));
#1955 = CARTESIAN_POINT('',(-6.784239428819,-0.548118620015));
#1956 = CARTESIAN_POINT('',(-6.810302850717,-0.366183074043));
#1957 = CARTESIAN_POINT('',(-6.823333719042,-0.18307632643));
#1958 = CARTESIAN_POINT('',(-6.823333372765,0.125676132542));
#1959 = CARTESIAN_POINT('',(-6.817193326872,0.251357246512));
#1960 = CARTESIAN_POINT('',(-6.804912978728,0.376665867278));
#1961 = CARTESIAN_POINT('',(-6.786554599953,0.501241957386));
#1962 = CARTESIAN_POINT('',(-6.762236503228,0.624742799015));
#1963 = CARTESIAN_POINT('',(-6.697421475163,0.887577793634));
#1964 = CARTESIAN_POINT('',(-6.655018735901,1.02646298272));
#1965 = CARTESIAN_POINT('',(-6.605175144957,1.163002656266));
#1966 = CARTESIAN_POINT('',(-6.548220912987,1.296777380068));
#1967 = CARTESIAN_POINT('',(-6.484533805825,1.427435009917));
#1968 = CARTESIAN_POINT('',(-6.335350003522,1.698543493208));
#1969 = CARTESIAN_POINT('',(-6.248088579858,1.838050307186));
#1970 = CARTESIAN_POINT('',(-6.153303792982,1.972787732406));
#1971 = CARTESIAN_POINT('',(-6.051591220508,2.102454339843));
#1972 = CARTESIAN_POINT('',(-5.943535789631,2.226839350299));
#1973 = CARTESIAN_POINT('',(-5.693825494327,2.487747588782));
#1974 = CARTESIAN_POINT('',(-5.549719441073,2.621965762821));
#1975 = CARTESIAN_POINT('',(-5.398280841406,2.74822492165));
#1976 = CARTESIAN_POINT('',(-5.240369556615,2.866405601514));
#1977 = CARTESIAN_POINT('',(-5.076762614008,2.976468281787));
#1978 = CARTESIAN_POINT('',(-4.785202050059,3.152744960111));
#1979 = CARTESIAN_POINT('',(-4.659608150707,3.222754757807));
#1980 = CARTESIAN_POINT('',(-4.531612591221,3.2884563239));
#1981 = CARTESIAN_POINT('',(-4.401460388138,3.349859513477));
#1982 = CARTESIAN_POINT('',(-4.269377441287,3.4069799219));
#1983 = CARTESIAN_POINT('',(-3.797161804637,3.593522841757));
#1984 = CARTESIAN_POINT('',(-3.447826770416,3.699904554295));
#1985 = CARTESIAN_POINT('',(-3.090743268261,3.779394381192));
#1986 = CARTESIAN_POINT('',(-2.728754851832,3.832234118129));
#1987 = CARTESIAN_POINT('',(-2.364424183379,3.858666680221));
#1988 = CARTESIAN_POINT('',(-1.738931718039,3.858666361166));
#1989 = CARTESIAN_POINT('',(-1.477879987656,3.845102228959));
#1990 = CARTESIAN_POINT('',(-1.217710660213,3.817972395692));
#1991 = CARTESIAN_POINT('',(-0.959343760984,3.777230473947));
#1992 = CARTESIAN_POINT('',(-0.70375578443,3.722791297444));
#1993 = CARTESIAN_POINT('',(-0.352326375439,3.627520368866));
#1994 = CARTESIAN_POINT('',(-0.253271201345,3.598340218445));
#1995 = CARTESIAN_POINT('',(-0.154882558721,3.566989127355));
#1996 = CARTESIAN_POINT('',(-5.723005457725E-02,3.533459979857));
#1997 = CARTESIAN_POINT('',(3.961318893337E-02,3.497745626854));
#1998 = CARTESIAN_POINT('',(0.269377442148,3.406979923024));
#1999 = CARTESIAN_POINT('',(0.401460389115,3.349859514575));
#2000 = CARTESIAN_POINT('',(0.531612592265,3.28845632486));
#2001 = CARTESIAN_POINT('',(0.659608151751,3.222754758501));
#2002 = CARTESIAN_POINT('',(0.785202051025,3.152744960413));
#2003 = CARTESIAN_POINT('',(1.076762614731,2.976468280818));
#2004 = CARTESIAN_POINT('',(1.240369557111,2.866405599563));
#2005 = CARTESIAN_POINT('',(1.398280841489,2.748224918563));
#2006 = CARTESIAN_POINT('',(1.549719440662,2.621965758623));
#2007 = CARTESIAN_POINT('',(1.693825493526,2.487747583695));
#2008 = CARTESIAN_POINT('',(1.943535787731,2.22683934521));
#2009 = CARTESIAN_POINT('',(2.051591217889,2.102454335624));
#2010 = CARTESIAN_POINT('',(2.153303790088,1.97278772944));
#2011 = CARTESIAN_POINT('',(2.248088577211,1.838050305841));
#2012 = CARTESIAN_POINT('',(2.335350001587,1.698543493747));
#2013 = CARTESIAN_POINT('',(2.545262441794,1.317073500355));
#2014 = CARTESIAN_POINT('',(2.653995240707,1.067456468904));
#2015 = CARTESIAN_POINT('',(2.737940923714,0.807922962555));
#2016 = CARTESIAN_POINT('',(2.794890451816,0.541161544566));
#2017 = CARTESIAN_POINT('',(2.823333645619,0.270487617657));
#2018 = CARTESIAN_POINT('',(2.823333333333,8.881784197001E-16));
#2019 = ( GEOMETRIC_REPRESENTATION_CONTEXT(2) 
PARAMETRIC_REPRESENTATION_CONTEXT() REPRESENTATION_CONTEXT('2D SPACE',''
  ) );
#2020 = PCURVE('',#2021,#2052);
#2021 = B_SPLINE_SURFACE_WITH_KNOTS('',14,1,(
    (#2022,#2023)
    ,(#2024,#2025)
    ,(#2026,#2027)
    ,(#2028,#2029)
    ,(#2030,#2031)
    ,(#2032,#2033)
    ,(#2034,#2035)
    ,(#2036,#2037)
    ,(#2038,#2039)
    ,(#2040,#2041)
    ,(#2042,#2043)
    ,(#2044,#2045)
    ,(#2046,#2047)
    ,(#2048,#2049)
    ,(#2050,#2051
    )),.UNSPECIFIED.,.T.,.F.,.F.,(15,15),(2,2),(0.,6.28318530718),(0.,1.
    ),.PIECEWISE_BEZIER_KNOTS.);
#2022 = CARTESIAN_POINT('',(2.8,6.140305472209E-16,3.));
#2023 = CARTESIAN_POINT('',(3.5,-1.145940996009E-15,9.));
#2024 = CARTESIAN_POINT('',(2.800000000001,1.72338796997,3.));
#2025 = CARTESIAN_POINT('',(3.5,1.974715382258,9.000000000001));
#2026 = CARTESIAN_POINT('',(1.758811066237,3.44677657608,3.));
#2027 = CARTESIAN_POINT('',(2.306971013402,3.949431493424,8.999999999998
    ));
#2028 = CARTESIAN_POINT('',(-0.323568132319,4.734026290841,
    2.999999999999));
#2029 = CARTESIAN_POINT('',(-7.90884849653E-02,5.424405124925,
    9.000000000002));
#2030 = CARTESIAN_POINT('',(-3.135730950767,5.149046767972,
    3.000000000003));
#2031 = CARTESIAN_POINT('',(-3.301358381052,5.89994942163,9.000000000002
    ));
#2032 = CARTESIAN_POINT('',(-6.054923169901,4.412071146279,
    2.999999999991));
#2033 = CARTESIAN_POINT('',(-6.646266132237,5.055498188451,
    8.999999999985));
#2034 = CARTESIAN_POINT('',(-8.283400168007,2.556999341814,
    3.000000000015));
#2035 = CARTESIAN_POINT('',(-9.199729359095,2.929895079157,
    9.000000000035));
#2036 = CARTESIAN_POINT('',(-9.122377289783,5.252532251389E-11,
    2.99999999998));
#2037 = CARTESIAN_POINT('',(-10.16105731129,6.335944209819E-11,
    8.999999999947));
#2038 = CARTESIAN_POINT('',(-8.283400168008,-2.556999341911,
    3.00000000002));
#2039 = CARTESIAN_POINT('',(-9.199729359095,-2.929895079273,
    9.00000000006));
#2040 = CARTESIAN_POINT('',(-6.054923169899,-4.412071146205,
    2.999999999984));
#2041 = CARTESIAN_POINT('',(-6.646266132237,-5.055498188362,
    8.999999999948));
#2042 = CARTESIAN_POINT('',(-3.135730950769,-5.149046768019,
    3.00000000001));
#2043 = CARTESIAN_POINT('',(-3.301358381053,-5.899949421686,
    9.000000000035));
#2044 = CARTESIAN_POINT('',(-0.323568132318,-4.734026290817,
    2.999999999995));
#2045 = CARTESIAN_POINT('',(-7.908848496519E-02,-5.424405124897,
    8.999999999981));
#2046 = CARTESIAN_POINT('',(1.758811066236,-3.446776576089,
    3.000000000002));
#2047 = CARTESIAN_POINT('',(2.306971013402,-3.949431493434,
    9.000000000007));
#2048 = CARTESIAN_POINT('',(2.800000000002,-1.723387969968,3.));
#2049 = CARTESIAN_POINT('',(3.5,-1.974715382256,8.999999999998));
#2050 = CARTESIAN_POINT('',(2.8,-1.162326327572E-15,3.));
#2051 = CARTESIAN_POINT('',(3.5,6.304158028373E-16,9.));
#2052 = DEFINITIONAL_REPRESENTATION('',(#2053),#2176);
#2053 = B_SPLINE_CURVE_WITH_KNOTS('',6,(#2054,#2055,#2056,#2057,#2058,
    #2059,#2060,#2061,#2062,#2063,#2064,#2065,#2066,#2067,#2068,#2069,
    #2070,#2071,#2072,#2073,#2074,#2075,#2076,#2077,#2078,#2079,#2080,
    #2081,#2082,#2083,#2084,#2085,#2086,#2087,#2088,#2089,#2090,#2091,
    #2092,#2093,#2094,#2095,#2096,#2097,#2098,#2099,#2100,#2101,#2102,
    #2103,#2104,#2105,#2106,#2107,#2108,#2109,#2110,#2111,#2112,#2113,
    #2114,#2115,#2116,#2117,#2118,#2119,#2120,#2121,#2122,#2123,#2124,
    #2125,#2126,#2127,#2128,#2129,#2130,#2131,#2132,#2133,#2134,#2135,
    #2136,#2137,#2138,#2139,#2140,#2141,#2142,#2143,#2144,#2145,#2146,
    #2147,#2148,#2149,#2150,#2151,#2152,#2153,#2154,#2155,#2156,#2157,
    #2158,#2159,#2160,#2161,#2162,#2163,#2164,#2165,#2166,#2167,#2168,
    #2169,#2170,#2171,#2172,#2173,#2174,#2175),.UNSPECIFIED.,.F.,.F.,(7,
    5,5,5,5,5,5,5,5,5,5,5,5,5,5,5,5,5,5,5,5,5,5,5,7),(0.,
    5.971581569559E-02,9.587124914003E-02,0.139012827269,0.170461766332,
    0.193014849314,0.249993828958,0.329530473162,0.360979284543,
    0.404120687481,0.440275974398,0.459582257916,0.499999409679,
    0.52774448864,0.559724019188,0.595879306632,0.639020710198,
    0.670469522038,0.7500061674,0.806985147875,0.829538231185,
    0.860987170706,0.904128749463,0.940284183435,1.),.UNSPECIFIED.);
#2054 = CARTESIAN_POINT('',(6.28318530718,3.333333333333E-02));
#2055 = CARTESIAN_POINT('',(6.213086520808,3.333333333335E-02));
#2056 = CARTESIAN_POINT('',(6.142939892473,3.333333333334E-02));
#2057 = CARTESIAN_POINT('',(6.073185553319,3.333333333334E-02));
#2058 = CARTESIAN_POINT('',(6.004064745716,3.333333333334E-02));
#2059 = CARTESIAN_POINT('',(5.935775517351,3.333333333334E-02));
#2060 = CARTESIAN_POINT('',(5.827759578976,3.333333333333E-02));
#2061 = CARTESIAN_POINT('',(5.787380732243,3.333333333333E-02));
#2062 = CARTESIAN_POINT('',(5.747382702073,3.333333333333E-02));
#2063 = CARTESIAN_POINT('',(5.707776493155,3.333333333333E-02));
#2064 = CARTESIAN_POINT('',(5.668562662965,3.333333333333E-02));
#2065 = CARTESIAN_POINT('',(5.583402734033,3.333333333333E-02));
#2066 = CARTESIAN_POINT('',(5.537621974753,3.333333333333E-02));
#2067 = CARTESIAN_POINT('',(5.492375421351,3.333333333333E-02));
#2068 = CARTESIAN_POINT('',(5.447638985744,3.333333333333E-02));
#2069 = CARTESIAN_POINT('',(5.403380113082,3.333333333333E-02));
#2070 = CARTESIAN_POINT('',(5.327611357923,3.333333333333E-02));
#2071 = CARTESIAN_POINT('',(5.295898294084,3.333333333333E-02));
#2072 = CARTESIAN_POINT('',(5.26440276128,3.333333333333E-02));
#2073 = CARTESIAN_POINT('',(5.233109065352,3.333333333333E-02));
#2074 = CARTESIAN_POINT('',(5.202000932205,3.333333333333E-02));
#2075 = CARTESIAN_POINT('',(5.148873814787,3.333333333333E-02));
#2076 = CARTESIAN_POINT('',(5.126772957095,3.333333333333E-02));
#2077 = CARTESIAN_POINT('',(5.104752787835,3.333333333333E-02));
#2078 = CARTESIAN_POINT('',(5.082807138424,3.333333333333E-02));
#2079 = CARTESIAN_POINT('',(5.060929818586,3.333333333333E-02));
#2080 = CARTESIAN_POINT('',(4.98399984714,3.333333333333E-02));
#2081 = CARTESIAN_POINT('',(4.929285226792,3.333333333333E-02));
#2082 = CARTESIAN_POINT('',(4.874862925942,3.333333333333E-02));
#2083 = CARTESIAN_POINT('',(4.820637748621,3.333333333333E-02));
#2084 = CARTESIAN_POINT('',(4.766515104374,3.333333333333E-02));
#2085 = CARTESIAN_POINT('',(4.636834621695,3.333333333333E-02));
#2086 = CARTESIAN_POINT('',(4.56129917644,3.333333333333E-02));
#2087 = CARTESIAN_POINT('',(4.485474688688,3.333333333333E-02));
#2088 = CARTESIAN_POINT('',(4.409112034723,3.333333333333E-02));
#2089 = CARTESIAN_POINT('',(4.331964815334,3.333333333333E-02));
#2090 = CARTESIAN_POINT('',(4.222777028576,3.333333333333E-02));
#2091 = CARTESIAN_POINT('',(4.191668895439,3.333333333333E-02));
#2092 = CARTESIAN_POINT('',(4.160375199518,3.333333333333E-02));
#2093 = CARTESIAN_POINT('',(4.128879666714,3.333333333333E-02));
#2094 = CARTESIAN_POINT('',(4.097166602866,3.333333333333E-02));
#2095 = CARTESIAN_POINT('',(4.021397847697,3.333333333333E-02));
#2096 = CARTESIAN_POINT('',(3.977138975031,3.333333333333E-02));
#2097 = CARTESIAN_POINT('',(3.932402539392,3.333333333333E-02));
#2098 = CARTESIAN_POINT('',(3.887155985949,3.333333333333E-02));
#2099 = CARTESIAN_POINT('',(3.841375226658,3.333333333333E-02));
#2100 = CARTESIAN_POINT('',(3.756215297555,3.333333333333E-02));
#2101 = CARTESIAN_POINT('',(3.717001467169,3.333333333333E-02));
#2102 = CARTESIAN_POINT('',(3.677395258152,3.333333333333E-02));
#2103 = CARTESIAN_POINT('',(3.637397228025,3.333333333333E-02));
#2104 = CARTESIAN_POINT('',(3.597018381491,3.333333333333E-02));
#2105 = CARTESIAN_POINT('',(3.534530848865,3.333333333333E-02));
#2106 = CARTESIAN_POINT('',(3.512677155972,3.333333333333E-02));
#2107 = CARTESIAN_POINT('',(3.490725488589,3.333333333333E-02));
#2108 = CARTESIAN_POINT('',(3.468680631376,3.333333333333E-02));
#2109 = CARTESIAN_POINT('',(3.446548470256,3.333333333333E-02));
#2110 = CARTESIAN_POINT('',(3.377834806041,3.333333333333E-02));
#2111 = CARTESIAN_POINT('',(3.330974392383,3.333333333333E-02));
#2112 = CARTESIAN_POINT('',(3.283833853296,3.333333333333E-02));
#2113 = CARTESIAN_POINT('',(3.23649136614,3.333333333333E-02));
#2114 = CARTESIAN_POINT('',(3.189038186946,3.333333333333E-02));
#2115 = CARTESIAN_POINT('',(3.109022815986,3.333333333333E-02));
#2116 = CARTESIAN_POINT('',(3.07645170597,3.333333333333E-02));
#2117 = CARTESIAN_POINT('',(3.043914894868,3.333333333333E-02));
#2118 = CARTESIAN_POINT('',(3.011443589873,3.333333333333E-02));
#2119 = CARTESIAN_POINT('',(2.979066867838,3.333333333333E-02));
#2120 = CARTESIAN_POINT('',(2.909638506477,3.333333333333E-02));
#2121 = CARTESIAN_POINT('',(2.872624613613,3.333333333333E-02));
#2122 = CARTESIAN_POINT('',(2.835815799703,3.333333333333E-02));
#2123 = CARTESIAN_POINT('',(2.799244035392,3.333333333333E-02));
#2124 = CARTESIAN_POINT('',(2.762933172422,3.333333333333E-02));
#2125 = CARTESIAN_POINT('',(2.686166925689,3.333333333333E-02));
#2126 = CARTESIAN_POINT('',(2.645788079155,3.333333333333E-02));
#2127 = CARTESIAN_POINT('',(2.605790049028,3.333333333333E-02));
#2128 = CARTESIAN_POINT('',(2.566183840011,3.333333333333E-02));
#2129 = CARTESIAN_POINT('',(2.526970009625,3.333333333333E-02));
#2130 = CARTESIAN_POINT('',(2.441810080522,3.333333333333E-02));
#2131 = CARTESIAN_POINT('',(2.39602932123,3.333333333333E-02));
#2132 = CARTESIAN_POINT('',(2.350782767787,3.333333333333E-02));
#2133 = CARTESIAN_POINT('',(2.306046332149,3.333333333333E-02));
#2134 = CARTESIAN_POINT('',(2.261787459482,3.333333333333E-02));
#2135 = CARTESIAN_POINT('',(2.186018704314,3.333333333333E-02));
#2136 = CARTESIAN_POINT('',(2.154305640465,3.333333333333E-02));
#2137 = CARTESIAN_POINT('',(2.122810107662,3.333333333333E-02));
#2138 = CARTESIAN_POINT('',(2.091516411741,3.333333333333E-02));
#2139 = CARTESIAN_POINT('',(2.060408278604,3.333333333333E-02));
#2140 = CARTESIAN_POINT('',(1.951220491846,3.333333333333E-02));
#2141 = CARTESIAN_POINT('',(1.874073272456,3.333333333333E-02));
#2142 = CARTESIAN_POINT('',(1.797710618493,3.333333333333E-02));
#2143 = CARTESIAN_POINT('',(1.721886130739,3.333333333333E-02));
#2144 = CARTESIAN_POINT('',(1.646350685485,3.333333333333E-02));
#2145 = CARTESIAN_POINT('',(1.516670202806,3.333333333333E-02));
#2146 = CARTESIAN_POINT('',(1.462547558559,3.333333333333E-02));
#2147 = CARTESIAN_POINT('',(1.408322381237,3.333333333333E-02));
#2148 = CARTESIAN_POINT('',(1.353900080388,3.333333333333E-02));
#2149 = CARTESIAN_POINT('',(1.29918546004,3.333333333333E-02));
#2150 = CARTESIAN_POINT('',(1.222255488594,3.333333333333E-02));
#2151 = CARTESIAN_POINT('',(1.200378168756,3.333333333333E-02));
#2152 = CARTESIAN_POINT('',(1.178432519345,3.333333333333E-02));
#2153 = CARTESIAN_POINT('',(1.156412350085,3.333333333333E-02));
#2154 = CARTESIAN_POINT('',(1.134311492392,3.333333333333E-02));
#2155 = CARTESIAN_POINT('',(1.081184374975,3.333333333333E-02));
#2156 = CARTESIAN_POINT('',(1.050076241828,3.333333333333E-02));
#2157 = CARTESIAN_POINT('',(1.0187825459,3.333333333333E-02));
#2158 = CARTESIAN_POINT('',(0.987287013096,3.333333333333E-02));
#2159 = CARTESIAN_POINT('',(0.955573949256,3.333333333333E-02));
#2160 = CARTESIAN_POINT('',(0.879805194098,3.333333333333E-02));
#2161 = CARTESIAN_POINT('',(0.835546321436,3.333333333333E-02));
#2162 = CARTESIAN_POINT('',(0.790809885829,3.333333333333E-02));
#2163 = CARTESIAN_POINT('',(0.745563332427,3.333333333333E-02));
#2164 = CARTESIAN_POINT('',(0.699782573147,3.333333333333E-02));
#2165 = CARTESIAN_POINT('',(0.614622644214,3.333333333333E-02));
#2166 = CARTESIAN_POINT('',(0.575408814025,3.333333333333E-02));
#2167 = CARTESIAN_POINT('',(0.535802605107,3.333333333333E-02));
#2168 = CARTESIAN_POINT('',(0.495804574937,3.333333333333E-02));
#2169 = CARTESIAN_POINT('',(0.455425728204,3.333333333333E-02));
#2170 = CARTESIAN_POINT('',(0.347409789829,3.333333333333E-02));
#2171 = CARTESIAN_POINT('',(0.279120561464,3.333333333333E-02));
#2172 = CARTESIAN_POINT('',(0.209999753861,3.333333333333E-02));
#2173 = CARTESIAN_POINT('',(0.140245414706,3.333333333333E-02));
#2174 = CARTESIAN_POINT('',(7.009878637174E-02,3.333333333333E-02));
#2175 = CARTESIAN_POINT('',(0.,3.333333333333E-02));
#2176 = ( GEOMETRIC_REPRESENTATION_CONTEXT(2) 
PARAMETRIC_REPRESENTATION_CONTEXT() REPRESENTATION_CONTEXT('2D SPACE',''
  ) );
#2177 = FACE_BOUND('',#2178,.T.);
#2178 = EDGE_LOOP('',(#2179,#2207,#2233,#2259,#2285,#2311,#2337,#2363,
    #2389,#2415,#2441,#2467,#2493,#2519,#2545,#2571));
#2179 = ORIENTED_EDGE('',*,*,#2180,.F.);
#2180 = EDGE_CURVE('',#2181,#2183,#2185,.T.);
#2181 = VERTEX_POINT('',#2182);
#2182 = CARTESIAN_POINT('',(1.8,5.,3.2));
#2183 = VERTEX_POINT('',#2184);
#2184 = CARTESIAN_POINT('',(2.225,5.,3.2));
#2185 = SURFACE_CURVE('',#2186,(#2190,#2196),.PCURVE_S1.);
#2186 = LINE('',#2187,#2188);
#2187 = CARTESIAN_POINT('',(1.1125,5.,3.2));
#2188 = VECTOR('',#2189,1.);
#2189 = DIRECTION('',(1.,-1.224646799147E-16,0.));
#2190 = PCURVE('',#631,#2191);
#2191 = DEFINITIONAL_REPRESENTATION('',(#2192),#2195);
#2192 = B_SPLINE_CURVE_WITH_KNOTS('',1,(#2193,#2194),.UNSPECIFIED.,.F.,
  .F.,(2,2),(0.2625,1.1125),.PIECEWISE_BEZIER_KNOTS.);
#2193 = CARTESIAN_POINT('',(1.375,5.));
#2194 = CARTESIAN_POINT('',(2.225,5.));
#2195 = ( GEOMETRIC_REPRESENTATION_CONTEXT(2) 
PARAMETRIC_REPRESENTATION_CONTEXT() REPRESENTATION_CONTEXT('2D SPACE',''
  ) );
#2196 = PCURVE('',#2197,#2202);
#2197 = PLANE('',#2198);
#2198 = AXIS2_PLACEMENT_3D('',#2199,#2200,#2201);
#2199 = CARTESIAN_POINT('',(2.225,5.,3.05));
#2200 = DIRECTION('',(-1.224646799147E-16,-1.,0.));
#2201 = DIRECTION('',(0.,0.,1.));
#2202 = DEFINITIONAL_REPRESENTATION('',(#2203),#2206);
#2203 = B_SPLINE_CURVE_WITH_KNOTS('',1,(#2204,#2205),.UNSPECIFIED.,.F.,
  .F.,(2,2),(0.2625,1.1125),.PIECEWISE_BEZIER_KNOTS.);
#2204 = CARTESIAN_POINT('',(0.15,0.85));
#2205 = CARTESIAN_POINT('',(0.15,0.));
#2206 = ( GEOMETRIC_REPRESENTATION_CONTEXT(2) 
PARAMETRIC_REPRESENTATION_CONTEXT() REPRESENTATION_CONTEXT('2D SPACE',''
  ) );
#2207 = ORIENTED_EDGE('',*,*,#2208,.T.);
#2208 = EDGE_CURVE('',#2181,#2209,#2211,.T.);
#2209 = VERTEX_POINT('',#2210);
#2210 = CARTESIAN_POINT('',(1.8,4.575,3.2));
#2211 = SURFACE_CURVE('',#2212,(#2216,#2222),.PCURVE_S1.);
#2212 = LINE('',#2213,#2214);
#2213 = CARTESIAN_POINT('',(1.8,2.7125,3.2));
#2214 = VECTOR('',#2215,1.);
#2215 = DIRECTION('',(-1.224646799147E-16,-1.,0.));
#2216 = PCURVE('',#631,#2217);
#2217 = DEFINITIONAL_REPRESENTATION('',(#2218),#2221);
#2218 = B_SPLINE_CURVE_WITH_KNOTS('',1,(#2219,#2220),.UNSPECIFIED.,.F.,
  .F.,(2,2),(-2.7125,-1.8625),.PIECEWISE_BEZIER_KNOTS.);
#2219 = CARTESIAN_POINT('',(1.8,5.425));
#2220 = CARTESIAN_POINT('',(1.8,4.575));
#2221 = ( GEOMETRIC_REPRESENTATION_CONTEXT(2) 
PARAMETRIC_REPRESENTATION_CONTEXT() REPRESENTATION_CONTEXT('2D SPACE',''
  ) );
#2222 = PCURVE('',#2223,#2228);
#2223 = PLANE('',#2224);
#2224 = AXIS2_PLACEMENT_3D('',#2225,#2226,#2227);
#2225 = CARTESIAN_POINT('',(1.8,5.425,3.05));
#2226 = DIRECTION('',(-1.,1.224646799147E-16,0.));
#2227 = DIRECTION('',(0.,0.,1.));
#2228 = DEFINITIONAL_REPRESENTATION('',(#2229),#2232);
#2229 = B_SPLINE_CURVE_WITH_KNOTS('',1,(#2230,#2231),.UNSPECIFIED.,.F.,
  .F.,(2,2),(-2.7125,-1.8625),.PIECEWISE_BEZIER_KNOTS.);
#2230 = CARTESIAN_POINT('',(0.15,0.));
#2231 = CARTESIAN_POINT('',(0.15,-0.85));
#2232 = ( GEOMETRIC_REPRESENTATION_CONTEXT(2) 
PARAMETRIC_REPRESENTATION_CONTEXT() REPRESENTATION_CONTEXT('2D SPACE',''
  ) );
#2233 = ORIENTED_EDGE('',*,*,#2234,.F.);
#2234 = EDGE_CURVE('',#2235,#2209,#2237,.T.);
#2235 = VERTEX_POINT('',#2236);
#2236 = CARTESIAN_POINT('',(-1.8,4.575,3.2));
#2237 = SURFACE_CURVE('',#2238,(#2242,#2248),.PCURVE_S1.);
#2238 = LINE('',#2239,#2240);
#2239 = CARTESIAN_POINT('',(0.9,4.575,3.2));
#2240 = VECTOR('',#2241,1.);
#2241 = DIRECTION('',(1.,-1.224646799147E-16,0.));
#2242 = PCURVE('',#631,#2243);
#2243 = DEFINITIONAL_REPRESENTATION('',(#2244),#2247);
#2244 = B_SPLINE_CURVE_WITH_KNOTS('',1,(#2245,#2246),.UNSPECIFIED.,.F.,
  .F.,(2,2),(-2.7,0.9),.PIECEWISE_BEZIER_KNOTS.);
#2245 = CARTESIAN_POINT('',(-1.8,4.575));
#2246 = CARTESIAN_POINT('',(1.8,4.575));
#2247 = ( GEOMETRIC_REPRESENTATION_CONTEXT(2) 
PARAMETRIC_REPRESENTATION_CONTEXT() REPRESENTATION_CONTEXT('2D SPACE',''
  ) );
#2248 = PCURVE('',#2249,#2254);
#2249 = PLANE('',#2250);
#2250 = AXIS2_PLACEMENT_3D('',#2251,#2252,#2253);
#2251 = CARTESIAN_POINT('',(1.8,4.575,3.05));
#2252 = DIRECTION('',(-1.224646799147E-16,-1.,0.));
#2253 = DIRECTION('',(0.,0.,1.));
#2254 = DEFINITIONAL_REPRESENTATION('',(#2255),#2258);
#2255 = B_SPLINE_CURVE_WITH_KNOTS('',1,(#2256,#2257),.UNSPECIFIED.,.F.,
  .F.,(2,2),(-2.7,0.9),.PIECEWISE_BEZIER_KNOTS.);
#2256 = CARTESIAN_POINT('',(0.15,3.6));
#2257 = CARTESIAN_POINT('',(0.15,0.));
#2258 = ( GEOMETRIC_REPRESENTATION_CONTEXT(2) 
PARAMETRIC_REPRESENTATION_CONTEXT() REPRESENTATION_CONTEXT('2D SPACE',''
  ) );
#2259 = ORIENTED_EDGE('',*,*,#2260,.F.);
#2260 = EDGE_CURVE('',#2261,#2235,#2263,.T.);
#2261 = VERTEX_POINT('',#2262);
#2262 = CARTESIAN_POINT('',(-1.8,5.425,3.2));
#2263 = SURFACE_CURVE('',#2264,(#2268,#2274),.PCURVE_S1.);
#2264 = LINE('',#2265,#2266);
#2265 = CARTESIAN_POINT('',(-1.8,2.7125,3.2));
#2266 = VECTOR('',#2267,1.);
#2267 = DIRECTION('',(-1.224646799147E-16,-1.,0.));
#2268 = PCURVE('',#631,#2269);
#2269 = DEFINITIONAL_REPRESENTATION('',(#2270),#2273);
#2270 = B_SPLINE_CURVE_WITH_KNOTS('',1,(#2271,#2272),.UNSPECIFIED.,.F.,
  .F.,(2,2),(-2.7125,-1.8625),.PIECEWISE_BEZIER_KNOTS.);
#2271 = CARTESIAN_POINT('',(-1.8,5.425));
#2272 = CARTESIAN_POINT('',(-1.8,4.575));
#2273 = ( GEOMETRIC_REPRESENTATION_CONTEXT(2) 
PARAMETRIC_REPRESENTATION_CONTEXT() REPRESENTATION_CONTEXT('2D SPACE',''
  ) );
#2274 = PCURVE('',#2275,#2280);
#2275 = PLANE('',#2276);
#2276 = AXIS2_PLACEMENT_3D('',#2277,#2278,#2279);
#2277 = CARTESIAN_POINT('',(-1.8,5.425,3.05));
#2278 = DIRECTION('',(-1.,1.224646799147E-16,0.));
#2279 = DIRECTION('',(0.,0.,1.));
#2280 = DEFINITIONAL_REPRESENTATION('',(#2281),#2284);
#2281 = B_SPLINE_CURVE_WITH_KNOTS('',1,(#2282,#2283),.UNSPECIFIED.,.F.,
  .F.,(2,2),(-2.7125,-1.8625),.PIECEWISE_BEZIER_KNOTS.);
#2282 = CARTESIAN_POINT('',(0.15,0.));
#2283 = CARTESIAN_POINT('',(0.15,-0.85));
#2284 = ( GEOMETRIC_REPRESENTATION_CONTEXT(2) 
PARAMETRIC_REPRESENTATION_CONTEXT() REPRESENTATION_CONTEXT('2D SPACE',''
  ) );
#2285 = ORIENTED_EDGE('',*,*,#2286,.T.);
#2286 = EDGE_CURVE('',#2261,#2287,#2289,.T.);
#2287 = VERTEX_POINT('',#2288);
#2288 = CARTESIAN_POINT('',(1.375,5.425,3.2));
#2289 = SURFACE_CURVE('',#2290,(#2294,#2300),.PCURVE_S1.);
#2290 = LINE('',#2291,#2292);
#2291 = CARTESIAN_POINT('',(0.9,5.425,3.2));
#2292 = VECTOR('',#2293,1.);
#2293 = DIRECTION('',(1.,-1.224646799147E-16,0.));
#2294 = PCURVE('',#631,#2295);
#2295 = DEFINITIONAL_REPRESENTATION('',(#2296),#2299);
#2296 = B_SPLINE_CURVE_WITH_KNOTS('',1,(#2297,#2298),.UNSPECIFIED.,.F.,
  .F.,(2,2),(-2.7,0.9),.PIECEWISE_BEZIER_KNOTS.);
#2297 = CARTESIAN_POINT('',(-1.8,5.425));
#2298 = CARTESIAN_POINT('',(1.8,5.425));
#2299 = ( GEOMETRIC_REPRESENTATION_CONTEXT(2) 
PARAMETRIC_REPRESENTATION_CONTEXT() REPRESENTATION_CONTEXT('2D SPACE',''
  ) );
#2300 = PCURVE('',#2301,#2306);
#2301 = PLANE('',#2302);
#2302 = AXIS2_PLACEMENT_3D('',#2303,#2304,#2305);
#2303 = CARTESIAN_POINT('',(1.8,5.425,3.05));
#2304 = DIRECTION('',(-1.224646799147E-16,-1.,0.));
#2305 = DIRECTION('',(0.,0.,1.));
#2306 = DEFINITIONAL_REPRESENTATION('',(#2307),#2310);
#2307 = B_SPLINE_CURVE_WITH_KNOTS('',1,(#2308,#2309),.UNSPECIFIED.,.F.,
  .F.,(2,2),(-2.7,0.9),.PIECEWISE_BEZIER_KNOTS.);
#2308 = CARTESIAN_POINT('',(0.15,3.6));
#2309 = CARTESIAN_POINT('',(0.15,0.));
#2310 = ( GEOMETRIC_REPRESENTATION_CONTEXT(2) 
PARAMETRIC_REPRESENTATION_CONTEXT() REPRESENTATION_CONTEXT('2D SPACE',''
  ) );
#2311 = ORIENTED_EDGE('',*,*,#2312,.F.);
#2312 = EDGE_CURVE('',#2313,#2287,#2315,.T.);
#2313 = VERTEX_POINT('',#2314);
#2314 = CARTESIAN_POINT('',(1.375,7.075,3.2));
#2315 = SURFACE_CURVE('',#2316,(#2320,#2326),.PCURVE_S1.);
#2316 = LINE('',#2317,#2318);
#2317 = CARTESIAN_POINT('',(1.375,3.75,3.2));
#2318 = VECTOR('',#2319,1.);
#2319 = DIRECTION('',(-1.224646799147E-16,-1.,0.));
#2320 = PCURVE('',#631,#2321);
#2321 = DEFINITIONAL_REPRESENTATION('',(#2322),#2325);
#2322 = B_SPLINE_CURVE_WITH_KNOTS('',1,(#2323,#2324),.UNSPECIFIED.,.F.,
  .F.,(2,2),(-3.75,-1.25),.PIECEWISE_BEZIER_KNOTS.);
#2323 = CARTESIAN_POINT('',(1.375,7.5));
#2324 = CARTESIAN_POINT('',(1.375,5.));
#2325 = ( GEOMETRIC_REPRESENTATION_CONTEXT(2) 
PARAMETRIC_REPRESENTATION_CONTEXT() REPRESENTATION_CONTEXT('2D SPACE',''
  ) );
#2326 = PCURVE('',#2327,#2332);
#2327 = PLANE('',#2328);
#2328 = AXIS2_PLACEMENT_3D('',#2329,#2330,#2331);
#2329 = CARTESIAN_POINT('',(1.375,7.5,3.05));
#2330 = DIRECTION('',(-1.,1.224646799147E-16,0.));
#2331 = DIRECTION('',(0.,0.,1.));
#2332 = DEFINITIONAL_REPRESENTATION('',(#2333),#2336);
#2333 = B_SPLINE_CURVE_WITH_KNOTS('',1,(#2334,#2335),.UNSPECIFIED.,.F.,
  .F.,(2,2),(-3.75,-1.25),.PIECEWISE_BEZIER_KNOTS.);
#2334 = CARTESIAN_POINT('',(0.15,0.));
#2335 = CARTESIAN_POINT('',(0.15,-2.5));
#2336 = ( GEOMETRIC_REPRESENTATION_CONTEXT(2) 
PARAMETRIC_REPRESENTATION_CONTEXT() REPRESENTATION_CONTEXT('2D SPACE',''
  ) );
#2337 = ORIENTED_EDGE('',*,*,#2338,.F.);
#2338 = EDGE_CURVE('',#2339,#2313,#2341,.T.);
#2339 = VERTEX_POINT('',#2340);
#2340 = CARTESIAN_POINT('',(-1.8,7.075,3.2));
#2341 = SURFACE_CURVE('',#2342,(#2346,#2352),.PCURVE_S1.);
#2342 = LINE('',#2343,#2344);
#2343 = CARTESIAN_POINT('',(0.9,7.075,3.2));
#2344 = VECTOR('',#2345,1.);
#2345 = DIRECTION('',(1.,-1.224646799147E-16,0.));
#2346 = PCURVE('',#631,#2347);
#2347 = DEFINITIONAL_REPRESENTATION('',(#2348),#2351);
#2348 = B_SPLINE_CURVE_WITH_KNOTS('',1,(#2349,#2350),.UNSPECIFIED.,.F.,
  .F.,(2,2),(-2.7,0.9),.PIECEWISE_BEZIER_KNOTS.);
#2349 = CARTESIAN_POINT('',(-1.8,7.075));
#2350 = CARTESIAN_POINT('',(1.8,7.075));
#2351 = ( GEOMETRIC_REPRESENTATION_CONTEXT(2) 
PARAMETRIC_REPRESENTATION_CONTEXT() REPRESENTATION_CONTEXT('2D SPACE',''
  ) );
#2352 = PCURVE('',#2353,#2358);
#2353 = PLANE('',#2354);
#2354 = AXIS2_PLACEMENT_3D('',#2355,#2356,#2357);
#2355 = CARTESIAN_POINT('',(1.8,7.075,3.05));
#2356 = DIRECTION('',(-1.224646799147E-16,-1.,0.));
#2357 = DIRECTION('',(0.,0.,1.));
#2358 = DEFINITIONAL_REPRESENTATION('',(#2359),#2362);
#2359 = B_SPLINE_CURVE_WITH_KNOTS('',1,(#2360,#2361),.UNSPECIFIED.,.F.,
  .F.,(2,2),(-2.7,0.9),.PIECEWISE_BEZIER_KNOTS.);
#2360 = CARTESIAN_POINT('',(0.15,3.6));
#2361 = CARTESIAN_POINT('',(0.15,0.));
#2362 = ( GEOMETRIC_REPRESENTATION_CONTEXT(2) 
PARAMETRIC_REPRESENTATION_CONTEXT() REPRESENTATION_CONTEXT('2D SPACE',''
  ) );
#2363 = ORIENTED_EDGE('',*,*,#2364,.F.);
#2364 = EDGE_CURVE('',#2365,#2339,#2367,.T.);
#2365 = VERTEX_POINT('',#2366);
#2366 = CARTESIAN_POINT('',(-1.8,7.5,3.2));
#2367 = SURFACE_CURVE('',#2368,(#2372,#2378),.PCURVE_S1.);
#2368 = LINE('',#2369,#2370);
#2369 = CARTESIAN_POINT('',(-1.8,3.9625,3.2));
#2370 = VECTOR('',#2371,1.);
#2371 = DIRECTION('',(-1.224646799147E-16,-1.,0.));
#2372 = PCURVE('',#631,#2373);
#2373 = DEFINITIONAL_REPRESENTATION('',(#2374),#2377);
#2374 = B_SPLINE_CURVE_WITH_KNOTS('',1,(#2375,#2376),.UNSPECIFIED.,.F.,
  .F.,(2,2),(-3.9625,-3.1125),.PIECEWISE_BEZIER_KNOTS.);
#2375 = CARTESIAN_POINT('',(-1.8,7.925));
#2376 = CARTESIAN_POINT('',(-1.8,7.075));
#2377 = ( GEOMETRIC_REPRESENTATION_CONTEXT(2) 
PARAMETRIC_REPRESENTATION_CONTEXT() REPRESENTATION_CONTEXT('2D SPACE',''
  ) );
#2378 = PCURVE('',#2379,#2384);
#2379 = PLANE('',#2380);
#2380 = AXIS2_PLACEMENT_3D('',#2381,#2382,#2383);
#2381 = CARTESIAN_POINT('',(-1.8,7.925,3.05));
#2382 = DIRECTION('',(-1.,1.224646799147E-16,0.));
#2383 = DIRECTION('',(0.,0.,1.));
#2384 = DEFINITIONAL_REPRESENTATION('',(#2385),#2388);
#2385 = B_SPLINE_CURVE_WITH_KNOTS('',1,(#2386,#2387),.UNSPECIFIED.,.F.,
  .F.,(2,2),(-3.9625,-3.1125),.PIECEWISE_BEZIER_KNOTS.);
#2386 = CARTESIAN_POINT('',(0.15,0.));
#2387 = CARTESIAN_POINT('',(0.15,-0.85));
#2388 = ( GEOMETRIC_REPRESENTATION_CONTEXT(2) 
PARAMETRIC_REPRESENTATION_CONTEXT() REPRESENTATION_CONTEXT('2D SPACE',''
  ) );
#2389 = ORIENTED_EDGE('',*,*,#2390,.F.);
#2390 = EDGE_CURVE('',#2391,#2365,#2393,.T.);
#2391 = VERTEX_POINT('',#2392);
#2392 = CARTESIAN_POINT('',(-2.225,7.5,3.2));
#2393 = SURFACE_CURVE('',#2394,(#2398,#2404),.PCURVE_S1.);
#2394 = LINE('',#2395,#2396);
#2395 = CARTESIAN_POINT('',(-0.6875,7.5,3.2));
#2396 = VECTOR('',#2397,1.);
#2397 = DIRECTION('',(1.,-1.224646799147E-16,0.));
#2398 = PCURVE('',#631,#2399);
#2399 = DEFINITIONAL_REPRESENTATION('',(#2400),#2403);
#2400 = B_SPLINE_CURVE_WITH_KNOTS('',1,(#2401,#2402),.UNSPECIFIED.,.F.,
  .F.,(2,2),(-1.5375,-0.6875),.PIECEWISE_BEZIER_KNOTS.);
#2401 = CARTESIAN_POINT('',(-2.225,7.5));
#2402 = CARTESIAN_POINT('',(-1.375,7.5));
#2403 = ( GEOMETRIC_REPRESENTATION_CONTEXT(2) 
PARAMETRIC_REPRESENTATION_CONTEXT() REPRESENTATION_CONTEXT('2D SPACE',''
  ) );
#2404 = PCURVE('',#2405,#2410);
#2405 = PLANE('',#2406);
#2406 = AXIS2_PLACEMENT_3D('',#2407,#2408,#2409);
#2407 = CARTESIAN_POINT('',(-1.375,7.5,3.05));
#2408 = DIRECTION('',(-1.224646799147E-16,-1.,0.));
#2409 = DIRECTION('',(0.,0.,1.));
#2410 = DEFINITIONAL_REPRESENTATION('',(#2411),#2414);
#2411 = B_SPLINE_CURVE_WITH_KNOTS('',1,(#2412,#2413),.UNSPECIFIED.,.F.,
  .F.,(2,2),(-1.5375,-0.6875),.PIECEWISE_BEZIER_KNOTS.);
#2412 = CARTESIAN_POINT('',(0.15,0.85));
#2413 = CARTESIAN_POINT('',(0.15,0.));
#2414 = ( GEOMETRIC_REPRESENTATION_CONTEXT(2) 
PARAMETRIC_REPRESENTATION_CONTEXT() REPRESENTATION_CONTEXT('2D SPACE',''
  ) );
#2415 = ORIENTED_EDGE('',*,*,#2416,.F.);
#2416 = EDGE_CURVE('',#2417,#2391,#2419,.T.);
#2417 = VERTEX_POINT('',#2418);
#2418 = CARTESIAN_POINT('',(-2.225,10.,3.2));
#2419 = SURFACE_CURVE('',#2420,(#2424,#2430),.PCURVE_S1.);
#2420 = LINE('',#2421,#2422);
#2421 = CARTESIAN_POINT('',(-2.225,5.,3.2));
#2422 = VECTOR('',#2423,1.);
#2423 = DIRECTION('',(-1.224646799147E-16,-1.,0.));
#2424 = PCURVE('',#631,#2425);
#2425 = DEFINITIONAL_REPRESENTATION('',(#2426),#2429);
#2426 = B_SPLINE_CURVE_WITH_KNOTS('',1,(#2427,#2428),.UNSPECIFIED.,.F.,
  .F.,(2,2),(-5.,-2.5),.PIECEWISE_BEZIER_KNOTS.);
#2427 = CARTESIAN_POINT('',(-2.225,10.));
#2428 = CARTESIAN_POINT('',(-2.225,7.5));
#2429 = ( GEOMETRIC_REPRESENTATION_CONTEXT(2) 
PARAMETRIC_REPRESENTATION_CONTEXT() REPRESENTATION_CONTEXT('2D SPACE',''
  ) );
#2430 = PCURVE('',#2431,#2436);
#2431 = PLANE('',#2432);
#2432 = AXIS2_PLACEMENT_3D('',#2433,#2434,#2435);
#2433 = CARTESIAN_POINT('',(-2.225,10.,3.05));
#2434 = DIRECTION('',(-1.,1.224646799147E-16,0.));
#2435 = DIRECTION('',(0.,0.,1.));
#2436 = DEFINITIONAL_REPRESENTATION('',(#2437),#2440);
#2437 = B_SPLINE_CURVE_WITH_KNOTS('',1,(#2438,#2439),.UNSPECIFIED.,.F.,
  .F.,(2,2),(-5.,-2.5),.PIECEWISE_BEZIER_KNOTS.);
#2438 = CARTESIAN_POINT('',(0.15,0.));
#2439 = CARTESIAN_POINT('',(0.15,-2.5));
#2440 = ( GEOMETRIC_REPRESENTATION_CONTEXT(2) 
PARAMETRIC_REPRESENTATION_CONTEXT() REPRESENTATION_CONTEXT('2D SPACE',''
  ) );
#2441 = ORIENTED_EDGE('',*,*,#2442,.T.);
#2442 = EDGE_CURVE('',#2417,#2443,#2445,.T.);
#2443 = VERTEX_POINT('',#2444);
#2444 = CARTESIAN_POINT('',(-1.8,10.,3.2));
#2445 = SURFACE_CURVE('',#2446,(#2450,#2456),.PCURVE_S1.);
#2446 = LINE('',#2447,#2448);
#2447 = CARTESIAN_POINT('',(-0.6875,10.,3.2));
#2448 = VECTOR('',#2449,1.);
#2449 = DIRECTION('',(1.,-1.224646799147E-16,0.));
#2450 = PCURVE('',#631,#2451);
#2451 = DEFINITIONAL_REPRESENTATION('',(#2452),#2455);
#2452 = B_SPLINE_CURVE_WITH_KNOTS('',1,(#2453,#2454),.UNSPECIFIED.,.F.,
  .F.,(2,2),(-1.5375,-0.6875),.PIECEWISE_BEZIER_KNOTS.);
#2453 = CARTESIAN_POINT('',(-2.225,10.));
#2454 = CARTESIAN_POINT('',(-1.375,10.));
#2455 = ( GEOMETRIC_REPRESENTATION_CONTEXT(2) 
PARAMETRIC_REPRESENTATION_CONTEXT() REPRESENTATION_CONTEXT('2D SPACE',''
  ) );
#2456 = PCURVE('',#2457,#2462);
#2457 = PLANE('',#2458);
#2458 = AXIS2_PLACEMENT_3D('',#2459,#2460,#2461);
#2459 = CARTESIAN_POINT('',(-1.375,10.,3.05));
#2460 = DIRECTION('',(-1.224646799147E-16,-1.,0.));
#2461 = DIRECTION('',(0.,0.,1.));
#2462 = DEFINITIONAL_REPRESENTATION('',(#2463),#2466);
#2463 = B_SPLINE_CURVE_WITH_KNOTS('',1,(#2464,#2465),.UNSPECIFIED.,.F.,
  .F.,(2,2),(-1.5375,-0.6875),.PIECEWISE_BEZIER_KNOTS.);
#2464 = CARTESIAN_POINT('',(0.15,0.85));
#2465 = CARTESIAN_POINT('',(0.15,0.));
#2466 = ( GEOMETRIC_REPRESENTATION_CONTEXT(2) 
PARAMETRIC_REPRESENTATION_CONTEXT() REPRESENTATION_CONTEXT('2D SPACE',''
  ) );
#2467 = ORIENTED_EDGE('',*,*,#2468,.F.);
#2468 = EDGE_CURVE('',#2469,#2443,#2471,.T.);
#2469 = VERTEX_POINT('',#2470);
#2470 = CARTESIAN_POINT('',(-1.8,10.425,3.2));
#2471 = SURFACE_CURVE('',#2472,(#2476,#2482),.PCURVE_S1.);
#2472 = LINE('',#2473,#2474);
#2473 = CARTESIAN_POINT('',(-1.8,5.2125,3.2));
#2474 = VECTOR('',#2475,1.);
#2475 = DIRECTION('',(-1.224646799147E-16,-1.,0.));
#2476 = PCURVE('',#631,#2477);
#2477 = DEFINITIONAL_REPRESENTATION('',(#2478),#2481);
#2478 = B_SPLINE_CURVE_WITH_KNOTS('',1,(#2479,#2480),.UNSPECIFIED.,.F.,
  .F.,(2,2),(-5.2125,-4.3625),.PIECEWISE_BEZIER_KNOTS.);
#2479 = CARTESIAN_POINT('',(-1.8,10.425));
#2480 = CARTESIAN_POINT('',(-1.8,9.575));
#2481 = ( GEOMETRIC_REPRESENTATION_CONTEXT(2) 
PARAMETRIC_REPRESENTATION_CONTEXT() REPRESENTATION_CONTEXT('2D SPACE',''
  ) );
#2482 = PCURVE('',#2483,#2488);
#2483 = PLANE('',#2484);
#2484 = AXIS2_PLACEMENT_3D('',#2485,#2486,#2487);
#2485 = CARTESIAN_POINT('',(-1.8,10.425,3.05));
#2486 = DIRECTION('',(-1.,1.224646799147E-16,0.));
#2487 = DIRECTION('',(0.,0.,1.));
#2488 = DEFINITIONAL_REPRESENTATION('',(#2489),#2492);
#2489 = B_SPLINE_CURVE_WITH_KNOTS('',1,(#2490,#2491),.UNSPECIFIED.,.F.,
  .F.,(2,2),(-5.2125,-4.3625),.PIECEWISE_BEZIER_KNOTS.);
#2490 = CARTESIAN_POINT('',(0.15,0.));
#2491 = CARTESIAN_POINT('',(0.15,-0.85));
#2492 = ( GEOMETRIC_REPRESENTATION_CONTEXT(2) 
PARAMETRIC_REPRESENTATION_CONTEXT() REPRESENTATION_CONTEXT('2D SPACE',''
  ) );
#2493 = ORIENTED_EDGE('',*,*,#2494,.T.);
#2494 = EDGE_CURVE('',#2469,#2495,#2497,.T.);
#2495 = VERTEX_POINT('',#2496);
#2496 = CARTESIAN_POINT('',(1.8,10.425,3.2));
#2497 = SURFACE_CURVE('',#2498,(#2502,#2508),.PCURVE_S1.);
#2498 = LINE('',#2499,#2500);
#2499 = CARTESIAN_POINT('',(0.9,10.425,3.2));
#2500 = VECTOR('',#2501,1.);
#2501 = DIRECTION('',(1.,-1.224646799147E-16,0.));
#2502 = PCURVE('',#631,#2503);
#2503 = DEFINITIONAL_REPRESENTATION('',(#2504),#2507);
#2504 = B_SPLINE_CURVE_WITH_KNOTS('',1,(#2505,#2506),.UNSPECIFIED.,.F.,
  .F.,(2,2),(-2.7,0.9),.PIECEWISE_BEZIER_KNOTS.);
#2505 = CARTESIAN_POINT('',(-1.8,10.425));
#2506 = CARTESIAN_POINT('',(1.8,10.425));
#2507 = ( GEOMETRIC_REPRESENTATION_CONTEXT(2) 
PARAMETRIC_REPRESENTATION_CONTEXT() REPRESENTATION_CONTEXT('2D SPACE',''
  ) );
#2508 = PCURVE('',#2509,#2514);
#2509 = PLANE('',#2510);
#2510 = AXIS2_PLACEMENT_3D('',#2511,#2512,#2513);
#2511 = CARTESIAN_POINT('',(1.8,10.425,3.05));
#2512 = DIRECTION('',(-1.224646799147E-16,-1.,0.));
#2513 = DIRECTION('',(0.,0.,1.));
#2514 = DEFINITIONAL_REPRESENTATION('',(#2515),#2518);
#2515 = B_SPLINE_CURVE_WITH_KNOTS('',1,(#2516,#2517),.UNSPECIFIED.,.F.,
  .F.,(2,2),(-2.7,0.9),.PIECEWISE_BEZIER_KNOTS.);
#2516 = CARTESIAN_POINT('',(0.15,3.6));
#2517 = CARTESIAN_POINT('',(0.15,0.));
#2518 = ( GEOMETRIC_REPRESENTATION_CONTEXT(2) 
PARAMETRIC_REPRESENTATION_CONTEXT() REPRESENTATION_CONTEXT('2D SPACE',''
  ) );
#2519 = ORIENTED_EDGE('',*,*,#2520,.T.);
#2520 = EDGE_CURVE('',#2495,#2521,#2523,.T.);
#2521 = VERTEX_POINT('',#2522);
#2522 = CARTESIAN_POINT('',(1.8,10.,3.2));
#2523 = SURFACE_CURVE('',#2524,(#2528,#2534),.PCURVE_S1.);
#2524 = LINE('',#2525,#2526);
#2525 = CARTESIAN_POINT('',(1.8,5.2125,3.2));
#2526 = VECTOR('',#2527,1.);
#2527 = DIRECTION('',(-1.224646799147E-16,-1.,0.));
#2528 = PCURVE('',#631,#2529);
#2529 = DEFINITIONAL_REPRESENTATION('',(#2530),#2533);
#2530 = B_SPLINE_CURVE_WITH_KNOTS('',1,(#2531,#2532),.UNSPECIFIED.,.F.,
  .F.,(2,2),(-5.2125,-4.3625),.PIECEWISE_BEZIER_KNOTS.);
#2531 = CARTESIAN_POINT('',(1.8,10.425));
#2532 = CARTESIAN_POINT('',(1.8,9.575));
#2533 = ( GEOMETRIC_REPRESENTATION_CONTEXT(2) 
PARAMETRIC_REPRESENTATION_CONTEXT() REPRESENTATION_CONTEXT('2D SPACE',''
  ) );
#2534 = PCURVE('',#2535,#2540);
#2535 = PLANE('',#2536);
#2536 = AXIS2_PLACEMENT_3D('',#2537,#2538,#2539);
#2537 = CARTESIAN_POINT('',(1.8,10.425,3.05));
#2538 = DIRECTION('',(-1.,1.224646799147E-16,0.));
#2539 = DIRECTION('',(0.,0.,1.));
#2540 = DEFINITIONAL_REPRESENTATION('',(#2541),#2544);
#2541 = B_SPLINE_CURVE_WITH_KNOTS('',1,(#2542,#2543),.UNSPECIFIED.,.F.,
  .F.,(2,2),(-5.2125,-4.3625),.PIECEWISE_BEZIER_KNOTS.);
#2542 = CARTESIAN_POINT('',(0.15,0.));
#2543 = CARTESIAN_POINT('',(0.15,-0.85));
#2544 = ( GEOMETRIC_REPRESENTATION_CONTEXT(2) 
PARAMETRIC_REPRESENTATION_CONTEXT() REPRESENTATION_CONTEXT('2D SPACE',''
  ) );
#2545 = ORIENTED_EDGE('',*,*,#2546,.T.);
#2546 = EDGE_CURVE('',#2521,#2547,#2549,.T.);
#2547 = VERTEX_POINT('',#2548);
#2548 = CARTESIAN_POINT('',(2.225,10.,3.2));
#2549 = SURFACE_CURVE('',#2550,(#2554,#2560),.PCURVE_S1.);
#2550 = LINE('',#2551,#2552);
#2551 = CARTESIAN_POINT('',(1.1125,10.,3.2));
#2552 = VECTOR('',#2553,1.);
#2553 = DIRECTION('',(1.,-1.224646799147E-16,0.));
#2554 = PCURVE('',#631,#2555);
#2555 = DEFINITIONAL_REPRESENTATION('',(#2556),#2559);
#2556 = B_SPLINE_CURVE_WITH_KNOTS('',1,(#2557,#2558),.UNSPECIFIED.,.F.,
  .F.,(2,2),(0.2625,1.1125),.PIECEWISE_BEZIER_KNOTS.);
#2557 = CARTESIAN_POINT('',(1.375,10.));
#2558 = CARTESIAN_POINT('',(2.225,10.));
#2559 = ( GEOMETRIC_REPRESENTATION_CONTEXT(2) 
PARAMETRIC_REPRESENTATION_CONTEXT() REPRESENTATION_CONTEXT('2D SPACE',''
  ) );
#2560 = PCURVE('',#2561,#2566);
#2561 = PLANE('',#2562);
#2562 = AXIS2_PLACEMENT_3D('',#2563,#2564,#2565);
#2563 = CARTESIAN_POINT('',(2.225,10.,3.05));
#2564 = DIRECTION('',(-1.224646799147E-16,-1.,0.));
#2565 = DIRECTION('',(0.,0.,1.));
#2566 = DEFINITIONAL_REPRESENTATION('',(#2567),#2570);
#2567 = B_SPLINE_CURVE_WITH_KNOTS('',1,(#2568,#2569),.UNSPECIFIED.,.F.,
  .F.,(2,2),(0.2625,1.1125),.PIECEWISE_BEZIER_KNOTS.);
#2568 = CARTESIAN_POINT('',(0.15,0.85));
#2569 = CARTESIAN_POINT('',(0.15,0.));
#2570 = ( GEOMETRIC_REPRESENTATION_CONTEXT(2) 
PARAMETRIC_REPRESENTATION_CONTEXT() REPRESENTATION_CONTEXT('2D SPACE',''
  ) );
#2571 = ORIENTED_EDGE('',*,*,#2572,.T.);
#2572 = EDGE_CURVE('',#2547,#2183,#2573,.T.);
#2573 = SURFACE_CURVE('',#2574,(#2578,#2585),.PCURVE_S1.);
#2574 = LINE('',#2575,#2576);
#2575 = CARTESIAN_POINT('',(2.225,10.,3.2));
#2576 = VECTOR('',#2577,1.);
#2577 = DIRECTION('',(-1.7763568394E-16,-1.,0.));
#2578 = PCURVE('',#631,#2579);
#2579 = DEFINITIONAL_REPRESENTATION('',(#2580),#2584);
#2580 = LINE('',#2581,#2582);
#2581 = CARTESIAN_POINT('',(2.225,10.));
#2582 = VECTOR('',#2583,1.);
#2583 = DIRECTION('',(-1.7763568394E-16,-1.));
#2584 = ( GEOMETRIC_REPRESENTATION_CONTEXT(2) 
PARAMETRIC_REPRESENTATION_CONTEXT() REPRESENTATION_CONTEXT('2D SPACE',''
  ) );
#2585 = PCURVE('',#2586,#2591);
#2586 = PLANE('',#2587);
#2587 = AXIS2_PLACEMENT_3D('',#2588,#2589,#2590);
#2588 = CARTESIAN_POINT('',(2.225,7.5,3.05));
#2589 = DIRECTION('',(-1.,1.224646799147E-16,0.));
#2590 = DIRECTION('',(0.,0.,1.));
#2591 = DEFINITIONAL_REPRESENTATION('',(#2592),#2596);
#2592 = LINE('',#2593,#2594);
#2593 = CARTESIAN_POINT('',(0.15,2.5));
#2594 = VECTOR('',#2595,1.);
#2595 = DIRECTION('',(0.,-1.));
#2596 = ( GEOMETRIC_REPRESENTATION_CONTEXT(2) 
PARAMETRIC_REPRESENTATION_CONTEXT() REPRESENTATION_CONTEXT('2D SPACE',''
  ) );
#2597 = ADVANCED_FACE('',(#2598),#1374,.T.);
#2598 = FACE_BOUND('',#2599,.T.);
#2599 = EDGE_LOOP('',(#2600,#2601,#2602,#2603));
#2600 = ORIENTED_EDGE('',*,*,#1408,.T.);
#2601 = ORIENTED_EDGE('',*,*,#1359,.F.);
#2602 = ORIENTED_EDGE('',*,*,#1498,.F.);
#2603 = ORIENTED_EDGE('',*,*,#1474,.T.);
#2604 = ADVANCED_FACE('',(#2605),#1541,.F.);
#2605 = FACE_BOUND('',#2606,.F.);
#2606 = EDGE_LOOP('',(#2607,#2630,#2631,#2654));
#2607 = ORIENTED_EDGE('',*,*,#2608,.T.);
#2608 = EDGE_CURVE('',#2609,#1524,#2611,.T.);
#2609 = VERTEX_POINT('',#2610);
#2610 = CARTESIAN_POINT('',(-8.,-11.,0.));
#2611 = SURFACE_CURVE('',#2612,(#2616,#2623),.PCURVE_S1.);
#2612 = LINE('',#2613,#2614);
#2613 = CARTESIAN_POINT('',(-8.,-11.,0.));
#2614 = VECTOR('',#2615,1.);
#2615 = DIRECTION('',(0.,0.,1.));
#2616 = PCURVE('',#1541,#2617);
#2617 = DEFINITIONAL_REPRESENTATION('',(#2618),#2622);
#2618 = LINE('',#2619,#2620);
#2619 = CARTESIAN_POINT('',(0.,0.));
#2620 = VECTOR('',#2621,1.);
#2621 = DIRECTION('',(0.,-1.));
#2622 = ( GEOMETRIC_REPRESENTATION_CONTEXT(2) 
PARAMETRIC_REPRESENTATION_CONTEXT() REPRESENTATION_CONTEXT('2D SPACE',''
  ) );
#2623 = PCURVE('',#1735,#2624);
#2624 = DEFINITIONAL_REPRESENTATION('',(#2625),#2629);
#2625 = LINE('',#2626,#2627);
#2626 = CARTESIAN_POINT('',(4.242640687119,0.));
#2627 = VECTOR('',#2628,1.);
#2628 = DIRECTION('',(0.,-1.));
#2629 = ( GEOMETRIC_REPRESENTATION_CONTEXT(2) 
PARAMETRIC_REPRESENTATION_CONTEXT() REPRESENTATION_CONTEXT('2D SPACE',''
  ) );
#2630 = ORIENTED_EDGE('',*,*,#1523,.T.);
#2631 = ORIENTED_EDGE('',*,*,#2632,.F.);
#2632 = EDGE_CURVE('',#2633,#1526,#2635,.T.);
#2633 = VERTEX_POINT('',#2634);
#2634 = CARTESIAN_POINT('',(8.,-11.,0.));
#2635 = SURFACE_CURVE('',#2636,(#2640,#2647),.PCURVE_S1.);
#2636 = LINE('',#2637,#2638);
#2637 = CARTESIAN_POINT('',(8.,-11.,0.));
#2638 = VECTOR('',#2639,1.);
#2639 = DIRECTION('',(0.,0.,1.));
#2640 = PCURVE('',#1541,#2641);
#2641 = DEFINITIONAL_REPRESENTATION('',(#2642),#2646);
#2642 = LINE('',#2643,#2644);
#2643 = CARTESIAN_POINT('',(16.,0.));
#2644 = VECTOR('',#2645,1.);
#2645 = DIRECTION('',(0.,-1.));
#2646 = ( GEOMETRIC_REPRESENTATION_CONTEXT(2) 
PARAMETRIC_REPRESENTATION_CONTEXT() REPRESENTATION_CONTEXT('2D SPACE',''
  ) );
#2647 = PCURVE('',#1569,#2648);
#2648 = DEFINITIONAL_REPRESENTATION('',(#2649),#2653);
#2649 = LINE('',#2650,#2651);
#2650 = CARTESIAN_POINT('',(0.,0.));
#2651 = VECTOR('',#2652,1.);
#2652 = DIRECTION('',(0.,-1.));
#2653 = ( GEOMETRIC_REPRESENTATION_CONTEXT(2) 
PARAMETRIC_REPRESENTATION_CONTEXT() REPRESENTATION_CONTEXT('2D SPACE',''
  ) );
#2654 = ORIENTED_EDGE('',*,*,#2655,.F.);
#2655 = EDGE_CURVE('',#2609,#2633,#2656,.T.);
#2656 = SURFACE_CURVE('',#2657,(#2661,#2668),.PCURVE_S1.);
#2657 = LINE('',#2658,#2659);
#2658 = CARTESIAN_POINT('',(-8.,-11.,0.));
#2659 = VECTOR('',#2660,1.);
#2660 = DIRECTION('',(1.,0.,0.));
#2661 = PCURVE('',#1541,#2662);
#2662 = DEFINITIONAL_REPRESENTATION('',(#2663),#2667);
#2663 = LINE('',#2664,#2665);
#2664 = CARTESIAN_POINT('',(0.,0.));
#2665 = VECTOR('',#2666,1.);
#2666 = DIRECTION('',(1.,0.));
#2667 = ( GEOMETRIC_REPRESENTATION_CONTEXT(2) 
PARAMETRIC_REPRESENTATION_CONTEXT() REPRESENTATION_CONTEXT('2D SPACE',''
  ) );
#2668 = PCURVE('',#2669,#2674);
#2669 = PLANE('',#2670);
#2670 = AXIS2_PLACEMENT_3D('',#2671,#2672,#2673);
#2671 = CARTESIAN_POINT('',(-1.316298253911E-16,4.38766084637E-17,0.));
#2672 = DIRECTION('',(0.,0.,1.));
#2673 = DIRECTION('',(1.,0.,-0.));
#2674 = DEFINITIONAL_REPRESENTATION('',(#2675),#2679);
#2675 = LINE('',#2676,#2677);
#2676 = CARTESIAN_POINT('',(-8.,-11.));
#2677 = VECTOR('',#2678,1.);
#2678 = DIRECTION('',(1.,0.));
#2679 = ( GEOMETRIC_REPRESENTATION_CONTEXT(2) 
PARAMETRIC_REPRESENTATION_CONTEXT() REPRESENTATION_CONTEXT('2D SPACE',''
  ) );
#2680 = ADVANCED_FACE('',(#2681),#1735,.F.);
#2681 = FACE_BOUND('',#2682,.F.);
#2682 = EDGE_LOOP('',(#2683,#2706,#2707,#2708));
#2683 = ORIENTED_EDGE('',*,*,#2684,.T.);
#2684 = EDGE_CURVE('',#2685,#1694,#2687,.T.);
#2685 = VERTEX_POINT('',#2686);
#2686 = CARTESIAN_POINT('',(-11.,-8.,0.));
#2687 = SURFACE_CURVE('',#2688,(#2692,#2699),.PCURVE_S1.);
#2688 = LINE('',#2689,#2690);
#2689 = CARTESIAN_POINT('',(-11.,-8.,0.));
#2690 = VECTOR('',#2691,1.);
#2691 = DIRECTION('',(0.,0.,1.));
#2692 = PCURVE('',#1735,#2693);
#2693 = DEFINITIONAL_REPRESENTATION('',(#2694),#2698);
#2694 = LINE('',#2695,#2696);
#2695 = CARTESIAN_POINT('',(0.,0.));
#2696 = VECTOR('',#2697,1.);
#2697 = DIRECTION('',(0.,-1.));
#2698 = ( GEOMETRIC_REPRESENTATION_CONTEXT(2) 
PARAMETRIC_REPRESENTATION_CONTEXT() REPRESENTATION_CONTEXT('2D SPACE',''
  ) );
#2699 = PCURVE('',#1709,#2700);
#2700 = DEFINITIONAL_REPRESENTATION('',(#2701),#2705);
#2701 = LINE('',#2702,#2703);
#2702 = CARTESIAN_POINT('',(16.,0.));
#2703 = VECTOR('',#2704,1.);
#2704 = DIRECTION('',(0.,-1.));
#2705 = ( GEOMETRIC_REPRESENTATION_CONTEXT(2) 
PARAMETRIC_REPRESENTATION_CONTEXT() REPRESENTATION_CONTEXT('2D SPACE',''
  ) );
#2706 = ORIENTED_EDGE('',*,*,#1721,.T.);
#2707 = ORIENTED_EDGE('',*,*,#2608,.F.);
#2708 = ORIENTED_EDGE('',*,*,#2709,.F.);
#2709 = EDGE_CURVE('',#2685,#2609,#2710,.T.);
#2710 = SURFACE_CURVE('',#2711,(#2715,#2722),.PCURVE_S1.);
#2711 = LINE('',#2712,#2713);
#2712 = CARTESIAN_POINT('',(-11.,-8.,0.));
#2713 = VECTOR('',#2714,1.);
#2714 = DIRECTION('',(0.707106781187,-0.707106781187,0.));
#2715 = PCURVE('',#1735,#2716);
#2716 = DEFINITIONAL_REPRESENTATION('',(#2717),#2721);
#2717 = LINE('',#2718,#2719);
#2718 = CARTESIAN_POINT('',(0.,0.));
#2719 = VECTOR('',#2720,1.);
#2720 = DIRECTION('',(1.,0.));
#2721 = ( GEOMETRIC_REPRESENTATION_CONTEXT(2) 
PARAMETRIC_REPRESENTATION_CONTEXT() REPRESENTATION_CONTEXT('2D SPACE',''
  ) );
#2722 = PCURVE('',#2669,#2723);
#2723 = DEFINITIONAL_REPRESENTATION('',(#2724),#2728);
#2724 = LINE('',#2725,#2726);
#2725 = CARTESIAN_POINT('',(-11.,-8.));
#2726 = VECTOR('',#2727,1.);
#2727 = DIRECTION('',(0.707106781187,-0.707106781187));
#2728 = ( GEOMETRIC_REPRESENTATION_CONTEXT(2) 
PARAMETRIC_REPRESENTATION_CONTEXT() REPRESENTATION_CONTEXT('2D SPACE',''
  ) );
#2729 = ADVANCED_FACE('',(#2730),#1569,.F.);
#2730 = FACE_BOUND('',#2731,.F.);
#2731 = EDGE_LOOP('',(#2732,#2733,#2734,#2757));
#2732 = ORIENTED_EDGE('',*,*,#2632,.T.);
#2733 = ORIENTED_EDGE('',*,*,#1553,.T.);
#2734 = ORIENTED_EDGE('',*,*,#2735,.F.);
#2735 = EDGE_CURVE('',#2736,#1554,#2738,.T.);
#2736 = VERTEX_POINT('',#2737);
#2737 = CARTESIAN_POINT('',(11.,-8.,0.));
#2738 = SURFACE_CURVE('',#2739,(#2743,#2750),.PCURVE_S1.);
#2739 = LINE('',#2740,#2741);
#2740 = CARTESIAN_POINT('',(11.,-8.,0.));
#2741 = VECTOR('',#2742,1.);
#2742 = DIRECTION('',(0.,0.,1.));
#2743 = PCURVE('',#1569,#2744);
#2744 = DEFINITIONAL_REPRESENTATION('',(#2745),#2749);
#2745 = LINE('',#2746,#2747);
#2746 = CARTESIAN_POINT('',(4.242640687119,0.));
#2747 = VECTOR('',#2748,1.);
#2748 = DIRECTION('',(0.,-1.));
#2749 = ( GEOMETRIC_REPRESENTATION_CONTEXT(2) 
PARAMETRIC_REPRESENTATION_CONTEXT() REPRESENTATION_CONTEXT('2D SPACE',''
  ) );
#2750 = PCURVE('',#1597,#2751);
#2751 = DEFINITIONAL_REPRESENTATION('',(#2752),#2756);
#2752 = LINE('',#2753,#2754);
#2753 = CARTESIAN_POINT('',(0.,0.));
#2754 = VECTOR('',#2755,1.);
#2755 = DIRECTION('',(0.,-1.));
#2756 = ( GEOMETRIC_REPRESENTATION_CONTEXT(2) 
PARAMETRIC_REPRESENTATION_CONTEXT() REPRESENTATION_CONTEXT('2D SPACE',''
  ) );
#2757 = ORIENTED_EDGE('',*,*,#2758,.F.);
#2758 = EDGE_CURVE('',#2633,#2736,#2759,.T.);
#2759 = SURFACE_CURVE('',#2760,(#2764,#2771),.PCURVE_S1.);
#2760 = LINE('',#2761,#2762);
#2761 = CARTESIAN_POINT('',(8.,-11.,0.));
#2762 = VECTOR('',#2763,1.);
#2763 = DIRECTION('',(0.707106781187,0.707106781187,0.));
#2764 = PCURVE('',#1569,#2765);
#2765 = DEFINITIONAL_REPRESENTATION('',(#2766),#2770);
#2766 = LINE('',#2767,#2768);
#2767 = CARTESIAN_POINT('',(0.,0.));
#2768 = VECTOR('',#2769,1.);
#2769 = DIRECTION('',(1.,0.));
#2770 = ( GEOMETRIC_REPRESENTATION_CONTEXT(2) 
PARAMETRIC_REPRESENTATION_CONTEXT() REPRESENTATION_CONTEXT('2D SPACE',''
  ) );
#2771 = PCURVE('',#2669,#2772);
#2772 = DEFINITIONAL_REPRESENTATION('',(#2773),#2777);
#2773 = LINE('',#2774,#2775);
#2774 = CARTESIAN_POINT('',(8.,-11.));
#2775 = VECTOR('',#2776,1.);
#2776 = DIRECTION('',(0.707106781187,0.707106781187));
#2777 = ( GEOMETRIC_REPRESENTATION_CONTEXT(2) 
PARAMETRIC_REPRESENTATION_CONTEXT() REPRESENTATION_CONTEXT('2D SPACE',''
  ) );
#2778 = ADVANCED_FACE('',(#2779),#1709,.F.);
#2779 = FACE_BOUND('',#2780,.F.);
#2780 = EDGE_LOOP('',(#2781,#2804,#2805,#2806));
#2781 = ORIENTED_EDGE('',*,*,#2782,.T.);
#2782 = EDGE_CURVE('',#2783,#1666,#2785,.T.);
#2783 = VERTEX_POINT('',#2784);
#2784 = CARTESIAN_POINT('',(-11.,8.,0.));
#2785 = SURFACE_CURVE('',#2786,(#2790,#2797),.PCURVE_S1.);
#2786 = LINE('',#2787,#2788);
#2787 = CARTESIAN_POINT('',(-11.,8.,0.));
#2788 = VECTOR('',#2789,1.);
#2789 = DIRECTION('',(0.,0.,1.));
#2790 = PCURVE('',#1709,#2791);
#2791 = DEFINITIONAL_REPRESENTATION('',(#2792),#2796);
#2792 = LINE('',#2793,#2794);
#2793 = CARTESIAN_POINT('',(0.,0.));
#2794 = VECTOR('',#2795,1.);
#2795 = DIRECTION('',(0.,-1.));
#2796 = ( GEOMETRIC_REPRESENTATION_CONTEXT(2) 
PARAMETRIC_REPRESENTATION_CONTEXT() REPRESENTATION_CONTEXT('2D SPACE',''
  ) );
#2797 = PCURVE('',#1681,#2798);
#2798 = DEFINITIONAL_REPRESENTATION('',(#2799),#2803);
#2799 = LINE('',#2800,#2801);
#2800 = CARTESIAN_POINT('',(4.242640687119,0.));
#2801 = VECTOR('',#2802,1.);
#2802 = DIRECTION('',(0.,-1.));
#2803 = ( GEOMETRIC_REPRESENTATION_CONTEXT(2) 
PARAMETRIC_REPRESENTATION_CONTEXT() REPRESENTATION_CONTEXT('2D SPACE',''
  ) );
#2804 = ORIENTED_EDGE('',*,*,#1693,.T.);
#2805 = ORIENTED_EDGE('',*,*,#2684,.F.);
#2806 = ORIENTED_EDGE('',*,*,#2807,.F.);
#2807 = EDGE_CURVE('',#2783,#2685,#2808,.T.);
#2808 = SURFACE_CURVE('',#2809,(#2813,#2820),.PCURVE_S1.);
#2809 = LINE('',#2810,#2811);
#2810 = CARTESIAN_POINT('',(-11.,8.,0.));
#2811 = VECTOR('',#2812,1.);
#2812 = DIRECTION('',(0.,-1.,0.));
#2813 = PCURVE('',#1709,#2814);
#2814 = DEFINITIONAL_REPRESENTATION('',(#2815),#2819);
#2815 = LINE('',#2816,#2817);
#2816 = CARTESIAN_POINT('',(0.,0.));
#2817 = VECTOR('',#2818,1.);
#2818 = DIRECTION('',(1.,0.));
#2819 = ( GEOMETRIC_REPRESENTATION_CONTEXT(2) 
PARAMETRIC_REPRESENTATION_CONTEXT() REPRESENTATION_CONTEXT('2D SPACE',''
  ) );
#2820 = PCURVE('',#2669,#2821);
#2821 = DEFINITIONAL_REPRESENTATION('',(#2822),#2826);
#2822 = LINE('',#2823,#2824);
#2823 = CARTESIAN_POINT('',(-11.,8.));
#2824 = VECTOR('',#2825,1.);
#2825 = DIRECTION('',(0.,-1.));
#2826 = ( GEOMETRIC_REPRESENTATION_CONTEXT(2) 
PARAMETRIC_REPRESENTATION_CONTEXT() REPRESENTATION_CONTEXT('2D SPACE',''
  ) );
#2827 = ADVANCED_FACE('',(#2828),#1597,.F.);
#2828 = FACE_BOUND('',#2829,.F.);
#2829 = EDGE_LOOP('',(#2830,#2831,#2832,#2855));
#2830 = ORIENTED_EDGE('',*,*,#2735,.T.);
#2831 = ORIENTED_EDGE('',*,*,#1581,.T.);
#2832 = ORIENTED_EDGE('',*,*,#2833,.F.);
#2833 = EDGE_CURVE('',#2834,#1582,#2836,.T.);
#2834 = VERTEX_POINT('',#2835);
#2835 = CARTESIAN_POINT('',(11.,8.,0.));
#2836 = SURFACE_CURVE('',#2837,(#2841,#2848),.PCURVE_S1.);
#2837 = LINE('',#2838,#2839);
#2838 = CARTESIAN_POINT('',(11.,8.,0.));
#2839 = VECTOR('',#2840,1.);
#2840 = DIRECTION('',(0.,0.,1.));
#2841 = PCURVE('',#1597,#2842);
#2842 = DEFINITIONAL_REPRESENTATION('',(#2843),#2847);
#2843 = LINE('',#2844,#2845);
#2844 = CARTESIAN_POINT('',(16.,0.));
#2845 = VECTOR('',#2846,1.);
#2846 = DIRECTION('',(0.,-1.));
#2847 = ( GEOMETRIC_REPRESENTATION_CONTEXT(2) 
PARAMETRIC_REPRESENTATION_CONTEXT() REPRESENTATION_CONTEXT('2D SPACE',''
  ) );
#2848 = PCURVE('',#1625,#2849);
#2849 = DEFINITIONAL_REPRESENTATION('',(#2850),#2854);
#2850 = LINE('',#2851,#2852);
#2851 = CARTESIAN_POINT('',(0.,0.));
#2852 = VECTOR('',#2853,1.);
#2853 = DIRECTION('',(0.,-1.));
#2854 = ( GEOMETRIC_REPRESENTATION_CONTEXT(2) 
PARAMETRIC_REPRESENTATION_CONTEXT() REPRESENTATION_CONTEXT('2D SPACE',''
  ) );
#2855 = ORIENTED_EDGE('',*,*,#2856,.F.);
#2856 = EDGE_CURVE('',#2736,#2834,#2857,.T.);
#2857 = SURFACE_CURVE('',#2858,(#2862,#2869),.PCURVE_S1.);
#2858 = LINE('',#2859,#2860);
#2859 = CARTESIAN_POINT('',(11.,-8.,0.));
#2860 = VECTOR('',#2861,1.);
#2861 = DIRECTION('',(0.,1.,0.));
#2862 = PCURVE('',#1597,#2863);
#2863 = DEFINITIONAL_REPRESENTATION('',(#2864),#2868);
#2864 = LINE('',#2865,#2866);
#2865 = CARTESIAN_POINT('',(0.,0.));
#2866 = VECTOR('',#2867,1.);
#2867 = DIRECTION('',(1.,0.));
#2868 = ( GEOMETRIC_REPRESENTATION_CONTEXT(2) 
PARAMETRIC_REPRESENTATION_CONTEXT() REPRESENTATION_CONTEXT('2D SPACE',''
  ) );
#2869 = PCURVE('',#2669,#2870);
#2870 = DEFINITIONAL_REPRESENTATION('',(#2871),#2875);
#2871 = LINE('',#2872,#2873);
#2872 = CARTESIAN_POINT('',(11.,-8.));
#2873 = VECTOR('',#2874,1.);
#2874 = DIRECTION('',(0.,1.));
#2875 = ( GEOMETRIC_REPRESENTATION_CONTEXT(2) 
PARAMETRIC_REPRESENTATION_CONTEXT() REPRESENTATION_CONTEXT('2D SPACE',''
  ) );
#2876 = ADVANCED_FACE('',(#2877),#1681,.F.);
#2877 = FACE_BOUND('',#2878,.F.);
#2878 = EDGE_LOOP('',(#2879,#2902,#2903,#2904));
#2879 = ORIENTED_EDGE('',*,*,#2880,.T.);
#2880 = EDGE_CURVE('',#2881,#1638,#2883,.T.);
#2881 = VERTEX_POINT('',#2882);
#2882 = CARTESIAN_POINT('',(-8.,11.,0.));
#2883 = SURFACE_CURVE('',#2884,(#2888,#2895),.PCURVE_S1.);
#2884 = LINE('',#2885,#2886);
#2885 = CARTESIAN_POINT('',(-8.,11.,0.));
#2886 = VECTOR('',#2887,1.);
#2887 = DIRECTION('',(0.,0.,1.));
#2888 = PCURVE('',#1681,#2889);
#2889 = DEFINITIONAL_REPRESENTATION('',(#2890),#2894);
#2890 = LINE('',#2891,#2892);
#2891 = CARTESIAN_POINT('',(0.,0.));
#2892 = VECTOR('',#2893,1.);
#2893 = DIRECTION('',(0.,-1.));
#2894 = ( GEOMETRIC_REPRESENTATION_CONTEXT(2) 
PARAMETRIC_REPRESENTATION_CONTEXT() REPRESENTATION_CONTEXT('2D SPACE',''
  ) );
#2895 = PCURVE('',#1653,#2896);
#2896 = DEFINITIONAL_REPRESENTATION('',(#2897),#2901);
#2897 = LINE('',#2898,#2899);
#2898 = CARTESIAN_POINT('',(16.,0.));
#2899 = VECTOR('',#2900,1.);
#2900 = DIRECTION('',(0.,-1.));
#2901 = ( GEOMETRIC_REPRESENTATION_CONTEXT(2) 
PARAMETRIC_REPRESENTATION_CONTEXT() REPRESENTATION_CONTEXT('2D SPACE',''
  ) );
#2902 = ORIENTED_EDGE('',*,*,#1665,.T.);
#2903 = ORIENTED_EDGE('',*,*,#2782,.F.);
#2904 = ORIENTED_EDGE('',*,*,#2905,.F.);
#2905 = EDGE_CURVE('',#2881,#2783,#2906,.T.);
#2906 = SURFACE_CURVE('',#2907,(#2911,#2918),.PCURVE_S1.);
#2907 = LINE('',#2908,#2909);
#2908 = CARTESIAN_POINT('',(-8.,11.,0.));
#2909 = VECTOR('',#2910,1.);
#2910 = DIRECTION('',(-0.707106781187,-0.707106781187,0.));
#2911 = PCURVE('',#1681,#2912);
#2912 = DEFINITIONAL_REPRESENTATION('',(#2913),#2917);
#2913 = LINE('',#2914,#2915);
#2914 = CARTESIAN_POINT('',(0.,0.));
#2915 = VECTOR('',#2916,1.);
#2916 = DIRECTION('',(1.,0.));
#2917 = ( GEOMETRIC_REPRESENTATION_CONTEXT(2) 
PARAMETRIC_REPRESENTATION_CONTEXT() REPRESENTATION_CONTEXT('2D SPACE',''
  ) );
#2918 = PCURVE('',#2669,#2919);
#2919 = DEFINITIONAL_REPRESENTATION('',(#2920),#2924);
#2920 = LINE('',#2921,#2922);
#2921 = CARTESIAN_POINT('',(-8.,11.));
#2922 = VECTOR('',#2923,1.);
#2923 = DIRECTION('',(-0.707106781187,-0.707106781187));
#2924 = ( GEOMETRIC_REPRESENTATION_CONTEXT(2) 
PARAMETRIC_REPRESENTATION_CONTEXT() REPRESENTATION_CONTEXT('2D SPACE',''
  ) );
#2925 = ADVANCED_FACE('',(#2926),#1625,.F.);
#2926 = FACE_BOUND('',#2927,.F.);
#2927 = EDGE_LOOP('',(#2928,#2929,#2930,#2953));
#2928 = ORIENTED_EDGE('',*,*,#2833,.T.);
#2929 = ORIENTED_EDGE('',*,*,#1609,.T.);
#2930 = ORIENTED_EDGE('',*,*,#2931,.F.);
#2931 = EDGE_CURVE('',#2932,#1610,#2934,.T.);
#2932 = VERTEX_POINT('',#2933);
#2933 = CARTESIAN_POINT('',(8.,11.,0.));
#2934 = SURFACE_CURVE('',#2935,(#2939,#2946),.PCURVE_S1.);
#2935 = LINE('',#2936,#2937);
#2936 = CARTESIAN_POINT('',(8.,11.,0.));
#2937 = VECTOR('',#2938,1.);
#2938 = DIRECTION('',(0.,0.,1.));
#2939 = PCURVE('',#1625,#2940);
#2940 = DEFINITIONAL_REPRESENTATION('',(#2941),#2945);
#2941 = LINE('',#2942,#2943);
#2942 = CARTESIAN_POINT('',(4.242640687119,0.));
#2943 = VECTOR('',#2944,1.);
#2944 = DIRECTION('',(0.,-1.));
#2945 = ( GEOMETRIC_REPRESENTATION_CONTEXT(2) 
PARAMETRIC_REPRESENTATION_CONTEXT() REPRESENTATION_CONTEXT('2D SPACE',''
  ) );
#2946 = PCURVE('',#1653,#2947);
#2947 = DEFINITIONAL_REPRESENTATION('',(#2948),#2952);
#2948 = LINE('',#2949,#2950);
#2949 = CARTESIAN_POINT('',(0.,-0.));
#2950 = VECTOR('',#2951,1.);
#2951 = DIRECTION('',(0.,-1.));
#2952 = ( GEOMETRIC_REPRESENTATION_CONTEXT(2) 
PARAMETRIC_REPRESENTATION_CONTEXT() REPRESENTATION_CONTEXT('2D SPACE',''
  ) );
#2953 = ORIENTED_EDGE('',*,*,#2954,.F.);
#2954 = EDGE_CURVE('',#2834,#2932,#2955,.T.);
#2955 = SURFACE_CURVE('',#2956,(#2960,#2967),.PCURVE_S1.);
#2956 = LINE('',#2957,#2958);
#2957 = CARTESIAN_POINT('',(11.,8.,0.));
#2958 = VECTOR('',#2959,1.);
#2959 = DIRECTION('',(-0.707106781187,0.707106781187,0.));
#2960 = PCURVE('',#1625,#2961);
#2961 = DEFINITIONAL_REPRESENTATION('',(#2962),#2966);
#2962 = LINE('',#2963,#2964);
#2963 = CARTESIAN_POINT('',(0.,0.));
#2964 = VECTOR('',#2965,1.);
#2965 = DIRECTION('',(1.,0.));
#2966 = ( GEOMETRIC_REPRESENTATION_CONTEXT(2) 
PARAMETRIC_REPRESENTATION_CONTEXT() REPRESENTATION_CONTEXT('2D SPACE',''
  ) );
#2967 = PCURVE('',#2669,#2968);
#2968 = DEFINITIONAL_REPRESENTATION('',(#2969),#2973);
#2969 = LINE('',#2970,#2971);
#2970 = CARTESIAN_POINT('',(11.,8.));
#2971 = VECTOR('',#2972,1.);
#2972 = DIRECTION('',(-0.707106781187,0.707106781187));
#2973 = ( GEOMETRIC_REPRESENTATION_CONTEXT(2) 
PARAMETRIC_REPRESENTATION_CONTEXT() REPRESENTATION_CONTEXT('2D SPACE',''
  ) );
#2974 = ADVANCED_FACE('',(#2975),#1653,.F.);
#2975 = FACE_BOUND('',#2976,.F.);
#2976 = EDGE_LOOP('',(#2977,#2978,#2979,#2980));
#2977 = ORIENTED_EDGE('',*,*,#2931,.T.);
#2978 = ORIENTED_EDGE('',*,*,#1637,.T.);
#2979 = ORIENTED_EDGE('',*,*,#2880,.F.);
#2980 = ORIENTED_EDGE('',*,*,#2981,.F.);
#2981 = EDGE_CURVE('',#2932,#2881,#2982,.T.);
#2982 = SURFACE_CURVE('',#2983,(#2987,#2994),.PCURVE_S1.);
#2983 = LINE('',#2984,#2985);
#2984 = CARTESIAN_POINT('',(8.,11.,0.));
#2985 = VECTOR('',#2986,1.);
#2986 = DIRECTION('',(-1.,0.,0.));
#2987 = PCURVE('',#1653,#2988);
#2988 = DEFINITIONAL_REPRESENTATION('',(#2989),#2993);
#2989 = LINE('',#2990,#2991);
#2990 = CARTESIAN_POINT('',(0.,-0.));
#2991 = VECTOR('',#2992,1.);
#2992 = DIRECTION('',(1.,0.));
#2993 = ( GEOMETRIC_REPRESENTATION_CONTEXT(2) 
PARAMETRIC_REPRESENTATION_CONTEXT() REPRESENTATION_CONTEXT('2D SPACE',''
  ) );
#2994 = PCURVE('',#2669,#2995);
#2995 = DEFINITIONAL_REPRESENTATION('',(#2996),#3000);
#2996 = LINE('',#2997,#2998);
#2997 = CARTESIAN_POINT('',(8.,11.));
#2998 = VECTOR('',#2999,1.);
#2999 = DIRECTION('',(-1.,0.));
#3000 = ( GEOMETRIC_REPRESENTATION_CONTEXT(2) 
PARAMETRIC_REPRESENTATION_CONTEXT() REPRESENTATION_CONTEXT('2D SPACE',''
  ) );
#3001 = ADVANCED_FACE('',(#3002),#2021,.T.);
#3002 = FACE_BOUND('',#3003,.T.);
#3003 = EDGE_LOOP('',(#3004,#3005,#3027,#3080));
#3004 = ORIENTED_EDGE('',*,*,#1767,.F.);
#3005 = ORIENTED_EDGE('',*,*,#3006,.T.);
#3006 = EDGE_CURVE('',#1768,#3007,#3009,.T.);
#3007 = VERTEX_POINT('',#3008);
#3008 = CARTESIAN_POINT('',(3.5,0.,9.));
#3009 = SEAM_CURVE('',#3010,(#3013,#3020),.PCURVE_S1.);
#3010 = B_SPLINE_CURVE_WITH_KNOTS('',1,(#3011,#3012),.UNSPECIFIED.,.F.,
  .F.,(2,2),(0.,1.),.PIECEWISE_BEZIER_KNOTS.);
#3011 = CARTESIAN_POINT('',(2.8,6.140305472209E-16,3.));
#3012 = CARTESIAN_POINT('',(3.5,-1.145940996009E-15,9.));
#3013 = PCURVE('',#2021,#3014);
#3014 = DEFINITIONAL_REPRESENTATION('',(#3015),#3019);
#3015 = LINE('',#3016,#3017);
#3016 = CARTESIAN_POINT('',(0.,0.));
#3017 = VECTOR('',#3018,1.);
#3018 = DIRECTION('',(0.,1.));
#3019 = ( GEOMETRIC_REPRESENTATION_CONTEXT(2) 
PARAMETRIC_REPRESENTATION_CONTEXT() REPRESENTATION_CONTEXT('2D SPACE',''
  ) );
#3020 = PCURVE('',#2021,#3021);
#3021 = DEFINITIONAL_REPRESENTATION('',(#3022),#3026);
#3022 = LINE('',#3023,#3024);
#3023 = CARTESIAN_POINT('',(6.28318530718,0.));
#3024 = VECTOR('',#3025,1.);
#3025 = DIRECTION('',(0.,1.));
#3026 = ( GEOMETRIC_REPRESENTATION_CONTEXT(2) 
PARAMETRIC_REPRESENTATION_CONTEXT() REPRESENTATION_CONTEXT('2D SPACE',''
  ) );
#3027 = ORIENTED_EDGE('',*,*,#3028,.F.);
#3028 = EDGE_CURVE('',#3007,#3007,#3029,.T.);
#3029 = SURFACE_CURVE('',#3030,(#3035,#3042),.PCURVE_S1.);
#3030 = ELLIPSE('',#3031,5.5,4.4);
#3031 = AXIS2_PLACEMENT_3D('',#3032,#3033,#3034);
#3032 = CARTESIAN_POINT('',(-2.,0.,9.));
#3033 = DIRECTION('',(0.,0.,1.));
#3034 = DIRECTION('',(1.,0.,-0.));
#3035 = PCURVE('',#2021,#3036);
#3036 = DEFINITIONAL_REPRESENTATION('',(#3037),#3041);
#3037 = LINE('',#3038,#3039);
#3038 = CARTESIAN_POINT('',(0.,1.));
#3039 = VECTOR('',#3040,1.);
#3040 = DIRECTION('',(1.,0.));
#3041 = ( GEOMETRIC_REPRESENTATION_CONTEXT(2) 
PARAMETRIC_REPRESENTATION_CONTEXT() REPRESENTATION_CONTEXT('2D SPACE',''
  ) );
#3042 = PCURVE('',#3043,#3074);
#3043 = B_SPLINE_SURFACE_WITH_KNOTS('',14,1,(
    (#3044,#3045)
    ,(#3046,#3047)
    ,(#3048,#3049)
    ,(#3050,#3051)
    ,(#3052,#3053)
    ,(#3054,#3055)
    ,(#3056,#3057)
    ,(#3058,#3059)
    ,(#3060,#3061)
    ,(#3062,#3063)
    ,(#3064,#3065)
    ,(#3066,#3067)
    ,(#3068,#3069)
    ,(#3070,#3071)
    ,(#3072,#3073
    )),.UNSPECIFIED.,.T.,.F.,.F.,(15,15),(2,2),(0.,6.28318530718),(0.,1.
    ),.PIECEWISE_BEZIER_KNOTS.);
#3044 = CARTESIAN_POINT('',(3.5,-1.145940996009E-15,9.));
#3045 = CARTESIAN_POINT('',(2.8,6.140305472209E-16,14.));
#3046 = CARTESIAN_POINT('',(3.5,1.974715382258,9.000000000001));
#3047 = CARTESIAN_POINT('',(2.800000000001,1.72338796997,14.));
#3048 = CARTESIAN_POINT('',(2.306971013402,3.949431493424,8.999999999998
    ));
#3049 = CARTESIAN_POINT('',(1.758811066237,3.44677657608,14.000000000001
    ));
#3050 = CARTESIAN_POINT('',(-7.90884849653E-02,5.424405124925,
    9.000000000002));
#3051 = CARTESIAN_POINT('',(-0.323568132319,4.734026290841,
    13.999999999992));
#3052 = CARTESIAN_POINT('',(-3.301358381052,5.89994942163,9.000000000002
    ));
#3053 = CARTESIAN_POINT('',(-3.135730950767,5.149046767972,
    14.000000000027));
#3054 = CARTESIAN_POINT('',(-6.646266132237,5.055498188451,
    8.999999999985));
#3055 = CARTESIAN_POINT('',(-6.054923169901,4.412071146279,
    13.999999999938));
#3056 = CARTESIAN_POINT('',(-9.199729359095,2.929895079157,
    9.000000000035));
#3057 = CARTESIAN_POINT('',(-8.283400168007,2.556999341814,
    14.000000000103));
#3058 = CARTESIAN_POINT('',(-10.16105731129,6.335944209819E-11,
    8.999999999947));
#3059 = CARTESIAN_POINT('',(-9.122377289783,5.252532251389E-11,
    13.999999999868));
#3060 = CARTESIAN_POINT('',(-9.199729359095,-2.929895079273,
    9.00000000006));
#3061 = CARTESIAN_POINT('',(-8.283400168008,-2.556999341911,
    14.000000000133));
#3062 = CARTESIAN_POINT('',(-6.646266132237,-5.055498188362,
    8.999999999948));
#3063 = CARTESIAN_POINT('',(-6.054923169899,-4.412071146205,
    13.999999999892));
#3064 = CARTESIAN_POINT('',(-3.301358381053,-5.899949421686,
    9.000000000035));
#3065 = CARTESIAN_POINT('',(-3.135730950769,-5.149046768019,
    14.000000000069));
#3066 = CARTESIAN_POINT('',(-7.908848496519E-02,-5.424405124897,
    8.999999999981));
#3067 = CARTESIAN_POINT('',(-0.323568132318,-4.734026290817,
    13.999999999965));
#3068 = CARTESIAN_POINT('',(2.306971013402,-3.949431493434,
    9.000000000007));
#3069 = CARTESIAN_POINT('',(1.758811066236,-3.446776576089,
    14.000000000013));
#3070 = CARTESIAN_POINT('',(3.5,-1.974715382256,8.999999999998));
#3071 = CARTESIAN_POINT('',(2.800000000002,-1.723387969968,
    13.999999999997));
#3072 = CARTESIAN_POINT('',(3.5,6.304158028373E-16,9.));
#3073 = CARTESIAN_POINT('',(2.8,-1.162326327572E-15,14.));
#3074 = DEFINITIONAL_REPRESENTATION('',(#3075),#3079);
#3075 = LINE('',#3076,#3077);
#3076 = CARTESIAN_POINT('',(0.,0.));
#3077 = VECTOR('',#3078,1.);
#3078 = DIRECTION('',(1.,0.));
#3079 = ( GEOMETRIC_REPRESENTATION_CONTEXT(2) 
PARAMETRIC_REPRESENTATION_CONTEXT() REPRESENTATION_CONTEXT('2D SPACE',''
  ) );
#3080 = ORIENTED_EDGE('',*,*,#3006,.F.);
#3081 = ADVANCED_FACE('',(#3082),#2197,.T.);
#3082 = FACE_BOUND('',#3083,.T.);
#3083 = EDGE_LOOP('',(#3084,#3085,#3108,#3136));
#3084 = ORIENTED_EDGE('',*,*,#2180,.T.);
#3085 = ORIENTED_EDGE('',*,*,#3086,.T.);
#3086 = EDGE_CURVE('',#2183,#3087,#3089,.T.);
#3087 = VERTEX_POINT('',#3088);
#3088 = CARTESIAN_POINT('',(2.225,5.,3.7));
#3089 = SURFACE_CURVE('',#3090,(#3094,#3101),.PCURVE_S1.);
#3090 = LINE('',#3091,#3092);
#3091 = CARTESIAN_POINT('',(2.225,5.,3.05));
#3092 = VECTOR('',#3093,1.);
#3093 = DIRECTION('',(0.,0.,1.));
#3094 = PCURVE('',#2197,#3095);
#3095 = DEFINITIONAL_REPRESENTATION('',(#3096),#3100);
#3096 = LINE('',#3097,#3098);
#3097 = CARTESIAN_POINT('',(0.,0.));
#3098 = VECTOR('',#3099,1.);
#3099 = DIRECTION('',(1.,0.));
#3100 = ( GEOMETRIC_REPRESENTATION_CONTEXT(2) 
PARAMETRIC_REPRESENTATION_CONTEXT() REPRESENTATION_CONTEXT('2D SPACE',''
  ) );
#3101 = PCURVE('',#2586,#3102);
#3102 = DEFINITIONAL_REPRESENTATION('',(#3103),#3107);
#3103 = LINE('',#3104,#3105);
#3104 = CARTESIAN_POINT('',(0.,-2.5));
#3105 = VECTOR('',#3106,1.);
#3106 = DIRECTION('',(1.,0.));
#3107 = ( GEOMETRIC_REPRESENTATION_CONTEXT(2) 
PARAMETRIC_REPRESENTATION_CONTEXT() REPRESENTATION_CONTEXT('2D SPACE',''
  ) );
#3108 = ORIENTED_EDGE('',*,*,#3109,.T.);
#3109 = EDGE_CURVE('',#3087,#3110,#3112,.T.);
#3110 = VERTEX_POINT('',#3111);
#3111 = CARTESIAN_POINT('',(1.8,5.,3.7));
#3112 = SURFACE_CURVE('',#3113,(#3117,#3124),.PCURVE_S1.);
#3113 = LINE('',#3114,#3115);
#3114 = CARTESIAN_POINT('',(2.225,5.,3.7));
#3115 = VECTOR('',#3116,1.);
#3116 = DIRECTION('',(-1.,1.224646799147E-16,0.));
#3117 = PCURVE('',#2197,#3118);
#3118 = DEFINITIONAL_REPRESENTATION('',(#3119),#3123);
#3119 = LINE('',#3120,#3121);
#3120 = CARTESIAN_POINT('',(0.65,0.));
#3121 = VECTOR('',#3122,1.);
#3122 = DIRECTION('',(0.,1.));
#3123 = ( GEOMETRIC_REPRESENTATION_CONTEXT(2) 
PARAMETRIC_REPRESENTATION_CONTEXT() REPRESENTATION_CONTEXT('2D SPACE',''
  ) );
#3124 = PCURVE('',#3125,#3130);
#3125 = PLANE('',#3126);
#3126 = AXIS2_PLACEMENT_3D('',#3127,#3128,#3129);
#3127 = CARTESIAN_POINT('',(2.225,7.5,3.7));
#3128 = DIRECTION('',(0.,0.,1.));
#3129 = DIRECTION('',(-1.,1.224646799147E-16,0.));
#3130 = DEFINITIONAL_REPRESENTATION('',(#3131),#3135);
#3131 = LINE('',#3132,#3133);
#3132 = CARTESIAN_POINT('',(1.379275100632E-16,2.5));
#3133 = VECTOR('',#3134,1.);
#3134 = DIRECTION('',(1.,0.));
#3135 = ( GEOMETRIC_REPRESENTATION_CONTEXT(2) 
PARAMETRIC_REPRESENTATION_CONTEXT() REPRESENTATION_CONTEXT('2D SPACE',''
  ) );
#3136 = ORIENTED_EDGE('',*,*,#3137,.F.);
#3137 = EDGE_CURVE('',#2181,#3110,#3138,.T.);
#3138 = SURFACE_CURVE('',#3139,(#3143,#3149),.PCURVE_S1.);
#3139 = LINE('',#3140,#3141);
#3140 = CARTESIAN_POINT('',(1.8,5.,3.05));
#3141 = VECTOR('',#3142,1.);
#3142 = DIRECTION('',(0.,0.,1.));
#3143 = PCURVE('',#2197,#3144);
#3144 = DEFINITIONAL_REPRESENTATION('',(#3145),#3148);
#3145 = B_SPLINE_CURVE_WITH_KNOTS('',1,(#3146,#3147),.UNSPECIFIED.,.F.,
  .F.,(2,2),(0.,0.65),.PIECEWISE_BEZIER_KNOTS.);
#3146 = CARTESIAN_POINT('',(0.,0.425));
#3147 = CARTESIAN_POINT('',(0.65,0.425));
#3148 = ( GEOMETRIC_REPRESENTATION_CONTEXT(2) 
PARAMETRIC_REPRESENTATION_CONTEXT() REPRESENTATION_CONTEXT('2D SPACE',''
  ) );
#3149 = PCURVE('',#2223,#3150);
#3150 = DEFINITIONAL_REPRESENTATION('',(#3151),#3154);
#3151 = B_SPLINE_CURVE_WITH_KNOTS('',1,(#3152,#3153),.UNSPECIFIED.,.F.,
  .F.,(2,2),(0.,0.65),.PIECEWISE_BEZIER_KNOTS.);
#3152 = CARTESIAN_POINT('',(0.,-0.425));
#3153 = CARTESIAN_POINT('',(0.65,-0.425));
#3154 = ( GEOMETRIC_REPRESENTATION_CONTEXT(2) 
PARAMETRIC_REPRESENTATION_CONTEXT() REPRESENTATION_CONTEXT('2D SPACE',''
  ) );
#3155 = ADVANCED_FACE('',(#3156),#2223,.F.);
#3156 = FACE_BOUND('',#3157,.F.);
#3157 = EDGE_LOOP('',(#3158,#3159,#3160,#3183));
#3158 = ORIENTED_EDGE('',*,*,#3137,.F.);
#3159 = ORIENTED_EDGE('',*,*,#2208,.T.);
#3160 = ORIENTED_EDGE('',*,*,#3161,.T.);
#3161 = EDGE_CURVE('',#2209,#3162,#3164,.T.);
#3162 = VERTEX_POINT('',#3163);
#3163 = CARTESIAN_POINT('',(1.8,4.575,3.7));
#3164 = SURFACE_CURVE('',#3165,(#3169,#3176),.PCURVE_S1.);
#3165 = LINE('',#3166,#3167);
#3166 = CARTESIAN_POINT('',(1.8,4.575,3.05));
#3167 = VECTOR('',#3168,1.);
#3168 = DIRECTION('',(0.,0.,1.));
#3169 = PCURVE('',#2223,#3170);
#3170 = DEFINITIONAL_REPRESENTATION('',(#3171),#3175);
#3171 = LINE('',#3172,#3173);
#3172 = CARTESIAN_POINT('',(0.,-0.85));
#3173 = VECTOR('',#3174,1.);
#3174 = DIRECTION('',(1.,0.));
#3175 = ( GEOMETRIC_REPRESENTATION_CONTEXT(2) 
PARAMETRIC_REPRESENTATION_CONTEXT() REPRESENTATION_CONTEXT('2D SPACE',''
  ) );
#3176 = PCURVE('',#2249,#3177);
#3177 = DEFINITIONAL_REPRESENTATION('',(#3178),#3182);
#3178 = LINE('',#3179,#3180);
#3179 = CARTESIAN_POINT('',(0.,0.));
#3180 = VECTOR('',#3181,1.);
#3181 = DIRECTION('',(1.,0.));
#3182 = ( GEOMETRIC_REPRESENTATION_CONTEXT(2) 
PARAMETRIC_REPRESENTATION_CONTEXT() REPRESENTATION_CONTEXT('2D SPACE',''
  ) );
#3183 = ORIENTED_EDGE('',*,*,#3184,.F.);
#3184 = EDGE_CURVE('',#3110,#3162,#3185,.T.);
#3185 = SURFACE_CURVE('',#3186,(#3190,#3197),.PCURVE_S1.);
#3186 = LINE('',#3187,#3188);
#3187 = CARTESIAN_POINT('',(1.8,5.425,3.7));
#3188 = VECTOR('',#3189,1.);
#3189 = DIRECTION('',(-1.224646799147E-16,-1.,0.));
#3190 = PCURVE('',#2223,#3191);
#3191 = DEFINITIONAL_REPRESENTATION('',(#3192),#3196);
#3192 = LINE('',#3193,#3194);
#3193 = CARTESIAN_POINT('',(0.65,0.));
#3194 = VECTOR('',#3195,1.);
#3195 = DIRECTION('',(0.,-1.));
#3196 = ( GEOMETRIC_REPRESENTATION_CONTEXT(2) 
PARAMETRIC_REPRESENTATION_CONTEXT() REPRESENTATION_CONTEXT('2D SPACE',''
  ) );
#3197 = PCURVE('',#3125,#3198);
#3198 = DEFINITIONAL_REPRESENTATION('',(#3199),#3203);
#3199 = LINE('',#3200,#3201);
#3200 = CARTESIAN_POINT('',(0.425,2.075));
#3201 = VECTOR('',#3202,1.);
#3202 = DIRECTION('',(0.,1.));
#3203 = ( GEOMETRIC_REPRESENTATION_CONTEXT(2) 
PARAMETRIC_REPRESENTATION_CONTEXT() REPRESENTATION_CONTEXT('2D SPACE',''
  ) );
#3204 = ADVANCED_FACE('',(#3205),#2586,.F.);
#3205 = FACE_BOUND('',#3206,.F.);
#3206 = EDGE_LOOP('',(#3207,#3230,#3251,#3252));
#3207 = ORIENTED_EDGE('',*,*,#3208,.F.);
#3208 = EDGE_CURVE('',#3209,#3087,#3211,.T.);
#3209 = VERTEX_POINT('',#3210);
#3210 = CARTESIAN_POINT('',(2.225,10.,3.7));
#3211 = SURFACE_CURVE('',#3212,(#3216,#3223),.PCURVE_S1.);
#3212 = LINE('',#3213,#3214);
#3213 = CARTESIAN_POINT('',(2.225,10.,3.7));
#3214 = VECTOR('',#3215,1.);
#3215 = DIRECTION('',(-1.7763568394E-16,-1.,0.));
#3216 = PCURVE('',#2586,#3217);
#3217 = DEFINITIONAL_REPRESENTATION('',(#3218),#3222);
#3218 = LINE('',#3219,#3220);
#3219 = CARTESIAN_POINT('',(0.65,2.5));
#3220 = VECTOR('',#3221,1.);
#3221 = DIRECTION('',(0.,-1.));
#3222 = ( GEOMETRIC_REPRESENTATION_CONTEXT(2) 
PARAMETRIC_REPRESENTATION_CONTEXT() REPRESENTATION_CONTEXT('2D SPACE',''
  ) );
#3223 = PCURVE('',#3125,#3224);
#3224 = DEFINITIONAL_REPRESENTATION('',(#3225),#3229);
#3225 = LINE('',#3226,#3227);
#3226 = CARTESIAN_POINT('',(-1.379275100632E-16,-2.5));
#3227 = VECTOR('',#3228,1.);
#3228 = DIRECTION('',(5.517100402529E-17,1.));
#3229 = ( GEOMETRIC_REPRESENTATION_CONTEXT(2) 
PARAMETRIC_REPRESENTATION_CONTEXT() REPRESENTATION_CONTEXT('2D SPACE',''
  ) );
#3230 = ORIENTED_EDGE('',*,*,#3231,.F.);
#3231 = EDGE_CURVE('',#2547,#3209,#3232,.T.);
#3232 = SURFACE_CURVE('',#3233,(#3237,#3244),.PCURVE_S1.);
#3233 = LINE('',#3234,#3235);
#3234 = CARTESIAN_POINT('',(2.225,10.,3.05));
#3235 = VECTOR('',#3236,1.);
#3236 = DIRECTION('',(0.,0.,1.));
#3237 = PCURVE('',#2586,#3238);
#3238 = DEFINITIONAL_REPRESENTATION('',(#3239),#3243);
#3239 = LINE('',#3240,#3241);
#3240 = CARTESIAN_POINT('',(0.,2.5));
#3241 = VECTOR('',#3242,1.);
#3242 = DIRECTION('',(1.,0.));
#3243 = ( GEOMETRIC_REPRESENTATION_CONTEXT(2) 
PARAMETRIC_REPRESENTATION_CONTEXT() REPRESENTATION_CONTEXT('2D SPACE',''
  ) );
#3244 = PCURVE('',#2561,#3245);
#3245 = DEFINITIONAL_REPRESENTATION('',(#3246),#3250);
#3246 = LINE('',#3247,#3248);
#3247 = CARTESIAN_POINT('',(0.,0.));
#3248 = VECTOR('',#3249,1.);
#3249 = DIRECTION('',(1.,0.));
#3250 = ( GEOMETRIC_REPRESENTATION_CONTEXT(2) 
PARAMETRIC_REPRESENTATION_CONTEXT() REPRESENTATION_CONTEXT('2D SPACE',''
  ) );
#3251 = ORIENTED_EDGE('',*,*,#2572,.T.);
#3252 = ORIENTED_EDGE('',*,*,#3086,.T.);
#3253 = ADVANCED_FACE('',(#3254),#2249,.T.);
#3254 = FACE_BOUND('',#3255,.T.);
#3255 = EDGE_LOOP('',(#3256,#3279,#3280,#3281));
#3256 = ORIENTED_EDGE('',*,*,#3257,.F.);
#3257 = EDGE_CURVE('',#2235,#3258,#3260,.T.);
#3258 = VERTEX_POINT('',#3259);
#3259 = CARTESIAN_POINT('',(-1.8,4.575,3.7));
#3260 = SURFACE_CURVE('',#3261,(#3265,#3272),.PCURVE_S1.);
#3261 = LINE('',#3262,#3263);
#3262 = CARTESIAN_POINT('',(-1.8,4.575,3.05));
#3263 = VECTOR('',#3264,1.);
#3264 = DIRECTION('',(0.,0.,1.));
#3265 = PCURVE('',#2249,#3266);
#3266 = DEFINITIONAL_REPRESENTATION('',(#3267),#3271);
#3267 = LINE('',#3268,#3269);
#3268 = CARTESIAN_POINT('',(0.,3.6));
#3269 = VECTOR('',#3270,1.);
#3270 = DIRECTION('',(1.,0.));
#3271 = ( GEOMETRIC_REPRESENTATION_CONTEXT(2) 
PARAMETRIC_REPRESENTATION_CONTEXT() REPRESENTATION_CONTEXT('2D SPACE',''
  ) );
#3272 = PCURVE('',#2275,#3273);
#3273 = DEFINITIONAL_REPRESENTATION('',(#3274),#3278);
#3274 = LINE('',#3275,#3276);
#3275 = CARTESIAN_POINT('',(0.,-0.85));
#3276 = VECTOR('',#3277,1.);
#3277 = DIRECTION('',(1.,0.));
#3278 = ( GEOMETRIC_REPRESENTATION_CONTEXT(2) 
PARAMETRIC_REPRESENTATION_CONTEXT() REPRESENTATION_CONTEXT('2D SPACE',''
  ) );
#3279 = ORIENTED_EDGE('',*,*,#2234,.T.);
#3280 = ORIENTED_EDGE('',*,*,#3161,.T.);
#3281 = ORIENTED_EDGE('',*,*,#3282,.T.);
#3282 = EDGE_CURVE('',#3162,#3258,#3283,.T.);
#3283 = SURFACE_CURVE('',#3284,(#3288,#3295),.PCURVE_S1.);
#3284 = LINE('',#3285,#3286);
#3285 = CARTESIAN_POINT('',(1.8,4.575,3.7));
#3286 = VECTOR('',#3287,1.);
#3287 = DIRECTION('',(-1.,1.224646799147E-16,0.));
#3288 = PCURVE('',#2249,#3289);
#3289 = DEFINITIONAL_REPRESENTATION('',(#3290),#3294);
#3290 = LINE('',#3291,#3292);
#3291 = CARTESIAN_POINT('',(0.65,0.));
#3292 = VECTOR('',#3293,1.);
#3293 = DIRECTION('',(0.,1.));
#3294 = ( GEOMETRIC_REPRESENTATION_CONTEXT(2) 
PARAMETRIC_REPRESENTATION_CONTEXT() REPRESENTATION_CONTEXT('2D SPACE',''
  ) );
#3295 = PCURVE('',#3125,#3296);
#3296 = DEFINITIONAL_REPRESENTATION('',(#3297),#3301);
#3297 = LINE('',#3298,#3299);
#3298 = CARTESIAN_POINT('',(0.425,2.925));
#3299 = VECTOR('',#3300,1.);
#3300 = DIRECTION('',(1.,0.));
#3301 = ( GEOMETRIC_REPRESENTATION_CONTEXT(2) 
PARAMETRIC_REPRESENTATION_CONTEXT() REPRESENTATION_CONTEXT('2D SPACE',''
  ) );
#3302 = ADVANCED_FACE('',(#3303),#2561,.F.);
#3303 = FACE_BOUND('',#3304,.F.);
#3304 = EDGE_LOOP('',(#3305,#3306,#3307,#3330));
#3305 = ORIENTED_EDGE('',*,*,#2546,.T.);
#3306 = ORIENTED_EDGE('',*,*,#3231,.T.);
#3307 = ORIENTED_EDGE('',*,*,#3308,.T.);
#3308 = EDGE_CURVE('',#3209,#3309,#3311,.T.);
#3309 = VERTEX_POINT('',#3310);
#3310 = CARTESIAN_POINT('',(1.8,10.,3.7));
#3311 = SURFACE_CURVE('',#3312,(#3316,#3323),.PCURVE_S1.);
#3312 = LINE('',#3313,#3314);
#3313 = CARTESIAN_POINT('',(2.225,10.,3.7));
#3314 = VECTOR('',#3315,1.);
#3315 = DIRECTION('',(-1.,1.224646799147E-16,0.));
#3316 = PCURVE('',#2561,#3317);
#3317 = DEFINITIONAL_REPRESENTATION('',(#3318),#3322);
#3318 = LINE('',#3319,#3320);
#3319 = CARTESIAN_POINT('',(0.65,0.));
#3320 = VECTOR('',#3321,1.);
#3321 = DIRECTION('',(0.,1.));
#3322 = ( GEOMETRIC_REPRESENTATION_CONTEXT(2) 
PARAMETRIC_REPRESENTATION_CONTEXT() REPRESENTATION_CONTEXT('2D SPACE',''
  ) );
#3323 = PCURVE('',#3125,#3324);
#3324 = DEFINITIONAL_REPRESENTATION('',(#3325),#3329);
#3325 = LINE('',#3326,#3327);
#3326 = CARTESIAN_POINT('',(-1.379275100632E-16,-2.5));
#3327 = VECTOR('',#3328,1.);
#3328 = DIRECTION('',(1.,0.));
#3329 = ( GEOMETRIC_REPRESENTATION_CONTEXT(2) 
PARAMETRIC_REPRESENTATION_CONTEXT() REPRESENTATION_CONTEXT('2D SPACE',''
  ) );
#3330 = ORIENTED_EDGE('',*,*,#3331,.T.);
#3331 = EDGE_CURVE('',#3309,#2521,#3332,.T.);
#3332 = SURFACE_CURVE('',#3333,(#3337,#3343),.PCURVE_S1.);
#3333 = LINE('',#3334,#3335);
#3334 = CARTESIAN_POINT('',(1.8,10.,3.05));
#3335 = VECTOR('',#3336,1.);
#3336 = DIRECTION('',(-0.,0.,-1.));
#3337 = PCURVE('',#2561,#3338);
#3338 = DEFINITIONAL_REPRESENTATION('',(#3339),#3342);
#3339 = B_SPLINE_CURVE_WITH_KNOTS('',1,(#3340,#3341),.UNSPECIFIED.,.F.,
  .F.,(2,2),(-0.65,0.),.PIECEWISE_BEZIER_KNOTS.);
#3340 = CARTESIAN_POINT('',(0.65,0.425));
#3341 = CARTESIAN_POINT('',(0.,0.425));
#3342 = ( GEOMETRIC_REPRESENTATION_CONTEXT(2) 
PARAMETRIC_REPRESENTATION_CONTEXT() REPRESENTATION_CONTEXT('2D SPACE',''
  ) );
#3343 = PCURVE('',#2535,#3344);
#3344 = DEFINITIONAL_REPRESENTATION('',(#3345),#3348);
#3345 = B_SPLINE_CURVE_WITH_KNOTS('',1,(#3346,#3347),.UNSPECIFIED.,.F.,
  .F.,(2,2),(-0.65,0.),.PIECEWISE_BEZIER_KNOTS.);
#3346 = CARTESIAN_POINT('',(0.65,-0.425));
#3347 = CARTESIAN_POINT('',(0.,-0.425));
#3348 = ( GEOMETRIC_REPRESENTATION_CONTEXT(2) 
PARAMETRIC_REPRESENTATION_CONTEXT() REPRESENTATION_CONTEXT('2D SPACE',''
  ) );
#3349 = ADVANCED_FACE('',(#3350),#2275,.T.);
#3350 = FACE_BOUND('',#3351,.T.);
#3351 = EDGE_LOOP('',(#3352,#3375,#3376,#3377));
#3352 = ORIENTED_EDGE('',*,*,#3353,.F.);
#3353 = EDGE_CURVE('',#2261,#3354,#3356,.T.);
#3354 = VERTEX_POINT('',#3355);
#3355 = CARTESIAN_POINT('',(-1.8,5.425,3.7));
#3356 = SURFACE_CURVE('',#3357,(#3361,#3368),.PCURVE_S1.);
#3357 = LINE('',#3358,#3359);
#3358 = CARTESIAN_POINT('',(-1.8,5.425,3.05));
#3359 = VECTOR('',#3360,1.);
#3360 = DIRECTION('',(0.,0.,1.));
#3361 = PCURVE('',#2275,#3362);
#3362 = DEFINITIONAL_REPRESENTATION('',(#3363),#3367);
#3363 = LINE('',#3364,#3365);
#3364 = CARTESIAN_POINT('',(0.,0.));
#3365 = VECTOR('',#3366,1.);
#3366 = DIRECTION('',(1.,0.));
#3367 = ( GEOMETRIC_REPRESENTATION_CONTEXT(2) 
PARAMETRIC_REPRESENTATION_CONTEXT() REPRESENTATION_CONTEXT('2D SPACE',''
  ) );
#3368 = PCURVE('',#2301,#3369);
#3369 = DEFINITIONAL_REPRESENTATION('',(#3370),#3374);
#3370 = LINE('',#3371,#3372);
#3371 = CARTESIAN_POINT('',(0.,3.6));
#3372 = VECTOR('',#3373,1.);
#3373 = DIRECTION('',(1.,0.));
#3374 = ( GEOMETRIC_REPRESENTATION_CONTEXT(2) 
PARAMETRIC_REPRESENTATION_CONTEXT() REPRESENTATION_CONTEXT('2D SPACE',''
  ) );
#3375 = ORIENTED_EDGE('',*,*,#2260,.T.);
#3376 = ORIENTED_EDGE('',*,*,#3257,.T.);
#3377 = ORIENTED_EDGE('',*,*,#3378,.F.);
#3378 = EDGE_CURVE('',#3354,#3258,#3379,.T.);
#3379 = SURFACE_CURVE('',#3380,(#3384,#3391),.PCURVE_S1.);
#3380 = LINE('',#3381,#3382);
#3381 = CARTESIAN_POINT('',(-1.8,5.425,3.7));
#3382 = VECTOR('',#3383,1.);
#3383 = DIRECTION('',(-1.224646799147E-16,-1.,0.));
#3384 = PCURVE('',#2275,#3385);
#3385 = DEFINITIONAL_REPRESENTATION('',(#3386),#3390);
#3386 = LINE('',#3387,#3388);
#3387 = CARTESIAN_POINT('',(0.65,0.));
#3388 = VECTOR('',#3389,1.);
#3389 = DIRECTION('',(0.,-1.));
#3390 = ( GEOMETRIC_REPRESENTATION_CONTEXT(2) 
PARAMETRIC_REPRESENTATION_CONTEXT() REPRESENTATION_CONTEXT('2D SPACE',''
  ) );
#3391 = PCURVE('',#3125,#3392);
#3392 = DEFINITIONAL_REPRESENTATION('',(#3393),#3397);
#3393 = LINE('',#3394,#3395);
#3394 = CARTESIAN_POINT('',(4.025,2.075));
#3395 = VECTOR('',#3396,1.);
#3396 = DIRECTION('',(0.,1.));
#3397 = ( GEOMETRIC_REPRESENTATION_CONTEXT(2) 
PARAMETRIC_REPRESENTATION_CONTEXT() REPRESENTATION_CONTEXT('2D SPACE',''
  ) );
#3398 = ADVANCED_FACE('',(#3399),#2535,.F.);
#3399 = FACE_BOUND('',#3400,.F.);
#3400 = EDGE_LOOP('',(#3401,#3424,#3425,#3426));
#3401 = ORIENTED_EDGE('',*,*,#3402,.F.);
#3402 = EDGE_CURVE('',#2495,#3403,#3405,.T.);
#3403 = VERTEX_POINT('',#3404);
#3404 = CARTESIAN_POINT('',(1.8,10.425,3.7));
#3405 = SURFACE_CURVE('',#3406,(#3410,#3417),.PCURVE_S1.);
#3406 = LINE('',#3407,#3408);
#3407 = CARTESIAN_POINT('',(1.8,10.425,3.05));
#3408 = VECTOR('',#3409,1.);
#3409 = DIRECTION('',(0.,0.,1.));
#3410 = PCURVE('',#2535,#3411);
#3411 = DEFINITIONAL_REPRESENTATION('',(#3412),#3416);
#3412 = LINE('',#3413,#3414);
#3413 = CARTESIAN_POINT('',(0.,0.));
#3414 = VECTOR('',#3415,1.);
#3415 = DIRECTION('',(1.,0.));
#3416 = ( GEOMETRIC_REPRESENTATION_CONTEXT(2) 
PARAMETRIC_REPRESENTATION_CONTEXT() REPRESENTATION_CONTEXT('2D SPACE',''
  ) );
#3417 = PCURVE('',#2509,#3418);
#3418 = DEFINITIONAL_REPRESENTATION('',(#3419),#3423);
#3419 = LINE('',#3420,#3421);
#3420 = CARTESIAN_POINT('',(0.,0.));
#3421 = VECTOR('',#3422,1.);
#3422 = DIRECTION('',(1.,0.));
#3423 = ( GEOMETRIC_REPRESENTATION_CONTEXT(2) 
PARAMETRIC_REPRESENTATION_CONTEXT() REPRESENTATION_CONTEXT('2D SPACE',''
  ) );
#3424 = ORIENTED_EDGE('',*,*,#2520,.T.);
#3425 = ORIENTED_EDGE('',*,*,#3331,.F.);
#3426 = ORIENTED_EDGE('',*,*,#3427,.F.);
#3427 = EDGE_CURVE('',#3403,#3309,#3428,.T.);
#3428 = SURFACE_CURVE('',#3429,(#3433,#3440),.PCURVE_S1.);
#3429 = LINE('',#3430,#3431);
#3430 = CARTESIAN_POINT('',(1.8,10.425,3.7));
#3431 = VECTOR('',#3432,1.);
#3432 = DIRECTION('',(-1.224646799147E-16,-1.,0.));
#3433 = PCURVE('',#2535,#3434);
#3434 = DEFINITIONAL_REPRESENTATION('',(#3435),#3439);
#3435 = LINE('',#3436,#3437);
#3436 = CARTESIAN_POINT('',(0.65,0.));
#3437 = VECTOR('',#3438,1.);
#3438 = DIRECTION('',(0.,-1.));
#3439 = ( GEOMETRIC_REPRESENTATION_CONTEXT(2) 
PARAMETRIC_REPRESENTATION_CONTEXT() REPRESENTATION_CONTEXT('2D SPACE',''
  ) );
#3440 = PCURVE('',#3125,#3441);
#3441 = DEFINITIONAL_REPRESENTATION('',(#3442),#3446);
#3442 = LINE('',#3443,#3444);
#3443 = CARTESIAN_POINT('',(0.425,-2.925));
#3444 = VECTOR('',#3445,1.);
#3445 = DIRECTION('',(0.,1.));
#3446 = ( GEOMETRIC_REPRESENTATION_CONTEXT(2) 
PARAMETRIC_REPRESENTATION_CONTEXT() REPRESENTATION_CONTEXT('2D SPACE',''
  ) );
#3447 = ADVANCED_FACE('',(#3448),#2301,.F.);
#3448 = FACE_BOUND('',#3449,.F.);
#3449 = EDGE_LOOP('',(#3450,#3451,#3472,#3493));
#3450 = ORIENTED_EDGE('',*,*,#2286,.T.);
#3451 = ORIENTED_EDGE('',*,*,#3452,.F.);
#3452 = EDGE_CURVE('',#3453,#2287,#3455,.T.);
#3453 = VERTEX_POINT('',#3454);
#3454 = CARTESIAN_POINT('',(1.375,5.425,3.7));
#3455 = SURFACE_CURVE('',#3456,(#3460,#3466),.PCURVE_S1.);
#3456 = LINE('',#3457,#3458);
#3457 = CARTESIAN_POINT('',(1.375,5.425,3.05));
#3458 = VECTOR('',#3459,1.);
#3459 = DIRECTION('',(-0.,0.,-1.));
#3460 = PCURVE('',#2301,#3461);
#3461 = DEFINITIONAL_REPRESENTATION('',(#3462),#3465);
#3462 = B_SPLINE_CURVE_WITH_KNOTS('',1,(#3463,#3464),.UNSPECIFIED.,.F.,
  .F.,(2,2),(-0.65,0.),.PIECEWISE_BEZIER_KNOTS.);
#3463 = CARTESIAN_POINT('',(0.65,0.425));
#3464 = CARTESIAN_POINT('',(0.,0.425));
#3465 = ( GEOMETRIC_REPRESENTATION_CONTEXT(2) 
PARAMETRIC_REPRESENTATION_CONTEXT() REPRESENTATION_CONTEXT('2D SPACE',''
  ) );
#3466 = PCURVE('',#2327,#3467);
#3467 = DEFINITIONAL_REPRESENTATION('',(#3468),#3471);
#3468 = B_SPLINE_CURVE_WITH_KNOTS('',1,(#3469,#3470),.UNSPECIFIED.,.F.,
  .F.,(2,2),(-0.65,0.),.PIECEWISE_BEZIER_KNOTS.);
#3469 = CARTESIAN_POINT('',(0.65,-2.075));
#3470 = CARTESIAN_POINT('',(0.,-2.075));
#3471 = ( GEOMETRIC_REPRESENTATION_CONTEXT(2) 
PARAMETRIC_REPRESENTATION_CONTEXT() REPRESENTATION_CONTEXT('2D SPACE',''
  ) );
#3472 = ORIENTED_EDGE('',*,*,#3473,.T.);
#3473 = EDGE_CURVE('',#3453,#3354,#3474,.T.);
#3474 = SURFACE_CURVE('',#3475,(#3479,#3486),.PCURVE_S1.);
#3475 = LINE('',#3476,#3477);
#3476 = CARTESIAN_POINT('',(1.8,5.425,3.7));
#3477 = VECTOR('',#3478,1.);
#3478 = DIRECTION('',(-1.,1.224646799147E-16,0.));
#3479 = PCURVE('',#2301,#3480);
#3480 = DEFINITIONAL_REPRESENTATION('',(#3481),#3485);
#3481 = LINE('',#3482,#3483);
#3482 = CARTESIAN_POINT('',(0.65,0.));
#3483 = VECTOR('',#3484,1.);
#3484 = DIRECTION('',(0.,1.));
#3485 = ( GEOMETRIC_REPRESENTATION_CONTEXT(2) 
PARAMETRIC_REPRESENTATION_CONTEXT() REPRESENTATION_CONTEXT('2D SPACE',''
  ) );
#3486 = PCURVE('',#3125,#3487);
#3487 = DEFINITIONAL_REPRESENTATION('',(#3488),#3492);
#3488 = LINE('',#3489,#3490);
#3489 = CARTESIAN_POINT('',(0.425,2.075));
#3490 = VECTOR('',#3491,1.);
#3491 = DIRECTION('',(1.,0.));
#3492 = ( GEOMETRIC_REPRESENTATION_CONTEXT(2) 
PARAMETRIC_REPRESENTATION_CONTEXT() REPRESENTATION_CONTEXT('2D SPACE',''
  ) );
#3493 = ORIENTED_EDGE('',*,*,#3353,.F.);
#3494 = ADVANCED_FACE('',(#3495),#2509,.F.);
#3495 = FACE_BOUND('',#3496,.F.);
#3496 = EDGE_LOOP('',(#3497,#3520,#3521,#3522));
#3497 = ORIENTED_EDGE('',*,*,#3498,.F.);
#3498 = EDGE_CURVE('',#2469,#3499,#3501,.T.);
#3499 = VERTEX_POINT('',#3500);
#3500 = CARTESIAN_POINT('',(-1.8,10.425,3.7));
#3501 = SURFACE_CURVE('',#3502,(#3506,#3513),.PCURVE_S1.);
#3502 = LINE('',#3503,#3504);
#3503 = CARTESIAN_POINT('',(-1.8,10.425,3.05));
#3504 = VECTOR('',#3505,1.);
#3505 = DIRECTION('',(0.,0.,1.));
#3506 = PCURVE('',#2509,#3507);
#3507 = DEFINITIONAL_REPRESENTATION('',(#3508),#3512);
#3508 = LINE('',#3509,#3510);
#3509 = CARTESIAN_POINT('',(0.,3.6));
#3510 = VECTOR('',#3511,1.);
#3511 = DIRECTION('',(1.,0.));
#3512 = ( GEOMETRIC_REPRESENTATION_CONTEXT(2) 
PARAMETRIC_REPRESENTATION_CONTEXT() REPRESENTATION_CONTEXT('2D SPACE',''
  ) );
#3513 = PCURVE('',#2483,#3514);
#3514 = DEFINITIONAL_REPRESENTATION('',(#3515),#3519);
#3515 = LINE('',#3516,#3517);
#3516 = CARTESIAN_POINT('',(0.,0.));
#3517 = VECTOR('',#3518,1.);
#3518 = DIRECTION('',(1.,0.));
#3519 = ( GEOMETRIC_REPRESENTATION_CONTEXT(2) 
PARAMETRIC_REPRESENTATION_CONTEXT() REPRESENTATION_CONTEXT('2D SPACE',''
  ) );
#3520 = ORIENTED_EDGE('',*,*,#2494,.T.);
#3521 = ORIENTED_EDGE('',*,*,#3402,.T.);
#3522 = ORIENTED_EDGE('',*,*,#3523,.T.);
#3523 = EDGE_CURVE('',#3403,#3499,#3524,.T.);
#3524 = SURFACE_CURVE('',#3525,(#3529,#3536),.PCURVE_S1.);
#3525 = LINE('',#3526,#3527);
#3526 = CARTESIAN_POINT('',(1.8,10.425,3.7));
#3527 = VECTOR('',#3528,1.);
#3528 = DIRECTION('',(-1.,1.224646799147E-16,0.));
#3529 = PCURVE('',#2509,#3530);
#3530 = DEFINITIONAL_REPRESENTATION('',(#3531),#3535);
#3531 = LINE('',#3532,#3533);
#3532 = CARTESIAN_POINT('',(0.65,0.));
#3533 = VECTOR('',#3534,1.);
#3534 = DIRECTION('',(0.,1.));
#3535 = ( GEOMETRIC_REPRESENTATION_CONTEXT(2) 
PARAMETRIC_REPRESENTATION_CONTEXT() REPRESENTATION_CONTEXT('2D SPACE',''
  ) );
#3536 = PCURVE('',#3125,#3537);
#3537 = DEFINITIONAL_REPRESENTATION('',(#3538),#3542);
#3538 = LINE('',#3539,#3540);
#3539 = CARTESIAN_POINT('',(0.425,-2.925));
#3540 = VECTOR('',#3541,1.);
#3541 = DIRECTION('',(1.,0.));
#3542 = ( GEOMETRIC_REPRESENTATION_CONTEXT(2) 
PARAMETRIC_REPRESENTATION_CONTEXT() REPRESENTATION_CONTEXT('2D SPACE',''
  ) );
#3543 = ADVANCED_FACE('',(#3544),#2327,.T.);
#3544 = FACE_BOUND('',#3545,.T.);
#3545 = EDGE_LOOP('',(#3546,#3567,#3568,#3569));
#3546 = ORIENTED_EDGE('',*,*,#3547,.F.);
#3547 = EDGE_CURVE('',#2313,#3548,#3550,.T.);
#3548 = VERTEX_POINT('',#3549);
#3549 = CARTESIAN_POINT('',(1.375,7.075,3.7));
#3550 = SURFACE_CURVE('',#3551,(#3555,#3561),.PCURVE_S1.);
#3551 = LINE('',#3552,#3553);
#3552 = CARTESIAN_POINT('',(1.375,7.075,3.05));
#3553 = VECTOR('',#3554,1.);
#3554 = DIRECTION('',(0.,0.,1.));
#3555 = PCURVE('',#2327,#3556);
#3556 = DEFINITIONAL_REPRESENTATION('',(#3557),#3560);
#3557 = B_SPLINE_CURVE_WITH_KNOTS('',1,(#3558,#3559),.UNSPECIFIED.,.F.,
  .F.,(2,2),(0.,0.65),.PIECEWISE_BEZIER_KNOTS.);
#3558 = CARTESIAN_POINT('',(0.,-0.425));
#3559 = CARTESIAN_POINT('',(0.65,-0.425));
#3560 = ( GEOMETRIC_REPRESENTATION_CONTEXT(2) 
PARAMETRIC_REPRESENTATION_CONTEXT() REPRESENTATION_CONTEXT('2D SPACE',''
  ) );
#3561 = PCURVE('',#2353,#3562);
#3562 = DEFINITIONAL_REPRESENTATION('',(#3563),#3566);
#3563 = B_SPLINE_CURVE_WITH_KNOTS('',1,(#3564,#3565),.UNSPECIFIED.,.F.,
  .F.,(2,2),(0.,0.65),.PIECEWISE_BEZIER_KNOTS.);
#3564 = CARTESIAN_POINT('',(0.,0.425));
#3565 = CARTESIAN_POINT('',(0.65,0.425));
#3566 = ( GEOMETRIC_REPRESENTATION_CONTEXT(2) 
PARAMETRIC_REPRESENTATION_CONTEXT() REPRESENTATION_CONTEXT('2D SPACE',''
  ) );
#3567 = ORIENTED_EDGE('',*,*,#2312,.T.);
#3568 = ORIENTED_EDGE('',*,*,#3452,.F.);
#3569 = ORIENTED_EDGE('',*,*,#3570,.F.);
#3570 = EDGE_CURVE('',#3548,#3453,#3571,.T.);
#3571 = SURFACE_CURVE('',#3572,(#3576,#3583),.PCURVE_S1.);
#3572 = LINE('',#3573,#3574);
#3573 = CARTESIAN_POINT('',(1.375,7.5,3.7));
#3574 = VECTOR('',#3575,1.);
#3575 = DIRECTION('',(-1.224646799147E-16,-1.,0.));
#3576 = PCURVE('',#2327,#3577);
#3577 = DEFINITIONAL_REPRESENTATION('',(#3578),#3582);
#3578 = LINE('',#3579,#3580);
#3579 = CARTESIAN_POINT('',(0.65,0.));
#3580 = VECTOR('',#3581,1.);
#3581 = DIRECTION('',(0.,-1.));
#3582 = ( GEOMETRIC_REPRESENTATION_CONTEXT(2) 
PARAMETRIC_REPRESENTATION_CONTEXT() REPRESENTATION_CONTEXT('2D SPACE',''
  ) );
#3583 = PCURVE('',#3125,#3584);
#3584 = DEFINITIONAL_REPRESENTATION('',(#3585),#3589);
#3585 = LINE('',#3586,#3587);
#3586 = CARTESIAN_POINT('',(0.85,1.040949779275E-16));
#3587 = VECTOR('',#3588,1.);
#3588 = DIRECTION('',(0.,1.));
#3589 = ( GEOMETRIC_REPRESENTATION_CONTEXT(2) 
PARAMETRIC_REPRESENTATION_CONTEXT() REPRESENTATION_CONTEXT('2D SPACE',''
  ) );
#3590 = ADVANCED_FACE('',(#3591),#2483,.T.);
#3591 = FACE_BOUND('',#3592,.T.);
#3592 = EDGE_LOOP('',(#3593,#3594,#3595,#3616));
#3593 = ORIENTED_EDGE('',*,*,#3498,.F.);
#3594 = ORIENTED_EDGE('',*,*,#2468,.T.);
#3595 = ORIENTED_EDGE('',*,*,#3596,.F.);
#3596 = EDGE_CURVE('',#3597,#2443,#3599,.T.);
#3597 = VERTEX_POINT('',#3598);
#3598 = CARTESIAN_POINT('',(-1.8,10.,3.7));
#3599 = SURFACE_CURVE('',#3600,(#3604,#3610),.PCURVE_S1.);
#3600 = LINE('',#3601,#3602);
#3601 = CARTESIAN_POINT('',(-1.8,10.,3.05));
#3602 = VECTOR('',#3603,1.);
#3603 = DIRECTION('',(-0.,0.,-1.));
#3604 = PCURVE('',#2483,#3605);
#3605 = DEFINITIONAL_REPRESENTATION('',(#3606),#3609);
#3606 = B_SPLINE_CURVE_WITH_KNOTS('',1,(#3607,#3608),.UNSPECIFIED.,.F.,
  .F.,(2,2),(-0.65,0.),.PIECEWISE_BEZIER_KNOTS.);
#3607 = CARTESIAN_POINT('',(0.65,-0.425));
#3608 = CARTESIAN_POINT('',(0.,-0.425));
#3609 = ( GEOMETRIC_REPRESENTATION_CONTEXT(2) 
PARAMETRIC_REPRESENTATION_CONTEXT() REPRESENTATION_CONTEXT('2D SPACE',''
  ) );
#3610 = PCURVE('',#2457,#3611);
#3611 = DEFINITIONAL_REPRESENTATION('',(#3612),#3615);
#3612 = B_SPLINE_CURVE_WITH_KNOTS('',1,(#3613,#3614),.UNSPECIFIED.,.F.,
  .F.,(2,2),(-0.65,0.),.PIECEWISE_BEZIER_KNOTS.);
#3613 = CARTESIAN_POINT('',(0.65,0.425));
#3614 = CARTESIAN_POINT('',(0.,0.425));
#3615 = ( GEOMETRIC_REPRESENTATION_CONTEXT(2) 
PARAMETRIC_REPRESENTATION_CONTEXT() REPRESENTATION_CONTEXT('2D SPACE',''
  ) );
#3616 = ORIENTED_EDGE('',*,*,#3617,.F.);
#3617 = EDGE_CURVE('',#3499,#3597,#3618,.T.);
#3618 = SURFACE_CURVE('',#3619,(#3623,#3630),.PCURVE_S1.);
#3619 = LINE('',#3620,#3621);
#3620 = CARTESIAN_POINT('',(-1.8,10.425,3.7));
#3621 = VECTOR('',#3622,1.);
#3622 = DIRECTION('',(-1.224646799147E-16,-1.,0.));
#3623 = PCURVE('',#2483,#3624);
#3624 = DEFINITIONAL_REPRESENTATION('',(#3625),#3629);
#3625 = LINE('',#3626,#3627);
#3626 = CARTESIAN_POINT('',(0.65,0.));
#3627 = VECTOR('',#3628,1.);
#3628 = DIRECTION('',(0.,-1.));
#3629 = ( GEOMETRIC_REPRESENTATION_CONTEXT(2) 
PARAMETRIC_REPRESENTATION_CONTEXT() REPRESENTATION_CONTEXT('2D SPACE',''
  ) );
#3630 = PCURVE('',#3125,#3631);
#3631 = DEFINITIONAL_REPRESENTATION('',(#3632),#3636);
#3632 = LINE('',#3633,#3634);
#3633 = CARTESIAN_POINT('',(4.025,-2.925));
#3634 = VECTOR('',#3635,1.);
#3635 = DIRECTION('',(0.,1.));
#3636 = ( GEOMETRIC_REPRESENTATION_CONTEXT(2) 
PARAMETRIC_REPRESENTATION_CONTEXT() REPRESENTATION_CONTEXT('2D SPACE',''
  ) );
#3637 = ADVANCED_FACE('',(#3638),#2353,.T.);
#3638 = FACE_BOUND('',#3639,.T.);
#3639 = EDGE_LOOP('',(#3640,#3641,#3642,#3665));
#3640 = ORIENTED_EDGE('',*,*,#2338,.T.);
#3641 = ORIENTED_EDGE('',*,*,#3547,.T.);
#3642 = ORIENTED_EDGE('',*,*,#3643,.T.);
#3643 = EDGE_CURVE('',#3548,#3644,#3646,.T.);
#3644 = VERTEX_POINT('',#3645);
#3645 = CARTESIAN_POINT('',(-1.8,7.075,3.7));
#3646 = SURFACE_CURVE('',#3647,(#3651,#3658),.PCURVE_S1.);
#3647 = LINE('',#3648,#3649);
#3648 = CARTESIAN_POINT('',(1.8,7.075,3.7));
#3649 = VECTOR('',#3650,1.);
#3650 = DIRECTION('',(-1.,1.224646799147E-16,0.));
#3651 = PCURVE('',#2353,#3652);
#3652 = DEFINITIONAL_REPRESENTATION('',(#3653),#3657);
#3653 = LINE('',#3654,#3655);
#3654 = CARTESIAN_POINT('',(0.65,0.));
#3655 = VECTOR('',#3656,1.);
#3656 = DIRECTION('',(0.,1.));
#3657 = ( GEOMETRIC_REPRESENTATION_CONTEXT(2) 
PARAMETRIC_REPRESENTATION_CONTEXT() REPRESENTATION_CONTEXT('2D SPACE',''
  ) );
#3658 = PCURVE('',#3125,#3659);
#3659 = DEFINITIONAL_REPRESENTATION('',(#3660),#3664);
#3660 = LINE('',#3661,#3662);
#3661 = CARTESIAN_POINT('',(0.425,0.425));
#3662 = VECTOR('',#3663,1.);
#3663 = DIRECTION('',(1.,0.));
#3664 = ( GEOMETRIC_REPRESENTATION_CONTEXT(2) 
PARAMETRIC_REPRESENTATION_CONTEXT() REPRESENTATION_CONTEXT('2D SPACE',''
  ) );
#3665 = ORIENTED_EDGE('',*,*,#3666,.F.);
#3666 = EDGE_CURVE('',#2339,#3644,#3667,.T.);
#3667 = SURFACE_CURVE('',#3668,(#3672,#3679),.PCURVE_S1.);
#3668 = LINE('',#3669,#3670);
#3669 = CARTESIAN_POINT('',(-1.8,7.075,3.05));
#3670 = VECTOR('',#3671,1.);
#3671 = DIRECTION('',(0.,0.,1.));
#3672 = PCURVE('',#2353,#3673);
#3673 = DEFINITIONAL_REPRESENTATION('',(#3674),#3678);
#3674 = LINE('',#3675,#3676);
#3675 = CARTESIAN_POINT('',(0.,3.6));
#3676 = VECTOR('',#3677,1.);
#3677 = DIRECTION('',(1.,0.));
#3678 = ( GEOMETRIC_REPRESENTATION_CONTEXT(2) 
PARAMETRIC_REPRESENTATION_CONTEXT() REPRESENTATION_CONTEXT('2D SPACE',''
  ) );
#3679 = PCURVE('',#2379,#3680);
#3680 = DEFINITIONAL_REPRESENTATION('',(#3681),#3685);
#3681 = LINE('',#3682,#3683);
#3682 = CARTESIAN_POINT('',(0.,-0.85));
#3683 = VECTOR('',#3684,1.);
#3684 = DIRECTION('',(1.,0.));
#3685 = ( GEOMETRIC_REPRESENTATION_CONTEXT(2) 
PARAMETRIC_REPRESENTATION_CONTEXT() REPRESENTATION_CONTEXT('2D SPACE',''
  ) );
#3686 = ADVANCED_FACE('',(#3687),#2457,.F.);
#3687 = FACE_BOUND('',#3688,.F.);
#3688 = EDGE_LOOP('',(#3689,#3690,#3691,#3714));
#3689 = ORIENTED_EDGE('',*,*,#2442,.T.);
#3690 = ORIENTED_EDGE('',*,*,#3596,.F.);
#3691 = ORIENTED_EDGE('',*,*,#3692,.T.);
#3692 = EDGE_CURVE('',#3597,#3693,#3695,.T.);
#3693 = VERTEX_POINT('',#3694);
#3694 = CARTESIAN_POINT('',(-2.225,10.,3.7));
#3695 = SURFACE_CURVE('',#3696,(#3700,#3707),.PCURVE_S1.);
#3696 = LINE('',#3697,#3698);
#3697 = CARTESIAN_POINT('',(-1.375,10.,3.7));
#3698 = VECTOR('',#3699,1.);
#3699 = DIRECTION('',(-1.,1.224646799147E-16,0.));
#3700 = PCURVE('',#2457,#3701);
#3701 = DEFINITIONAL_REPRESENTATION('',(#3702),#3706);
#3702 = LINE('',#3703,#3704);
#3703 = CARTESIAN_POINT('',(0.65,0.));
#3704 = VECTOR('',#3705,1.);
#3705 = DIRECTION('',(0.,1.));
#3706 = ( GEOMETRIC_REPRESENTATION_CONTEXT(2) 
PARAMETRIC_REPRESENTATION_CONTEXT() REPRESENTATION_CONTEXT('2D SPACE',''
  ) );
#3707 = PCURVE('',#3125,#3708);
#3708 = DEFINITIONAL_REPRESENTATION('',(#3709),#3713);
#3709 = LINE('',#3710,#3711);
#3710 = CARTESIAN_POINT('',(3.6,-2.5));
#3711 = VECTOR('',#3712,1.);
#3712 = DIRECTION('',(1.,0.));
#3713 = ( GEOMETRIC_REPRESENTATION_CONTEXT(2) 
PARAMETRIC_REPRESENTATION_CONTEXT() REPRESENTATION_CONTEXT('2D SPACE',''
  ) );
#3714 = ORIENTED_EDGE('',*,*,#3715,.F.);
#3715 = EDGE_CURVE('',#2417,#3693,#3716,.T.);
#3716 = SURFACE_CURVE('',#3717,(#3721,#3728),.PCURVE_S1.);
#3717 = LINE('',#3718,#3719);
#3718 = CARTESIAN_POINT('',(-2.225,10.,3.05));
#3719 = VECTOR('',#3720,1.);
#3720 = DIRECTION('',(0.,0.,1.));
#3721 = PCURVE('',#2457,#3722);
#3722 = DEFINITIONAL_REPRESENTATION('',(#3723),#3727);
#3723 = LINE('',#3724,#3725);
#3724 = CARTESIAN_POINT('',(0.,0.85));
#3725 = VECTOR('',#3726,1.);
#3726 = DIRECTION('',(1.,0.));
#3727 = ( GEOMETRIC_REPRESENTATION_CONTEXT(2) 
PARAMETRIC_REPRESENTATION_CONTEXT() REPRESENTATION_CONTEXT('2D SPACE',''
  ) );
#3728 = PCURVE('',#2431,#3729);
#3729 = DEFINITIONAL_REPRESENTATION('',(#3730),#3734);
#3730 = LINE('',#3731,#3732);
#3731 = CARTESIAN_POINT('',(0.,0.));
#3732 = VECTOR('',#3733,1.);
#3733 = DIRECTION('',(1.,0.));
#3734 = ( GEOMETRIC_REPRESENTATION_CONTEXT(2) 
PARAMETRIC_REPRESENTATION_CONTEXT() REPRESENTATION_CONTEXT('2D SPACE',''
  ) );
#3735 = ADVANCED_FACE('',(#3736),#2379,.T.);
#3736 = FACE_BOUND('',#3737,.T.);
#3737 = EDGE_LOOP('',(#3738,#3759,#3760,#3761));
#3738 = ORIENTED_EDGE('',*,*,#3739,.F.);
#3739 = EDGE_CURVE('',#2365,#3740,#3742,.T.);
#3740 = VERTEX_POINT('',#3741);
#3741 = CARTESIAN_POINT('',(-1.8,7.5,3.7));
#3742 = SURFACE_CURVE('',#3743,(#3747,#3753),.PCURVE_S1.);
#3743 = LINE('',#3744,#3745);
#3744 = CARTESIAN_POINT('',(-1.8,7.5,3.05));
#3745 = VECTOR('',#3746,1.);
#3746 = DIRECTION('',(0.,0.,1.));
#3747 = PCURVE('',#2379,#3748);
#3748 = DEFINITIONAL_REPRESENTATION('',(#3749),#3752);
#3749 = B_SPLINE_CURVE_WITH_KNOTS('',1,(#3750,#3751),.UNSPECIFIED.,.F.,
  .F.,(2,2),(0.,0.65),.PIECEWISE_BEZIER_KNOTS.);
#3750 = CARTESIAN_POINT('',(0.,-0.425));
#3751 = CARTESIAN_POINT('',(0.65,-0.425));
#3752 = ( GEOMETRIC_REPRESENTATION_CONTEXT(2) 
PARAMETRIC_REPRESENTATION_CONTEXT() REPRESENTATION_CONTEXT('2D SPACE',''
  ) );
#3753 = PCURVE('',#2405,#3754);
#3754 = DEFINITIONAL_REPRESENTATION('',(#3755),#3758);
#3755 = B_SPLINE_CURVE_WITH_KNOTS('',1,(#3756,#3757),.UNSPECIFIED.,.F.,
  .F.,(2,2),(0.,0.65),.PIECEWISE_BEZIER_KNOTS.);
#3756 = CARTESIAN_POINT('',(0.,0.425));
#3757 = CARTESIAN_POINT('',(0.65,0.425));
#3758 = ( GEOMETRIC_REPRESENTATION_CONTEXT(2) 
PARAMETRIC_REPRESENTATION_CONTEXT() REPRESENTATION_CONTEXT('2D SPACE',''
  ) );
#3759 = ORIENTED_EDGE('',*,*,#2364,.T.);
#3760 = ORIENTED_EDGE('',*,*,#3666,.T.);
#3761 = ORIENTED_EDGE('',*,*,#3762,.F.);
#3762 = EDGE_CURVE('',#3740,#3644,#3763,.T.);
#3763 = SURFACE_CURVE('',#3764,(#3768,#3775),.PCURVE_S1.);
#3764 = LINE('',#3765,#3766);
#3765 = CARTESIAN_POINT('',(-1.8,7.925,3.7));
#3766 = VECTOR('',#3767,1.);
#3767 = DIRECTION('',(-1.224646799147E-16,-1.,0.));
#3768 = PCURVE('',#2379,#3769);
#3769 = DEFINITIONAL_REPRESENTATION('',(#3770),#3774);
#3770 = LINE('',#3771,#3772);
#3771 = CARTESIAN_POINT('',(0.65,0.));
#3772 = VECTOR('',#3773,1.);
#3773 = DIRECTION('',(0.,-1.));
#3774 = ( GEOMETRIC_REPRESENTATION_CONTEXT(2) 
PARAMETRIC_REPRESENTATION_CONTEXT() REPRESENTATION_CONTEXT('2D SPACE',''
  ) );
#3775 = PCURVE('',#3125,#3776);
#3776 = DEFINITIONAL_REPRESENTATION('',(#3777),#3781);
#3777 = LINE('',#3778,#3779);
#3778 = CARTESIAN_POINT('',(4.025,-0.425));
#3779 = VECTOR('',#3780,1.);
#3780 = DIRECTION('',(0.,1.));
#3781 = ( GEOMETRIC_REPRESENTATION_CONTEXT(2) 
PARAMETRIC_REPRESENTATION_CONTEXT() REPRESENTATION_CONTEXT('2D SPACE',''
  ) );
#3782 = ADVANCED_FACE('',(#3783),#2431,.T.);
#3783 = FACE_BOUND('',#3784,.T.);
#3784 = EDGE_LOOP('',(#3785,#3786,#3787,#3810));
#3785 = ORIENTED_EDGE('',*,*,#3715,.F.);
#3786 = ORIENTED_EDGE('',*,*,#2416,.T.);
#3787 = ORIENTED_EDGE('',*,*,#3788,.T.);
#3788 = EDGE_CURVE('',#2391,#3789,#3791,.T.);
#3789 = VERTEX_POINT('',#3790);
#3790 = CARTESIAN_POINT('',(-2.225,7.5,3.7));
#3791 = SURFACE_CURVE('',#3792,(#3796,#3803),.PCURVE_S1.);
#3792 = LINE('',#3793,#3794);
#3793 = CARTESIAN_POINT('',(-2.225,7.5,3.05));
#3794 = VECTOR('',#3795,1.);
#3795 = DIRECTION('',(0.,0.,1.));
#3796 = PCURVE('',#2431,#3797);
#3797 = DEFINITIONAL_REPRESENTATION('',(#3798),#3802);
#3798 = LINE('',#3799,#3800);
#3799 = CARTESIAN_POINT('',(0.,-2.5));
#3800 = VECTOR('',#3801,1.);
#3801 = DIRECTION('',(1.,0.));
#3802 = ( GEOMETRIC_REPRESENTATION_CONTEXT(2) 
PARAMETRIC_REPRESENTATION_CONTEXT() REPRESENTATION_CONTEXT('2D SPACE',''
  ) );
#3803 = PCURVE('',#2405,#3804);
#3804 = DEFINITIONAL_REPRESENTATION('',(#3805),#3809);
#3805 = LINE('',#3806,#3807);
#3806 = CARTESIAN_POINT('',(0.,0.85));
#3807 = VECTOR('',#3808,1.);
#3808 = DIRECTION('',(1.,0.));
#3809 = ( GEOMETRIC_REPRESENTATION_CONTEXT(2) 
PARAMETRIC_REPRESENTATION_CONTEXT() REPRESENTATION_CONTEXT('2D SPACE',''
  ) );
#3810 = ORIENTED_EDGE('',*,*,#3811,.F.);
#3811 = EDGE_CURVE('',#3693,#3789,#3812,.T.);
#3812 = SURFACE_CURVE('',#3813,(#3817,#3824),.PCURVE_S1.);
#3813 = LINE('',#3814,#3815);
#3814 = CARTESIAN_POINT('',(-2.225,10.,3.7));
#3815 = VECTOR('',#3816,1.);
#3816 = DIRECTION('',(-1.224646799147E-16,-1.,0.));
#3817 = PCURVE('',#2431,#3818);
#3818 = DEFINITIONAL_REPRESENTATION('',(#3819),#3823);
#3819 = LINE('',#3820,#3821);
#3820 = CARTESIAN_POINT('',(0.65,0.));
#3821 = VECTOR('',#3822,1.);
#3822 = DIRECTION('',(0.,-1.));
#3823 = ( GEOMETRIC_REPRESENTATION_CONTEXT(2) 
PARAMETRIC_REPRESENTATION_CONTEXT() REPRESENTATION_CONTEXT('2D SPACE',''
  ) );
#3824 = PCURVE('',#3125,#3825);
#3825 = DEFINITIONAL_REPRESENTATION('',(#3826),#3830);
#3826 = LINE('',#3827,#3828);
#3827 = CARTESIAN_POINT('',(4.45,-2.5));
#3828 = VECTOR('',#3829,1.);
#3829 = DIRECTION('',(0.,1.));
#3830 = ( GEOMETRIC_REPRESENTATION_CONTEXT(2) 
PARAMETRIC_REPRESENTATION_CONTEXT() REPRESENTATION_CONTEXT('2D SPACE',''
  ) );
#3831 = ADVANCED_FACE('',(#3832),#2405,.T.);
#3832 = FACE_BOUND('',#3833,.T.);
#3833 = EDGE_LOOP('',(#3834,#3835,#3836,#3857));
#3834 = ORIENTED_EDGE('',*,*,#2390,.T.);
#3835 = ORIENTED_EDGE('',*,*,#3739,.T.);
#3836 = ORIENTED_EDGE('',*,*,#3837,.T.);
#3837 = EDGE_CURVE('',#3740,#3789,#3838,.T.);
#3838 = SURFACE_CURVE('',#3839,(#3843,#3850),.PCURVE_S1.);
#3839 = LINE('',#3840,#3841);
#3840 = CARTESIAN_POINT('',(-1.375,7.5,3.7));
#3841 = VECTOR('',#3842,1.);
#3842 = DIRECTION('',(-1.,1.224646799147E-16,0.));
#3843 = PCURVE('',#2405,#3844);
#3844 = DEFINITIONAL_REPRESENTATION('',(#3845),#3849);
#3845 = LINE('',#3846,#3847);
#3846 = CARTESIAN_POINT('',(0.65,0.));
#3847 = VECTOR('',#3848,1.);
#3848 = DIRECTION('',(0.,1.));
#3849 = ( GEOMETRIC_REPRESENTATION_CONTEXT(2) 
PARAMETRIC_REPRESENTATION_CONTEXT() REPRESENTATION_CONTEXT('2D SPACE',''
  ) );
#3850 = PCURVE('',#3125,#3851);
#3851 = DEFINITIONAL_REPRESENTATION('',(#3852),#3856);
#3852 = LINE('',#3853,#3854);
#3853 = CARTESIAN_POINT('',(3.6,4.40872847693E-16));
#3854 = VECTOR('',#3855,1.);
#3855 = DIRECTION('',(1.,0.));
#3856 = ( GEOMETRIC_REPRESENTATION_CONTEXT(2) 
PARAMETRIC_REPRESENTATION_CONTEXT() REPRESENTATION_CONTEXT('2D SPACE',''
  ) );
#3857 = ORIENTED_EDGE('',*,*,#3788,.F.);
#3858 = ADVANCED_FACE('',(#3859),#2669,.F.);
#3859 = FACE_BOUND('',#3860,.F.);
#3860 = EDGE_LOOP('',(#3861,#3862,#3863,#3864,#3865,#3866,#3867,#3868));
#3861 = ORIENTED_EDGE('',*,*,#2655,.T.);
#3862 = ORIENTED_EDGE('',*,*,#2758,.T.);
#3863 = ORIENTED_EDGE('',*,*,#2856,.T.);
#3864 = ORIENTED_EDGE('',*,*,#2954,.T.);
#3865 = ORIENTED_EDGE('',*,*,#2981,.T.);
#3866 = ORIENTED_EDGE('',*,*,#2905,.T.);
#3867 = ORIENTED_EDGE('',*,*,#2807,.T.);
#3868 = ORIENTED_EDGE('',*,*,#2709,.T.);
#3869 = ADVANCED_FACE('',(#3870),#3043,.T.);
#3870 = FACE_BOUND('',#3871,.T.);
#3871 = EDGE_LOOP('',(#3872,#3894,#3895,#3896,#3957,#3994,#4037,#4092,
    #4135,#4172));
#3872 = ORIENTED_EDGE('',*,*,#3873,.F.);
#3873 = EDGE_CURVE('',#3007,#3874,#3876,.T.);
#3874 = VERTEX_POINT('',#3875);
#3875 = CARTESIAN_POINT('',(3.214147909968,-4.272387902526E-16,
    11.041800643087));
#3876 = SEAM_CURVE('',#3877,(#3880,#3887),.PCURVE_S1.);
#3877 = B_SPLINE_CURVE_WITH_KNOTS('',1,(#3878,#3879),.UNSPECIFIED.,.F.,
  .F.,(2,2),(0.,1.),.PIECEWISE_BEZIER_KNOTS.);
#3878 = CARTESIAN_POINT('',(3.5,-1.145940996009E-15,9.));
#3879 = CARTESIAN_POINT('',(2.8,6.140305472209E-16,14.));
#3880 = PCURVE('',#3043,#3881);
#3881 = DEFINITIONAL_REPRESENTATION('',(#3882),#3886);
#3882 = LINE('',#3883,#3884);
#3883 = CARTESIAN_POINT('',(0.,0.));
#3884 = VECTOR('',#3885,1.);
#3885 = DIRECTION('',(0.,1.));
#3886 = ( GEOMETRIC_REPRESENTATION_CONTEXT(2) 
PARAMETRIC_REPRESENTATION_CONTEXT() REPRESENTATION_CONTEXT('2D SPACE',''
  ) );
#3887 = PCURVE('',#3043,#3888);
#3888 = DEFINITIONAL_REPRESENTATION('',(#3889),#3893);
#3889 = LINE('',#3890,#3891);
#3890 = CARTESIAN_POINT('',(6.28318530718,0.));
#3891 = VECTOR('',#3892,1.);
#3892 = DIRECTION('',(0.,1.));
#3893 = ( GEOMETRIC_REPRESENTATION_CONTEXT(2) 
PARAMETRIC_REPRESENTATION_CONTEXT() REPRESENTATION_CONTEXT('2D SPACE',''
  ) );
#3894 = ORIENTED_EDGE('',*,*,#3028,.T.);
#3895 = ORIENTED_EDGE('',*,*,#3873,.T.);
#3896 = ORIENTED_EDGE('',*,*,#3897,.F.);
#3897 = EDGE_CURVE('',#3898,#3874,#3900,.T.);
#3898 = VERTEX_POINT('',#3899);
#3899 = CARTESIAN_POINT('',(3.,-1.544973786188,10.));
#3900 = SURFACE_CURVE('',#3901,(#3916,#3934),.PCURVE_S1.);
#3901 = B_SPLINE_CURVE_WITH_KNOTS('',7,(#3902,#3903,#3904,#3905,#3906,
    #3907,#3908,#3909,#3910,#3911,#3912,#3913,#3914,#3915),
  .UNSPECIFIED.,.F.,.F.,(8,6,8),(0.,0.602644562669,1.),.UNSPECIFIED.);
#3902 = CARTESIAN_POINT('',(3.,-1.544973786188,10.));
#3903 = CARTESIAN_POINT('',(3.027438015248,-1.446650229595,
    10.13348223634));
#3904 = CARTESIAN_POINT('',(3.054089081696,-1.34365230437,
    10.263136073116));
#3905 = CARTESIAN_POINT('',(3.079883305832,-1.234994354467,
    10.388621487831));
#3906 = CARTESIAN_POINT('',(3.104592776455,-1.119761631549,
    10.508829723296));
#3907 = CARTESIAN_POINT('',(3.127810624616,-0.997030914621,
    10.621781417051));
#3908 = CARTESIAN_POINT('',(3.148965253326,-0.865917604128,
    10.724695826992));
#3909 = CARTESIAN_POINT('',(3.179252224938,-0.63227433265,
    10.872037851048));
#3910 = CARTESIAN_POINT('',(3.190024631594,-0.535225011957,
    10.924444153699));
#3911 = CARTESIAN_POINT('',(3.199242465487,-0.433986089428,
    10.969287669938));
#3912 = CARTESIAN_POINT('',(3.206558722215,-0.328874501002,
    11.004880270237));
#3913 = CARTESIAN_POINT('',(3.211618403117,-0.220578054927,
    11.029494934085));
#3914 = CARTESIAN_POINT('',(3.214147909968,-0.110286924067,
    11.041800643087));
#3915 = CARTESIAN_POINT('',(3.214147909968,7.194245199571E-14,
    11.041800643087));
#3916 = PCURVE('',#3043,#3917);
#3917 = DEFINITIONAL_REPRESENTATION('',(#3918),#3933);
#3918 = B_SPLINE_CURVE_WITH_KNOTS('',7,(#3919,#3920,#3921,#3922,#3923,
    #3924,#3925,#3926,#3927,#3928,#3929,#3930,#3931,#3932),
  .UNSPECIFIED.,.F.,.F.,(8,6,8),(0.,0.602644562669,1.),.UNSPECIFIED.);
#3919 = CARTESIAN_POINT('',(5.914594051621,0.2));
#3920 = CARTESIAN_POINT('',(5.937828312257,0.226696447268));
#3921 = CARTESIAN_POINT('',(5.962215129333,0.252627214623));
#3922 = CARTESIAN_POINT('',(5.987993740102,0.277724297566));
#3923 = CARTESIAN_POINT('',(6.015383335163,0.301765944659));
#3924 = CARTESIAN_POINT('',(6.044612383219,0.32435628341));
#3925 = CARTESIAN_POINT('',(6.075893714281,0.344939165398));
#3926 = CARTESIAN_POINT('',(6.131724559888,0.37440757021));
#3927 = CARTESIAN_POINT('',(6.154936568438,0.38488883074));
#3928 = CARTESIAN_POINT('',(6.179170819158,0.393857533988));
#3929 = CARTESIAN_POINT('',(6.204349950288,0.400976054048));
#3930 = CARTESIAN_POINT('',(6.23030560935,0.405898986817));
#3931 = CARTESIAN_POINT('',(6.256745962254,0.408360128617));
#3932 = CARTESIAN_POINT('',(6.28318530718,0.408360128617));
#3933 = ( GEOMETRIC_REPRESENTATION_CONTEXT(2) 
PARAMETRIC_REPRESENTATION_CONTEXT() REPRESENTATION_CONTEXT('2D SPACE',''
  ) );
#3934 = PCURVE('',#3935,#3940);
#3935 = PLANE('',#3936);
#3936 = AXIS2_PLACEMENT_3D('',#3937,#3938,#3939);
#3937 = CARTESIAN_POINT('',(3.,-2.1,10.));
#3938 = DIRECTION('',(0.979520219105,0.,-0.201345822816));
#3939 = DIRECTION('',(0.201345822816,0.,0.979520219105));
#3940 = DEFINITIONAL_REPRESENTATION('',(#3941),#3956);
#3941 = B_SPLINE_CURVE_WITH_KNOTS('',7,(#3942,#3943,#3944,#3945,#3946,
    #3947,#3948,#3949,#3950,#3951,#3952,#3953,#3954,#3955),
  .UNSPECIFIED.,.F.,.F.,(8,6,8),(0.,0.602644562669,1.),.UNSPECIFIED.);
#3942 = CARTESIAN_POINT('',(0.,-0.555026213812));
#3943 = CARTESIAN_POINT('',(0.136273079143,-0.653349770405));
#3944 = CARTESIAN_POINT('',(0.268637714653,-0.75634769563));
#3945 = CARTESIAN_POINT('',(0.396746774851,-0.865005645533));
#3946 = CARTESIAN_POINT('',(0.519468320686,-0.980238368451));
#3947 = CARTESIAN_POINT('',(0.634781605243,-1.102969085379));
#3948 = CARTESIAN_POINT('',(0.739847746741,-1.234082395872));
#3949 = CARTESIAN_POINT('',(0.890270393647,-1.46772566735));
#3950 = CARTESIAN_POINT('',(0.943772405785,-1.564774988043));
#3951 = CARTESIAN_POINT('',(0.989553508986,-1.666013910572));
#3952 = CARTESIAN_POINT('',(1.025890278361,-1.771125498998));
#3953 = CARTESIAN_POINT('',(1.0510195849,-1.879421945073));
#3954 = CARTESIAN_POINT('',(1.063582581316,-1.989713075933));
#3955 = CARTESIAN_POINT('',(1.063582581316,-2.1));
#3956 = ( GEOMETRIC_REPRESENTATION_CONTEXT(2) 
PARAMETRIC_REPRESENTATION_CONTEXT() REPRESENTATION_CONTEXT('2D SPACE',''
  ) );
#3957 = ORIENTED_EDGE('',*,*,#3958,.F.);
#3958 = EDGE_CURVE('',#3959,#3898,#3961,.T.);
#3959 = VERTEX_POINT('',#3960);
#3960 = CARTESIAN_POINT('',(2.692931894172,-2.1,9.877172757669));
#3961 = SURFACE_CURVE('',#3962,(#3969,#3979),.PCURVE_S1.);
#3962 = B_SPLINE_CURVE_WITH_KNOTS('',5,(#3963,#3964,#3965,#3966,#3967,
    #3968),.UNSPECIFIED.,.F.,.F.,(6,6),(0.,1.),
  .PIECEWISE_BEZIER_KNOTS.);
#3963 = CARTESIAN_POINT('',(2.692931894172,-2.1,9.877172757669));
#3964 = CARTESIAN_POINT('',(2.762358027898,-1.994333587154,
    9.904943211159));
#3965 = CARTESIAN_POINT('',(2.828048319733,-1.885876560396,
    9.931219327893));
#3966 = CARTESIAN_POINT('',(2.889735551891,-1.774727927822,
    9.955894220757));
#3967 = CARTESIAN_POINT('',(2.947141575586,-1.661028301498,
    9.978856630234));
#3968 = CARTESIAN_POINT('',(3.,-1.544973786188,10.));
#3969 = PCURVE('',#3043,#3970);
#3970 = DEFINITIONAL_REPRESENTATION('',(#3971),#3978);
#3971 = B_SPLINE_CURVE_WITH_KNOTS('',5,(#3972,#3973,#3974,#3975,#3976,
    #3977),.UNSPECIFIED.,.F.,.F.,(6,6),(0.,1.),
  .PIECEWISE_BEZIER_KNOTS.);
#3972 = CARTESIAN_POINT('',(5.773190557448,0.175434551534));
#3973 = CARTESIAN_POINT('',(5.800931226008,0.180988642232));
#3974 = CARTESIAN_POINT('',(5.828949048243,0.186243865579));
#3975 = CARTESIAN_POINT('',(5.857239710326,0.191178844151));
#3976 = CARTESIAN_POINT('',(5.885793661963,0.195771326047));
#3977 = CARTESIAN_POINT('',(5.914593987582,0.2));
#3978 = ( GEOMETRIC_REPRESENTATION_CONTEXT(2) 
PARAMETRIC_REPRESENTATION_CONTEXT() REPRESENTATION_CONTEXT('2D SPACE',''
  ) );
#3979 = PCURVE('',#3980,#3985);
#3980 = PLANE('',#3981);
#3981 = AXIS2_PLACEMENT_3D('',#3982,#3983,#3984);
#3982 = CARTESIAN_POINT('',(-2.,-2.1,8.));
#3983 = DIRECTION('',(0.371390676354,0.,-0.928476690885));
#3984 = DIRECTION('',(0.928476690885,0.,0.371390676354));
#3985 = DEFINITIONAL_REPRESENTATION('',(#3986),#3993);
#3986 = B_SPLINE_CURVE_WITH_KNOTS('',5,(#3987,#3988,#3989,#3990,#3991,
    #3992),.UNSPECIFIED.,.F.,.F.,(6,6),(0.,1.),
  .PIECEWISE_BEZIER_KNOTS.);
#3987 = CARTESIAN_POINT('',(5.054442335755,0.));
#3988 = CARTESIAN_POINT('',(5.129216570162,-0.105666412846));
#3989 = CARTESIAN_POINT('',(5.199967179714,-0.214123439604));
#3990 = CARTESIAN_POINT('',(5.266406362048,-0.325272072178));
#3991 = CARTESIAN_POINT('',(5.328234541752,-0.438971698502));
#3992 = CARTESIAN_POINT('',(5.385164807135,-0.555026213812));
#3993 = ( GEOMETRIC_REPRESENTATION_CONTEXT(2) 
PARAMETRIC_REPRESENTATION_CONTEXT() REPRESENTATION_CONTEXT('2D SPACE',''
  ) );
#3994 = ORIENTED_EDGE('',*,*,#3995,.T.);
#3995 = EDGE_CURVE('',#3959,#3996,#3998,.T.);
#3996 = VERTEX_POINT('',#3997);
#3997 = CARTESIAN_POINT('',(2.018628497386,-2.1,14.));
#3998 = SURFACE_CURVE('',#3999,(#4008,#4020),.PCURVE_S1.);
#3999 = B_SPLINE_CURVE_WITH_KNOTS('',4,(#4000,#4001,#4002,#4003,#4004,
    #4005,#4006,#4007),.UNSPECIFIED.,.F.,.F.,(5,3,5),(0.,0.54183978746,
    1.),.UNSPECIFIED.);
#4000 = CARTESIAN_POINT('',(2.833153726373,-2.1,9.));
#4001 = CARTESIAN_POINT('',(2.725186324092,-2.1,9.677692275671));
#4002 = CARTESIAN_POINT('',(2.616504466809,-2.1,10.355268506948));
#4003 = CARTESIAN_POINT('',(2.507015499875,-2.1,11.032712232806));
#4004 = CARTESIAN_POINT('',(2.303201179483,-2.1,12.282685826129));
#4005 = CARTESIAN_POINT('',(2.209144789538,-2.1,12.855260656074));
#4006 = CARTESIAN_POINT('',(2.114328087111,-2.1,13.427706659274));
#4007 = CARTESIAN_POINT('',(2.018628490874,-2.1,14.));
#4008 = PCURVE('',#3043,#4009);
#4009 = DEFINITIONAL_REPRESENTATION('',(#4010),#4019);
#4010 = B_SPLINE_CURVE_WITH_KNOTS('',4,(#4011,#4012,#4013,#4014,#4015,
    #4016,#4017,#4018),.UNSPECIFIED.,.F.,.F.,(5,3,5),(0.,0.54183978746,
    1.),.UNSPECIFIED.);
#4011 = CARTESIAN_POINT('',(5.78563678164,0.));
#4012 = CARTESIAN_POINT('',(5.776267709471,0.135538455134));
#4013 = CARTESIAN_POINT('',(5.766405467783,0.27105370139));
#4014 = CARTESIAN_POINT('',(5.755990027106,0.406542446561));
#4015 = CARTESIAN_POINT('',(5.735585701508,0.656537165226));
#4016 = CARTESIAN_POINT('',(5.725779031452,0.771052131215));
#4017 = CARTESIAN_POINT('',(5.715461528372,0.885541331855));
#4018 = CARTESIAN_POINT('',(5.70455825406,1.));
#4019 = ( GEOMETRIC_REPRESENTATION_CONTEXT(2) 
PARAMETRIC_REPRESENTATION_CONTEXT() REPRESENTATION_CONTEXT('2D SPACE',''
  ) );
#4020 = PCURVE('',#4021,#4026);
#4021 = PLANE('',#4022);
#4022 = AXIS2_PLACEMENT_3D('',#4023,#4024,#4025);
#4023 = CARTESIAN_POINT('',(2.721915920297,-2.1,17.892159123037));
#4024 = DIRECTION('',(0.,-1.,0.));
#4025 = DIRECTION('',(1.,0.,0.));
#4026 = DEFINITIONAL_REPRESENTATION('',(#4027),#4036);
#4027 = B_SPLINE_CURVE_WITH_KNOTS('',4,(#4028,#4029,#4030,#4031,#4032,
    #4033,#4034,#4035),.UNSPECIFIED.,.F.,.F.,(5,3,5),(0.,0.54183978746,
    1.),.UNSPECIFIED.);
#4028 = CARTESIAN_POINT('',(0.111237806077,-8.892159123037));
#4029 = CARTESIAN_POINT('',(3.270403795111E-03,-8.214466847366));
#4030 = CARTESIAN_POINT('',(-0.105411453487,-7.536890616089));
#4031 = CARTESIAN_POINT('',(-0.214900420422,-6.859446890231));
#4032 = CARTESIAN_POINT('',(-0.418714740813,-5.609473296907));
#4033 = CARTESIAN_POINT('',(-0.512771130759,-5.036898466963));
#4034 = CARTESIAN_POINT('',(-0.607587833185,-4.464452463763));
#4035 = CARTESIAN_POINT('',(-0.703287429423,-3.892159123037));
#4036 = ( GEOMETRIC_REPRESENTATION_CONTEXT(2) 
PARAMETRIC_REPRESENTATION_CONTEXT() REPRESENTATION_CONTEXT('2D SPACE',''
  ) );
#4037 = ORIENTED_EDGE('',*,*,#4038,.F.);
#4038 = EDGE_CURVE('',#4039,#3996,#4041,.T.);
#4039 = VERTEX_POINT('',#4040);
#4040 = CARTESIAN_POINT('',(2.018628497386,2.1,14.));
#4041 = SURFACE_CURVE('',#4042,(#4047,#4054),.PCURVE_S1.);
#4042 = ELLIPSE('',#4043,4.8,3.84);
#4043 = AXIS2_PLACEMENT_3D('',#4044,#4045,#4046);
#4044 = CARTESIAN_POINT('',(-2.,0.,14.));
#4045 = DIRECTION('',(0.,0.,1.));
#4046 = DIRECTION('',(1.,0.,-0.));
#4047 = PCURVE('',#3043,#4048);
#4048 = DEFINITIONAL_REPRESENTATION('',(#4049),#4053);
#4049 = LINE('',#4050,#4051);
#4050 = CARTESIAN_POINT('',(0.,1.));
#4051 = VECTOR('',#4052,1.);
#4052 = DIRECTION('',(1.,0.));
#4053 = ( GEOMETRIC_REPRESENTATION_CONTEXT(2) 
PARAMETRIC_REPRESENTATION_CONTEXT() REPRESENTATION_CONTEXT('2D SPACE',''
  ) );
#4054 = PCURVE('',#4055,#4086);
#4055 = B_SPLINE_SURFACE_WITH_KNOTS('',14,1,(
    (#4056,#4057)
    ,(#4058,#4059)
    ,(#4060,#4061)
    ,(#4062,#4063)
    ,(#4064,#4065)
    ,(#4066,#4067)
    ,(#4068,#4069)
    ,(#4070,#4071)
    ,(#4072,#4073)
    ,(#4074,#4075)
    ,(#4076,#4077)
    ,(#4078,#4079)
    ,(#4080,#4081)
    ,(#4082,#4083)
    ,(#4084,#4085
    )),.UNSPECIFIED.,.T.,.F.,.F.,(15,15),(2,2),(0.,6.28318530718),(0.,1.
    ),.PIECEWISE_BEZIER_KNOTS.);
#4056 = CARTESIAN_POINT('',(2.8,6.140305472209E-16,14.));
#4057 = CARTESIAN_POINT('',(0.8,2.060125245988E-15,18.));
#4058 = CARTESIAN_POINT('',(2.800000000001,1.72338796997,14.));
#4059 = CARTESIAN_POINT('',(0.8,1.005309649148,18.));
#4060 = CARTESIAN_POINT('',(1.758811066237,3.44677657608,14.000000000001
    ));
#4061 = CARTESIAN_POINT('',(0.192636396402,2.010619669385,18.));
#4062 = CARTESIAN_POINT('',(-0.323568132319,4.734026290841,
    13.999999999992));
#4063 = CARTESIAN_POINT('',(-1.022057664851,2.761515336312,
    18.000000000001));
#4064 = CARTESIAN_POINT('',(-3.135730950767,5.149046767972,
    14.000000000027));
#4065 = CARTESIAN_POINT('',(-2.662593910488,3.003610614672,
    17.999999999997));
#4066 = CARTESIAN_POINT('',(-6.054923169901,4.412071146279,
    13.999999999938));
#4067 = CARTESIAN_POINT('',(-4.365179416618,2.573708168632,
    18.000000000007));
#4068 = CARTESIAN_POINT('',(-8.283400168007,2.556999341814,
    14.000000000103));
#4069 = CARTESIAN_POINT('',(-5.665625458472,1.491582949426,
    17.99999999999));
#4070 = CARTESIAN_POINT('',(-9.122377289783,5.252532251389E-11,
    13.999999999868));
#4071 = CARTESIAN_POINT('',(-6.154359942932,-1.300071161836E-13,
    18.000000000006));
#4072 = CARTESIAN_POINT('',(-8.283400168008,-2.556999341911,
    14.000000000133));
#4073 = CARTESIAN_POINT('',(-5.665625458479,-1.491582949426,
    18.000000000005));
#4074 = CARTESIAN_POINT('',(-6.054923169899,-4.412071146205,
    13.999999999892));
#4075 = CARTESIAN_POINT('',(-4.365179416607,-2.573708168631,
    17.999999999985));
#4076 = CARTESIAN_POINT('',(-3.135730950769,-5.149046768019,
    14.000000000069));
#4077 = CARTESIAN_POINT('',(-2.662593910497,-3.003610614673,
    18.000000000017));
#4078 = CARTESIAN_POINT('',(-0.323568132318,-4.734026290817,
    13.999999999965));
#4079 = CARTESIAN_POINT('',(-1.022057664845,-2.761515336311,
    17.999999999987));
#4080 = CARTESIAN_POINT('',(1.758811066236,-3.446776576089,
    14.000000000013));
#4081 = CARTESIAN_POINT('',(0.1926363964,-2.010619669385,18.000000000006
    ));
#4082 = CARTESIAN_POINT('',(2.800000000002,-1.723387969968,
    13.999999999997));
#4083 = CARTESIAN_POINT('',(0.8,-1.005309649148,17.999999999998));
#4084 = CARTESIAN_POINT('',(2.8,-1.162326327572E-15,14.));
#4085 = CARTESIAN_POINT('',(0.8,-1.492588453458E-15,18.));
#4086 = DEFINITIONAL_REPRESENTATION('',(#4087),#4091);
#4087 = LINE('',#4088,#4089);
#4088 = CARTESIAN_POINT('',(0.,0.));
#4089 = VECTOR('',#4090,1.);
#4090 = DIRECTION('',(1.,0.));
#4091 = ( GEOMETRIC_REPRESENTATION_CONTEXT(2) 
PARAMETRIC_REPRESENTATION_CONTEXT() REPRESENTATION_CONTEXT('2D SPACE',''
  ) );
#4092 = ORIENTED_EDGE('',*,*,#4093,.F.);
#4093 = EDGE_CURVE('',#4094,#4039,#4096,.T.);
#4094 = VERTEX_POINT('',#4095);
#4095 = CARTESIAN_POINT('',(2.692931894172,2.1,9.877172757669));
#4096 = SURFACE_CURVE('',#4097,(#4106,#4118),.PCURVE_S1.);
#4097 = B_SPLINE_CURVE_WITH_KNOTS('',4,(#4098,#4099,#4100,#4101,#4102,
    #4103,#4104,#4105),.UNSPECIFIED.,.F.,.F.,(5,3,5),(0.,0.54183978746,
    1.),.UNSPECIFIED.);
#4098 = CARTESIAN_POINT('',(2.833153726373,2.1,9.));
#4099 = CARTESIAN_POINT('',(2.725186324092,2.1,9.677692275671));
#4100 = CARTESIAN_POINT('',(2.616504466809,2.1,10.355268506948));
#4101 = CARTESIAN_POINT('',(2.507015499875,2.1,11.032712232806));
#4102 = CARTESIAN_POINT('',(2.303201179483,2.1,12.282685826129));
#4103 = CARTESIAN_POINT('',(2.209144789538,2.1,12.855260656074));
#4104 = CARTESIAN_POINT('',(2.114328087111,2.1,13.427706659273));
#4105 = CARTESIAN_POINT('',(2.018628490874,2.1,14.));
#4106 = PCURVE('',#3043,#4107);
#4107 = DEFINITIONAL_REPRESENTATION('',(#4108),#4117);
#4108 = B_SPLINE_CURVE_WITH_KNOTS('',4,(#4109,#4110,#4111,#4112,#4113,
    #4114,#4115,#4116),.UNSPECIFIED.,.F.,.F.,(5,3,5),(0.,0.54183978746,
    1.),.UNSPECIFIED.);
#4109 = CARTESIAN_POINT('',(0.49754852554,0.));
#4110 = CARTESIAN_POINT('',(0.506917597709,0.135538455134));
#4111 = CARTESIAN_POINT('',(0.516779839396,0.27105370139));
#4112 = CARTESIAN_POINT('',(0.527195280073,0.406542446561));
#4113 = CARTESIAN_POINT('',(0.547599605671,0.656537165226));
#4114 = CARTESIAN_POINT('',(0.557406275727,0.771052131215));
#4115 = CARTESIAN_POINT('',(0.567723778808,0.885541331855));
#4116 = CARTESIAN_POINT('',(0.57862705312,1.));
#4117 = ( GEOMETRIC_REPRESENTATION_CONTEXT(2) 
PARAMETRIC_REPRESENTATION_CONTEXT() REPRESENTATION_CONTEXT('2D SPACE',''
  ) );
#4118 = PCURVE('',#4119,#4124);
#4119 = PLANE('',#4120);
#4120 = AXIS2_PLACEMENT_3D('',#4121,#4122,#4123);
#4121 = CARTESIAN_POINT('',(2.721915920297,2.1,17.892159123037));
#4122 = DIRECTION('',(0.,-1.,0.));
#4123 = DIRECTION('',(1.,0.,0.));
#4124 = DEFINITIONAL_REPRESENTATION('',(#4125),#4134);
#4125 = B_SPLINE_CURVE_WITH_KNOTS('',4,(#4126,#4127,#4128,#4129,#4130,
    #4131,#4132,#4133),.UNSPECIFIED.,.F.,.F.,(5,3,5),(0.,0.54183978746,
    1.),.UNSPECIFIED.);
#4126 = CARTESIAN_POINT('',(0.111237806077,-8.892159123037));
#4127 = CARTESIAN_POINT('',(3.270403795196E-03,-8.214466847366));
#4128 = CARTESIAN_POINT('',(-0.105411453487,-7.536890616089));
#4129 = CARTESIAN_POINT('',(-0.214900420422,-6.859446890231));
#4130 = CARTESIAN_POINT('',(-0.418714740813,-5.609473296907));
#4131 = CARTESIAN_POINT('',(-0.512771130759,-5.036898466963));
#4132 = CARTESIAN_POINT('',(-0.607587833185,-4.464452463763));
#4133 = CARTESIAN_POINT('',(-0.703287429423,-3.892159123037));
#4134 = ( GEOMETRIC_REPRESENTATION_CONTEXT(2) 
PARAMETRIC_REPRESENTATION_CONTEXT() REPRESENTATION_CONTEXT('2D SPACE',''
  ) );
#4135 = ORIENTED_EDGE('',*,*,#4136,.T.);
#4136 = EDGE_CURVE('',#4094,#4137,#4139,.T.);
#4137 = VERTEX_POINT('',#4138);
#4138 = CARTESIAN_POINT('',(3.,1.544973786189,10.));
#4139 = SURFACE_CURVE('',#4140,(#4147,#4157),.PCURVE_S1.);
#4140 = B_SPLINE_CURVE_WITH_KNOTS('',5,(#4141,#4142,#4143,#4144,#4145,
    #4146),.UNSPECIFIED.,.F.,.F.,(6,6),(0.,1.),
  .PIECEWISE_BEZIER_KNOTS.);
#4141 = CARTESIAN_POINT('',(2.692931894172,2.1,9.877172757669));
#4142 = CARTESIAN_POINT('',(2.762358027898,1.994333587154,9.904943211159
    ));
#4143 = CARTESIAN_POINT('',(2.828048319733,1.885876560396,9.931219327893
    ));
#4144 = CARTESIAN_POINT('',(2.889735551891,1.774727927822,9.955894220757
    ));
#4145 = CARTESIAN_POINT('',(2.947141575586,1.661028301498,9.978856630234
    ));
#4146 = CARTESIAN_POINT('',(3.,1.544973786189,10.));
#4147 = PCURVE('',#3043,#4148);
#4148 = DEFINITIONAL_REPRESENTATION('',(#4149),#4156);
#4149 = B_SPLINE_CURVE_WITH_KNOTS('',5,(#4150,#4151,#4152,#4153,#4154,
    #4155),.UNSPECIFIED.,.F.,.F.,(6,6),(0.,1.),
  .PIECEWISE_BEZIER_KNOTS.);
#4150 = CARTESIAN_POINT('',(0.509994749731,0.175434551534));
#4151 = CARTESIAN_POINT('',(0.482254081172,0.180988642232));
#4152 = CARTESIAN_POINT('',(0.454236258936,0.186243865579));
#4153 = CARTESIAN_POINT('',(0.425945596853,0.191178844151));
#4154 = CARTESIAN_POINT('',(0.397391645216,0.195771326047));
#4155 = CARTESIAN_POINT('',(0.368591319598,0.2));
#4156 = ( GEOMETRIC_REPRESENTATION_CONTEXT(2) 
PARAMETRIC_REPRESENTATION_CONTEXT() REPRESENTATION_CONTEXT('2D SPACE',''
  ) );
#4157 = PCURVE('',#4158,#4163);
#4158 = PLANE('',#4159);
#4159 = AXIS2_PLACEMENT_3D('',#4160,#4161,#4162);
#4160 = CARTESIAN_POINT('',(-2.,-2.1,8.));
#4161 = DIRECTION('',(0.371390676354,0.,-0.928476690885));
#4162 = DIRECTION('',(0.928476690885,0.,0.371390676354));
#4163 = DEFINITIONAL_REPRESENTATION('',(#4164),#4171);
#4164 = B_SPLINE_CURVE_WITH_KNOTS('',5,(#4165,#4166,#4167,#4168,#4169,
    #4170),.UNSPECIFIED.,.F.,.F.,(6,6),(0.,1.),
  .PIECEWISE_BEZIER_KNOTS.);
#4165 = CARTESIAN_POINT('',(5.054442335755,-4.2));
#4166 = CARTESIAN_POINT('',(5.129216570162,-4.094333587154));
#4167 = CARTESIAN_POINT('',(5.199967179714,-3.985876560396));
#4168 = CARTESIAN_POINT('',(5.266406362048,-3.874727927822));
#4169 = CARTESIAN_POINT('',(5.328234541752,-3.761028301498));
#4170 = CARTESIAN_POINT('',(5.385164807135,-3.644973786189));
#4171 = ( GEOMETRIC_REPRESENTATION_CONTEXT(2) 
PARAMETRIC_REPRESENTATION_CONTEXT() REPRESENTATION_CONTEXT('2D SPACE',''
  ) );
#4172 = ORIENTED_EDGE('',*,*,#4173,.T.);
#4173 = EDGE_CURVE('',#4137,#3874,#4174,.T.);
#4174 = SURFACE_CURVE('',#4175,(#4190,#4208),.PCURVE_S1.);
#4175 = B_SPLINE_CURVE_WITH_KNOTS('',7,(#4176,#4177,#4178,#4179,#4180,
    #4181,#4182,#4183,#4184,#4185,#4186,#4187,#4188,#4189),
  .UNSPECIFIED.,.F.,.F.,(8,6,8),(0.,0.602644562669,1.),.UNSPECIFIED.);
#4176 = CARTESIAN_POINT('',(3.,1.544973786189,10.));
#4177 = CARTESIAN_POINT('',(3.027438015248,1.446650229595,10.13348223634
    ));
#4178 = CARTESIAN_POINT('',(3.054089081696,1.34365230437,10.263136073116
    ));
#4179 = CARTESIAN_POINT('',(3.079883305832,1.234994354467,
    10.388621487831));
#4180 = CARTESIAN_POINT('',(3.104592776455,1.119761631549,
    10.508829723297));
#4181 = CARTESIAN_POINT('',(3.127810624616,0.997030914622,
    10.621781417051));
#4182 = CARTESIAN_POINT('',(3.148965253326,0.865917604128,
    10.724695826992));
#4183 = CARTESIAN_POINT('',(3.179252224938,0.63227433265,10.872037851048
    ));
#4184 = CARTESIAN_POINT('',(3.190024631594,0.535225011958,10.9244441537)
  );
#4185 = CARTESIAN_POINT('',(3.199242465487,0.433986089428,
    10.969287669939));
#4186 = CARTESIAN_POINT('',(3.206558722215,0.328874501003,
    11.004880270237));
#4187 = CARTESIAN_POINT('',(3.211618403118,0.220578054927,
    11.029494934085));
#4188 = CARTESIAN_POINT('',(3.214147909968,0.110286924067,
    11.041800643087));
#4189 = CARTESIAN_POINT('',(3.214147909968,4.440892098501E-16,
    11.041800643087));
#4190 = PCURVE('',#3043,#4191);
#4191 = DEFINITIONAL_REPRESENTATION('',(#4192),#4207);
#4192 = B_SPLINE_CURVE_WITH_KNOTS('',7,(#4193,#4194,#4195,#4196,#4197,
    #4198,#4199,#4200,#4201,#4202,#4203,#4204,#4205,#4206),
  .UNSPECIFIED.,.F.,.F.,(8,6,8),(0.,0.602644562669,1.),.UNSPECIFIED.);
#4193 = CARTESIAN_POINT('',(0.368591255559,0.2));
#4194 = CARTESIAN_POINT('',(0.345356994922,0.226696447268));
#4195 = CARTESIAN_POINT('',(0.320970177847,0.252627214623));
#4196 = CARTESIAN_POINT('',(0.295191567078,0.277724297566));
#4197 = CARTESIAN_POINT('',(0.267801972017,0.301765944659));
#4198 = CARTESIAN_POINT('',(0.23857292396,0.32435628341));
#4199 = CARTESIAN_POINT('',(0.207291592899,0.344939165398));
#4200 = CARTESIAN_POINT('',(0.151460747291,0.37440757021));
#4201 = CARTESIAN_POINT('',(0.128248738742,0.38488883074));
#4202 = CARTESIAN_POINT('',(0.104014488021,0.393857533988));
#4203 = CARTESIAN_POINT('',(7.883535689157E-02,0.400976054047));
#4204 = CARTESIAN_POINT('',(5.287969782897E-02,0.405898986817));
#4205 = CARTESIAN_POINT('',(2.643934492533E-02,0.408360128617));
#4206 = CARTESIAN_POINT('',(0.,0.408360128617));
#4207 = ( GEOMETRIC_REPRESENTATION_CONTEXT(2) 
PARAMETRIC_REPRESENTATION_CONTEXT() REPRESENTATION_CONTEXT('2D SPACE',''
  ) );
#4208 = PCURVE('',#3935,#4209);
#4209 = DEFINITIONAL_REPRESENTATION('',(#4210),#4225);
#4210 = B_SPLINE_CURVE_WITH_KNOTS('',7,(#4211,#4212,#4213,#4214,#4215,
    #4216,#4217,#4218,#4219,#4220,#4221,#4222,#4223,#4224),
  .UNSPECIFIED.,.F.,.F.,(8,6,8),(0.,0.602644562669,1.),.UNSPECIFIED.);
#4211 = CARTESIAN_POINT('',(0.,-3.644973786189));
#4212 = CARTESIAN_POINT('',(0.136273079143,-3.546650229595));
#4213 = CARTESIAN_POINT('',(0.268637714653,-3.44365230437));
#4214 = CARTESIAN_POINT('',(0.396746774851,-3.334994354467));
#4215 = CARTESIAN_POINT('',(0.519468320687,-3.219761631549));
#4216 = CARTESIAN_POINT('',(0.634781605243,-3.097030914622));
#4217 = CARTESIAN_POINT('',(0.739847746741,-2.965917604128));
#4218 = CARTESIAN_POINT('',(0.890270393648,-2.73227433265));
#4219 = CARTESIAN_POINT('',(0.943772405785,-2.635225011958));
#4220 = CARTESIAN_POINT('',(0.989553508987,-2.533986089428));
#4221 = CARTESIAN_POINT('',(1.025890278361,-2.428874501003));
#4222 = CARTESIAN_POINT('',(1.051019584901,-2.320578054927));
#4223 = CARTESIAN_POINT('',(1.063582581317,-2.210286924067));
#4224 = CARTESIAN_POINT('',(1.063582581316,-2.1));
#4225 = ( GEOMETRIC_REPRESENTATION_CONTEXT(2) 
PARAMETRIC_REPRESENTATION_CONTEXT() REPRESENTATION_CONTEXT('2D SPACE',''
  ) );
#4226 = ADVANCED_FACE('',(#4227,#4245),#3125,.T.);
#4227 = FACE_BOUND('',#4228,.T.);
#4228 = EDGE_LOOP('',(#4229,#4230,#4231,#4232,#4233,#4234,#4235,#4236,
    #4237,#4238,#4239,#4240,#4241,#4242,#4243,#4244));
#4229 = ORIENTED_EDGE('',*,*,#3208,.F.);
#4230 = ORIENTED_EDGE('',*,*,#3308,.T.);
#4231 = ORIENTED_EDGE('',*,*,#3427,.F.);
#4232 = ORIENTED_EDGE('',*,*,#3523,.T.);
#4233 = ORIENTED_EDGE('',*,*,#3617,.T.);
#4234 = ORIENTED_EDGE('',*,*,#3692,.T.);
#4235 = ORIENTED_EDGE('',*,*,#3811,.T.);
#4236 = ORIENTED_EDGE('',*,*,#3837,.F.);
#4237 = ORIENTED_EDGE('',*,*,#3762,.T.);
#4238 = ORIENTED_EDGE('',*,*,#3643,.F.);
#4239 = ORIENTED_EDGE('',*,*,#3570,.T.);
#4240 = ORIENTED_EDGE('',*,*,#3473,.T.);
#4241 = ORIENTED_EDGE('',*,*,#3378,.T.);
#4242 = ORIENTED_EDGE('',*,*,#3282,.F.);
#4243 = ORIENTED_EDGE('',*,*,#3184,.F.);
#4244 = ORIENTED_EDGE('',*,*,#3109,.F.);
#4245 = FACE_BOUND('',#4246,.T.);
#4246 = EDGE_LOOP('',(#4247,#4277,#4305,#4333));
#4247 = ORIENTED_EDGE('',*,*,#4248,.T.);
#4248 = EDGE_CURVE('',#4249,#4251,#4253,.T.);
#4249 = VERTEX_POINT('',#4250);
#4250 = CARTESIAN_POINT('',(1.375,9.575,3.7));
#4251 = VERTEX_POINT('',#4252);
#4252 = CARTESIAN_POINT('',(1.375,7.925,3.7));
#4253 = SURFACE_CURVE('',#4254,(#4258,#4265),.PCURVE_S1.);
#4254 = LINE('',#4255,#4256);
#4255 = CARTESIAN_POINT('',(1.375,10.,3.7));
#4256 = VECTOR('',#4257,1.);
#4257 = DIRECTION('',(-1.224646799147E-16,-1.,0.));
#4258 = PCURVE('',#3125,#4259);
#4259 = DEFINITIONAL_REPRESENTATION('',(#4260),#4264);
#4260 = LINE('',#4261,#4262);
#4261 = CARTESIAN_POINT('',(0.85,-2.5));
#4262 = VECTOR('',#4263,1.);
#4263 = DIRECTION('',(0.,1.));
#4264 = ( GEOMETRIC_REPRESENTATION_CONTEXT(2) 
PARAMETRIC_REPRESENTATION_CONTEXT() REPRESENTATION_CONTEXT('2D SPACE',''
  ) );
#4265 = PCURVE('',#4266,#4271);
#4266 = PLANE('',#4267);
#4267 = AXIS2_PLACEMENT_3D('',#4268,#4269,#4270);
#4268 = CARTESIAN_POINT('',(1.375,10.,3.05));
#4269 = DIRECTION('',(-1.,1.224646799147E-16,0.));
#4270 = DIRECTION('',(0.,0.,1.));
#4271 = DEFINITIONAL_REPRESENTATION('',(#4272),#4276);
#4272 = LINE('',#4273,#4274);
#4273 = CARTESIAN_POINT('',(0.65,0.));
#4274 = VECTOR('',#4275,1.);
#4275 = DIRECTION('',(0.,-1.));
#4276 = ( GEOMETRIC_REPRESENTATION_CONTEXT(2) 
PARAMETRIC_REPRESENTATION_CONTEXT() REPRESENTATION_CONTEXT('2D SPACE',''
  ) );
#4277 = ORIENTED_EDGE('',*,*,#4278,.T.);
#4278 = EDGE_CURVE('',#4251,#4279,#4281,.T.);
#4279 = VERTEX_POINT('',#4280);
#4280 = CARTESIAN_POINT('',(-1.375,7.925,3.7));
#4281 = SURFACE_CURVE('',#4282,(#4286,#4293),.PCURVE_S1.);
#4282 = LINE('',#4283,#4284);
#4283 = CARTESIAN_POINT('',(1.8,7.925,3.7));
#4284 = VECTOR('',#4285,1.);
#4285 = DIRECTION('',(-1.,1.224646799147E-16,0.));
#4286 = PCURVE('',#3125,#4287);
#4287 = DEFINITIONAL_REPRESENTATION('',(#4288),#4292);
#4288 = LINE('',#4289,#4290);
#4289 = CARTESIAN_POINT('',(0.425,-0.425));
#4290 = VECTOR('',#4291,1.);
#4291 = DIRECTION('',(1.,0.));
#4292 = ( GEOMETRIC_REPRESENTATION_CONTEXT(2) 
PARAMETRIC_REPRESENTATION_CONTEXT() REPRESENTATION_CONTEXT('2D SPACE',''
  ) );
#4293 = PCURVE('',#4294,#4299);
#4294 = PLANE('',#4295);
#4295 = AXIS2_PLACEMENT_3D('',#4296,#4297,#4298);
#4296 = CARTESIAN_POINT('',(1.8,7.925,3.05));
#4297 = DIRECTION('',(-1.224646799147E-16,-1.,0.));
#4298 = DIRECTION('',(0.,0.,1.));
#4299 = DEFINITIONAL_REPRESENTATION('',(#4300),#4304);
#4300 = LINE('',#4301,#4302);
#4301 = CARTESIAN_POINT('',(0.65,0.));
#4302 = VECTOR('',#4303,1.);
#4303 = DIRECTION('',(0.,1.));
#4304 = ( GEOMETRIC_REPRESENTATION_CONTEXT(2) 
PARAMETRIC_REPRESENTATION_CONTEXT() REPRESENTATION_CONTEXT('2D SPACE',''
  ) );
#4305 = ORIENTED_EDGE('',*,*,#4306,.F.);
#4306 = EDGE_CURVE('',#4307,#4279,#4309,.T.);
#4307 = VERTEX_POINT('',#4308);
#4308 = CARTESIAN_POINT('',(-1.375,9.575,3.7));
#4309 = SURFACE_CURVE('',#4310,(#4314,#4321),.PCURVE_S1.);
#4310 = LINE('',#4311,#4312);
#4311 = CARTESIAN_POINT('',(-1.375,10.,3.7));
#4312 = VECTOR('',#4313,1.);
#4313 = DIRECTION('',(-1.224646799147E-16,-1.,0.));
#4314 = PCURVE('',#3125,#4315);
#4315 = DEFINITIONAL_REPRESENTATION('',(#4316),#4320);
#4316 = LINE('',#4317,#4318);
#4317 = CARTESIAN_POINT('',(3.6,-2.5));
#4318 = VECTOR('',#4319,1.);
#4319 = DIRECTION('',(0.,1.));
#4320 = ( GEOMETRIC_REPRESENTATION_CONTEXT(2) 
PARAMETRIC_REPRESENTATION_CONTEXT() REPRESENTATION_CONTEXT('2D SPACE',''
  ) );
#4321 = PCURVE('',#4322,#4327);
#4322 = PLANE('',#4323);
#4323 = AXIS2_PLACEMENT_3D('',#4324,#4325,#4326);
#4324 = CARTESIAN_POINT('',(-1.375,10.,3.05));
#4325 = DIRECTION('',(-1.,1.224646799147E-16,0.));
#4326 = DIRECTION('',(0.,0.,1.));
#4327 = DEFINITIONAL_REPRESENTATION('',(#4328),#4332);
#4328 = LINE('',#4329,#4330);
#4329 = CARTESIAN_POINT('',(0.65,0.));
#4330 = VECTOR('',#4331,1.);
#4331 = DIRECTION('',(0.,-1.));
#4332 = ( GEOMETRIC_REPRESENTATION_CONTEXT(2) 
PARAMETRIC_REPRESENTATION_CONTEXT() REPRESENTATION_CONTEXT('2D SPACE',''
  ) );
#4333 = ORIENTED_EDGE('',*,*,#4334,.F.);
#4334 = EDGE_CURVE('',#4249,#4307,#4335,.T.);
#4335 = SURFACE_CURVE('',#4336,(#4340,#4347),.PCURVE_S1.);
#4336 = LINE('',#4337,#4338);
#4337 = CARTESIAN_POINT('',(1.8,9.575,3.7));
#4338 = VECTOR('',#4339,1.);
#4339 = DIRECTION('',(-1.,1.224646799147E-16,0.));
#4340 = PCURVE('',#3125,#4341);
#4341 = DEFINITIONAL_REPRESENTATION('',(#4342),#4346);
#4342 = LINE('',#4343,#4344);
#4343 = CARTESIAN_POINT('',(0.425,-2.075));
#4344 = VECTOR('',#4345,1.);
#4345 = DIRECTION('',(1.,0.));
#4346 = ( GEOMETRIC_REPRESENTATION_CONTEXT(2) 
PARAMETRIC_REPRESENTATION_CONTEXT() REPRESENTATION_CONTEXT('2D SPACE',''
  ) );
#4347 = PCURVE('',#4348,#4353);
#4348 = PLANE('',#4349);
#4349 = AXIS2_PLACEMENT_3D('',#4350,#4351,#4352);
#4350 = CARTESIAN_POINT('',(1.8,9.575,3.05));
#4351 = DIRECTION('',(-1.224646799147E-16,-1.,0.));
#4352 = DIRECTION('',(0.,0.,1.));
#4353 = DEFINITIONAL_REPRESENTATION('',(#4354),#4358);
#4354 = LINE('',#4355,#4356);
#4355 = CARTESIAN_POINT('',(0.65,0.));
#4356 = VECTOR('',#4357,1.);
#4357 = DIRECTION('',(0.,1.));
#4358 = ( GEOMETRIC_REPRESENTATION_CONTEXT(2) 
PARAMETRIC_REPRESENTATION_CONTEXT() REPRESENTATION_CONTEXT('2D SPACE',''
  ) );
#4359 = ADVANCED_FACE('',(#4360),#3935,.T.);
#4360 = FACE_BOUND('',#4361,.T.);
#4361 = EDGE_LOOP('',(#4362,#4387,#4408,#4409,#4410,#4433,#4456));
#4362 = ORIENTED_EDGE('',*,*,#4363,.F.);
#4363 = EDGE_CURVE('',#4364,#4366,#4368,.T.);
#4364 = VERTEX_POINT('',#4365);
#4365 = CARTESIAN_POINT('',(3.,-2.1,10.));
#4366 = VERTEX_POINT('',#4367);
#4367 = CARTESIAN_POINT('',(6.7,-2.1,28.));
#4368 = SURFACE_CURVE('',#4369,(#4373,#4380),.PCURVE_S1.);
#4369 = LINE('',#4370,#4371);
#4370 = CARTESIAN_POINT('',(3.,-2.1,10.));
#4371 = VECTOR('',#4372,1.);
#4372 = DIRECTION('',(0.201345822816,0.,0.979520219105));
#4373 = PCURVE('',#3935,#4374);
#4374 = DEFINITIONAL_REPRESENTATION('',(#4375),#4379);
#4375 = LINE('',#4376,#4377);
#4376 = CARTESIAN_POINT('',(0.,0.));
#4377 = VECTOR('',#4378,1.);
#4378 = DIRECTION('',(1.,0.));
#4379 = ( GEOMETRIC_REPRESENTATION_CONTEXT(2) 
PARAMETRIC_REPRESENTATION_CONTEXT() REPRESENTATION_CONTEXT('2D SPACE',''
  ) );
#4380 = PCURVE('',#4021,#4381);
#4381 = DEFINITIONAL_REPRESENTATION('',(#4382),#4386);
#4382 = LINE('',#4383,#4384);
#4383 = CARTESIAN_POINT('',(0.278084079703,-7.892159123037));
#4384 = VECTOR('',#4385,1.);
#4385 = DIRECTION('',(0.201345822816,0.979520219105));
#4386 = ( GEOMETRIC_REPRESENTATION_CONTEXT(2) 
PARAMETRIC_REPRESENTATION_CONTEXT() REPRESENTATION_CONTEXT('2D SPACE',''
  ) );
#4387 = ORIENTED_EDGE('',*,*,#4388,.T.);
#4388 = EDGE_CURVE('',#4364,#3898,#4389,.T.);
#4389 = SURFACE_CURVE('',#4390,(#4394,#4401),.PCURVE_S1.);
#4390 = LINE('',#4391,#4392);
#4391 = CARTESIAN_POINT('',(3.,-2.1,10.));
#4392 = VECTOR('',#4393,1.);
#4393 = DIRECTION('',(0.,1.,0.));
#4394 = PCURVE('',#3935,#4395);
#4395 = DEFINITIONAL_REPRESENTATION('',(#4396),#4400);
#4396 = LINE('',#4397,#4398);
#4397 = CARTESIAN_POINT('',(0.,0.));
#4398 = VECTOR('',#4399,1.);
#4399 = DIRECTION('',(0.,-1.));
#4400 = ( GEOMETRIC_REPRESENTATION_CONTEXT(2) 
PARAMETRIC_REPRESENTATION_CONTEXT() REPRESENTATION_CONTEXT('2D SPACE',''
  ) );
#4401 = PCURVE('',#3980,#4402);
#4402 = DEFINITIONAL_REPRESENTATION('',(#4403),#4407);
#4403 = LINE('',#4404,#4405);
#4404 = CARTESIAN_POINT('',(5.385164807135,0.));
#4405 = VECTOR('',#4406,1.);
#4406 = DIRECTION('',(0.,-1.));
#4407 = ( GEOMETRIC_REPRESENTATION_CONTEXT(2) 
PARAMETRIC_REPRESENTATION_CONTEXT() REPRESENTATION_CONTEXT('2D SPACE',''
  ) );
#4408 = ORIENTED_EDGE('',*,*,#3897,.T.);
#4409 = ORIENTED_EDGE('',*,*,#4173,.F.);
#4410 = ORIENTED_EDGE('',*,*,#4411,.T.);
#4411 = EDGE_CURVE('',#4137,#4412,#4414,.T.);
#4412 = VERTEX_POINT('',#4413);
#4413 = CARTESIAN_POINT('',(3.,2.1,10.));
#4414 = SURFACE_CURVE('',#4415,(#4419,#4426),.PCURVE_S1.);
#4415 = LINE('',#4416,#4417);
#4416 = CARTESIAN_POINT('',(3.,-2.1,10.));
#4417 = VECTOR('',#4418,1.);
#4418 = DIRECTION('',(0.,1.,0.));
#4419 = PCURVE('',#3935,#4420);
#4420 = DEFINITIONAL_REPRESENTATION('',(#4421),#4425);
#4421 = LINE('',#4422,#4423);
#4422 = CARTESIAN_POINT('',(0.,0.));
#4423 = VECTOR('',#4424,1.);
#4424 = DIRECTION('',(0.,-1.));
#4425 = ( GEOMETRIC_REPRESENTATION_CONTEXT(2) 
PARAMETRIC_REPRESENTATION_CONTEXT() REPRESENTATION_CONTEXT('2D SPACE',''
  ) );
#4426 = PCURVE('',#4158,#4427);
#4427 = DEFINITIONAL_REPRESENTATION('',(#4428),#4432);
#4428 = LINE('',#4429,#4430);
#4429 = CARTESIAN_POINT('',(5.385164807135,0.));
#4430 = VECTOR('',#4431,1.);
#4431 = DIRECTION('',(0.,-1.));
#4432 = ( GEOMETRIC_REPRESENTATION_CONTEXT(2) 
PARAMETRIC_REPRESENTATION_CONTEXT() REPRESENTATION_CONTEXT('2D SPACE',''
  ) );
#4433 = ORIENTED_EDGE('',*,*,#4434,.T.);
#4434 = EDGE_CURVE('',#4412,#4435,#4437,.T.);
#4435 = VERTEX_POINT('',#4436);
#4436 = CARTESIAN_POINT('',(6.7,2.1,28.));
#4437 = SURFACE_CURVE('',#4438,(#4442,#4449),.PCURVE_S1.);
#4438 = LINE('',#4439,#4440);
#4439 = CARTESIAN_POINT('',(3.,2.1,10.));
#4440 = VECTOR('',#4441,1.);
#4441 = DIRECTION('',(0.201345822816,0.,0.979520219105));
#4442 = PCURVE('',#3935,#4443);
#4443 = DEFINITIONAL_REPRESENTATION('',(#4444),#4448);
#4444 = LINE('',#4445,#4446);
#4445 = CARTESIAN_POINT('',(0.,-4.2));
#4446 = VECTOR('',#4447,1.);
#4447 = DIRECTION('',(1.,0.));
#4448 = ( GEOMETRIC_REPRESENTATION_CONTEXT(2) 
PARAMETRIC_REPRESENTATION_CONTEXT() REPRESENTATION_CONTEXT('2D SPACE',''
  ) );
#4449 = PCURVE('',#4119,#4450);
#4450 = DEFINITIONAL_REPRESENTATION('',(#4451),#4455);
#4451 = LINE('',#4452,#4453);
#4452 = CARTESIAN_POINT('',(0.278084079703,-7.892159123037));
#4453 = VECTOR('',#4454,1.);
#4454 = DIRECTION('',(0.201345822816,0.979520219105));
#4455 = ( GEOMETRIC_REPRESENTATION_CONTEXT(2) 
PARAMETRIC_REPRESENTATION_CONTEXT() REPRESENTATION_CONTEXT('2D SPACE',''
  ) );
#4456 = ORIENTED_EDGE('',*,*,#4457,.F.);
#4457 = EDGE_CURVE('',#4366,#4435,#4458,.T.);
#4458 = SURFACE_CURVE('',#4459,(#4463,#4470),.PCURVE_S1.);
#4459 = LINE('',#4460,#4461);
#4460 = CARTESIAN_POINT('',(6.7,-2.1,28.));
#4461 = VECTOR('',#4462,1.);
#4462 = DIRECTION('',(0.,1.,0.));
#4463 = PCURVE('',#3935,#4464);
#4464 = DEFINITIONAL_REPRESENTATION('',(#4465),#4469);
#4465 = LINE('',#4466,#4467);
#4466 = CARTESIAN_POINT('',(18.3763434883,0.));
#4467 = VECTOR('',#4468,1.);
#4468 = DIRECTION('',(0.,-1.));
#4469 = ( GEOMETRIC_REPRESENTATION_CONTEXT(2) 
PARAMETRIC_REPRESENTATION_CONTEXT() REPRESENTATION_CONTEXT('2D SPACE',''
  ) );
#4470 = PCURVE('',#4471,#4476);
#4471 = PLANE('',#4472);
#4472 = AXIS2_PLACEMENT_3D('',#4473,#4474,#4475);
#4473 = CARTESIAN_POINT('',(6.7,-2.1,28.));
#4474 = DIRECTION('',(0.,-0.,1.));
#4475 = DIRECTION('',(-1.,0.,0.));
#4476 = DEFINITIONAL_REPRESENTATION('',(#4477),#4481);
#4477 = LINE('',#4478,#4479);
#4478 = CARTESIAN_POINT('',(0.,0.));
#4479 = VECTOR('',#4480,1.);
#4480 = DIRECTION('',(0.,-1.));
#4481 = ( GEOMETRIC_REPRESENTATION_CONTEXT(2) 
PARAMETRIC_REPRESENTATION_CONTEXT() REPRESENTATION_CONTEXT('2D SPACE',''
  ) );
#4482 = ADVANCED_FACE('',(#4483),#4158,.T.);
#4483 = FACE_BOUND('',#4484,.T.);
#4484 = EDGE_LOOP('',(#4485,#4486,#4507));
#4485 = ORIENTED_EDGE('',*,*,#4136,.F.);
#4486 = ORIENTED_EDGE('',*,*,#4487,.T.);
#4487 = EDGE_CURVE('',#4094,#4412,#4488,.T.);
#4488 = SURFACE_CURVE('',#4489,(#4493,#4500),.PCURVE_S1.);
#4489 = LINE('',#4490,#4491);
#4490 = CARTESIAN_POINT('',(-2.,2.1,8.));
#4491 = VECTOR('',#4492,1.);
#4492 = DIRECTION('',(0.928476690885,0.,0.371390676354));
#4493 = PCURVE('',#4158,#4494);
#4494 = DEFINITIONAL_REPRESENTATION('',(#4495),#4499);
#4495 = LINE('',#4496,#4497);
#4496 = CARTESIAN_POINT('',(0.,-4.2));
#4497 = VECTOR('',#4498,1.);
#4498 = DIRECTION('',(1.,0.));
#4499 = ( GEOMETRIC_REPRESENTATION_CONTEXT(2) 
PARAMETRIC_REPRESENTATION_CONTEXT() REPRESENTATION_CONTEXT('2D SPACE',''
  ) );
#4500 = PCURVE('',#4119,#4501);
#4501 = DEFINITIONAL_REPRESENTATION('',(#4502),#4506);
#4502 = LINE('',#4503,#4504);
#4503 = CARTESIAN_POINT('',(-4.721915920297,-9.892159123037));
#4504 = VECTOR('',#4505,1.);
#4505 = DIRECTION('',(0.928476690885,0.371390676354));
#4506 = ( GEOMETRIC_REPRESENTATION_CONTEXT(2) 
PARAMETRIC_REPRESENTATION_CONTEXT() REPRESENTATION_CONTEXT('2D SPACE',''
  ) );
#4507 = ORIENTED_EDGE('',*,*,#4411,.F.);
#4508 = ADVANCED_FACE('',(#4509),#4119,.F.);
#4509 = FACE_BOUND('',#4510,.F.);
#4510 = EDGE_LOOP('',(#4511,#4512,#4513,#4514,#4537,#4565));
#4511 = ORIENTED_EDGE('',*,*,#4093,.F.);
#4512 = ORIENTED_EDGE('',*,*,#4487,.T.);
#4513 = ORIENTED_EDGE('',*,*,#4434,.T.);
#4514 = ORIENTED_EDGE('',*,*,#4515,.T.);
#4515 = EDGE_CURVE('',#4435,#4516,#4518,.T.);
#4516 = VERTEX_POINT('',#4517);
#4517 = CARTESIAN_POINT('',(4.2,2.1,28.));
#4518 = SURFACE_CURVE('',#4519,(#4523,#4530),.PCURVE_S1.);
#4519 = LINE('',#4520,#4521);
#4520 = CARTESIAN_POINT('',(6.7,2.1,28.));
#4521 = VECTOR('',#4522,1.);
#4522 = DIRECTION('',(-1.,0.,0.));
#4523 = PCURVE('',#4119,#4524);
#4524 = DEFINITIONAL_REPRESENTATION('',(#4525),#4529);
#4525 = LINE('',#4526,#4527);
#4526 = CARTESIAN_POINT('',(3.978084079703,10.107840876963));
#4527 = VECTOR('',#4528,1.);
#4528 = DIRECTION('',(-1.,0.));
#4529 = ( GEOMETRIC_REPRESENTATION_CONTEXT(2) 
PARAMETRIC_REPRESENTATION_CONTEXT() REPRESENTATION_CONTEXT('2D SPACE',''
  ) );
#4530 = PCURVE('',#4471,#4531);
#4531 = DEFINITIONAL_REPRESENTATION('',(#4532),#4536);
#4532 = LINE('',#4533,#4534);
#4533 = CARTESIAN_POINT('',(0.,-4.2));
#4534 = VECTOR('',#4535,1.);
#4535 = DIRECTION('',(1.,0.));
#4536 = ( GEOMETRIC_REPRESENTATION_CONTEXT(2) 
PARAMETRIC_REPRESENTATION_CONTEXT() REPRESENTATION_CONTEXT('2D SPACE',''
  ) );
#4537 = ORIENTED_EDGE('',*,*,#4538,.T.);
#4538 = EDGE_CURVE('',#4516,#4539,#4541,.T.);
#4539 = VERTEX_POINT('',#4540);
#4540 = CARTESIAN_POINT('',(0.561873905421,2.1,16.264109372325));
#4541 = SURFACE_CURVE('',#4542,(#4546,#4553),.PCURVE_S1.);
#4542 = LINE('',#4543,#4544);
#4543 = CARTESIAN_POINT('',(4.2,2.1,28.));
#4544 = VECTOR('',#4545,1.);
#4545 = DIRECTION('',(-0.296098771114,-0.,-0.955157326174));
#4546 = PCURVE('',#4119,#4547);
#4547 = DEFINITIONAL_REPRESENTATION('',(#4548),#4552);
#4548 = LINE('',#4549,#4550);
#4549 = CARTESIAN_POINT('',(1.478084079703,10.107840876963));
#4550 = VECTOR('',#4551,1.);
#4551 = DIRECTION('',(-0.296098771114,-0.955157326174));
#4552 = ( GEOMETRIC_REPRESENTATION_CONTEXT(2) 
PARAMETRIC_REPRESENTATION_CONTEXT() REPRESENTATION_CONTEXT('2D SPACE',''
  ) );
#4553 = PCURVE('',#4554,#4559);
#4554 = PLANE('',#4555);
#4555 = AXIS2_PLACEMENT_3D('',#4556,#4557,#4558);
#4556 = CARTESIAN_POINT('',(4.2,-2.1,28.));
#4557 = DIRECTION('',(-0.955157326174,0.,0.296098771114));
#4558 = DIRECTION('',(-0.296098771114,0.,-0.955157326174));
#4559 = DEFINITIONAL_REPRESENTATION('',(#4560),#4564);
#4560 = LINE('',#4561,#4562);
#4561 = CARTESIAN_POINT('',(0.,-4.2));
#4562 = VECTOR('',#4563,1.);
#4563 = DIRECTION('',(1.,0.));
#4564 = ( GEOMETRIC_REPRESENTATION_CONTEXT(2) 
PARAMETRIC_REPRESENTATION_CONTEXT() REPRESENTATION_CONTEXT('2D SPACE',''
  ) );
#4565 = ORIENTED_EDGE('',*,*,#4566,.F.);
#4566 = EDGE_CURVE('',#4039,#4539,#4567,.T.);
#4567 = SURFACE_CURVE('',#4568,(#4599,#4633),.PCURVE_S1.);
#4568 = B_SPLINE_CURVE_WITH_KNOTS('',8,(#4569,#4570,#4571,#4572,#4573,
    #4574,#4575,#4576,#4577,#4578,#4579,#4580,#4581,#4582,#4583,#4584,
    #4585,#4586,#4587,#4588,#4589,#4590,#4591,#4592,#4593,#4594,#4595,
    #4596,#4597,#4598),.UNSPECIFIED.,.F.,.F.,(9,7,7,7,9),(0.,
    0.256173332823,0.518003668959,0.853365700957,1.),.UNSPECIFIED.);
#4569 = CARTESIAN_POINT('',(2.018628490874,2.1,14.));
#4570 = CARTESIAN_POINT('',(1.935246880139,2.1,14.139616551571));
#4571 = CARTESIAN_POINT('',(1.85143346046,2.1,14.278966253211));
#4572 = CARTESIAN_POINT('',(1.767155772841,2.1,14.418027103262));
#4573 = CARTESIAN_POINT('',(1.682378459302,2.1,14.556773736326));
#4574 = CARTESIAN_POINT('',(1.597061833497,2.1,14.695176526287));
#4575 = CARTESIAN_POINT('',(1.511160451335,2.1,14.833200689326));
#4576 = CARTESIAN_POINT('',(1.424621681594,2.1,14.97080538694));
#4577 = CARTESIAN_POINT('',(1.248220432531,2.1,15.24810863837));
#4578 = CARTESIAN_POINT('',(1.158328811801,2.1,15.387782665827));
#4579 = CARTESIAN_POINT('',(1.067642123986,2.1,15.526916538883));
#4580 = CARTESIAN_POINT('',(0.976084519593,2.1,15.665449366262));
#4581 = CARTESIAN_POINT('',(0.883570146376,2.1,15.803306757552));
#4582 = CARTESIAN_POINT('',(0.789999134559,2.1,15.940398075603));
#4583 = CARTESIAN_POINT('',(0.695251010926,2.1,16.076611921626));
#4584 = CARTESIAN_POINT('',(0.476118507801,2.1,16.384976391548));
#4585 = CARTESIAN_POINT('',(0.35096123666,2.1,16.556366967658));
#4586 = CARTESIAN_POINT('',(0.223314080401,2.1,16.72580565305));
#4587 = CARTESIAN_POINT('',(9.276202458448E-02,2.1,16.892939155124));
#4588 = CARTESIAN_POINT('',(-4.115034692772E-02,2.1,17.057225395323));
#4589 = CARTESIAN_POINT('',(-0.178999765114,2.1,17.217861914215));
#4590 = CARTESIAN_POINT('',(-0.321512290193,2.1,17.373764136358));
#4591 = CARTESIAN_POINT('',(-0.53483134458,2.1,17.588610568883));
#4592 = CARTESIAN_POINT('',(-0.600827960483,2.1,17.652714862407));
#4593 = CARTESIAN_POINT('',(-0.668028650212,2.1,17.71542510607));
#4594 = CARTESIAN_POINT('',(-0.736534103794,2.1,17.776559500358));
#4595 = CARTESIAN_POINT('',(-0.806443613719,2.1,17.835889694159));
#4596 = CARTESIAN_POINT('',(-0.877858151432,2.1,17.893137692158));
#4597 = CARTESIAN_POINT('',(-0.950884618602,2.1,17.947971570394));
#4598 = CARTESIAN_POINT('',(-1.025641273165,2.1,18.));
#4599 = PCURVE('',#4119,#4600);
#4600 = DEFINITIONAL_REPRESENTATION('',(#4601),#4632);
#4601 = B_SPLINE_CURVE_WITH_KNOTS('',8,(#4602,#4603,#4604,#4605,#4606,
    #4607,#4608,#4609,#4610,#4611,#4612,#4613,#4614,#4615,#4616,#4617,
    #4618,#4619,#4620,#4621,#4622,#4623,#4624,#4625,#4626,#4627,#4628,
    #4629,#4630,#4631),.UNSPECIFIED.,.F.,.F.,(9,7,7,7,9),(0.,
    0.256173332823,0.518003668959,0.853365700957,1.),.UNSPECIFIED.);
#4602 = CARTESIAN_POINT('',(-0.703287429423,-3.892159123037));
#4603 = CARTESIAN_POINT('',(-0.786669040158,-3.752542571465));
#4604 = CARTESIAN_POINT('',(-0.870482459837,-3.613192869826));
#4605 = CARTESIAN_POINT('',(-0.954760147455,-3.474132019775));
#4606 = CARTESIAN_POINT('',(-1.039537460994,-3.33538538671));
#4607 = CARTESIAN_POINT('',(-1.124854086799,-3.196982596749));
#4608 = CARTESIAN_POINT('',(-1.210755468962,-3.058958433711));
#4609 = CARTESIAN_POINT('',(-1.297294238703,-2.921353736097));
#4610 = CARTESIAN_POINT('',(-1.473695487765,-2.644050484667));
#4611 = CARTESIAN_POINT('',(-1.563587108496,-2.50437645721));
#4612 = CARTESIAN_POINT('',(-1.654273796311,-2.365242584154));
#4613 = CARTESIAN_POINT('',(-1.745831400703,-2.226709756775));
#4614 = CARTESIAN_POINT('',(-1.83834577392,-2.088852365484));
#4615 = CARTESIAN_POINT('',(-1.931916785737,-1.951761047434));
#4616 = CARTESIAN_POINT('',(-2.026664909371,-1.81554720141));
#4617 = CARTESIAN_POINT('',(-2.245797412496,-1.507182731489));
#4618 = CARTESIAN_POINT('',(-2.370954683637,-1.335792155379));
#4619 = CARTESIAN_POINT('',(-2.498601839896,-1.166353469987));
#4620 = CARTESIAN_POINT('',(-2.629153895712,-0.999219967913));
#4621 = CARTESIAN_POINT('',(-2.763066267224,-0.834933727714));
#4622 = CARTESIAN_POINT('',(-2.900915685411,-0.674297208822));
#4623 = CARTESIAN_POINT('',(-3.04342821049,-0.518394986679));
#4624 = CARTESIAN_POINT('',(-3.256747264876,-0.303548554154));
#4625 = CARTESIAN_POINT('',(-3.32274388078,-0.239444260629));
#4626 = CARTESIAN_POINT('',(-3.389944570509,-0.176734016967));
#4627 = CARTESIAN_POINT('',(-3.458450024091,-0.115599622679));
#4628 = CARTESIAN_POINT('',(-3.528359534016,-5.626942887727E-02));
#4629 = CARTESIAN_POINT('',(-3.599774071729,9.785691214704E-04));
#4630 = CARTESIAN_POINT('',(-3.672800538898,5.581244735769E-02));
#4631 = CARTESIAN_POINT('',(-3.747557193462,0.107840876963));
#4632 = ( GEOMETRIC_REPRESENTATION_CONTEXT(2) 
PARAMETRIC_REPRESENTATION_CONTEXT() REPRESENTATION_CONTEXT('2D SPACE',''
  ) );
#4633 = PCURVE('',#4055,#4634);
#4634 = DEFINITIONAL_REPRESENTATION('',(#4635),#4666);
#4635 = B_SPLINE_CURVE_WITH_KNOTS('',8,(#4636,#4637,#4638,#4639,#4640,
    #4641,#4642,#4643,#4644,#4645,#4646,#4647,#4648,#4649,#4650,#4651,
    #4652,#4653,#4654,#4655,#4656,#4657,#4658,#4659,#4660,#4661,#4662,
    #4663,#4664,#4665),.UNSPECIFIED.,.F.,.F.,(9,7,7,7,9),(0.,
    0.256173332823,0.518003668959,0.853365700957,1.),.UNSPECIFIED.);
#4636 = CARTESIAN_POINT('',(0.57862705312,0.));
#4637 = CARTESIAN_POINT('',(0.588126911296,3.490413789283E-02));
#4638 = CARTESIAN_POINT('',(0.597991715557,6.974156330274E-02));
#4639 = CARTESIAN_POINT('',(0.608246788984,0.104506775815));
#4640 = CARTESIAN_POINT('',(0.618919934646,0.139193434082));
#4641 = CARTESIAN_POINT('',(0.630042257396,0.173794131572));
#4642 = CARTESIAN_POINT('',(0.641648985666,0.208300172331));
#4643 = CARTESIAN_POINT('',(0.653780293261,0.242701346735));
#4644 = CARTESIAN_POINT('',(0.679464439935,0.312027159592));
#4645 = CARTESIAN_POINT('',(0.693042521182,0.346945666457));
#4646 = CARTESIAN_POINT('',(0.707265754231,0.381729134721));
#4647 = CARTESIAN_POINT('',(0.722190247837,0.416362341565));
#4648 = CARTESIAN_POINT('',(0.737879745273,0.450826689388));
#4649 = CARTESIAN_POINT('',(0.754407680789,0.485099518901));
#4650 = CARTESIAN_POINT('',(0.771860377432,0.519152980407));
#4651 = CARTESIAN_POINT('',(0.81401254963,0.596244097887));
#4652 = CARTESIAN_POINT('',(0.839355868286,0.639091741914));
#4653 = CARTESIAN_POINT('',(0.866600400514,0.681451413263));
#4654 = CARTESIAN_POINT('',(0.896015853925,0.72323478878));
#4655 = CARTESIAN_POINT('',(0.927919602822,0.764306348831));
#4656 = CARTESIAN_POINT('',(0.962705589661,0.804465478554));
#4657 = CARTESIAN_POINT('',(1.000855414044,0.843441034089));
#4658 = CARTESIAN_POINT('',(1.061511739727,0.897152642221));
#4659 = CARTESIAN_POINT('',(1.080731245159,0.913178715602));
#4660 = CARTESIAN_POINT('',(1.100774103827,0.928856276517));
#4661 = CARTESIAN_POINT('',(1.121698325669,0.944139875089));
#4662 = CARTESIAN_POINT('',(1.143562641285,0.95897242354));
#4663 = CARTESIAN_POINT('',(1.166425717996,0.97328442304));
#4664 = CARTESIAN_POINT('',(1.190344992951,0.986992892599));
#4665 = CARTESIAN_POINT('',(1.215375123302,1.));
#4666 = ( GEOMETRIC_REPRESENTATION_CONTEXT(2) 
PARAMETRIC_REPRESENTATION_CONTEXT() REPRESENTATION_CONTEXT('2D SPACE',''
  ) );
#4667 = ADVANCED_FACE('',(#4668),#4055,.T.);
#4668 = FACE_BOUND('',#4669,.T.);
#4669 = EDGE_LOOP('',(#4670,#4671,#4672,#4776,#4832,#4854,#4883,#4926,
    #4987,#5016,#5077,#5115,#5137,#5138));
#4670 = ORIENTED_EDGE('',*,*,#4566,.F.);
#4671 = ORIENTED_EDGE('',*,*,#4038,.T.);
#4672 = ORIENTED_EDGE('',*,*,#4673,.T.);
#4673 = EDGE_CURVE('',#3996,#4674,#4676,.T.);
#4674 = VERTEX_POINT('',#4675);
#4675 = CARTESIAN_POINT('',(0.561873905421,-2.1,16.264109372325));
#4676 = SURFACE_CURVE('',#4677,(#4708,#4742),.PCURVE_S1.);
#4677 = B_SPLINE_CURVE_WITH_KNOTS('',8,(#4678,#4679,#4680,#4681,#4682,
    #4683,#4684,#4685,#4686,#4687,#4688,#4689,#4690,#4691,#4692,#4693,
    #4694,#4695,#4696,#4697,#4698,#4699,#4700,#4701,#4702,#4703,#4704,
    #4705,#4706,#4707),.UNSPECIFIED.,.F.,.F.,(9,7,7,7,9),(0.,
    0.256173332822,0.518003668958,0.853365700956,1.),.UNSPECIFIED.);
#4678 = CARTESIAN_POINT('',(2.018628490874,-2.1,14.));
#4679 = CARTESIAN_POINT('',(1.935246880139,-2.1,14.139616551571));
#4680 = CARTESIAN_POINT('',(1.85143346046,-2.1,14.278966253211));
#4681 = CARTESIAN_POINT('',(1.767155772841,-2.1,14.418027103262));
#4682 = CARTESIAN_POINT('',(1.682378459302,-2.1,14.556773736326));
#4683 = CARTESIAN_POINT('',(1.597061833497,-2.1,14.695176526287));
#4684 = CARTESIAN_POINT('',(1.511160451335,-2.1,14.833200689326));
#4685 = CARTESIAN_POINT('',(1.424621681594,-2.1,14.97080538694));
#4686 = CARTESIAN_POINT('',(1.248220432531,-2.1,15.24810863837));
#4687 = CARTESIAN_POINT('',(1.158328811801,-2.1,15.387782665827));
#4688 = CARTESIAN_POINT('',(1.067642123986,-2.1,15.526916538883));
#4689 = CARTESIAN_POINT('',(0.976084519593,-2.1,15.665449366262));
#4690 = CARTESIAN_POINT('',(0.883570146376,-2.1,15.803306757552));
#4691 = CARTESIAN_POINT('',(0.789999134559,-2.1,15.940398075603));
#4692 = CARTESIAN_POINT('',(0.695251010926,-2.1,16.076611921626));
#4693 = CARTESIAN_POINT('',(0.476118507801,-2.1,16.384976391548));
#4694 = CARTESIAN_POINT('',(0.35096123666,-2.1,16.556366967657));
#4695 = CARTESIAN_POINT('',(0.2233140804,-2.1,16.725805653054));
#4696 = CARTESIAN_POINT('',(9.276202458788E-02,-2.1,16.892939155116));
#4697 = CARTESIAN_POINT('',(-4.115034693212E-02,-2.1,17.057225395331));
#4698 = CARTESIAN_POINT('',(-0.178999765111,-2.1,17.217861914211));
#4699 = CARTESIAN_POINT('',(-0.321512290194,-2.1,17.373764136359));
#4700 = CARTESIAN_POINT('',(-0.53483134458,-2.1,17.588610568882));
#4701 = CARTESIAN_POINT('',(-0.600827960483,-2.1,17.652714862407));
#4702 = CARTESIAN_POINT('',(-0.668028650212,-2.1,17.71542510607));
#4703 = CARTESIAN_POINT('',(-0.736534103794,-2.1,17.776559500357));
#4704 = CARTESIAN_POINT('',(-0.806443613719,-2.1,17.835889694159));
#4705 = CARTESIAN_POINT('',(-0.877858151432,-2.1,17.893137692158));
#4706 = CARTESIAN_POINT('',(-0.950884618602,-2.1,17.947971570394));
#4707 = CARTESIAN_POINT('',(-1.025641273165,-2.1,18.));
#4708 = PCURVE('',#4055,#4709);
#4709 = DEFINITIONAL_REPRESENTATION('',(#4710),#4741);
#4710 = B_SPLINE_CURVE_WITH_KNOTS('',8,(#4711,#4712,#4713,#4714,#4715,
    #4716,#4717,#4718,#4719,#4720,#4721,#4722,#4723,#4724,#4725,#4726,
    #4727,#4728,#4729,#4730,#4731,#4732,#4733,#4734,#4735,#4736,#4737,
    #4738,#4739,#4740),.UNSPECIFIED.,.F.,.F.,(9,7,7,7,9),(0.,
    0.256173332822,0.518003668958,0.853365700956,1.),.UNSPECIFIED.);
#4711 = CARTESIAN_POINT('',(5.70455825406,0.));
#4712 = CARTESIAN_POINT('',(5.695058395884,3.490413789283E-02));
#4713 = CARTESIAN_POINT('',(5.685193591623,6.974156330274E-02));
#4714 = CARTESIAN_POINT('',(5.674938518196,0.104506775815));
#4715 = CARTESIAN_POINT('',(5.664265372533,0.139193434082));
#4716 = CARTESIAN_POINT('',(5.653143049783,0.173794131572));
#4717 = CARTESIAN_POINT('',(5.641536321514,0.208300172331));
#4718 = CARTESIAN_POINT('',(5.629405013918,0.242701346735));
#4719 = CARTESIAN_POINT('',(5.603720867245,0.312027159592));
#4720 = CARTESIAN_POINT('',(5.590142785997,0.346945666457));
#4721 = CARTESIAN_POINT('',(5.575919552948,0.381729134721));
#4722 = CARTESIAN_POINT('',(5.560995059343,0.416362341565));
#4723 = CARTESIAN_POINT('',(5.545305561907,0.450826689388));
#4724 = CARTESIAN_POINT('',(5.528777626391,0.485099518901));
#4725 = CARTESIAN_POINT('',(5.511324929748,0.519152980407));
#4726 = CARTESIAN_POINT('',(5.46917275755,0.596244097887));
#4727 = CARTESIAN_POINT('',(5.443829438894,0.639091741914));
#4728 = CARTESIAN_POINT('',(5.416584906665,0.681451413263));
#4729 = CARTESIAN_POINT('',(5.387169453256,0.72323478878));
#4730 = CARTESIAN_POINT('',(5.355265704356,0.764306348832));
#4731 = CARTESIAN_POINT('',(5.320479717519,0.804465478553));
#4732 = CARTESIAN_POINT('',(5.282329893136,0.84344103409));
#4733 = CARTESIAN_POINT('',(5.221673567452,0.897152642221));
#4734 = CARTESIAN_POINT('',(5.20245406202,0.913178715602));
#4735 = CARTESIAN_POINT('',(5.182411203352,0.928856276517));
#4736 = CARTESIAN_POINT('',(5.161486981511,0.944139875089));
#4737 = CARTESIAN_POINT('',(5.139622665895,0.95897242354));
#4738 = CARTESIAN_POINT('',(5.116759589184,0.97328442304));
#4739 = CARTESIAN_POINT('',(5.092840314229,0.986992892599));
#4740 = CARTESIAN_POINT('',(5.067810183877,1.));
#4741 = ( GEOMETRIC_REPRESENTATION_CONTEXT(2) 
PARAMETRIC_REPRESENTATION_CONTEXT() REPRESENTATION_CONTEXT('2D SPACE',''
  ) );
#4742 = PCURVE('',#4021,#4743);
#4743 = DEFINITIONAL_REPRESENTATION('',(#4744),#4775);
#4744 = B_SPLINE_CURVE_WITH_KNOTS('',8,(#4745,#4746,#4747,#4748,#4749,
    #4750,#4751,#4752,#4753,#4754,#4755,#4756,#4757,#4758,#4759,#4760,
    #4761,#4762,#4763,#4764,#4765,#4766,#4767,#4768,#4769,#4770,#4771,
    #4772,#4773,#4774),.UNSPECIFIED.,.F.,.F.,(9,7,7,7,9),(0.,
    0.256173332822,0.518003668958,0.853365700956,1.),.UNSPECIFIED.);
#4745 = CARTESIAN_POINT('',(-0.703287429423,-3.892159123037));
#4746 = CARTESIAN_POINT('',(-0.786669040158,-3.752542571465));
#4747 = CARTESIAN_POINT('',(-0.870482459837,-3.613192869826));
#4748 = CARTESIAN_POINT('',(-0.954760147455,-3.474132019775));
#4749 = CARTESIAN_POINT('',(-1.039537460994,-3.33538538671));
#4750 = CARTESIAN_POINT('',(-1.124854086799,-3.196982596749));
#4751 = CARTESIAN_POINT('',(-1.210755468962,-3.058958433711));
#4752 = CARTESIAN_POINT('',(-1.297294238703,-2.921353736097));
#4753 = CARTESIAN_POINT('',(-1.473695487765,-2.644050484667));
#4754 = CARTESIAN_POINT('',(-1.563587108496,-2.50437645721));
#4755 = CARTESIAN_POINT('',(-1.654273796311,-2.365242584154));
#4756 = CARTESIAN_POINT('',(-1.745831400703,-2.226709756775));
#4757 = CARTESIAN_POINT('',(-1.83834577392,-2.088852365484));
#4758 = CARTESIAN_POINT('',(-1.931916785737,-1.951761047434));
#4759 = CARTESIAN_POINT('',(-2.026664909371,-1.81554720141));
#4760 = CARTESIAN_POINT('',(-2.245797412496,-1.507182731489));
#4761 = CARTESIAN_POINT('',(-2.370954683636,-1.335792155379));
#4762 = CARTESIAN_POINT('',(-2.498601839897,-1.166353469983));
#4763 = CARTESIAN_POINT('',(-2.629153895709,-0.99921996792));
#4764 = CARTESIAN_POINT('',(-2.763066267229,-0.834933727706));
#4765 = CARTESIAN_POINT('',(-2.900915685408,-0.674297208826));
#4766 = CARTESIAN_POINT('',(-3.043428210491,-0.518394986678));
#4767 = CARTESIAN_POINT('',(-3.256747264876,-0.303548554154));
#4768 = CARTESIAN_POINT('',(-3.32274388078,-0.239444260629));
#4769 = CARTESIAN_POINT('',(-3.389944570509,-0.176734016967));
#4770 = CARTESIAN_POINT('',(-3.458450024091,-0.115599622679));
#4771 = CARTESIAN_POINT('',(-3.528359534016,-5.626942887727E-02));
#4772 = CARTESIAN_POINT('',(-3.599774071729,9.785691216347E-04));
#4773 = CARTESIAN_POINT('',(-3.672800538898,5.581244735759E-02));
#4774 = CARTESIAN_POINT('',(-3.747557193462,0.107840876963));
#4775 = ( GEOMETRIC_REPRESENTATION_CONTEXT(2) 
PARAMETRIC_REPRESENTATION_CONTEXT() REPRESENTATION_CONTEXT('2D SPACE',''
  ) );
#4776 = ORIENTED_EDGE('',*,*,#4777,.T.);
#4777 = EDGE_CURVE('',#4674,#4778,#4780,.T.);
#4778 = VERTEX_POINT('',#4779);
#4779 = CARTESIAN_POINT('',(0.985185185185,1.926227588695E-15,
    17.62962962963));
#4780 = SURFACE_CURVE('',#4781,(#4796,#4814),.PCURVE_S1.);
#4781 = B_SPLINE_CURVE_WITH_KNOTS('',7,(#4782,#4783,#4784,#4785,#4786,
    #4787,#4788,#4789,#4790,#4791,#4792,#4793,#4794,#4795),
  .UNSPECIFIED.,.F.,.F.,(8,6,8),(0.,0.598673620746,1.),.UNSPECIFIED.);
#4782 = CARTESIAN_POINT('',(0.561873905421,-2.1,16.264109372325));
#4783 = CARTESIAN_POINT('',(0.615845211901,-1.960551887315,
    16.438210360972));
#4784 = CARTESIAN_POINT('',(0.66829390764,-1.815894128468,
    16.607399702065));
#4785 = CARTESIAN_POINT('',(0.719065367962,-1.664798248695,
    16.771178606328));
#4786 = CARTESIAN_POINT('',(0.767705675069,-1.506165559576,
    16.928082822802));
#4787 = CARTESIAN_POINT('',(0.813423247368,-1.338917943263,
    17.075558862478));
#4788 = CARTESIAN_POINT('',(0.855099142942,-1.161988812123,
    17.209997235296));
#4789 = CARTESIAN_POINT('',(0.915263162282,-0.847604763928,
    17.404074717038));
#4790 = CARTESIAN_POINT('',(0.936866978062,-0.716358933619,
    17.473764445362));
#4791 = CARTESIAN_POINT('',(0.955343029616,-0.58006569714,
    17.533364611664));
#4792 = CARTESIAN_POINT('',(0.969998069839,-0.439118418011,
    17.580638934966));
#4793 = CARTESIAN_POINT('',(0.980123744886,-0.294346377773,
    17.613302402857));
#4794 = CARTESIAN_POINT('',(0.985185185185,-0.147164901339,
    17.62962962963));
#4795 = CARTESIAN_POINT('',(0.985185185185,-8.881784197001E-16,
    17.62962962963));
#4796 = PCURVE('',#4055,#4797);
#4797 = DEFINITIONAL_REPRESENTATION('',(#4798),#4813);
#4798 = B_SPLINE_CURVE_WITH_KNOTS('',7,(#4799,#4800,#4801,#4802,#4803,
    #4804,#4805,#4806,#4807,#4808,#4809,#4810,#4811,#4812),
  .UNSPECIFIED.,.F.,.F.,(8,6,8),(0.,0.598673620746,1.),.UNSPECIFIED.);
#4799 = CARTESIAN_POINT('',(5.485617387115,0.566027343081));
#4800 = CARTESIAN_POINT('',(5.529339923197,0.609552590243));
#4801 = CARTESIAN_POINT('',(5.576426511899,0.651849925516));
#4802 = CARTESIAN_POINT('',(5.627488933845,0.692794651582));
#4803 = CARTESIAN_POINT('',(5.683171106022,0.7320207057));
#4804 = CARTESIAN_POINT('',(5.744157167576,0.768889715619));
#4805 = CARTESIAN_POINT('',(5.811111779673,0.802499308824));
#4806 = CARTESIAN_POINT('',(5.934014404339,0.851018679259));
#4807 = CARTESIAN_POINT('',(5.986316813385,0.868441111341));
#4808 = CARTESIAN_POINT('',(6.041595461791,0.883341152916));
#4809 = CARTESIAN_POINT('',(6.099636593958,0.895159733742));
#4810 = CARTESIAN_POINT('',(6.15993238104,0.903325600714));
#4811 = CARTESIAN_POINT('',(6.221562287078,0.907407407407));
#4812 = CARTESIAN_POINT('',(6.28318530718,0.907407407407));
#4813 = ( GEOMETRIC_REPRESENTATION_CONTEXT(2) 
PARAMETRIC_REPRESENTATION_CONTEXT() REPRESENTATION_CONTEXT('2D SPACE',''
  ) );
#4814 = PCURVE('',#4554,#4815);
#4815 = DEFINITIONAL_REPRESENTATION('',(#4816),#4831);
#4816 = B_SPLINE_CURVE_WITH_KNOTS('',7,(#4817,#4818,#4819,#4820,#4821,
    #4822,#4823,#4824,#4825,#4826,#4827,#4828,#4829,#4830),
  .UNSPECIFIED.,.F.,.F.,(8,6,8),(0.,0.598673620746,1.),.UNSPECIFIED.);
#4817 = CARTESIAN_POINT('',(12.286866577969,0.));
#4818 = CARTESIAN_POINT('',(12.104591905644,-0.139448112685));
#4819 = CARTESIAN_POINT('',(11.927459472634,-0.284105871532));
#4820 = CARTESIAN_POINT('',(11.755991485345,-0.435201751305));
#4821 = CARTESIAN_POINT('',(11.591720938312,-0.593834440424));
#4822 = CARTESIAN_POINT('',(11.437321201604,-0.761082056737));
#4823 = CARTESIAN_POINT('',(11.296571223423,-0.938011187877));
#4824 = CARTESIAN_POINT('',(11.0933822027,-1.252395236072));
#4825 = CARTESIAN_POINT('',(11.020420684828,-1.383641066381));
#4826 = CARTESIAN_POINT('',(10.958022413184,-1.51993430286));
#4827 = CARTESIAN_POINT('',(10.908528657541,-1.660881581989));
#4828 = CARTESIAN_POINT('',(10.874331706948,-1.805653622227));
#4829 = CARTESIAN_POINT('',(10.857237950428,-1.952835098661));
#4830 = CARTESIAN_POINT('',(10.857237950428,-2.1));
#4831 = ( GEOMETRIC_REPRESENTATION_CONTEXT(2) 
PARAMETRIC_REPRESENTATION_CONTEXT() REPRESENTATION_CONTEXT('2D SPACE',''
  ) );
#4832 = ORIENTED_EDGE('',*,*,#4833,.T.);
#4833 = EDGE_CURVE('',#4778,#4834,#4836,.T.);
#4834 = VERTEX_POINT('',#4835);
#4835 = CARTESIAN_POINT('',(0.8,0.,18.));
#4836 = SEAM_CURVE('',#4837,(#4840,#4847),.PCURVE_S1.);
#4837 = B_SPLINE_CURVE_WITH_KNOTS('',1,(#4838,#4839),.UNSPECIFIED.,.F.,
  .F.,(2,2),(0.,1.),.PIECEWISE_BEZIER_KNOTS.);
#4838 = CARTESIAN_POINT('',(2.8,6.140305472209E-16,14.));
#4839 = CARTESIAN_POINT('',(0.8,2.060125245988E-15,18.));
#4840 = PCURVE('',#4055,#4841);
#4841 = DEFINITIONAL_REPRESENTATION('',(#4842),#4846);
#4842 = LINE('',#4843,#4844);
#4843 = CARTESIAN_POINT('',(0.,0.));
#4844 = VECTOR('',#4845,1.);
#4845 = DIRECTION('',(0.,1.));
#4846 = ( GEOMETRIC_REPRESENTATION_CONTEXT(2) 
PARAMETRIC_REPRESENTATION_CONTEXT() REPRESENTATION_CONTEXT('2D SPACE',''
  ) );
#4847 = PCURVE('',#4055,#4848);
#4848 = DEFINITIONAL_REPRESENTATION('',(#4849),#4853);
#4849 = LINE('',#4850,#4851);
#4850 = CARTESIAN_POINT('',(6.28318530718,0.));
#4851 = VECTOR('',#4852,1.);
#4852 = DIRECTION('',(0.,1.));
#4853 = ( GEOMETRIC_REPRESENTATION_CONTEXT(2) 
PARAMETRIC_REPRESENTATION_CONTEXT() REPRESENTATION_CONTEXT('2D SPACE',''
  ) );
#4854 = ORIENTED_EDGE('',*,*,#4855,.F.);
#4855 = EDGE_CURVE('',#4856,#4834,#4858,.T.);
#4856 = VERTEX_POINT('',#4857);
#4857 = CARTESIAN_POINT('',(0.2,-1.385640646055,18.));
#4858 = SURFACE_CURVE('',#4859,(#4864,#4871),.PCURVE_S1.);
#4859 = ELLIPSE('',#4860,2.8,2.24);
#4860 = AXIS2_PLACEMENT_3D('',#4861,#4862,#4863);
#4861 = CARTESIAN_POINT('',(-2.,0.,18.));
#4862 = DIRECTION('',(0.,0.,1.));
#4863 = DIRECTION('',(1.,0.,-0.));
#4864 = PCURVE('',#4055,#4865);
#4865 = DEFINITIONAL_REPRESENTATION('',(#4866),#4870);
#4866 = LINE('',#4867,#4868);
#4867 = CARTESIAN_POINT('',(0.,1.));
#4868 = VECTOR('',#4869,1.);
#4869 = DIRECTION('',(1.,0.));
#4870 = ( GEOMETRIC_REPRESENTATION_CONTEXT(2) 
PARAMETRIC_REPRESENTATION_CONTEXT() REPRESENTATION_CONTEXT('2D SPACE',''
  ) );
#4871 = PCURVE('',#4872,#4877);
#4872 = PLANE('',#4873);
#4873 = AXIS2_PLACEMENT_3D('',#4874,#4875,#4876);
#4874 = CARTESIAN_POINT('',(-2.,0.,18.));
#4875 = DIRECTION('',(0.,0.,1.));
#4876 = DIRECTION('',(1.,0.,-0.));
#4877 = DEFINITIONAL_REPRESENTATION('',(#4878),#4882);
#4878 = ELLIPSE('',#4879,2.8,2.24);
#4879 = AXIS2_PLACEMENT_2D('',#4880,#4881);
#4880 = CARTESIAN_POINT('',(0.,0.));
#4881 = DIRECTION('',(1.,0.));
#4882 = ( GEOMETRIC_REPRESENTATION_CONTEXT(2) 
PARAMETRIC_REPRESENTATION_CONTEXT() REPRESENTATION_CONTEXT('2D SPACE',''
  ) );
#4883 = ORIENTED_EDGE('',*,*,#4884,.F.);
#4884 = EDGE_CURVE('',#4885,#4856,#4887,.T.);
#4885 = VERTEX_POINT('',#4886);
#4886 = CARTESIAN_POINT('',(4.224075701896E-02,-2.1,16.94827171346));
#4887 = SURFACE_CURVE('',#4888,(#4897,#4909),.PCURVE_S1.);
#4888 = B_SPLINE_CURVE_WITH_KNOTS('',7,(#4889,#4890,#4891,#4892,#4893,
    #4894,#4895,#4896),.UNSPECIFIED.,.F.,.F.,(8,8),(0.,1.),
  .PIECEWISE_BEZIER_KNOTS.);
#4889 = CARTESIAN_POINT('',(4.224075701896E-02,-2.1,16.94827171346));
#4890 = CARTESIAN_POINT('',(6.573331165087E-02,-2.006005046308,
    17.104888744339));
#4891 = CARTESIAN_POINT('',(8.900078152978E-02,-1.90998674035,
    17.260005210199));
#4892 = CARTESIAN_POINT('',(0.112014150455,-1.811610131949,17.4134276697
    ));
#4893 = CARTESIAN_POINT('',(0.134721257131,-1.71051210577,
    17.564808380876));
#4894 = CARTESIAN_POINT('',(0.157040275607,-1.606244442409,
    17.713601837377));
#4895 = CARTESIAN_POINT('',(0.178858408912,-1.4982623315,17.859056059416
    ));
#4896 = CARTESIAN_POINT('',(0.2,-1.385640693064,18.));
#4897 = PCURVE('',#4055,#4898);
#4898 = DEFINITIONAL_REPRESENTATION('',(#4899),#4908);
#4899 = B_SPLINE_CURVE_WITH_KNOTS('',7,(#4900,#4901,#4902,#4903,#4904,
    #4905,#4906,#4907),.UNSPECIFIED.,.F.,.F.,(8,8),(0.,1.),
  .PIECEWISE_BEZIER_KNOTS.);
#4900 = CARTESIAN_POINT('',(5.373568450481,0.737067885441));
#4901 = CARTESIAN_POINT('',(5.400836165874,0.776222143161));
#4902 = CARTESIAN_POINT('',(5.430015119461,0.815001541567));
#4903 = CARTESIAN_POINT('',(5.461373742829,0.853356562133));
#4904 = CARTESIAN_POINT('',(5.495224419528,0.891202351157));
#4905 = CARTESIAN_POINT('',(5.531962181252,0.928400379484));
#4906 = CARTESIAN_POINT('',(5.572064469947,0.964764014854));
#4907 = CARTESIAN_POINT('',(5.616238934267,1.));
#4908 = ( GEOMETRIC_REPRESENTATION_CONTEXT(2) 
PARAMETRIC_REPRESENTATION_CONTEXT() REPRESENTATION_CONTEXT('2D SPACE',''
  ) );
#4909 = PCURVE('',#4910,#4915);
#4910 = PLANE('',#4911);
#4911 = AXIS2_PLACEMENT_3D('',#4912,#4913,#4914);
#4912 = CARTESIAN_POINT('',(-1.,-2.1,10.));
#4913 = DIRECTION('',(0.988936352868,0.,-0.14834045293));
#4914 = DIRECTION('',(0.14834045293,0.,0.988936352868));
#4915 = DEFINITIONAL_REPRESENTATION('',(#4916),#4925);
#4916 = B_SPLINE_CURVE_WITH_KNOTS('',7,(#4917,#4918,#4919,#4920,#4921,
    #4922,#4923,#4924),.UNSPECIFIED.,.F.,.F.,(8,8),(0.,1.),
  .PIECEWISE_BEZIER_KNOTS.);
#4917 = CARTESIAN_POINT('',(7.026004953005,0.));
#4918 = CARTESIAN_POINT('',(7.184374124515,-9.399495369221E-02));
#4919 = CARTESIAN_POINT('',(7.341225943552,-0.19001325965));
#4920 = CARTESIAN_POINT('',(7.496364804669,-0.288389868051));
#4921 = CARTESIAN_POINT('',(7.649439075563,-0.38948789423));
#4922 = CARTESIAN_POINT('',(7.799897147076,-0.493755557591));
#4923 = CARTESIAN_POINT('',(7.946978626705,-0.6017376685));
#4924 = CARTESIAN_POINT('',(8.089499366463,-0.714359306936));
#4925 = ( GEOMETRIC_REPRESENTATION_CONTEXT(2) 
PARAMETRIC_REPRESENTATION_CONTEXT() REPRESENTATION_CONTEXT('2D SPACE',''
  ) );
#4926 = ORIENTED_EDGE('',*,*,#4927,.T.);
#4927 = EDGE_CURVE('',#4885,#4928,#4930,.T.);
#4928 = VERTEX_POINT('',#4929);
#4929 = CARTESIAN_POINT('',(-1.025641236505,-2.1,18.));
#4930 = SURFACE_CURVE('',#4931,(#4946,#4964),.PCURVE_S1.);
#4931 = B_SPLINE_CURVE_WITH_KNOTS('',7,(#4932,#4933,#4934,#4935,#4936,
    #4937,#4938,#4939,#4940,#4941,#4942,#4943,#4944,#4945),
  .UNSPECIFIED.,.F.,.F.,(8,6,8),(0.,0.603690953899,1.),.UNSPECIFIED.);
#4932 = CARTESIAN_POINT('',(1.1,-2.1,15.475807753223));
#4933 = CARTESIAN_POINT('',(0.942287858584,-2.1,15.716524677258));
#4934 = CARTESIAN_POINT('',(0.781959067402,-2.1,15.955270819452));
#4935 = CARTESIAN_POINT('',(0.618451878014,-2.1,16.191791448954));
#4936 = CARTESIAN_POINT('',(0.451157768099,-2.1,16.42558897215));
#4937 = CARTESIAN_POINT('',(0.27925654506,-2.1,16.655790021304));
#4938 = CARTESIAN_POINT('',(0.101754189782,-2.1,16.881179761387));
#4939 = CARTESIAN_POINT('',(-0.204935801629,-2.1,17.242879738303));
#4940 = CARTESIAN_POINT('',(-0.329576729639,-2.1,17.382960211231));
#4941 = CARTESIAN_POINT('',(-0.458064772514,-2.1,17.519380143131));
#4942 = CARTESIAN_POINT('',(-0.591093476091,-2.1,17.651222151914));
#4943 = CARTESIAN_POINT('',(-0.729397985674,-2.1,17.776935663945));
#4944 = CARTESIAN_POINT('',(-0.873790549072,-2.1,17.894316368821));
#4945 = CARTESIAN_POINT('',(-1.025641273165,-2.1,18.));
#4946 = PCURVE('',#4055,#4947);
#4947 = DEFINITIONAL_REPRESENTATION('',(#4948),#4963);
#4948 = B_SPLINE_CURVE_WITH_KNOTS('',7,(#4949,#4950,#4951,#4952,#4953,
    #4954,#4955,#4956,#4957,#4958,#4959,#4960,#4961,#4962),
  .UNSPECIFIED.,.F.,.F.,(8,6,8),(0.,0.603690953899,1.),.UNSPECIFIED.);
#4949 = CARTESIAN_POINT('',(5.58056696484,0.368951933863));
#4950 = CARTESIAN_POINT('',(5.555477346955,0.429131164872));
#4951 = CARTESIAN_POINT('',(5.528237061316,0.48881772958));
#4952 = CARTESIAN_POINT('',(5.498487564266,0.54794782552));
#4953 = CARTESIAN_POINT('',(5.465791797864,0.606397269473));
#4954 = CARTESIAN_POINT('',(5.429562719702,0.663947497081));
#4955 = CARTESIAN_POINT('',(5.38906177813,0.720294940347));
#4956 = CARTESIAN_POINT('',(5.312853877594,0.810719934576));
#4957 = CARTESIAN_POINT('',(5.280328465377,0.845740052808));
#4958 = CARTESIAN_POINT('',(5.245096647518,0.879845035783));
#4959 = CARTESIAN_POINT('',(5.20673372974,0.912805537978));
#4960 = CARTESIAN_POINT('',(5.164759884761,0.944233915986));
#4961 = CARTESIAN_POINT('',(5.118653061214,0.973579092205));
#4962 = CARTESIAN_POINT('',(5.067810183877,1.));
#4963 = ( GEOMETRIC_REPRESENTATION_CONTEXT(2) 
PARAMETRIC_REPRESENTATION_CONTEXT() REPRESENTATION_CONTEXT('2D SPACE',''
  ) );
#4964 = PCURVE('',#4965,#4970);
#4965 = PLANE('',#4966);
#4966 = AXIS2_PLACEMENT_3D('',#4967,#4968,#4969);
#4967 = CARTESIAN_POINT('',(-1.459663671363,-2.1,16.2658300301));
#4968 = DIRECTION('',(0.,-1.,0.));
#4969 = DIRECTION('',(1.,0.,0.));
#4970 = DEFINITIONAL_REPRESENTATION('',(#4971),#4986);
#4971 = B_SPLINE_CURVE_WITH_KNOTS('',7,(#4972,#4973,#4974,#4975,#4976,
    #4977,#4978,#4979,#4980,#4981,#4982,#4983,#4984,#4985),
  .UNSPECIFIED.,.F.,.F.,(8,6,8),(0.,0.603690953899,1.),.UNSPECIFIED.);
#4972 = CARTESIAN_POINT('',(2.559663671363,-0.790022276878));
#4973 = CARTESIAN_POINT('',(2.401951529947,-0.549305352843));
#4974 = CARTESIAN_POINT('',(2.241622738765,-0.310559210648));
#4975 = CARTESIAN_POINT('',(2.078115549377,-7.403858114586E-02));
#4976 = CARTESIAN_POINT('',(1.910821439462,0.15975894205));
#4977 = CARTESIAN_POINT('',(1.738920216423,0.389959991203));
#4978 = CARTESIAN_POINT('',(1.561417861144,0.615349731286));
#4979 = CARTESIAN_POINT('',(1.254727869734,0.977049708202));
#4980 = CARTESIAN_POINT('',(1.130086941724,1.117130181131));
#4981 = CARTESIAN_POINT('',(1.001598898849,1.25355011303));
#4982 = CARTESIAN_POINT('',(0.868570195272,1.385392121814));
#4983 = CARTESIAN_POINT('',(0.730265685689,1.511105633845));
#4984 = CARTESIAN_POINT('',(0.585873122291,1.62848633872));
#4985 = CARTESIAN_POINT('',(0.434022398198,1.7341699699));
#4986 = ( GEOMETRIC_REPRESENTATION_CONTEXT(2) 
PARAMETRIC_REPRESENTATION_CONTEXT() REPRESENTATION_CONTEXT('2D SPACE',''
  ) );
#4987 = ORIENTED_EDGE('',*,*,#4988,.F.);
#4988 = EDGE_CURVE('',#4989,#4928,#4991,.T.);
#4989 = VERTEX_POINT('',#4990);
#4990 = CARTESIAN_POINT('',(-1.025641236505,2.1,18.));
#4991 = SURFACE_CURVE('',#4992,(#4997,#5004),.PCURVE_S1.);
#4992 = ELLIPSE('',#4993,2.8,2.24);
#4993 = AXIS2_PLACEMENT_3D('',#4994,#4995,#4996);
#4994 = CARTESIAN_POINT('',(-2.,0.,18.));
#4995 = DIRECTION('',(0.,0.,1.));
#4996 = DIRECTION('',(1.,0.,-0.));
#4997 = PCURVE('',#4055,#4998);
#4998 = DEFINITIONAL_REPRESENTATION('',(#4999),#5003);
#4999 = LINE('',#5000,#5001);
#5000 = CARTESIAN_POINT('',(0.,1.));
#5001 = VECTOR('',#5002,1.);
#5002 = DIRECTION('',(1.,0.));
#5003 = ( GEOMETRIC_REPRESENTATION_CONTEXT(2) 
PARAMETRIC_REPRESENTATION_CONTEXT() REPRESENTATION_CONTEXT('2D SPACE',''
  ) );
#5004 = PCURVE('',#5005,#5010);
#5005 = PLANE('',#5006);
#5006 = AXIS2_PLACEMENT_3D('',#5007,#5008,#5009);
#5007 = CARTESIAN_POINT('',(-2.,0.,18.));
#5008 = DIRECTION('',(0.,0.,1.));
#5009 = DIRECTION('',(1.,0.,-0.));
#5010 = DEFINITIONAL_REPRESENTATION('',(#5011),#5015);
#5011 = ELLIPSE('',#5012,2.8,2.24);
#5012 = AXIS2_PLACEMENT_2D('',#5013,#5014);
#5013 = CARTESIAN_POINT('',(0.,0.));
#5014 = DIRECTION('',(1.,0.));
#5015 = ( GEOMETRIC_REPRESENTATION_CONTEXT(2) 
PARAMETRIC_REPRESENTATION_CONTEXT() REPRESENTATION_CONTEXT('2D SPACE',''
  ) );
#5016 = ORIENTED_EDGE('',*,*,#5017,.F.);
#5017 = EDGE_CURVE('',#5018,#4989,#5020,.T.);
#5018 = VERTEX_POINT('',#5019);
#5019 = CARTESIAN_POINT('',(4.224075701896E-02,2.1,16.94827171346));
#5020 = SURFACE_CURVE('',#5021,(#5036,#5054),.PCURVE_S1.);
#5021 = B_SPLINE_CURVE_WITH_KNOTS('',7,(#5022,#5023,#5024,#5025,#5026,
    #5027,#5028,#5029,#5030,#5031,#5032,#5033,#5034,#5035),
  .UNSPECIFIED.,.F.,.F.,(8,6,8),(0.,0.603690953898,1.),.UNSPECIFIED.);
#5022 = CARTESIAN_POINT('',(1.1,2.1,15.475807753223));
#5023 = CARTESIAN_POINT('',(0.942287858585,2.1,15.716524677257));
#5024 = CARTESIAN_POINT('',(0.781959067401,2.1,15.955270819453));
#5025 = CARTESIAN_POINT('',(0.618451878016,2.1,16.191791448953));
#5026 = CARTESIAN_POINT('',(0.451157768097,2.1,16.425588972151));
#5027 = CARTESIAN_POINT('',(0.279256545061,2.1,16.655790021303));
#5028 = CARTESIAN_POINT('',(0.101754189781,2.1,16.881179761387));
#5029 = CARTESIAN_POINT('',(-0.204935801629,2.1,17.242879738303));
#5030 = CARTESIAN_POINT('',(-0.329576729639,2.1,17.382960211231));
#5031 = CARTESIAN_POINT('',(-0.458064772515,2.1,17.519380143131));
#5032 = CARTESIAN_POINT('',(-0.59109347609,2.1,17.651222151914));
#5033 = CARTESIAN_POINT('',(-0.729397985674,2.1,17.776935663945));
#5034 = CARTESIAN_POINT('',(-0.873790549072,2.1,17.894316368821));
#5035 = CARTESIAN_POINT('',(-1.025641273165,2.1,18.));
#5036 = PCURVE('',#4055,#5037);
#5037 = DEFINITIONAL_REPRESENTATION('',(#5038),#5053);
#5038 = B_SPLINE_CURVE_WITH_KNOTS('',7,(#5039,#5040,#5041,#5042,#5043,
    #5044,#5045,#5046,#5047,#5048,#5049,#5050,#5051,#5052),
  .UNSPECIFIED.,.F.,.F.,(8,6,8),(0.,0.603690953898,1.),.UNSPECIFIED.);
#5039 = CARTESIAN_POINT('',(0.702618342339,0.368951933863));
#5040 = CARTESIAN_POINT('',(0.727707960225,0.429131164872));
#5041 = CARTESIAN_POINT('',(0.754948245864,0.48881772958));
#5042 = CARTESIAN_POINT('',(0.784697742913,0.54794782552));
#5043 = CARTESIAN_POINT('',(0.817393509316,0.606397269474));
#5044 = CARTESIAN_POINT('',(0.853622587477,0.663947497081));
#5045 = CARTESIAN_POINT('',(0.89412352905,0.720294940347));
#5046 = CARTESIAN_POINT('',(0.970331429586,0.810719934576));
#5047 = CARTESIAN_POINT('',(1.002856841802,0.845740052808));
#5048 = CARTESIAN_POINT('',(1.038088659661,0.879845035783));
#5049 = CARTESIAN_POINT('',(1.076451577439,0.912805537978));
#5050 = CARTESIAN_POINT('',(1.118425422419,0.944233915986));
#5051 = CARTESIAN_POINT('',(1.164532245966,0.973579092205));
#5052 = CARTESIAN_POINT('',(1.215375123302,1.));
#5053 = ( GEOMETRIC_REPRESENTATION_CONTEXT(2) 
PARAMETRIC_REPRESENTATION_CONTEXT() REPRESENTATION_CONTEXT('2D SPACE',''
  ) );
#5054 = PCURVE('',#5055,#5060);
#5055 = PLANE('',#5056);
#5056 = AXIS2_PLACEMENT_3D('',#5057,#5058,#5059);
#5057 = CARTESIAN_POINT('',(-1.459663671363,2.1,16.2658300301));
#5058 = DIRECTION('',(0.,-1.,0.));
#5059 = DIRECTION('',(1.,0.,0.));
#5060 = DEFINITIONAL_REPRESENTATION('',(#5061),#5076);
#5061 = B_SPLINE_CURVE_WITH_KNOTS('',7,(#5062,#5063,#5064,#5065,#5066,
    #5067,#5068,#5069,#5070,#5071,#5072,#5073,#5074,#5075),
  .UNSPECIFIED.,.F.,.F.,(8,6,8),(0.,0.603690953898,1.),.UNSPECIFIED.);
#5062 = CARTESIAN_POINT('',(2.559663671363,-0.790022276878));
#5063 = CARTESIAN_POINT('',(2.401951529947,-0.549305352843));
#5064 = CARTESIAN_POINT('',(2.241622738764,-0.310559210647));
#5065 = CARTESIAN_POINT('',(2.078115549379,-7.403858114736E-02));
#5066 = CARTESIAN_POINT('',(1.91082143946,0.159758942051));
#5067 = CARTESIAN_POINT('',(1.738920216424,0.389959991203));
#5068 = CARTESIAN_POINT('',(1.561417861144,0.615349731287));
#5069 = CARTESIAN_POINT('',(1.254727869734,0.977049708202));
#5070 = CARTESIAN_POINT('',(1.130086941724,1.117130181131));
#5071 = CARTESIAN_POINT('',(1.001598898848,1.253550113031));
#5072 = CARTESIAN_POINT('',(0.868570195273,1.385392121813));
#5073 = CARTESIAN_POINT('',(0.730265685688,1.511105633845));
#5074 = CARTESIAN_POINT('',(0.585873122291,1.62848633872));
#5075 = CARTESIAN_POINT('',(0.434022398198,1.7341699699));
#5076 = ( GEOMETRIC_REPRESENTATION_CONTEXT(2) 
PARAMETRIC_REPRESENTATION_CONTEXT() REPRESENTATION_CONTEXT('2D SPACE',''
  ) );
#5077 = ORIENTED_EDGE('',*,*,#5078,.T.);
#5078 = EDGE_CURVE('',#5018,#5079,#5081,.T.);
#5079 = VERTEX_POINT('',#5080);
#5080 = CARTESIAN_POINT('',(0.2,1.385640646055,18.));
#5081 = SURFACE_CURVE('',#5082,(#5091,#5103),.PCURVE_S1.);
#5082 = B_SPLINE_CURVE_WITH_KNOTS('',7,(#5083,#5084,#5085,#5086,#5087,
    #5088,#5089,#5090),.UNSPECIFIED.,.F.,.F.,(8,8),(0.,1.),
  .PIECEWISE_BEZIER_KNOTS.);
#5083 = CARTESIAN_POINT('',(4.224075701896E-02,2.1,16.94827171346));
#5084 = CARTESIAN_POINT('',(6.573331165088E-02,2.006005046308,
    17.104888744339));
#5085 = CARTESIAN_POINT('',(8.900078152973E-02,1.909986740351,
    17.260005210198));
#5086 = CARTESIAN_POINT('',(0.112014150455,1.811610131949,17.4134276697)
  );
#5087 = CARTESIAN_POINT('',(0.134721257131,1.71051210577,17.564808380876
    ));
#5088 = CARTESIAN_POINT('',(0.157040275607,1.606244442409,
    17.713601837377));
#5089 = CARTESIAN_POINT('',(0.178858408912,1.4982623315,17.859056059416)
  );
#5090 = CARTESIAN_POINT('',(0.2,1.385640693064,18.));
#5091 = PCURVE('',#4055,#5092);
#5092 = DEFINITIONAL_REPRESENTATION('',(#5093),#5102);
#5093 = B_SPLINE_CURVE_WITH_KNOTS('',7,(#5094,#5095,#5096,#5097,#5098,
    #5099,#5100,#5101),.UNSPECIFIED.,.F.,.F.,(8,8),(0.,1.),
  .PIECEWISE_BEZIER_KNOTS.);
#5094 = CARTESIAN_POINT('',(0.909616856699,0.737067885441));
#5095 = CARTESIAN_POINT('',(0.882349141306,0.776222143161));
#5096 = CARTESIAN_POINT('',(0.853170187719,0.815001541567));
#5097 = CARTESIAN_POINT('',(0.821811564351,0.853356562133));
#5098 = CARTESIAN_POINT('',(0.787960887652,0.891202351157));
#5099 = CARTESIAN_POINT('',(0.751223125928,0.928400379484));
#5100 = CARTESIAN_POINT('',(0.711120837232,0.964764014854));
#5101 = CARTESIAN_POINT('',(0.666946372913,1.));
#5102 = ( GEOMETRIC_REPRESENTATION_CONTEXT(2) 
PARAMETRIC_REPRESENTATION_CONTEXT() REPRESENTATION_CONTEXT('2D SPACE',''
  ) );
#5103 = PCURVE('',#4910,#5104);
#5104 = DEFINITIONAL_REPRESENTATION('',(#5105),#5114);
#5105 = B_SPLINE_CURVE_WITH_KNOTS('',7,(#5106,#5107,#5108,#5109,#5110,
    #5111,#5112,#5113),.UNSPECIFIED.,.F.,.F.,(8,8),(0.,1.),
  .PIECEWISE_BEZIER_KNOTS.);
#5106 = CARTESIAN_POINT('',(7.026004953005,-4.2));
#5107 = CARTESIAN_POINT('',(7.184374124515,-4.106005046308));
#5108 = CARTESIAN_POINT('',(7.341225943552,-4.009986740351));
#5109 = CARTESIAN_POINT('',(7.49636480467,-3.911610131949));
#5110 = CARTESIAN_POINT('',(7.649439075563,-3.81051210577));
#5111 = CARTESIAN_POINT('',(7.799897147076,-3.706244442409));
#5112 = CARTESIAN_POINT('',(7.946978626705,-3.5982623315));
#5113 = CARTESIAN_POINT('',(8.089499366463,-3.485640693064));
#5114 = ( GEOMETRIC_REPRESENTATION_CONTEXT(2) 
PARAMETRIC_REPRESENTATION_CONTEXT() REPRESENTATION_CONTEXT('2D SPACE',''
  ) );
#5115 = ORIENTED_EDGE('',*,*,#5116,.F.);
#5116 = EDGE_CURVE('',#4834,#5079,#5117,.T.);
#5117 = SURFACE_CURVE('',#5118,(#5123,#5130),.PCURVE_S1.);
#5118 = ELLIPSE('',#5119,2.8,2.24);
#5119 = AXIS2_PLACEMENT_3D('',#5120,#5121,#5122);
#5120 = CARTESIAN_POINT('',(-2.,0.,18.));
#5121 = DIRECTION('',(0.,0.,1.));
#5122 = DIRECTION('',(1.,0.,-0.));
#5123 = PCURVE('',#4055,#5124);
#5124 = DEFINITIONAL_REPRESENTATION('',(#5125),#5129);
#5125 = LINE('',#5126,#5127);
#5126 = CARTESIAN_POINT('',(0.,1.));
#5127 = VECTOR('',#5128,1.);
#5128 = DIRECTION('',(1.,0.));
#5129 = ( GEOMETRIC_REPRESENTATION_CONTEXT(2) 
PARAMETRIC_REPRESENTATION_CONTEXT() REPRESENTATION_CONTEXT('2D SPACE',''
  ) );
#5130 = PCURVE('',#4872,#5131);
#5131 = DEFINITIONAL_REPRESENTATION('',(#5132),#5136);
#5132 = ELLIPSE('',#5133,2.8,2.24);
#5133 = AXIS2_PLACEMENT_2D('',#5134,#5135);
#5134 = CARTESIAN_POINT('',(0.,0.));
#5135 = DIRECTION('',(1.,0.));
#5136 = ( GEOMETRIC_REPRESENTATION_CONTEXT(2) 
PARAMETRIC_REPRESENTATION_CONTEXT() REPRESENTATION_CONTEXT('2D SPACE',''
  ) );
#5137 = ORIENTED_EDGE('',*,*,#4833,.F.);
#5138 = ORIENTED_EDGE('',*,*,#5139,.F.);
#5139 = EDGE_CURVE('',#4539,#4778,#5140,.T.);
#5140 = SURFACE_CURVE('',#5141,(#5156,#5174),.PCURVE_S1.);
#5141 = B_SPLINE_CURVE_WITH_KNOTS('',7,(#5142,#5143,#5144,#5145,#5146,
    #5147,#5148,#5149,#5150,#5151,#5152,#5153,#5154,#5155),
  .UNSPECIFIED.,.F.,.F.,(8,6,8),(0.,0.598673620747,1.),.UNSPECIFIED.);
#5142 = CARTESIAN_POINT('',(0.561873905421,2.1,16.264109372325));
#5143 = CARTESIAN_POINT('',(0.615845211901,1.960551887315,
    16.438210360972));
#5144 = CARTESIAN_POINT('',(0.66829390764,1.815894128468,16.607399702065
    ));
#5145 = CARTESIAN_POINT('',(0.719065367961,1.664798248695,
    16.771178606327));
#5146 = CARTESIAN_POINT('',(0.767705675069,1.506165559576,
    16.928082822802));
#5147 = CARTESIAN_POINT('',(0.813423247368,1.338917943263,
    17.075558862478));
#5148 = CARTESIAN_POINT('',(0.855099142942,1.161988812123,
    17.209997235295));
#5149 = CARTESIAN_POINT('',(0.915263162282,0.847604763928,
    17.404074717038));
#5150 = CARTESIAN_POINT('',(0.936866978062,0.716358933619,
    17.473764445362));
#5151 = CARTESIAN_POINT('',(0.955343029616,0.580065697142,
    17.533364611663));
#5152 = CARTESIAN_POINT('',(0.96999806984,0.43911841801,17.580638934966)
  );
#5153 = CARTESIAN_POINT('',(0.980123744886,0.294346377774,
    17.613302402857));
#5154 = CARTESIAN_POINT('',(0.985185185185,0.147164901339,17.62962962963
    ));
#5155 = CARTESIAN_POINT('',(0.985185185185,5.329070518201E-15,
    17.62962962963));
#5156 = PCURVE('',#4055,#5157);
#5157 = DEFINITIONAL_REPRESENTATION('',(#5158),#5173);
#5158 = B_SPLINE_CURVE_WITH_KNOTS('',7,(#5159,#5160,#5161,#5162,#5163,
    #5164,#5165,#5166,#5167,#5168,#5169,#5170,#5171,#5172),
  .UNSPECIFIED.,.F.,.F.,(8,6,8),(0.,0.598673620747,1.),.UNSPECIFIED.);
#5159 = CARTESIAN_POINT('',(0.797567920064,0.566027343081));
#5160 = CARTESIAN_POINT('',(0.753845383982,0.609552590243));
#5161 = CARTESIAN_POINT('',(0.70675879528,0.651849925516));
#5162 = CARTESIAN_POINT('',(0.655696373335,0.692794651582));
#5163 = CARTESIAN_POINT('',(0.600014201157,0.7320207057));
#5164 = CARTESIAN_POINT('',(0.539028139603,0.768889715619));
#5165 = CARTESIAN_POINT('',(0.472073527507,0.802499308824));
#5166 = CARTESIAN_POINT('',(0.349170902841,0.851018679259));
#5167 = CARTESIAN_POINT('',(0.296868493794,0.868441111341));
#5168 = CARTESIAN_POINT('',(0.241589845389,0.883341152916));
#5169 = CARTESIAN_POINT('',(0.183548713221,0.895159733742));
#5170 = CARTESIAN_POINT('',(0.12325292614,0.903325600714));
#5171 = CARTESIAN_POINT('',(6.162302010156E-02,0.907407407407));
#5172 = CARTESIAN_POINT('',(0.,0.907407407407));
#5173 = ( GEOMETRIC_REPRESENTATION_CONTEXT(2) 
PARAMETRIC_REPRESENTATION_CONTEXT() REPRESENTATION_CONTEXT('2D SPACE',''
  ) );
#5174 = PCURVE('',#4554,#5175);
#5175 = DEFINITIONAL_REPRESENTATION('',(#5176),#5191);
#5176 = B_SPLINE_CURVE_WITH_KNOTS('',7,(#5177,#5178,#5179,#5180,#5181,
    #5182,#5183,#5184,#5185,#5186,#5187,#5188,#5189,#5190),
  .UNSPECIFIED.,.F.,.F.,(8,6,8),(0.,0.598673620747,1.),.UNSPECIFIED.);
#5177 = CARTESIAN_POINT('',(12.286866577969,-4.2));
#5178 = CARTESIAN_POINT('',(12.104591905644,-4.060551887315));
#5179 = CARTESIAN_POINT('',(11.927459472634,-3.915894128468));
#5180 = CARTESIAN_POINT('',(11.755991485346,-3.764798248695));
#5181 = CARTESIAN_POINT('',(11.591720938312,-3.606165559576));
#5182 = CARTESIAN_POINT('',(11.437321201604,-3.438917943263));
#5183 = CARTESIAN_POINT('',(11.296571223424,-3.261988812123));
#5184 = CARTESIAN_POINT('',(11.0933822027,-2.947604763928));
#5185 = CARTESIAN_POINT('',(11.020420684828,-2.816358933619));
#5186 = CARTESIAN_POINT('',(10.958022413184,-2.680065697142));
#5187 = CARTESIAN_POINT('',(10.908528657541,-2.53911841801));
#5188 = CARTESIAN_POINT('',(10.874331706948,-2.394346377774));
#5189 = CARTESIAN_POINT('',(10.857237950428,-2.247164901339));
#5190 = CARTESIAN_POINT('',(10.857237950428,-2.1));
#5191 = ( GEOMETRIC_REPRESENTATION_CONTEXT(2) 
PARAMETRIC_REPRESENTATION_CONTEXT() REPRESENTATION_CONTEXT('2D SPACE',''
  ) );
#5192 = ADVANCED_FACE('',(#5193),#4021,.T.);
#5193 = FACE_BOUND('',#5194,.T.);
#5194 = EDGE_LOOP('',(#5195,#5196,#5217,#5218,#5241,#5262));
#5195 = ORIENTED_EDGE('',*,*,#3995,.F.);
#5196 = ORIENTED_EDGE('',*,*,#5197,.T.);
#5197 = EDGE_CURVE('',#3959,#4364,#5198,.T.);
#5198 = SURFACE_CURVE('',#5199,(#5203,#5210),.PCURVE_S1.);
#5199 = LINE('',#5200,#5201);
#5200 = CARTESIAN_POINT('',(-2.,-2.1,8.));
#5201 = VECTOR('',#5202,1.);
#5202 = DIRECTION('',(0.928476690885,0.,0.371390676354));
#5203 = PCURVE('',#4021,#5204);
#5204 = DEFINITIONAL_REPRESENTATION('',(#5205),#5209);
#5205 = LINE('',#5206,#5207);
#5206 = CARTESIAN_POINT('',(-4.721915920297,-9.892159123037));
#5207 = VECTOR('',#5208,1.);
#5208 = DIRECTION('',(0.928476690885,0.371390676354));
#5209 = ( GEOMETRIC_REPRESENTATION_CONTEXT(2) 
PARAMETRIC_REPRESENTATION_CONTEXT() REPRESENTATION_CONTEXT('2D SPACE',''
  ) );
#5210 = PCURVE('',#3980,#5211);
#5211 = DEFINITIONAL_REPRESENTATION('',(#5212),#5216);
#5212 = LINE('',#5213,#5214);
#5213 = CARTESIAN_POINT('',(0.,0.));
#5214 = VECTOR('',#5215,1.);
#5215 = DIRECTION('',(1.,0.));
#5216 = ( GEOMETRIC_REPRESENTATION_CONTEXT(2) 
PARAMETRIC_REPRESENTATION_CONTEXT() REPRESENTATION_CONTEXT('2D SPACE',''
  ) );
#5217 = ORIENTED_EDGE('',*,*,#4363,.T.);
#5218 = ORIENTED_EDGE('',*,*,#5219,.T.);
#5219 = EDGE_CURVE('',#4366,#5220,#5222,.T.);
#5220 = VERTEX_POINT('',#5221);
#5221 = CARTESIAN_POINT('',(4.2,-2.1,28.));
#5222 = SURFACE_CURVE('',#5223,(#5227,#5234),.PCURVE_S1.);
#5223 = LINE('',#5224,#5225);
#5224 = CARTESIAN_POINT('',(6.7,-2.1,28.));
#5225 = VECTOR('',#5226,1.);
#5226 = DIRECTION('',(-1.,0.,0.));
#5227 = PCURVE('',#4021,#5228);
#5228 = DEFINITIONAL_REPRESENTATION('',(#5229),#5233);
#5229 = LINE('',#5230,#5231);
#5230 = CARTESIAN_POINT('',(3.978084079703,10.107840876963));
#5231 = VECTOR('',#5232,1.);
#5232 = DIRECTION('',(-1.,0.));
#5233 = ( GEOMETRIC_REPRESENTATION_CONTEXT(2) 
PARAMETRIC_REPRESENTATION_CONTEXT() REPRESENTATION_CONTEXT('2D SPACE',''
  ) );
#5234 = PCURVE('',#4471,#5235);
#5235 = DEFINITIONAL_REPRESENTATION('',(#5236),#5240);
#5236 = LINE('',#5237,#5238);
#5237 = CARTESIAN_POINT('',(0.,0.));
#5238 = VECTOR('',#5239,1.);
#5239 = DIRECTION('',(1.,0.));
#5240 = ( GEOMETRIC_REPRESENTATION_CONTEXT(2) 
PARAMETRIC_REPRESENTATION_CONTEXT() REPRESENTATION_CONTEXT('2D SPACE',''
  ) );
#5241 = ORIENTED_EDGE('',*,*,#5242,.T.);
#5242 = EDGE_CURVE('',#5220,#4674,#5243,.T.);
#5243 = SURFACE_CURVE('',#5244,(#5248,#5255),.PCURVE_S1.);
#5244 = LINE('',#5245,#5246);
#5245 = CARTESIAN_POINT('',(4.2,-2.1,28.));
#5246 = VECTOR('',#5247,1.);
#5247 = DIRECTION('',(-0.296098771114,-0.,-0.955157326174));
#5248 = PCURVE('',#4021,#5249);
#5249 = DEFINITIONAL_REPRESENTATION('',(#5250),#5254);
#5250 = LINE('',#5251,#5252);
#5251 = CARTESIAN_POINT('',(1.478084079703,10.107840876963));
#5252 = VECTOR('',#5253,1.);
#5253 = DIRECTION('',(-0.296098771114,-0.955157326174));
#5254 = ( GEOMETRIC_REPRESENTATION_CONTEXT(2) 
PARAMETRIC_REPRESENTATION_CONTEXT() REPRESENTATION_CONTEXT('2D SPACE',''
  ) );
#5255 = PCURVE('',#4554,#5256);
#5256 = DEFINITIONAL_REPRESENTATION('',(#5257),#5261);
#5257 = LINE('',#5258,#5259);
#5258 = CARTESIAN_POINT('',(0.,0.));
#5259 = VECTOR('',#5260,1.);
#5260 = DIRECTION('',(1.,0.));
#5261 = ( GEOMETRIC_REPRESENTATION_CONTEXT(2) 
PARAMETRIC_REPRESENTATION_CONTEXT() REPRESENTATION_CONTEXT('2D SPACE',''
  ) );
#5262 = ORIENTED_EDGE('',*,*,#4673,.F.);
#5263 = ADVANCED_FACE('',(#5264),#3980,.T.);
#5264 = FACE_BOUND('',#5265,.T.);
#5265 = EDGE_LOOP('',(#5266,#5267,#5268));
#5266 = ORIENTED_EDGE('',*,*,#5197,.F.);
#5267 = ORIENTED_EDGE('',*,*,#3958,.T.);
#5268 = ORIENTED_EDGE('',*,*,#4388,.F.);
#5269 = ADVANCED_FACE('',(#5270),#4266,.T.);
#5270 = FACE_BOUND('',#5271,.T.);
#5271 = EDGE_LOOP('',(#5272,#5293,#5319,#5338));
#5272 = ORIENTED_EDGE('',*,*,#5273,.F.);
#5273 = EDGE_CURVE('',#5274,#4249,#5276,.T.);
#5274 = VERTEX_POINT('',#5275);
#5275 = CARTESIAN_POINT('',(1.375,9.575,3.2));
#5276 = SURFACE_CURVE('',#5277,(#5281,#5287),.PCURVE_S1.);
#5277 = LINE('',#5278,#5279);
#5278 = CARTESIAN_POINT('',(1.375,9.575,3.05));
#5279 = VECTOR('',#5280,1.);
#5280 = DIRECTION('',(0.,0.,1.));
#5281 = PCURVE('',#4266,#5282);
#5282 = DEFINITIONAL_REPRESENTATION('',(#5283),#5286);
#5283 = B_SPLINE_CURVE_WITH_KNOTS('',1,(#5284,#5285),.UNSPECIFIED.,.F.,
  .F.,(2,2),(0.,0.65),.PIECEWISE_BEZIER_KNOTS.);
#5284 = CARTESIAN_POINT('',(0.,-0.425));
#5285 = CARTESIAN_POINT('',(0.65,-0.425));
#5286 = ( GEOMETRIC_REPRESENTATION_CONTEXT(2) 
PARAMETRIC_REPRESENTATION_CONTEXT() REPRESENTATION_CONTEXT('2D SPACE',''
  ) );
#5287 = PCURVE('',#4348,#5288);
#5288 = DEFINITIONAL_REPRESENTATION('',(#5289),#5292);
#5289 = B_SPLINE_CURVE_WITH_KNOTS('',1,(#5290,#5291),.UNSPECIFIED.,.F.,
  .F.,(2,2),(0.,0.65),.PIECEWISE_BEZIER_KNOTS.);
#5290 = CARTESIAN_POINT('',(0.,0.425));
#5291 = CARTESIAN_POINT('',(0.65,0.425));
#5292 = ( GEOMETRIC_REPRESENTATION_CONTEXT(2) 
PARAMETRIC_REPRESENTATION_CONTEXT() REPRESENTATION_CONTEXT('2D SPACE',''
  ) );
#5293 = ORIENTED_EDGE('',*,*,#5294,.T.);
#5294 = EDGE_CURVE('',#5274,#5295,#5297,.T.);
#5295 = VERTEX_POINT('',#5296);
#5296 = CARTESIAN_POINT('',(1.375,7.925,3.2));
#5297 = SURFACE_CURVE('',#5298,(#5302,#5308),.PCURVE_S1.);
#5298 = LINE('',#5299,#5300);
#5299 = CARTESIAN_POINT('',(1.375,5.,3.2));
#5300 = VECTOR('',#5301,1.);
#5301 = DIRECTION('',(-1.224646799147E-16,-1.,0.));
#5302 = PCURVE('',#4266,#5303);
#5303 = DEFINITIONAL_REPRESENTATION('',(#5304),#5307);
#5304 = B_SPLINE_CURVE_WITH_KNOTS('',1,(#5305,#5306),.UNSPECIFIED.,.F.,
  .F.,(2,2),(-5.,-2.5),.PIECEWISE_BEZIER_KNOTS.);
#5305 = CARTESIAN_POINT('',(0.15,0.));
#5306 = CARTESIAN_POINT('',(0.15,-2.5));
#5307 = ( GEOMETRIC_REPRESENTATION_CONTEXT(2) 
PARAMETRIC_REPRESENTATION_CONTEXT() REPRESENTATION_CONTEXT('2D SPACE',''
  ) );
#5308 = PCURVE('',#5309,#5314);
#5309 = PLANE('',#5310);
#5310 = AXIS2_PLACEMENT_3D('',#5311,#5312,#5313);
#5311 = CARTESIAN_POINT('',(-1.316298253911E-16,4.38766084637E-17,3.2));
#5312 = DIRECTION('',(0.,0.,1.));
#5313 = DIRECTION('',(1.,0.,-0.));
#5314 = DEFINITIONAL_REPRESENTATION('',(#5315),#5318);
#5315 = B_SPLINE_CURVE_WITH_KNOTS('',1,(#5316,#5317),.UNSPECIFIED.,.F.,
  .F.,(2,2),(-5.,-2.5),.PIECEWISE_BEZIER_KNOTS.);
#5316 = CARTESIAN_POINT('',(1.375,10.));
#5317 = CARTESIAN_POINT('',(1.375,7.5));
#5318 = ( GEOMETRIC_REPRESENTATION_CONTEXT(2) 
PARAMETRIC_REPRESENTATION_CONTEXT() REPRESENTATION_CONTEXT('2D SPACE',''
  ) );
#5319 = ORIENTED_EDGE('',*,*,#5320,.F.);
#5320 = EDGE_CURVE('',#4251,#5295,#5321,.T.);
#5321 = SURFACE_CURVE('',#5322,(#5326,#5332),.PCURVE_S1.);
#5322 = LINE('',#5323,#5324);
#5323 = CARTESIAN_POINT('',(1.375,7.925,3.05));
#5324 = VECTOR('',#5325,1.);
#5325 = DIRECTION('',(-0.,0.,-1.));
#5326 = PCURVE('',#4266,#5327);
#5327 = DEFINITIONAL_REPRESENTATION('',(#5328),#5331);
#5328 = B_SPLINE_CURVE_WITH_KNOTS('',1,(#5329,#5330),.UNSPECIFIED.,.F.,
  .F.,(2,2),(-0.65,0.),.PIECEWISE_BEZIER_KNOTS.);
#5329 = CARTESIAN_POINT('',(0.65,-2.075));
#5330 = CARTESIAN_POINT('',(0.,-2.075));
#5331 = ( GEOMETRIC_REPRESENTATION_CONTEXT(2) 
PARAMETRIC_REPRESENTATION_CONTEXT() REPRESENTATION_CONTEXT('2D SPACE',''
  ) );
#5332 = PCURVE('',#4294,#5333);
#5333 = DEFINITIONAL_REPRESENTATION('',(#5334),#5337);
#5334 = B_SPLINE_CURVE_WITH_KNOTS('',1,(#5335,#5336),.UNSPECIFIED.,.F.,
  .F.,(2,2),(-0.65,0.),.PIECEWISE_BEZIER_KNOTS.);
#5335 = CARTESIAN_POINT('',(0.65,0.425));
#5336 = CARTESIAN_POINT('',(0.,0.425));
#5337 = ( GEOMETRIC_REPRESENTATION_CONTEXT(2) 
PARAMETRIC_REPRESENTATION_CONTEXT() REPRESENTATION_CONTEXT('2D SPACE',''
  ) );
#5338 = ORIENTED_EDGE('',*,*,#4248,.F.);
#5339 = ADVANCED_FACE('',(#5340),#4294,.F.);
#5340 = FACE_BOUND('',#5341,.F.);
#5341 = EDGE_LOOP('',(#5342,#5363,#5364,#5365));
#5342 = ORIENTED_EDGE('',*,*,#5343,.T.);
#5343 = EDGE_CURVE('',#5344,#5295,#5346,.T.);
#5344 = VERTEX_POINT('',#5345);
#5345 = CARTESIAN_POINT('',(-1.375,7.925,3.2));
#5346 = SURFACE_CURVE('',#5347,(#5351,#5357),.PCURVE_S1.);
#5347 = LINE('',#5348,#5349);
#5348 = CARTESIAN_POINT('',(0.9,7.925,3.2));
#5349 = VECTOR('',#5350,1.);
#5350 = DIRECTION('',(1.,-1.224646799147E-16,0.));
#5351 = PCURVE('',#4294,#5352);
#5352 = DEFINITIONAL_REPRESENTATION('',(#5353),#5356);
#5353 = B_SPLINE_CURVE_WITH_KNOTS('',1,(#5354,#5355),.UNSPECIFIED.,.F.,
  .F.,(2,2),(-2.7,0.9),.PIECEWISE_BEZIER_KNOTS.);
#5354 = CARTESIAN_POINT('',(0.15,3.6));
#5355 = CARTESIAN_POINT('',(0.15,0.));
#5356 = ( GEOMETRIC_REPRESENTATION_CONTEXT(2) 
PARAMETRIC_REPRESENTATION_CONTEXT() REPRESENTATION_CONTEXT('2D SPACE',''
  ) );
#5357 = PCURVE('',#5309,#5358);
#5358 = DEFINITIONAL_REPRESENTATION('',(#5359),#5362);
#5359 = B_SPLINE_CURVE_WITH_KNOTS('',1,(#5360,#5361),.UNSPECIFIED.,.F.,
  .F.,(2,2),(-2.7,0.9),.PIECEWISE_BEZIER_KNOTS.);
#5360 = CARTESIAN_POINT('',(-1.8,7.925));
#5361 = CARTESIAN_POINT('',(1.8,7.925));
#5362 = ( GEOMETRIC_REPRESENTATION_CONTEXT(2) 
PARAMETRIC_REPRESENTATION_CONTEXT() REPRESENTATION_CONTEXT('2D SPACE',''
  ) );
#5363 = ORIENTED_EDGE('',*,*,#5320,.F.);
#5364 = ORIENTED_EDGE('',*,*,#4278,.T.);
#5365 = ORIENTED_EDGE('',*,*,#5366,.T.);
#5366 = EDGE_CURVE('',#4279,#5344,#5367,.T.);
#5367 = SURFACE_CURVE('',#5368,(#5372,#5378),.PCURVE_S1.);
#5368 = LINE('',#5369,#5370);
#5369 = CARTESIAN_POINT('',(-1.375,7.925,3.05));
#5370 = VECTOR('',#5371,1.);
#5371 = DIRECTION('',(-0.,0.,-1.));
#5372 = PCURVE('',#4294,#5373);
#5373 = DEFINITIONAL_REPRESENTATION('',(#5374),#5377);
#5374 = B_SPLINE_CURVE_WITH_KNOTS('',1,(#5375,#5376),.UNSPECIFIED.,.F.,
  .F.,(2,2),(-0.65,0.),.PIECEWISE_BEZIER_KNOTS.);
#5375 = CARTESIAN_POINT('',(0.65,3.175));
#5376 = CARTESIAN_POINT('',(0.,3.175));
#5377 = ( GEOMETRIC_REPRESENTATION_CONTEXT(2) 
PARAMETRIC_REPRESENTATION_CONTEXT() REPRESENTATION_CONTEXT('2D SPACE',''
  ) );
#5378 = PCURVE('',#4322,#5379);
#5379 = DEFINITIONAL_REPRESENTATION('',(#5380),#5383);
#5380 = B_SPLINE_CURVE_WITH_KNOTS('',1,(#5381,#5382),.UNSPECIFIED.,.F.,
  .F.,(2,2),(-0.65,0.),.PIECEWISE_BEZIER_KNOTS.);
#5381 = CARTESIAN_POINT('',(0.65,-2.075));
#5382 = CARTESIAN_POINT('',(0.,-2.075));
#5383 = ( GEOMETRIC_REPRESENTATION_CONTEXT(2) 
PARAMETRIC_REPRESENTATION_CONTEXT() REPRESENTATION_CONTEXT('2D SPACE',''
  ) );
#5384 = ADVANCED_FACE('',(#5385),#4322,.F.);
#5385 = FACE_BOUND('',#5386,.F.);
#5386 = EDGE_LOOP('',(#5387,#5408,#5427,#5428));
#5387 = ORIENTED_EDGE('',*,*,#5388,.F.);
#5388 = EDGE_CURVE('',#5389,#4307,#5391,.T.);
#5389 = VERTEX_POINT('',#5390);
#5390 = CARTESIAN_POINT('',(-1.375,9.575,3.2));
#5391 = SURFACE_CURVE('',#5392,(#5396,#5402),.PCURVE_S1.);
#5392 = LINE('',#5393,#5394);
#5393 = CARTESIAN_POINT('',(-1.375,9.575,3.05));
#5394 = VECTOR('',#5395,1.);
#5395 = DIRECTION('',(0.,0.,1.));
#5396 = PCURVE('',#4322,#5397);
#5397 = DEFINITIONAL_REPRESENTATION('',(#5398),#5401);
#5398 = B_SPLINE_CURVE_WITH_KNOTS('',1,(#5399,#5400),.UNSPECIFIED.,.F.,
  .F.,(2,2),(0.,0.65),.PIECEWISE_BEZIER_KNOTS.);
#5399 = CARTESIAN_POINT('',(0.,-0.425));
#5400 = CARTESIAN_POINT('',(0.65,-0.425));
#5401 = ( GEOMETRIC_REPRESENTATION_CONTEXT(2) 
PARAMETRIC_REPRESENTATION_CONTEXT() REPRESENTATION_CONTEXT('2D SPACE',''
  ) );
#5402 = PCURVE('',#4348,#5403);
#5403 = DEFINITIONAL_REPRESENTATION('',(#5404),#5407);
#5404 = B_SPLINE_CURVE_WITH_KNOTS('',1,(#5405,#5406),.UNSPECIFIED.,.F.,
  .F.,(2,2),(0.,0.65),.PIECEWISE_BEZIER_KNOTS.);
#5405 = CARTESIAN_POINT('',(0.,3.175));
#5406 = CARTESIAN_POINT('',(0.65,3.175));
#5407 = ( GEOMETRIC_REPRESENTATION_CONTEXT(2) 
PARAMETRIC_REPRESENTATION_CONTEXT() REPRESENTATION_CONTEXT('2D SPACE',''
  ) );
#5408 = ORIENTED_EDGE('',*,*,#5409,.T.);
#5409 = EDGE_CURVE('',#5389,#5344,#5410,.T.);
#5410 = SURFACE_CURVE('',#5411,(#5415,#5421),.PCURVE_S1.);
#5411 = LINE('',#5412,#5413);
#5412 = CARTESIAN_POINT('',(-1.375,5.,3.2));
#5413 = VECTOR('',#5414,1.);
#5414 = DIRECTION('',(-1.224646799147E-16,-1.,0.));
#5415 = PCURVE('',#4322,#5416);
#5416 = DEFINITIONAL_REPRESENTATION('',(#5417),#5420);
#5417 = B_SPLINE_CURVE_WITH_KNOTS('',1,(#5418,#5419),.UNSPECIFIED.,.F.,
  .F.,(2,2),(-5.,-2.5),.PIECEWISE_BEZIER_KNOTS.);
#5418 = CARTESIAN_POINT('',(0.15,0.));
#5419 = CARTESIAN_POINT('',(0.15,-2.5));
#5420 = ( GEOMETRIC_REPRESENTATION_CONTEXT(2) 
PARAMETRIC_REPRESENTATION_CONTEXT() REPRESENTATION_CONTEXT('2D SPACE',''
  ) );
#5421 = PCURVE('',#5309,#5422);
#5422 = DEFINITIONAL_REPRESENTATION('',(#5423),#5426);
#5423 = B_SPLINE_CURVE_WITH_KNOTS('',1,(#5424,#5425),.UNSPECIFIED.,.F.,
  .F.,(2,2),(-5.,-2.5),.PIECEWISE_BEZIER_KNOTS.);
#5424 = CARTESIAN_POINT('',(-1.375,10.));
#5425 = CARTESIAN_POINT('',(-1.375,7.5));
#5426 = ( GEOMETRIC_REPRESENTATION_CONTEXT(2) 
PARAMETRIC_REPRESENTATION_CONTEXT() REPRESENTATION_CONTEXT('2D SPACE',''
  ) );
#5427 = ORIENTED_EDGE('',*,*,#5366,.F.);
#5428 = ORIENTED_EDGE('',*,*,#4306,.F.);
#5429 = ADVANCED_FACE('',(#5430),#4348,.T.);
#5430 = FACE_BOUND('',#5431,.T.);
#5431 = EDGE_LOOP('',(#5432,#5451,#5452,#5453));
#5432 = ORIENTED_EDGE('',*,*,#5433,.T.);
#5433 = EDGE_CURVE('',#5389,#5274,#5434,.T.);
#5434 = SURFACE_CURVE('',#5435,(#5439,#5445),.PCURVE_S1.);
#5435 = LINE('',#5436,#5437);
#5436 = CARTESIAN_POINT('',(0.9,9.575,3.2));
#5437 = VECTOR('',#5438,1.);
#5438 = DIRECTION('',(1.,-1.224646799147E-16,0.));
#5439 = PCURVE('',#4348,#5440);
#5440 = DEFINITIONAL_REPRESENTATION('',(#5441),#5444);
#5441 = B_SPLINE_CURVE_WITH_KNOTS('',1,(#5442,#5443),.UNSPECIFIED.,.F.,
  .F.,(2,2),(-2.7,0.9),.PIECEWISE_BEZIER_KNOTS.);
#5442 = CARTESIAN_POINT('',(0.15,3.6));
#5443 = CARTESIAN_POINT('',(0.15,0.));
#5444 = ( GEOMETRIC_REPRESENTATION_CONTEXT(2) 
PARAMETRIC_REPRESENTATION_CONTEXT() REPRESENTATION_CONTEXT('2D SPACE',''
  ) );
#5445 = PCURVE('',#5309,#5446);
#5446 = DEFINITIONAL_REPRESENTATION('',(#5447),#5450);
#5447 = B_SPLINE_CURVE_WITH_KNOTS('',1,(#5448,#5449),.UNSPECIFIED.,.F.,
  .F.,(2,2),(-2.7,0.9),.PIECEWISE_BEZIER_KNOTS.);
#5448 = CARTESIAN_POINT('',(-1.8,9.575));
#5449 = CARTESIAN_POINT('',(1.8,9.575));
#5450 = ( GEOMETRIC_REPRESENTATION_CONTEXT(2) 
PARAMETRIC_REPRESENTATION_CONTEXT() REPRESENTATION_CONTEXT('2D SPACE',''
  ) );
#5451 = ORIENTED_EDGE('',*,*,#5273,.T.);
#5452 = ORIENTED_EDGE('',*,*,#4334,.T.);
#5453 = ORIENTED_EDGE('',*,*,#5388,.F.);
#5454 = ADVANCED_FACE('',(#5455),#4471,.T.);
#5455 = FACE_BOUND('',#5456,.T.);
#5456 = EDGE_LOOP('',(#5457,#5458,#5459,#5480));
#5457 = ORIENTED_EDGE('',*,*,#4457,.T.);
#5458 = ORIENTED_EDGE('',*,*,#4515,.T.);
#5459 = ORIENTED_EDGE('',*,*,#5460,.F.);
#5460 = EDGE_CURVE('',#5220,#4516,#5461,.T.);
#5461 = SURFACE_CURVE('',#5462,(#5466,#5473),.PCURVE_S1.);
#5462 = LINE('',#5463,#5464);
#5463 = CARTESIAN_POINT('',(4.2,-2.1,28.));
#5464 = VECTOR('',#5465,1.);
#5465 = DIRECTION('',(0.,1.,0.));
#5466 = PCURVE('',#4471,#5467);
#5467 = DEFINITIONAL_REPRESENTATION('',(#5468),#5472);
#5468 = LINE('',#5469,#5470);
#5469 = CARTESIAN_POINT('',(2.5,0.));
#5470 = VECTOR('',#5471,1.);
#5471 = DIRECTION('',(0.,-1.));
#5472 = ( GEOMETRIC_REPRESENTATION_CONTEXT(2) 
PARAMETRIC_REPRESENTATION_CONTEXT() REPRESENTATION_CONTEXT('2D SPACE',''
  ) );
#5473 = PCURVE('',#4554,#5474);
#5474 = DEFINITIONAL_REPRESENTATION('',(#5475),#5479);
#5475 = LINE('',#5476,#5477);
#5476 = CARTESIAN_POINT('',(0.,0.));
#5477 = VECTOR('',#5478,1.);
#5478 = DIRECTION('',(0.,-1.));
#5479 = ( GEOMETRIC_REPRESENTATION_CONTEXT(2) 
PARAMETRIC_REPRESENTATION_CONTEXT() REPRESENTATION_CONTEXT('2D SPACE',''
  ) );
#5480 = ORIENTED_EDGE('',*,*,#5219,.F.);
#5481 = ADVANCED_FACE('',(#5482),#4554,.T.);
#5482 = FACE_BOUND('',#5483,.T.);
#5483 = EDGE_LOOP('',(#5484,#5485,#5486,#5487,#5488));
#5484 = ORIENTED_EDGE('',*,*,#5242,.F.);
#5485 = ORIENTED_EDGE('',*,*,#5460,.T.);
#5486 = ORIENTED_EDGE('',*,*,#4538,.T.);
#5487 = ORIENTED_EDGE('',*,*,#5139,.T.);
#5488 = ORIENTED_EDGE('',*,*,#4777,.F.);
#5489 = ADVANCED_FACE('',(#5490),#4872,.T.);
#5490 = FACE_BOUND('',#5491,.T.);
#5491 = EDGE_LOOP('',(#5492,#5493,#5494));
#5492 = ORIENTED_EDGE('',*,*,#4855,.T.);
#5493 = ORIENTED_EDGE('',*,*,#5116,.T.);
#5494 = ORIENTED_EDGE('',*,*,#5495,.F.);
#5495 = EDGE_CURVE('',#4856,#5079,#5496,.T.);
#5496 = SURFACE_CURVE('',#5497,(#5501,#5507),.PCURVE_S1.);
#5497 = LINE('',#5498,#5499);
#5498 = CARTESIAN_POINT('',(0.2,-1.05,18.));
#5499 = VECTOR('',#5500,1.);
#5500 = DIRECTION('',(-0.,1.,0.));
#5501 = PCURVE('',#4872,#5502);
#5502 = DEFINITIONAL_REPRESENTATION('',(#5503),#5506);
#5503 = B_SPLINE_CURVE_WITH_KNOTS('',1,(#5504,#5505),.UNSPECIFIED.,.F.,
  .F.,(2,2),(-1.05,3.15),.PIECEWISE_BEZIER_KNOTS.);
#5504 = CARTESIAN_POINT('',(2.2,-2.1));
#5505 = CARTESIAN_POINT('',(2.2,2.1));
#5506 = ( GEOMETRIC_REPRESENTATION_CONTEXT(2) 
PARAMETRIC_REPRESENTATION_CONTEXT() REPRESENTATION_CONTEXT('2D SPACE',''
  ) );
#5507 = PCURVE('',#4910,#5508);
#5508 = DEFINITIONAL_REPRESENTATION('',(#5509),#5512);
#5509 = B_SPLINE_CURVE_WITH_KNOTS('',1,(#5510,#5511),.UNSPECIFIED.,.F.,
  .F.,(2,2),(-1.05,3.15),.PIECEWISE_BEZIER_KNOTS.);
#5510 = CARTESIAN_POINT('',(8.089499366463,0.));
#5511 = CARTESIAN_POINT('',(8.089499366463,-4.2));
#5512 = ( GEOMETRIC_REPRESENTATION_CONTEXT(2) 
PARAMETRIC_REPRESENTATION_CONTEXT() REPRESENTATION_CONTEXT('2D SPACE',''
  ) );
#5513 = ADVANCED_FACE('',(#5514),#4910,.T.);
#5514 = FACE_BOUND('',#5515,.T.);
#5515 = EDGE_LOOP('',(#5516,#5539,#5540,#5541,#5542,#5565));
#5516 = ORIENTED_EDGE('',*,*,#5517,.F.);
#5517 = EDGE_CURVE('',#4885,#5518,#5520,.T.);
#5518 = VERTEX_POINT('',#5519);
#5519 = CARTESIAN_POINT('',(1.1,-2.1,24.));
#5520 = SURFACE_CURVE('',#5521,(#5525,#5532),.PCURVE_S1.);
#5521 = LINE('',#5522,#5523);
#5522 = CARTESIAN_POINT('',(-1.,-2.1,10.));
#5523 = VECTOR('',#5524,1.);
#5524 = DIRECTION('',(0.14834045293,0.,0.988936352868));
#5525 = PCURVE('',#4910,#5526);
#5526 = DEFINITIONAL_REPRESENTATION('',(#5527),#5531);
#5527 = LINE('',#5528,#5529);
#5528 = CARTESIAN_POINT('',(0.,0.));
#5529 = VECTOR('',#5530,1.);
#5530 = DIRECTION('',(1.,0.));
#5531 = ( GEOMETRIC_REPRESENTATION_CONTEXT(2) 
PARAMETRIC_REPRESENTATION_CONTEXT() REPRESENTATION_CONTEXT('2D SPACE',''
  ) );
#5532 = PCURVE('',#4965,#5533);
#5533 = DEFINITIONAL_REPRESENTATION('',(#5534),#5538);
#5534 = LINE('',#5535,#5536);
#5535 = CARTESIAN_POINT('',(0.459663671363,-6.2658300301));
#5536 = VECTOR('',#5537,1.);
#5537 = DIRECTION('',(0.14834045293,0.988936352868));
#5538 = ( GEOMETRIC_REPRESENTATION_CONTEXT(2) 
PARAMETRIC_REPRESENTATION_CONTEXT() REPRESENTATION_CONTEXT('2D SPACE',''
  ) );
#5539 = ORIENTED_EDGE('',*,*,#4884,.T.);
#5540 = ORIENTED_EDGE('',*,*,#5495,.T.);
#5541 = ORIENTED_EDGE('',*,*,#5078,.F.);
#5542 = ORIENTED_EDGE('',*,*,#5543,.T.);
#5543 = EDGE_CURVE('',#5018,#5544,#5546,.T.);
#5544 = VERTEX_POINT('',#5545);
#5545 = CARTESIAN_POINT('',(1.1,2.1,24.));
#5546 = SURFACE_CURVE('',#5547,(#5551,#5558),.PCURVE_S1.);
#5547 = LINE('',#5548,#5549);
#5548 = CARTESIAN_POINT('',(-1.,2.1,10.));
#5549 = VECTOR('',#5550,1.);
#5550 = DIRECTION('',(0.14834045293,0.,0.988936352868));
#5551 = PCURVE('',#4910,#5552);
#5552 = DEFINITIONAL_REPRESENTATION('',(#5553),#5557);
#5553 = LINE('',#5554,#5555);
#5554 = CARTESIAN_POINT('',(0.,-4.2));
#5555 = VECTOR('',#5556,1.);
#5556 = DIRECTION('',(1.,0.));
#5557 = ( GEOMETRIC_REPRESENTATION_CONTEXT(2) 
PARAMETRIC_REPRESENTATION_CONTEXT() REPRESENTATION_CONTEXT('2D SPACE',''
  ) );
#5558 = PCURVE('',#5055,#5559);
#5559 = DEFINITIONAL_REPRESENTATION('',(#5560),#5564);
#5560 = LINE('',#5561,#5562);
#5561 = CARTESIAN_POINT('',(0.459663671363,-6.2658300301));
#5562 = VECTOR('',#5563,1.);
#5563 = DIRECTION('',(0.14834045293,0.988936352868));
#5564 = ( GEOMETRIC_REPRESENTATION_CONTEXT(2) 
PARAMETRIC_REPRESENTATION_CONTEXT() REPRESENTATION_CONTEXT('2D SPACE',''
  ) );
#5565 = ORIENTED_EDGE('',*,*,#5566,.F.);
#5566 = EDGE_CURVE('',#5518,#5544,#5567,.T.);
#5567 = SURFACE_CURVE('',#5568,(#5572,#5579),.PCURVE_S1.);
#5568 = LINE('',#5569,#5570);
#5569 = CARTESIAN_POINT('',(1.1,-2.1,24.));
#5570 = VECTOR('',#5571,1.);
#5571 = DIRECTION('',(0.,1.,0.));
#5572 = PCURVE('',#4910,#5573);
#5573 = DEFINITIONAL_REPRESENTATION('',(#5574),#5578);
#5574 = LINE('',#5575,#5576);
#5575 = CARTESIAN_POINT('',(14.15662389131,0.));
#5576 = VECTOR('',#5577,1.);
#5577 = DIRECTION('',(0.,-1.));
#5578 = ( GEOMETRIC_REPRESENTATION_CONTEXT(2) 
PARAMETRIC_REPRESENTATION_CONTEXT() REPRESENTATION_CONTEXT('2D SPACE',''
  ) );
#5579 = PCURVE('',#5580,#5585);
#5580 = PLANE('',#5581);
#5581 = AXIS2_PLACEMENT_3D('',#5582,#5583,#5584);
#5582 = CARTESIAN_POINT('',(1.1,-2.1,24.));
#5583 = DIRECTION('',(0.,-0.,1.));
#5584 = DIRECTION('',(-1.,0.,0.));
#5585 = DEFINITIONAL_REPRESENTATION('',(#5586),#5590);
#5586 = LINE('',#5587,#5588);
#5587 = CARTESIAN_POINT('',(0.,0.));
#5588 = VECTOR('',#5589,1.);
#5589 = DIRECTION('',(0.,-1.));
#5590 = ( GEOMETRIC_REPRESENTATION_CONTEXT(2) 
PARAMETRIC_REPRESENTATION_CONTEXT() REPRESENTATION_CONTEXT('2D SPACE',''
  ) );
#5591 = ADVANCED_FACE('',(#5592),#5055,.F.);
#5592 = FACE_BOUND('',#5593,.F.);
#5593 = EDGE_LOOP('',(#5594,#5624,#5643,#5644,#5645));
#5594 = ORIENTED_EDGE('',*,*,#5595,.T.);
#5595 = EDGE_CURVE('',#5596,#5598,#5600,.T.);
#5596 = VERTEX_POINT('',#5597);
#5597 = CARTESIAN_POINT('',(-1.5,2.1,24.));
#5598 = VERTEX_POINT('',#5599);
#5599 = CARTESIAN_POINT('',(-2.4375,2.1,18.));
#5600 = SURFACE_CURVE('',#5601,(#5605,#5612),.PCURVE_S1.);
#5601 = LINE('',#5602,#5603);
#5602 = CARTESIAN_POINT('',(-1.5,2.1,24.));
#5603 = VECTOR('',#5604,1.);
#5604 = DIRECTION('',(-0.154376880274,-0.,-0.988012033751));
#5605 = PCURVE('',#5055,#5606);
#5606 = DEFINITIONAL_REPRESENTATION('',(#5607),#5611);
#5607 = LINE('',#5608,#5609);
#5608 = CARTESIAN_POINT('',(-4.033632863714E-02,7.7341699699));
#5609 = VECTOR('',#5610,1.);
#5610 = DIRECTION('',(-0.154376880274,-0.988012033751));
#5611 = ( GEOMETRIC_REPRESENTATION_CONTEXT(2) 
PARAMETRIC_REPRESENTATION_CONTEXT() REPRESENTATION_CONTEXT('2D SPACE',''
  ) );
#5612 = PCURVE('',#5613,#5618);
#5613 = PLANE('',#5614);
#5614 = AXIS2_PLACEMENT_3D('',#5615,#5616,#5617);
#5615 = CARTESIAN_POINT('',(-1.5,-2.1,24.));
#5616 = DIRECTION('',(-0.988012033751,0.,0.154376880274));
#5617 = DIRECTION('',(-0.154376880274,0.,-0.988012033751));
#5618 = DEFINITIONAL_REPRESENTATION('',(#5619),#5623);
#5619 = LINE('',#5620,#5621);
#5620 = CARTESIAN_POINT('',(0.,-4.2));
#5621 = VECTOR('',#5622,1.);
#5622 = DIRECTION('',(1.,0.));
#5623 = ( GEOMETRIC_REPRESENTATION_CONTEXT(2) 
PARAMETRIC_REPRESENTATION_CONTEXT() REPRESENTATION_CONTEXT('2D SPACE',''
  ) );
#5624 = ORIENTED_EDGE('',*,*,#5625,.T.);
#5625 = EDGE_CURVE('',#5598,#4989,#5626,.T.);
#5626 = SURFACE_CURVE('',#5627,(#5631,#5637),.PCURVE_S1.);
#5627 = LINE('',#5628,#5629);
#5628 = CARTESIAN_POINT('',(-1.729831835681,2.1,18.));
#5629 = VECTOR('',#5630,1.);
#5630 = DIRECTION('',(1.,0.,-0.));
#5631 = PCURVE('',#5055,#5632);
#5632 = DEFINITIONAL_REPRESENTATION('',(#5633),#5636);
#5633 = B_SPLINE_CURVE_WITH_KNOTS('',1,(#5634,#5635),.UNSPECIFIED.,.F.,
  .F.,(2,2),(-2.270168164319,2.529831835681),.PIECEWISE_BEZIER_KNOTS.);
#5634 = CARTESIAN_POINT('',(-2.540336328637,1.7341699699));
#5635 = CARTESIAN_POINT('',(2.259663671363,1.7341699699));
#5636 = ( GEOMETRIC_REPRESENTATION_CONTEXT(2) 
PARAMETRIC_REPRESENTATION_CONTEXT() REPRESENTATION_CONTEXT('2D SPACE',''
  ) );
#5637 = PCURVE('',#5005,#5638);
#5638 = DEFINITIONAL_REPRESENTATION('',(#5639),#5642);
#5639 = B_SPLINE_CURVE_WITH_KNOTS('',1,(#5640,#5641),.UNSPECIFIED.,.F.,
  .F.,(2,2),(-2.270168164319,2.529831835681),.PIECEWISE_BEZIER_KNOTS.);
#5640 = CARTESIAN_POINT('',(-2.,2.1));
#5641 = CARTESIAN_POINT('',(2.8,2.1));
#5642 = ( GEOMETRIC_REPRESENTATION_CONTEXT(2) 
PARAMETRIC_REPRESENTATION_CONTEXT() REPRESENTATION_CONTEXT('2D SPACE',''
  ) );
#5643 = ORIENTED_EDGE('',*,*,#5017,.F.);
#5644 = ORIENTED_EDGE('',*,*,#5543,.T.);
#5645 = ORIENTED_EDGE('',*,*,#5646,.T.);
#5646 = EDGE_CURVE('',#5544,#5596,#5647,.T.);
#5647 = SURFACE_CURVE('',#5648,(#5652,#5659),.PCURVE_S1.);
#5648 = LINE('',#5649,#5650);
#5649 = CARTESIAN_POINT('',(1.1,2.1,24.));
#5650 = VECTOR('',#5651,1.);
#5651 = DIRECTION('',(-1.,0.,0.));
#5652 = PCURVE('',#5055,#5653);
#5653 = DEFINITIONAL_REPRESENTATION('',(#5654),#5658);
#5654 = LINE('',#5655,#5656);
#5655 = CARTESIAN_POINT('',(2.559663671363,7.7341699699));
#5656 = VECTOR('',#5657,1.);
#5657 = DIRECTION('',(-1.,0.));
#5658 = ( GEOMETRIC_REPRESENTATION_CONTEXT(2) 
PARAMETRIC_REPRESENTATION_CONTEXT() REPRESENTATION_CONTEXT('2D SPACE',''
  ) );
#5659 = PCURVE('',#5580,#5660);
#5660 = DEFINITIONAL_REPRESENTATION('',(#5661),#5665);
#5661 = LINE('',#5662,#5663);
#5662 = CARTESIAN_POINT('',(0.,-4.2));
#5663 = VECTOR('',#5664,1.);
#5664 = DIRECTION('',(1.,0.));
#5665 = ( GEOMETRIC_REPRESENTATION_CONTEXT(2) 
PARAMETRIC_REPRESENTATION_CONTEXT() REPRESENTATION_CONTEXT('2D SPACE',''
  ) );
#5666 = ADVANCED_FACE('',(#5667),#5005,.T.);
#5667 = FACE_BOUND('',#5668,.T.);
#5668 = EDGE_LOOP('',(#5669,#5670,#5671,#5692));
#5669 = ORIENTED_EDGE('',*,*,#5625,.T.);
#5670 = ORIENTED_EDGE('',*,*,#4988,.T.);
#5671 = ORIENTED_EDGE('',*,*,#5672,.F.);
#5672 = EDGE_CURVE('',#5673,#4928,#5675,.T.);
#5673 = VERTEX_POINT('',#5674);
#5674 = CARTESIAN_POINT('',(-2.4375,-2.1,18.));
#5675 = SURFACE_CURVE('',#5676,(#5680,#5686),.PCURVE_S1.);
#5676 = LINE('',#5677,#5678);
#5677 = CARTESIAN_POINT('',(-1.729831835681,-2.1,18.));
#5678 = VECTOR('',#5679,1.);
#5679 = DIRECTION('',(1.,0.,-0.));
#5680 = PCURVE('',#5005,#5681);
#5681 = DEFINITIONAL_REPRESENTATION('',(#5682),#5685);
#5682 = B_SPLINE_CURVE_WITH_KNOTS('',1,(#5683,#5684),.UNSPECIFIED.,.F.,
  .F.,(2,2),(-2.270168164319,2.529831835681),.PIECEWISE_BEZIER_KNOTS.);
#5683 = CARTESIAN_POINT('',(-2.,-2.1));
#5684 = CARTESIAN_POINT('',(2.8,-2.1));
#5685 = ( GEOMETRIC_REPRESENTATION_CONTEXT(2) 
PARAMETRIC_REPRESENTATION_CONTEXT() REPRESENTATION_CONTEXT('2D SPACE',''
  ) );
#5686 = PCURVE('',#4965,#5687);
#5687 = DEFINITIONAL_REPRESENTATION('',(#5688),#5691);
#5688 = B_SPLINE_CURVE_WITH_KNOTS('',1,(#5689,#5690),.UNSPECIFIED.,.F.,
  .F.,(2,2),(-2.270168164319,2.529831835681),.PIECEWISE_BEZIER_KNOTS.);
#5689 = CARTESIAN_POINT('',(-2.540336328637,1.7341699699));
#5690 = CARTESIAN_POINT('',(2.259663671363,1.7341699699));
#5691 = ( GEOMETRIC_REPRESENTATION_CONTEXT(2) 
PARAMETRIC_REPRESENTATION_CONTEXT() REPRESENTATION_CONTEXT('2D SPACE',''
  ) );
#5692 = ORIENTED_EDGE('',*,*,#5693,.F.);
#5693 = EDGE_CURVE('',#5598,#5673,#5694,.T.);
#5694 = SURFACE_CURVE('',#5695,(#5699,#5705),.PCURVE_S1.);
#5695 = LINE('',#5696,#5697);
#5696 = CARTESIAN_POINT('',(-2.4375,-1.05,18.));
#5697 = VECTOR('',#5698,1.);
#5698 = DIRECTION('',(0.,-1.,0.));
#5699 = PCURVE('',#5005,#5700);
#5700 = DEFINITIONAL_REPRESENTATION('',(#5701),#5704);
#5701 = B_SPLINE_CURVE_WITH_KNOTS('',1,(#5702,#5703),.UNSPECIFIED.,.F.,
  .F.,(2,2),(-3.15,1.05),.PIECEWISE_BEZIER_KNOTS.);
#5702 = CARTESIAN_POINT('',(-0.4375,2.1));
#5703 = CARTESIAN_POINT('',(-0.4375,-2.1));
#5704 = ( GEOMETRIC_REPRESENTATION_CONTEXT(2) 
PARAMETRIC_REPRESENTATION_CONTEXT() REPRESENTATION_CONTEXT('2D SPACE',''
  ) );
#5705 = PCURVE('',#5613,#5706);
#5706 = DEFINITIONAL_REPRESENTATION('',(#5707),#5710);
#5707 = B_SPLINE_CURVE_WITH_KNOTS('',1,(#5708,#5709),.UNSPECIFIED.,.F.,
  .F.,(2,2),(-3.15,1.05),.PIECEWISE_BEZIER_KNOTS.);
#5708 = CARTESIAN_POINT('',(6.072800527763,-4.2));
#5709 = CARTESIAN_POINT('',(6.072800527763,0.));
#5710 = ( GEOMETRIC_REPRESENTATION_CONTEXT(2) 
PARAMETRIC_REPRESENTATION_CONTEXT() REPRESENTATION_CONTEXT('2D SPACE',''
  ) );
#5711 = ADVANCED_FACE('',(#5712),#4965,.T.);
#5712 = FACE_BOUND('',#5713,.T.);
#5713 = EDGE_LOOP('',(#5714,#5737,#5738,#5739,#5740));
#5714 = ORIENTED_EDGE('',*,*,#5715,.T.);
#5715 = EDGE_CURVE('',#5716,#5673,#5718,.T.);
#5716 = VERTEX_POINT('',#5717);
#5717 = CARTESIAN_POINT('',(-1.5,-2.1,24.));
#5718 = SURFACE_CURVE('',#5719,(#5723,#5730),.PCURVE_S1.);
#5719 = LINE('',#5720,#5721);
#5720 = CARTESIAN_POINT('',(-1.5,-2.1,24.));
#5721 = VECTOR('',#5722,1.);
#5722 = DIRECTION('',(-0.154376880274,-0.,-0.988012033751));
#5723 = PCURVE('',#4965,#5724);
#5724 = DEFINITIONAL_REPRESENTATION('',(#5725),#5729);
#5725 = LINE('',#5726,#5727);
#5726 = CARTESIAN_POINT('',(-4.033632863714E-02,7.7341699699));
#5727 = VECTOR('',#5728,1.);
#5728 = DIRECTION('',(-0.154376880274,-0.988012033751));
#5729 = ( GEOMETRIC_REPRESENTATION_CONTEXT(2) 
PARAMETRIC_REPRESENTATION_CONTEXT() REPRESENTATION_CONTEXT('2D SPACE',''
  ) );
#5730 = PCURVE('',#5613,#5731);
#5731 = DEFINITIONAL_REPRESENTATION('',(#5732),#5736);
#5732 = LINE('',#5733,#5734);
#5733 = CARTESIAN_POINT('',(0.,0.));
#5734 = VECTOR('',#5735,1.);
#5735 = DIRECTION('',(1.,0.));
#5736 = ( GEOMETRIC_REPRESENTATION_CONTEXT(2) 
PARAMETRIC_REPRESENTATION_CONTEXT() REPRESENTATION_CONTEXT('2D SPACE',''
  ) );
#5737 = ORIENTED_EDGE('',*,*,#5672,.T.);
#5738 = ORIENTED_EDGE('',*,*,#4927,.F.);
#5739 = ORIENTED_EDGE('',*,*,#5517,.T.);
#5740 = ORIENTED_EDGE('',*,*,#5741,.T.);
#5741 = EDGE_CURVE('',#5518,#5716,#5742,.T.);
#5742 = SURFACE_CURVE('',#5743,(#5747,#5754),.PCURVE_S1.);
#5743 = LINE('',#5744,#5745);
#5744 = CARTESIAN_POINT('',(1.1,-2.1,24.));
#5745 = VECTOR('',#5746,1.);
#5746 = DIRECTION('',(-1.,0.,0.));
#5747 = PCURVE('',#4965,#5748);
#5748 = DEFINITIONAL_REPRESENTATION('',(#5749),#5753);
#5749 = LINE('',#5750,#5751);
#5750 = CARTESIAN_POINT('',(2.559663671363,7.7341699699));
#5751 = VECTOR('',#5752,1.);
#5752 = DIRECTION('',(-1.,0.));
#5753 = ( GEOMETRIC_REPRESENTATION_CONTEXT(2) 
PARAMETRIC_REPRESENTATION_CONTEXT() REPRESENTATION_CONTEXT('2D SPACE',''
  ) );
#5754 = PCURVE('',#5580,#5755);
#5755 = DEFINITIONAL_REPRESENTATION('',(#5756),#5760);
#5756 = LINE('',#5757,#5758);
#5757 = CARTESIAN_POINT('',(0.,0.));
#5758 = VECTOR('',#5759,1.);
#5759 = DIRECTION('',(1.,0.));
#5760 = ( GEOMETRIC_REPRESENTATION_CONTEXT(2) 
PARAMETRIC_REPRESENTATION_CONTEXT() REPRESENTATION_CONTEXT('2D SPACE',''
  ) );
#5761 = ADVANCED_FACE('',(#5762),#5309,.T.);
#5762 = FACE_BOUND('',#5763,.T.);
#5763 = EDGE_LOOP('',(#5764,#5765,#5766,#5767));
#5764 = ORIENTED_EDGE('',*,*,#5343,.T.);
#5765 = ORIENTED_EDGE('',*,*,#5294,.F.);
#5766 = ORIENTED_EDGE('',*,*,#5433,.F.);
#5767 = ORIENTED_EDGE('',*,*,#5409,.T.);
#5768 = ADVANCED_FACE('',(#5769),#5580,.T.);
#5769 = FACE_BOUND('',#5770,.T.);
#5770 = EDGE_LOOP('',(#5771,#5772,#5773,#5794));
#5771 = ORIENTED_EDGE('',*,*,#5566,.T.);
#5772 = ORIENTED_EDGE('',*,*,#5646,.T.);
#5773 = ORIENTED_EDGE('',*,*,#5774,.F.);
#5774 = EDGE_CURVE('',#5716,#5596,#5775,.T.);
#5775 = SURFACE_CURVE('',#5776,(#5780,#5787),.PCURVE_S1.);
#5776 = LINE('',#5777,#5778);
#5777 = CARTESIAN_POINT('',(-1.5,-2.1,24.));
#5778 = VECTOR('',#5779,1.);
#5779 = DIRECTION('',(0.,1.,0.));
#5780 = PCURVE('',#5580,#5781);
#5781 = DEFINITIONAL_REPRESENTATION('',(#5782),#5786);
#5782 = LINE('',#5783,#5784);
#5783 = CARTESIAN_POINT('',(2.6,0.));
#5784 = VECTOR('',#5785,1.);
#5785 = DIRECTION('',(0.,-1.));
#5786 = ( GEOMETRIC_REPRESENTATION_CONTEXT(2) 
PARAMETRIC_REPRESENTATION_CONTEXT() REPRESENTATION_CONTEXT('2D SPACE',''
  ) );
#5787 = PCURVE('',#5613,#5788);
#5788 = DEFINITIONAL_REPRESENTATION('',(#5789),#5793);
#5789 = LINE('',#5790,#5791);
#5790 = CARTESIAN_POINT('',(0.,0.));
#5791 = VECTOR('',#5792,1.);
#5792 = DIRECTION('',(0.,-1.));
#5793 = ( GEOMETRIC_REPRESENTATION_CONTEXT(2) 
PARAMETRIC_REPRESENTATION_CONTEXT() REPRESENTATION_CONTEXT('2D SPACE',''
  ) );
#5794 = ORIENTED_EDGE('',*,*,#5741,.F.);
#5795 = ADVANCED_FACE('',(#5796),#5613,.T.);
#5796 = FACE_BOUND('',#5797,.T.);
#5797 = EDGE_LOOP('',(#5798,#5799,#5800,#5801));
#5798 = ORIENTED_EDGE('',*,*,#5715,.F.);
#5799 = ORIENTED_EDGE('',*,*,#5774,.T.);
#5800 = ORIENTED_EDGE('',*,*,#5595,.T.);
#5801 = ORIENTED_EDGE('',*,*,#5693,.T.);
#5802 = ( GEOMETRIC_REPRESENTATION_CONTEXT(3) 
GLOBAL_UNCERTAINTY_ASSIGNED_CONTEXT((#5806)) 
GLOBAL_UNIT_ASSIGNED_CONTEXT((#5803,#5804,#5805)) REPRESENTATION_CONTEXT
('Context #1','3D Context with UNIT and UNCERTAINTY') );
#5803 = ( LENGTH_UNIT() NAMED_UNIT(*) SI_UNIT(.MILLI.,.METRE.) );
#5804 = ( NAMED_UNIT(*) PLANE_ANGLE_UNIT() SI_UNIT($,.RADIAN.) );
#5805 = ( NAMED_UNIT(*) SI_UNIT($,.STERADIAN.) SOLID_ANGLE_UNIT() );
#5806 = UNCERTAINTY_MEASURE_WITH_UNIT(LENGTH_MEASURE(5.E-07),#5803,
  'distance_accuracy_value','confusion accuracy');
#5807 = PRODUCT_RELATED_PRODUCT_CATEGORY('part',$,(#7));
#5808 = MECHANICAL_DESIGN_GEOMETRIC_PRESENTATION_REPRESENTATION('',(
    #5809),#5802);
#5809 = STYLED_ITEM('color',(#5810),#15);
#5810 = PRESENTATION_STYLE_ASSIGNMENT((#5811));
#5811 = SURFACE_STYLE_USAGE(.BOTH.,#5812);
#5812 = SURFACE_SIDE_STYLE('',(#5813));
#5813 = SURFACE_STYLE_FILL_AREA(#5814);
#5814 = FILL_AREA_STYLE('',(#5815));
#5815 = FILL_AREA_STYLE_COLOUR('',#5816);
#5816 = COLOUR_RGB('',7.999999887273E-02,0.319999999843,0.520000005207);

#5817=DESCRIPTIVE_REPRESENTATION_ITEM('cadgen:generator','cadgen');
#5818=REPRESENTATION('cadgen:generator',(#5817),#5802);
#5819=PROPERTY_DEFINITION('cadgen metadata','cadgen:generator',#5);
#5820=PROPERTY_DEFINITION_REPRESENTATION(#5819,#5818);
#5821=DESCRIPTIVE_REPRESENTATION_ITEM('cadgen:entryKind','part');
#5822=REPRESENTATION('cadgen:entryKind',(#5821),#5802);
#5823=PROPERTY_DEFINITION('cadgen metadata','cadgen:entryKind',#5);
#5824=PROPERTY_DEFINITION_REPRESENTATION(#5823,#5822);
#5825=DESCRIPTIVE_REPRESENTATION_ITEM('cadgen:sourcePath','part_square_twin_tail_comet.step.py');
#5826=REPRESENTATION('cadgen:sourcePath',(#5825),#5802);
#5827=PROPERTY_DEFINITION('cadgen metadata','cadgen:sourcePath',#5);
#5828=PROPERTY_DEFINITION_REPRESENTATION(#5827,#5826);
#5829=DESCRIPTIVE_REPRESENTATION_ITEM('cadgen:sourceHash','b4a86870df2f86c56893088661f2ef0c1d5fd75dbd872c37bb4fe3c95ae9b8b0');
#5830=REPRESENTATION('cadgen:sourceHash',(#5829),#5802);
#5831=PROPERTY_DEFINITION('cadgen metadata','cadgen:sourceHash',#5);
#5832=PROPERTY_DEFINITION_REPRESENTATION(#5831,#5830);
ENDSEC;
END-ISO-10303-21;
