ISO-10303-21;
HEADER;
FILE_DESCRIPTION(('Open CASCADE Model'),'2;1');
FILE_NAME('Open CASCADE Shape Model','1970-01-01T00:00:00',('Author'),(
    'Open CASCADE'),'Open CASCADE STEP processor 7.9','cadgen','Unknown'
  );
FILE_SCHEMA(('AUTOMOTIVE_DESIGN { 1 0 10303 214 1 1 1 1 }'));
ENDSEC;
DATA;
#1 = APPLICATION_PROTOCOL_DEFINITION('international standard',
  'automotive_design',2000,#2);
#2 = APPLICATION_CONTEXT(
  'core data for automotive mechanical design processes');
#3 = SHAPE_DEFINITION_REPRESENTATION(#4,#10);
#4 = PRODUCT_DEFINITION_SHAPE('','',#5);
#5 = PRODUCT_DEFINITION('design','',#6,#9);
#6 = PRODUCT_DEFINITION_FORMATION('','',#7);
#7 = PRODUCT('SOLID','SOLID','',(#8));
#8 = PRODUCT_CONTEXT('',#2,'mechanical');
#9 = PRODUCT_DEFINITION_CONTEXT('part definition',#2,'design');
#10 = ADVANCED_BREP_SHAPE_REPRESENTATION('',(#11,#15),#4349);
#11 = AXIS2_PLACEMENT_3D('',#12,#13,#14);
#12 = CARTESIAN_POINT('',(0.,0.,0.));
#13 = DIRECTION('',(0.,0.,1.));
#14 = DIRECTION('',(1.,0.,-0.));
#15 = MANIFOLD_SOLID_BREP('',#16);
#16 = CLOSED_SHELL('',(#17,#137,#213,#324,#373,#400,#407,#462,#517,#552,
    #587,#783,#979,#1335,#1502,#1858,#2025,#2583,#2678,#3126,#3153,#3711
    ,#3806,#4254,#4281,#4308,#4315,#4342));
#17 = ADVANCED_FACE('',(#18),#32,.F.);
#18 = FACE_BOUND('',#19,.F.);
#19 = EDGE_LOOP('',(#20,#55,#83,#111));
#20 = ORIENTED_EDGE('',*,*,#21,.F.);
#21 = EDGE_CURVE('',#22,#24,#26,.T.);
#22 = VERTEX_POINT('',#23);
#23 = CARTESIAN_POINT('',(-23.,-9.,0.));
#24 = VERTEX_POINT('',#25);
#25 = CARTESIAN_POINT('',(-23.,-9.,3.));
#26 = SURFACE_CURVE('',#27,(#31,#43),.PCURVE_S1.);
#27 = LINE('',#28,#29);
#28 = CARTESIAN_POINT('',(-23.,-9.,0.));
#29 = VECTOR('',#30,1.);
#30 = DIRECTION('',(0.,0.,1.));
#31 = PCURVE('',#32,#37);
#32 = PLANE('',#33);
#33 = AXIS2_PLACEMENT_3D('',#34,#35,#36);
#34 = CARTESIAN_POINT('',(-23.,-9.,0.));
#35 = DIRECTION('',(1.,0.,-0.));
#36 = DIRECTION('',(0.,0.,1.));
#37 = DEFINITIONAL_REPRESENTATION('',(#38),#42);
#38 = LINE('',#39,#40);
#39 = CARTESIAN_POINT('',(0.,0.));
#40 = VECTOR('',#41,1.);
#41 = DIRECTION('',(1.,0.));
#42 = ( GEOMETRIC_REPRESENTATION_CONTEXT(2) 
PARAMETRIC_REPRESENTATION_CONTEXT() REPRESENTATION_CONTEXT('2D SPACE',''
  ) );
#43 = PCURVE('',#44,#49);
#44 = PLANE('',#45);
#45 = AXIS2_PLACEMENT_3D('',#46,#47,#48);
#46 = CARTESIAN_POINT('',(-23.,-9.,0.));
#47 = DIRECTION('',(-0.,1.,0.));
#48 = DIRECTION('',(0.,0.,1.));
#49 = DEFINITIONAL_REPRESENTATION('',(#50),#54);
#50 = LINE('',#51,#52);
#51 = CARTESIAN_POINT('',(0.,0.));
#52 = VECTOR('',#53,1.);
#53 = DIRECTION('',(1.,0.));
#54 = ( GEOMETRIC_REPRESENTATION_CONTEXT(2) 
PARAMETRIC_REPRESENTATION_CONTEXT() REPRESENTATION_CONTEXT('2D SPACE',''
  ) );
#55 = ORIENTED_EDGE('',*,*,#56,.T.);
#56 = EDGE_CURVE('',#22,#57,#59,.T.);
#57 = VERTEX_POINT('',#58);
#58 = CARTESIAN_POINT('',(-23.,9.,0.));
#59 = SURFACE_CURVE('',#60,(#64,#71),.PCURVE_S1.);
#60 = LINE('',#61,#62);
#61 = CARTESIAN_POINT('',(-23.,-9.,0.));
#62 = VECTOR('',#63,1.);
#63 = DIRECTION('',(-0.,1.,0.));
#64 = PCURVE('',#32,#65);
#65 = DEFINITIONAL_REPRESENTATION('',(#66),#70);
#66 = LINE('',#67,#68);
#67 = CARTESIAN_POINT('',(0.,0.));
#68 = VECTOR('',#69,1.);
#69 = DIRECTION('',(0.,-1.));
#70 = ( GEOMETRIC_REPRESENTATION_CONTEXT(2) 
PARAMETRIC_REPRESENTATION_CONTEXT() REPRESENTATION_CONTEXT('2D SPACE',''
  ) );
#71 = PCURVE('',#72,#77);
#72 = PLANE('',#73);
#73 = AXIS2_PLACEMENT_3D('',#74,#75,#76);
#74 = CARTESIAN_POINT('',(-23.,-9.,0.));
#75 = DIRECTION('',(0.,0.,1.));
#76 = DIRECTION('',(1.,0.,-0.));
#77 = DEFINITIONAL_REPRESENTATION('',(#78),#82);
#78 = LINE('',#79,#80);
#79 = CARTESIAN_POINT('',(0.,0.));
#80 = VECTOR('',#81,1.);
#81 = DIRECTION('',(0.,1.));
#82 = ( GEOMETRIC_REPRESENTATION_CONTEXT(2) 
PARAMETRIC_REPRESENTATION_CONTEXT() REPRESENTATION_CONTEXT('2D SPACE',''
  ) );
#83 = ORIENTED_EDGE('',*,*,#84,.T.);
#84 = EDGE_CURVE('',#57,#85,#87,.T.);
#85 = VERTEX_POINT('',#86);
#86 = CARTESIAN_POINT('',(-23.,9.,3.));
#87 = SURFACE_CURVE('',#88,(#92,#99),.PCURVE_S1.);
#88 = LINE('',#89,#90);
#89 = CARTESIAN_POINT('',(-23.,9.,0.));
#90 = VECTOR('',#91,1.);
#91 = DIRECTION('',(0.,0.,1.));
#92 = PCURVE('',#32,#93);
#93 = DEFINITIONAL_REPRESENTATION('',(#94),#98);
#94 = LINE('',#95,#96);
#95 = CARTESIAN_POINT('',(0.,-18.));
#96 = VECTOR('',#97,1.);
#97 = DIRECTION('',(1.,0.));
#98 = ( GEOMETRIC_REPRESENTATION_CONTEXT(2) 
PARAMETRIC_REPRESENTATION_CONTEXT() REPRESENTATION_CONTEXT('2D SPACE',''
  ) );
#99 = PCURVE('',#100,#105);
#100 = PLANE('',#101);
#101 = AXIS2_PLACEMENT_3D('',#102,#103,#104);
#102 = CARTESIAN_POINT('',(-23.,9.,0.));
#103 = DIRECTION('',(-0.,1.,0.));
#104 = DIRECTION('',(0.,0.,1.));
#105 = DEFINITIONAL_REPRESENTATION('',(#106),#110);
#106 = LINE('',#107,#108);
#107 = CARTESIAN_POINT('',(0.,0.));
#108 = VECTOR('',#109,1.);
#109 = DIRECTION('',(1.,0.));
#110 = ( GEOMETRIC_REPRESENTATION_CONTEXT(2) 
PARAMETRIC_REPRESENTATION_CONTEXT() REPRESENTATION_CONTEXT('2D SPACE',''
  ) );
#111 = ORIENTED_EDGE('',*,*,#112,.F.);
#112 = EDGE_CURVE('',#24,#85,#113,.T.);
#113 = SURFACE_CURVE('',#114,(#118,#125),.PCURVE_S1.);
#114 = LINE('',#115,#116);
#115 = CARTESIAN_POINT('',(-23.,-9.,3.));
#116 = VECTOR('',#117,1.);
#117 = DIRECTION('',(-0.,1.,0.));
#118 = PCURVE('',#32,#119);
#119 = DEFINITIONAL_REPRESENTATION('',(#120),#124);
#120 = LINE('',#121,#122);
#121 = CARTESIAN_POINT('',(3.,0.));
#122 = VECTOR('',#123,1.);
#123 = DIRECTION('',(0.,-1.));
#124 = ( GEOMETRIC_REPRESENTATION_CONTEXT(2) 
PARAMETRIC_REPRESENTATION_CONTEXT() REPRESENTATION_CONTEXT('2D SPACE',''
  ) );
#125 = PCURVE('',#126,#131);
#126 = PLANE('',#127);
#127 = AXIS2_PLACEMENT_3D('',#128,#129,#130);
#128 = CARTESIAN_POINT('',(-23.,-9.,3.));
#129 = DIRECTION('',(0.,0.,1.));
#130 = DIRECTION('',(1.,0.,-0.));
#131 = DEFINITIONAL_REPRESENTATION('',(#132),#136);
#132 = LINE('',#133,#134);
#133 = CARTESIAN_POINT('',(0.,0.));
#134 = VECTOR('',#135,1.);
#135 = DIRECTION('',(0.,1.));
#136 = ( GEOMETRIC_REPRESENTATION_CONTEXT(2) 
PARAMETRIC_REPRESENTATION_CONTEXT() REPRESENTATION_CONTEXT('2D SPACE',''
  ) );
#137 = ADVANCED_FACE('',(#138),#44,.F.);
#138 = FACE_BOUND('',#139,.F.);
#139 = EDGE_LOOP('',(#140,#163,#164,#187));
#140 = ORIENTED_EDGE('',*,*,#141,.F.);
#141 = EDGE_CURVE('',#22,#142,#144,.T.);
#142 = VERTEX_POINT('',#143);
#143 = CARTESIAN_POINT('',(23.,-9.,0.));
#144 = SURFACE_CURVE('',#145,(#149,#156),.PCURVE_S1.);
#145 = LINE('',#146,#147);
#146 = CARTESIAN_POINT('',(-23.,-9.,0.));
#147 = VECTOR('',#148,1.);
#148 = DIRECTION('',(1.,0.,-0.));
#149 = PCURVE('',#44,#150);
#150 = DEFINITIONAL_REPRESENTATION('',(#151),#155);
#151 = LINE('',#152,#153);
#152 = CARTESIAN_POINT('',(0.,0.));
#153 = VECTOR('',#154,1.);
#154 = DIRECTION('',(0.,1.));
#155 = ( GEOMETRIC_REPRESENTATION_CONTEXT(2) 
PARAMETRIC_REPRESENTATION_CONTEXT() REPRESENTATION_CONTEXT('2D SPACE',''
  ) );
#156 = PCURVE('',#72,#157);
#157 = DEFINITIONAL_REPRESENTATION('',(#158),#162);
#158 = LINE('',#159,#160);
#159 = CARTESIAN_POINT('',(0.,0.));
#160 = VECTOR('',#161,1.);
#161 = DIRECTION('',(1.,0.));
#162 = ( GEOMETRIC_REPRESENTATION_CONTEXT(2) 
PARAMETRIC_REPRESENTATION_CONTEXT() REPRESENTATION_CONTEXT('2D SPACE',''
  ) );
#163 = ORIENTED_EDGE('',*,*,#21,.T.);
#164 = ORIENTED_EDGE('',*,*,#165,.T.);
#165 = EDGE_CURVE('',#24,#166,#168,.T.);
#166 = VERTEX_POINT('',#167);
#167 = CARTESIAN_POINT('',(23.,-9.,3.));
#168 = SURFACE_CURVE('',#169,(#173,#180),.PCURVE_S1.);
#169 = LINE('',#170,#171);
#170 = CARTESIAN_POINT('',(-23.,-9.,3.));
#171 = VECTOR('',#172,1.);
#172 = DIRECTION('',(1.,0.,-0.));
#173 = PCURVE('',#44,#174);
#174 = DEFINITIONAL_REPRESENTATION('',(#175),#179);
#175 = LINE('',#176,#177);
#176 = CARTESIAN_POINT('',(3.,0.));
#177 = VECTOR('',#178,1.);
#178 = DIRECTION('',(0.,1.));
#179 = ( GEOMETRIC_REPRESENTATION_CONTEXT(2) 
PARAMETRIC_REPRESENTATION_CONTEXT() REPRESENTATION_CONTEXT('2D SPACE',''
  ) );
#180 = PCURVE('',#126,#181);
#181 = DEFINITIONAL_REPRESENTATION('',(#182),#186);
#182 = LINE('',#183,#184);
#183 = CARTESIAN_POINT('',(0.,0.));
#184 = VECTOR('',#185,1.);
#185 = DIRECTION('',(1.,0.));
#186 = ( GEOMETRIC_REPRESENTATION_CONTEXT(2) 
PARAMETRIC_REPRESENTATION_CONTEXT() REPRESENTATION_CONTEXT('2D SPACE',''
  ) );
#187 = ORIENTED_EDGE('',*,*,#188,.F.);
#188 = EDGE_CURVE('',#142,#166,#189,.T.);
#189 = SURFACE_CURVE('',#190,(#194,#201),.PCURVE_S1.);
#190 = LINE('',#191,#192);
#191 = CARTESIAN_POINT('',(23.,-9.,0.));
#192 = VECTOR('',#193,1.);
#193 = DIRECTION('',(0.,0.,1.));
#194 = PCURVE('',#44,#195);
#195 = DEFINITIONAL_REPRESENTATION('',(#196),#200);
#196 = LINE('',#197,#198);
#197 = CARTESIAN_POINT('',(0.,46.));
#198 = VECTOR('',#199,1.);
#199 = DIRECTION('',(1.,0.));
#200 = ( GEOMETRIC_REPRESENTATION_CONTEXT(2) 
PARAMETRIC_REPRESENTATION_CONTEXT() REPRESENTATION_CONTEXT('2D SPACE',''
  ) );
#201 = PCURVE('',#202,#207);
#202 = PLANE('',#203);
#203 = AXIS2_PLACEMENT_3D('',#204,#205,#206);
#204 = CARTESIAN_POINT('',(23.,-9.,0.));
#205 = DIRECTION('',(1.,0.,-0.));
#206 = DIRECTION('',(0.,0.,1.));
#207 = DEFINITIONAL_REPRESENTATION('',(#208),#212);
#208 = LINE('',#209,#210);
#209 = CARTESIAN_POINT('',(0.,0.));
#210 = VECTOR('',#211,1.);
#211 = DIRECTION('',(1.,0.));
#212 = ( GEOMETRIC_REPRESENTATION_CONTEXT(2) 
PARAMETRIC_REPRESENTATION_CONTEXT() REPRESENTATION_CONTEXT('2D SPACE',''
  ) );
#213 = ADVANCED_FACE('',(#214,#262,#293),#126,.T.);
#214 = FACE_BOUND('',#215,.T.);
#215 = EDGE_LOOP('',(#216,#217,#218,#241));
#216 = ORIENTED_EDGE('',*,*,#112,.F.);
#217 = ORIENTED_EDGE('',*,*,#165,.T.);
#218 = ORIENTED_EDGE('',*,*,#219,.T.);
#219 = EDGE_CURVE('',#166,#220,#222,.T.);
#220 = VERTEX_POINT('',#221);
#221 = CARTESIAN_POINT('',(23.,9.,3.));
#222 = SURFACE_CURVE('',#223,(#227,#234),.PCURVE_S1.);
#223 = LINE('',#224,#225);
#224 = CARTESIAN_POINT('',(23.,-9.,3.));
#225 = VECTOR('',#226,1.);
#226 = DIRECTION('',(-0.,1.,0.));
#227 = PCURVE('',#126,#228);
#228 = DEFINITIONAL_REPRESENTATION('',(#229),#233);
#229 = LINE('',#230,#231);
#230 = CARTESIAN_POINT('',(46.,0.));
#231 = VECTOR('',#232,1.);
#232 = DIRECTION('',(0.,1.));
#233 = ( GEOMETRIC_REPRESENTATION_CONTEXT(2) 
PARAMETRIC_REPRESENTATION_CONTEXT() REPRESENTATION_CONTEXT('2D SPACE',''
  ) );
#234 = PCURVE('',#202,#235);
#235 = DEFINITIONAL_REPRESENTATION('',(#236),#240);
#236 = LINE('',#237,#238);
#237 = CARTESIAN_POINT('',(3.,0.));
#238 = VECTOR('',#239,1.);
#239 = DIRECTION('',(0.,-1.));
#240 = ( GEOMETRIC_REPRESENTATION_CONTEXT(2) 
PARAMETRIC_REPRESENTATION_CONTEXT() REPRESENTATION_CONTEXT('2D SPACE',''
  ) );
#241 = ORIENTED_EDGE('',*,*,#242,.F.);
#242 = EDGE_CURVE('',#85,#220,#243,.T.);
#243 = SURFACE_CURVE('',#244,(#248,#255),.PCURVE_S1.);
#244 = LINE('',#245,#246);
#245 = CARTESIAN_POINT('',(-23.,9.,3.));
#246 = VECTOR('',#247,1.);
#247 = DIRECTION('',(1.,0.,-0.));
#248 = PCURVE('',#126,#249);
#249 = DEFINITIONAL_REPRESENTATION('',(#250),#254);
#250 = LINE('',#251,#252);
#251 = CARTESIAN_POINT('',(0.,18.));
#252 = VECTOR('',#253,1.);
#253 = DIRECTION('',(1.,0.));
#254 = ( GEOMETRIC_REPRESENTATION_CONTEXT(2) 
PARAMETRIC_REPRESENTATION_CONTEXT() REPRESENTATION_CONTEXT('2D SPACE',''
  ) );
#255 = PCURVE('',#100,#256);
#256 = DEFINITIONAL_REPRESENTATION('',(#257),#261);
#257 = LINE('',#258,#259);
#258 = CARTESIAN_POINT('',(3.,0.));
#259 = VECTOR('',#260,1.);
#260 = DIRECTION('',(0.,1.));
#261 = ( GEOMETRIC_REPRESENTATION_CONTEXT(2) 
PARAMETRIC_REPRESENTATION_CONTEXT() REPRESENTATION_CONTEXT('2D SPACE',''
  ) );
#262 = FACE_BOUND('',#263,.T.);
#263 = EDGE_LOOP('',(#264));
#264 = ORIENTED_EDGE('',*,*,#265,.F.);
#265 = EDGE_CURVE('',#266,#266,#268,.T.);
#266 = VERTEX_POINT('',#267);
#267 = CARTESIAN_POINT('',(-7.275,-8.817456953861E-16,3.));
#268 = SURFACE_CURVE('',#269,(#274,#281),.PCURVE_S1.);
#269 = CIRCLE('',#270,3.6);
#270 = AXIS2_PLACEMENT_3D('',#271,#272,#273);
#271 = CARTESIAN_POINT('',(-10.875,0.,3.));
#272 = DIRECTION('',(0.,0.,1.));
#273 = DIRECTION('',(1.,0.,-0.));
#274 = PCURVE('',#126,#275);
#275 = DEFINITIONAL_REPRESENTATION('',(#276),#280);
#276 = CIRCLE('',#277,3.6);
#277 = AXIS2_PLACEMENT_2D('',#278,#279);
#278 = CARTESIAN_POINT('',(12.125,9.));
#279 = DIRECTION('',(1.,0.));
#280 = ( GEOMETRIC_REPRESENTATION_CONTEXT(2) 
PARAMETRIC_REPRESENTATION_CONTEXT() REPRESENTATION_CONTEXT('2D SPACE',''
  ) );
#281 = PCURVE('',#282,#287);
#282 = CYLINDRICAL_SURFACE('',#283,3.6);
#283 = AXIS2_PLACEMENT_3D('',#284,#285,#286);
#284 = CARTESIAN_POINT('',(-10.875,0.,3.));
#285 = DIRECTION('',(0.,0.,1.));
#286 = DIRECTION('',(1.,0.,-0.));
#287 = DEFINITIONAL_REPRESENTATION('',(#288),#292);
#288 = LINE('',#289,#290);
#289 = CARTESIAN_POINT('',(0.,0.));
#290 = VECTOR('',#291,1.);
#291 = DIRECTION('',(1.,0.));
#292 = ( GEOMETRIC_REPRESENTATION_CONTEXT(2) 
PARAMETRIC_REPRESENTATION_CONTEXT() REPRESENTATION_CONTEXT('2D SPACE',''
  ) );
#293 = FACE_BOUND('',#294,.T.);
#294 = EDGE_LOOP('',(#295));
#295 = ORIENTED_EDGE('',*,*,#296,.F.);
#296 = EDGE_CURVE('',#297,#297,#299,.T.);
#297 = VERTEX_POINT('',#298);
#298 = CARTESIAN_POINT('',(14.475,-8.817456953861E-16,3.));
#299 = SURFACE_CURVE('',#300,(#305,#312),.PCURVE_S1.);
#300 = CIRCLE('',#301,3.6);
#301 = AXIS2_PLACEMENT_3D('',#302,#303,#304);
#302 = CARTESIAN_POINT('',(10.875,0.,3.));
#303 = DIRECTION('',(0.,0.,1.));
#304 = DIRECTION('',(1.,0.,-0.));
#305 = PCURVE('',#126,#306);
#306 = DEFINITIONAL_REPRESENTATION('',(#307),#311);
#307 = CIRCLE('',#308,3.6);
#308 = AXIS2_PLACEMENT_2D('',#309,#310);
#309 = CARTESIAN_POINT('',(33.875,9.));
#310 = DIRECTION('',(1.,0.));
#311 = ( GEOMETRIC_REPRESENTATION_CONTEXT(2) 
PARAMETRIC_REPRESENTATION_CONTEXT() REPRESENTATION_CONTEXT('2D SPACE',''
  ) );
#312 = PCURVE('',#313,#318);
#313 = CYLINDRICAL_SURFACE('',#314,3.6);
#314 = AXIS2_PLACEMENT_3D('',#315,#316,#317);
#315 = CARTESIAN_POINT('',(10.875,0.,3.));
#316 = DIRECTION('',(0.,0.,1.));
#317 = DIRECTION('',(1.,0.,-0.));
#318 = DEFINITIONAL_REPRESENTATION('',(#319),#323);
#319 = LINE('',#320,#321);
#320 = CARTESIAN_POINT('',(0.,0.));
#321 = VECTOR('',#322,1.);
#322 = DIRECTION('',(1.,0.));
#323 = ( GEOMETRIC_REPRESENTATION_CONTEXT(2) 
PARAMETRIC_REPRESENTATION_CONTEXT() REPRESENTATION_CONTEXT('2D SPACE',''
  ) );
#324 = ADVANCED_FACE('',(#325),#100,.T.);
#325 = FACE_BOUND('',#326,.T.);
#326 = EDGE_LOOP('',(#327,#350,#351,#352));
#327 = ORIENTED_EDGE('',*,*,#328,.F.);
#328 = EDGE_CURVE('',#57,#329,#331,.T.);
#329 = VERTEX_POINT('',#330);
#330 = CARTESIAN_POINT('',(23.,9.,0.));
#331 = SURFACE_CURVE('',#332,(#336,#343),.PCURVE_S1.);
#332 = LINE('',#333,#334);
#333 = CARTESIAN_POINT('',(-23.,9.,0.));
#334 = VECTOR('',#335,1.);
#335 = DIRECTION('',(1.,0.,-0.));
#336 = PCURVE('',#100,#337);
#337 = DEFINITIONAL_REPRESENTATION('',(#338),#342);
#338 = LINE('',#339,#340);
#339 = CARTESIAN_POINT('',(0.,0.));
#340 = VECTOR('',#341,1.);
#341 = DIRECTION('',(0.,1.));
#342 = ( GEOMETRIC_REPRESENTATION_CONTEXT(2) 
PARAMETRIC_REPRESENTATION_CONTEXT() REPRESENTATION_CONTEXT('2D SPACE',''
  ) );
#343 = PCURVE('',#72,#344);
#344 = DEFINITIONAL_REPRESENTATION('',(#345),#349);
#345 = LINE('',#346,#347);
#346 = CARTESIAN_POINT('',(0.,18.));
#347 = VECTOR('',#348,1.);
#348 = DIRECTION('',(1.,0.));
#349 = ( GEOMETRIC_REPRESENTATION_CONTEXT(2) 
PARAMETRIC_REPRESENTATION_CONTEXT() REPRESENTATION_CONTEXT('2D SPACE',''
  ) );
#350 = ORIENTED_EDGE('',*,*,#84,.T.);
#351 = ORIENTED_EDGE('',*,*,#242,.T.);
#352 = ORIENTED_EDGE('',*,*,#353,.F.);
#353 = EDGE_CURVE('',#329,#220,#354,.T.);
#354 = SURFACE_CURVE('',#355,(#359,#366),.PCURVE_S1.);
#355 = LINE('',#356,#357);
#356 = CARTESIAN_POINT('',(23.,9.,0.));
#357 = VECTOR('',#358,1.);
#358 = DIRECTION('',(0.,0.,1.));
#359 = PCURVE('',#100,#360);
#360 = DEFINITIONAL_REPRESENTATION('',(#361),#365);
#361 = LINE('',#362,#363);
#362 = CARTESIAN_POINT('',(0.,46.));
#363 = VECTOR('',#364,1.);
#364 = DIRECTION('',(1.,0.));
#365 = ( GEOMETRIC_REPRESENTATION_CONTEXT(2) 
PARAMETRIC_REPRESENTATION_CONTEXT() REPRESENTATION_CONTEXT('2D SPACE',''
  ) );
#366 = PCURVE('',#202,#367);
#367 = DEFINITIONAL_REPRESENTATION('',(#368),#372);
#368 = LINE('',#369,#370);
#369 = CARTESIAN_POINT('',(0.,-18.));
#370 = VECTOR('',#371,1.);
#371 = DIRECTION('',(1.,0.));
#372 = ( GEOMETRIC_REPRESENTATION_CONTEXT(2) 
PARAMETRIC_REPRESENTATION_CONTEXT() REPRESENTATION_CONTEXT('2D SPACE',''
  ) );
#373 = ADVANCED_FACE('',(#374),#72,.F.);
#374 = FACE_BOUND('',#375,.F.);
#375 = EDGE_LOOP('',(#376,#377,#378,#399));
#376 = ORIENTED_EDGE('',*,*,#56,.F.);
#377 = ORIENTED_EDGE('',*,*,#141,.T.);
#378 = ORIENTED_EDGE('',*,*,#379,.T.);
#379 = EDGE_CURVE('',#142,#329,#380,.T.);
#380 = SURFACE_CURVE('',#381,(#385,#392),.PCURVE_S1.);
#381 = LINE('',#382,#383);
#382 = CARTESIAN_POINT('',(23.,-9.,0.));
#383 = VECTOR('',#384,1.);
#384 = DIRECTION('',(-0.,1.,0.));
#385 = PCURVE('',#72,#386);
#386 = DEFINITIONAL_REPRESENTATION('',(#387),#391);
#387 = LINE('',#388,#389);
#388 = CARTESIAN_POINT('',(46.,0.));
#389 = VECTOR('',#390,1.);
#390 = DIRECTION('',(0.,1.));
#391 = ( GEOMETRIC_REPRESENTATION_CONTEXT(2) 
PARAMETRIC_REPRESENTATION_CONTEXT() REPRESENTATION_CONTEXT('2D SPACE',''
  ) );
#392 = PCURVE('',#202,#393);
#393 = DEFINITIONAL_REPRESENTATION('',(#394),#398);
#394 = LINE('',#395,#396);
#395 = CARTESIAN_POINT('',(0.,0.));
#396 = VECTOR('',#397,1.);
#397 = DIRECTION('',(0.,-1.));
#398 = ( GEOMETRIC_REPRESENTATION_CONTEXT(2) 
PARAMETRIC_REPRESENTATION_CONTEXT() REPRESENTATION_CONTEXT('2D SPACE',''
  ) );
#399 = ORIENTED_EDGE('',*,*,#328,.F.);
#400 = ADVANCED_FACE('',(#401),#202,.T.);
#401 = FACE_BOUND('',#402,.T.);
#402 = EDGE_LOOP('',(#403,#404,#405,#406));
#403 = ORIENTED_EDGE('',*,*,#188,.F.);
#404 = ORIENTED_EDGE('',*,*,#379,.T.);
#405 = ORIENTED_EDGE('',*,*,#353,.T.);
#406 = ORIENTED_EDGE('',*,*,#219,.F.);
#407 = ADVANCED_FACE('',(#408),#282,.T.);
#408 = FACE_BOUND('',#409,.T.);
#409 = EDGE_LOOP('',(#410,#439,#460,#461));
#410 = ORIENTED_EDGE('',*,*,#411,.F.);
#411 = EDGE_CURVE('',#412,#412,#414,.T.);
#412 = VERTEX_POINT('',#413);
#413 = CARTESIAN_POINT('',(-7.275,-8.817456953861E-16,3.3));
#414 = SURFACE_CURVE('',#415,(#420,#427),.PCURVE_S1.);
#415 = CIRCLE('',#416,3.6);
#416 = AXIS2_PLACEMENT_3D('',#417,#418,#419);
#417 = CARTESIAN_POINT('',(-10.875,0.,3.3));
#418 = DIRECTION('',(0.,0.,1.));
#419 = DIRECTION('',(1.,0.,-0.));
#420 = PCURVE('',#282,#421);
#421 = DEFINITIONAL_REPRESENTATION('',(#422),#426);
#422 = LINE('',#423,#424);
#423 = CARTESIAN_POINT('',(0.,0.3));
#424 = VECTOR('',#425,1.);
#425 = DIRECTION('',(1.,0.));
#426 = ( GEOMETRIC_REPRESENTATION_CONTEXT(2) 
PARAMETRIC_REPRESENTATION_CONTEXT() REPRESENTATION_CONTEXT('2D SPACE',''
  ) );
#427 = PCURVE('',#428,#433);
#428 = PLANE('',#429);
#429 = AXIS2_PLACEMENT_3D('',#430,#431,#432);
#430 = CARTESIAN_POINT('',(-10.875,0.,3.3));
#431 = DIRECTION('',(0.,0.,1.));
#432 = DIRECTION('',(1.,0.,-0.));
#433 = DEFINITIONAL_REPRESENTATION('',(#434),#438);
#434 = CIRCLE('',#435,3.6);
#435 = AXIS2_PLACEMENT_2D('',#436,#437);
#436 = CARTESIAN_POINT('',(0.,0.));
#437 = DIRECTION('',(1.,0.));
#438 = ( GEOMETRIC_REPRESENTATION_CONTEXT(2) 
PARAMETRIC_REPRESENTATION_CONTEXT() REPRESENTATION_CONTEXT('2D SPACE',''
  ) );
#439 = ORIENTED_EDGE('',*,*,#440,.F.);
#440 = EDGE_CURVE('',#266,#412,#441,.T.);
#441 = SEAM_CURVE('',#442,(#446,#453),.PCURVE_S1.);
#442 = LINE('',#443,#444);
#443 = CARTESIAN_POINT('',(-7.275,-8.817456953861E-16,3.));
#444 = VECTOR('',#445,1.);
#445 = DIRECTION('',(0.,0.,1.));
#446 = PCURVE('',#282,#447);
#447 = DEFINITIONAL_REPRESENTATION('',(#448),#452);
#448 = LINE('',#449,#450);
#449 = CARTESIAN_POINT('',(6.28318530718,-0.));
#450 = VECTOR('',#451,1.);
#451 = DIRECTION('',(0.,1.));
#452 = ( GEOMETRIC_REPRESENTATION_CONTEXT(2) 
PARAMETRIC_REPRESENTATION_CONTEXT() REPRESENTATION_CONTEXT('2D SPACE',''
  ) );
#453 = PCURVE('',#282,#454);
#454 = DEFINITIONAL_REPRESENTATION('',(#455),#459);
#455 = LINE('',#456,#457);
#456 = CARTESIAN_POINT('',(0.,-0.));
#457 = VECTOR('',#458,1.);
#458 = DIRECTION('',(0.,1.));
#459 = ( GEOMETRIC_REPRESENTATION_CONTEXT(2) 
PARAMETRIC_REPRESENTATION_CONTEXT() REPRESENTATION_CONTEXT('2D SPACE',''
  ) );
#460 = ORIENTED_EDGE('',*,*,#265,.T.);
#461 = ORIENTED_EDGE('',*,*,#440,.T.);
#462 = ADVANCED_FACE('',(#463),#313,.T.);
#463 = FACE_BOUND('',#464,.T.);
#464 = EDGE_LOOP('',(#465,#494,#515,#516));
#465 = ORIENTED_EDGE('',*,*,#466,.F.);
#466 = EDGE_CURVE('',#467,#467,#469,.T.);
#467 = VERTEX_POINT('',#468);
#468 = CARTESIAN_POINT('',(14.475,-8.817456953861E-16,3.3));
#469 = SURFACE_CURVE('',#470,(#475,#482),.PCURVE_S1.);
#470 = CIRCLE('',#471,3.6);
#471 = AXIS2_PLACEMENT_3D('',#472,#473,#474);
#472 = CARTESIAN_POINT('',(10.875,0.,3.3));
#473 = DIRECTION('',(0.,0.,1.));
#474 = DIRECTION('',(1.,0.,-0.));
#475 = PCURVE('',#313,#476);
#476 = DEFINITIONAL_REPRESENTATION('',(#477),#481);
#477 = LINE('',#478,#479);
#478 = CARTESIAN_POINT('',(0.,0.3));
#479 = VECTOR('',#480,1.);
#480 = DIRECTION('',(1.,0.));
#481 = ( GEOMETRIC_REPRESENTATION_CONTEXT(2) 
PARAMETRIC_REPRESENTATION_CONTEXT() REPRESENTATION_CONTEXT('2D SPACE',''
  ) );
#482 = PCURVE('',#483,#488);
#483 = PLANE('',#484);
#484 = AXIS2_PLACEMENT_3D('',#485,#486,#487);
#485 = CARTESIAN_POINT('',(10.875,0.,3.3));
#486 = DIRECTION('',(0.,0.,1.));
#487 = DIRECTION('',(1.,0.,-0.));
#488 = DEFINITIONAL_REPRESENTATION('',(#489),#493);
#489 = CIRCLE('',#490,3.6);
#490 = AXIS2_PLACEMENT_2D('',#491,#492);
#491 = CARTESIAN_POINT('',(0.,0.));
#492 = DIRECTION('',(1.,0.));
#493 = ( GEOMETRIC_REPRESENTATION_CONTEXT(2) 
PARAMETRIC_REPRESENTATION_CONTEXT() REPRESENTATION_CONTEXT('2D SPACE',''
  ) );
#494 = ORIENTED_EDGE('',*,*,#495,.F.);
#495 = EDGE_CURVE('',#297,#467,#496,.T.);
#496 = SEAM_CURVE('',#497,(#501,#508),.PCURVE_S1.);
#497 = LINE('',#498,#499);
#498 = CARTESIAN_POINT('',(14.475,-8.817456953861E-16,3.));
#499 = VECTOR('',#500,1.);
#500 = DIRECTION('',(0.,0.,1.));
#501 = PCURVE('',#313,#502);
#502 = DEFINITIONAL_REPRESENTATION('',(#503),#507);
#503 = LINE('',#504,#505);
#504 = CARTESIAN_POINT('',(6.28318530718,-0.));
#505 = VECTOR('',#506,1.);
#506 = DIRECTION('',(0.,1.));
#507 = ( GEOMETRIC_REPRESENTATION_CONTEXT(2) 
PARAMETRIC_REPRESENTATION_CONTEXT() REPRESENTATION_CONTEXT('2D SPACE',''
  ) );
#508 = PCURVE('',#313,#509);
#509 = DEFINITIONAL_REPRESENTATION('',(#510),#514);
#510 = LINE('',#511,#512);
#511 = CARTESIAN_POINT('',(0.,-0.));
#512 = VECTOR('',#513,1.);
#513 = DIRECTION('',(0.,1.));
#514 = ( GEOMETRIC_REPRESENTATION_CONTEXT(2) 
PARAMETRIC_REPRESENTATION_CONTEXT() REPRESENTATION_CONTEXT('2D SPACE',''
  ) );
#515 = ORIENTED_EDGE('',*,*,#296,.T.);
#516 = ORIENTED_EDGE('',*,*,#495,.T.);
#517 = ADVANCED_FACE('',(#518,#521),#428,.T.);
#518 = FACE_BOUND('',#519,.T.);
#519 = EDGE_LOOP('',(#520));
#520 = ORIENTED_EDGE('',*,*,#411,.T.);
#521 = FACE_BOUND('',#522,.T.);
#522 = EDGE_LOOP('',(#523));
#523 = ORIENTED_EDGE('',*,*,#524,.F.);
#524 = EDGE_CURVE('',#525,#525,#527,.T.);
#525 = VERTEX_POINT('',#526);
#526 = CARTESIAN_POINT('',(-8.875,-4.898587196589E-16,3.3));
#527 = SURFACE_CURVE('',#528,(#533,#540),.PCURVE_S1.);
#528 = CIRCLE('',#529,2.);
#529 = AXIS2_PLACEMENT_3D('',#530,#531,#532);
#530 = CARTESIAN_POINT('',(-10.875,0.,3.3));
#531 = DIRECTION('',(0.,0.,1.));
#532 = DIRECTION('',(1.,0.,-0.));
#533 = PCURVE('',#428,#534);
#534 = DEFINITIONAL_REPRESENTATION('',(#535),#539);
#535 = CIRCLE('',#536,2.);
#536 = AXIS2_PLACEMENT_2D('',#537,#538);
#537 = CARTESIAN_POINT('',(0.,0.));
#538 = DIRECTION('',(1.,0.));
#539 = ( GEOMETRIC_REPRESENTATION_CONTEXT(2) 
PARAMETRIC_REPRESENTATION_CONTEXT() REPRESENTATION_CONTEXT('2D SPACE',''
  ) );
#540 = PCURVE('',#541,#546);
#541 = CYLINDRICAL_SURFACE('',#542,2.);
#542 = AXIS2_PLACEMENT_3D('',#543,#544,#545);
#543 = CARTESIAN_POINT('',(-10.875,0.,3.));
#544 = DIRECTION('',(0.,0.,1.));
#545 = DIRECTION('',(1.,0.,-0.));
#546 = DEFINITIONAL_REPRESENTATION('',(#547),#551);
#547 = LINE('',#548,#549);
#548 = CARTESIAN_POINT('',(0.,0.3));
#549 = VECTOR('',#550,1.);
#550 = DIRECTION('',(1.,0.));
#551 = ( GEOMETRIC_REPRESENTATION_CONTEXT(2) 
PARAMETRIC_REPRESENTATION_CONTEXT() REPRESENTATION_CONTEXT('2D SPACE',''
  ) );
#552 = ADVANCED_FACE('',(#553,#556),#483,.T.);
#553 = FACE_BOUND('',#554,.T.);
#554 = EDGE_LOOP('',(#555));
#555 = ORIENTED_EDGE('',*,*,#466,.T.);
#556 = FACE_BOUND('',#557,.T.);
#557 = EDGE_LOOP('',(#558));
#558 = ORIENTED_EDGE('',*,*,#559,.F.);
#559 = EDGE_CURVE('',#560,#560,#562,.T.);
#560 = VERTEX_POINT('',#561);
#561 = CARTESIAN_POINT('',(12.875,-4.898587196589E-16,3.3));
#562 = SURFACE_CURVE('',#563,(#568,#575),.PCURVE_S1.);
#563 = CIRCLE('',#564,2.);
#564 = AXIS2_PLACEMENT_3D('',#565,#566,#567);
#565 = CARTESIAN_POINT('',(10.875,0.,3.3));
#566 = DIRECTION('',(0.,0.,1.));
#567 = DIRECTION('',(1.,0.,-0.));
#568 = PCURVE('',#483,#569);
#569 = DEFINITIONAL_REPRESENTATION('',(#570),#574);
#570 = CIRCLE('',#571,2.);
#571 = AXIS2_PLACEMENT_2D('',#572,#573);
#572 = CARTESIAN_POINT('',(0.,0.));
#573 = DIRECTION('',(1.,0.));
#574 = ( GEOMETRIC_REPRESENTATION_CONTEXT(2) 
PARAMETRIC_REPRESENTATION_CONTEXT() REPRESENTATION_CONTEXT('2D SPACE',''
  ) );
#575 = PCURVE('',#576,#581);
#576 = CYLINDRICAL_SURFACE('',#577,2.);
#577 = AXIS2_PLACEMENT_3D('',#578,#579,#580);
#578 = CARTESIAN_POINT('',(10.875,0.,3.));
#579 = DIRECTION('',(0.,0.,1.));
#580 = DIRECTION('',(1.,0.,-0.));
#581 = DEFINITIONAL_REPRESENTATION('',(#582),#586);
#582 = LINE('',#583,#584);
#583 = CARTESIAN_POINT('',(0.,0.3));
#584 = VECTOR('',#585,1.);
#585 = DIRECTION('',(1.,0.));
#586 = ( GEOMETRIC_REPRESENTATION_CONTEXT(2) 
PARAMETRIC_REPRESENTATION_CONTEXT() REPRESENTATION_CONTEXT('2D SPACE',''
  ) );
#587 = ADVANCED_FACE('',(#588),#541,.T.);
#588 = FACE_BOUND('',#589,.T.);
#589 = EDGE_LOOP('',(#590,#613,#721,#750,#781,#782));
#590 = ORIENTED_EDGE('',*,*,#591,.T.);
#591 = EDGE_CURVE('',#525,#592,#594,.T.);
#592 = VERTEX_POINT('',#593);
#593 = CARTESIAN_POINT('',(-8.875,-4.898587196589E-16,8.7));
#594 = SEAM_CURVE('',#595,(#599,#606),.PCURVE_S1.);
#595 = LINE('',#596,#597);
#596 = CARTESIAN_POINT('',(-8.875,-4.898587196589E-16,3.));
#597 = VECTOR('',#598,1.);
#598 = DIRECTION('',(0.,0.,1.));
#599 = PCURVE('',#541,#600);
#600 = DEFINITIONAL_REPRESENTATION('',(#601),#605);
#601 = LINE('',#602,#603);
#602 = CARTESIAN_POINT('',(6.28318530718,-0.));
#603 = VECTOR('',#604,1.);
#604 = DIRECTION('',(0.,1.));
#605 = ( GEOMETRIC_REPRESENTATION_CONTEXT(2) 
PARAMETRIC_REPRESENTATION_CONTEXT() REPRESENTATION_CONTEXT('2D SPACE',''
  ) );
#606 = PCURVE('',#541,#607);
#607 = DEFINITIONAL_REPRESENTATION('',(#608),#612);
#608 = LINE('',#609,#610);
#609 = CARTESIAN_POINT('',(0.,-0.));
#610 = VECTOR('',#611,1.);
#611 = DIRECTION('',(0.,1.));
#612 = ( GEOMETRIC_REPRESENTATION_CONTEXT(2) 
PARAMETRIC_REPRESENTATION_CONTEXT() REPRESENTATION_CONTEXT('2D SPACE',''
  ) );
#613 = ORIENTED_EDGE('',*,*,#614,.F.);
#614 = EDGE_CURVE('',#615,#592,#617,.T.);
#615 = VERTEX_POINT('',#616);
#616 = CARTESIAN_POINT('',(-9.256966846666,-1.175577591128,8.7));
#617 = SURFACE_CURVE('',#618,(#623,#630),.PCURVE_S1.);
#618 = CIRCLE('',#619,2.);
#619 = AXIS2_PLACEMENT_3D('',#620,#621,#622);
#620 = CARTESIAN_POINT('',(-10.875,0.,8.7));
#621 = DIRECTION('',(0.,0.,1.));
#622 = DIRECTION('',(1.,0.,-0.));
#623 = PCURVE('',#541,#624);
#624 = DEFINITIONAL_REPRESENTATION('',(#625),#629);
#625 = LINE('',#626,#627);
#626 = CARTESIAN_POINT('',(0.,5.7));
#627 = VECTOR('',#628,1.);
#628 = DIRECTION('',(1.,0.));
#629 = ( GEOMETRIC_REPRESENTATION_CONTEXT(2) 
PARAMETRIC_REPRESENTATION_CONTEXT() REPRESENTATION_CONTEXT('2D SPACE',''
  ) );
#630 = PCURVE('',#631,#708);
#631 = B_SPLINE_SURFACE_WITH_KNOTS('',1,10,(
    (#632,#633,#634,#635,#636,#637,#638,#639,#640,#641,#642,#643,#644
      ,#645,#646,#647,#648,#649,#650,#651,#652,#653,#654,#655,#656,#657
      ,#658,#659,#660,#661,#662,#663,#664,#665,#666,#667,#668,#669)
    ,(#670,#671,#672,#673,#674,#675,#676,#677,#678,#679,#680,#681,#682
      ,#683,#684,#685,#686,#687,#688,#689,#690,#691,#692,#693,#694,#695
      ,#696,#697,#698,#699,#700,#701,#702,#703,#704,#705,#706,#707
  )),.UNSPECIFIED.,.F.,.F.,.F.,(2,2),(11,9,9,9,11),(0.,0.48),(0.,
    6.725951055751,13.451902111502,20.177853167253,26.903804223004),
  .UNSPECIFIED.);
#632 = CARTESIAN_POINT('',(-8.875000000003,8.984656337957E-13,
    6.059999999995));
#633 = CARTESIAN_POINT('',(-8.874999761361,1.25663698017,6.300000397542)
  );
#634 = CARTESIAN_POINT('',(-9.752110199962,2.514285054387,6.539998755374
    ));
#635 = CARTESIAN_POINT('',(-11.5083742733,3.074782738852,6.780002195254)
  );
#636 = CARTESIAN_POINT('',(-13.51389486848,2.289551942268,7.019998149511
    ));
#637 = CARTESIAN_POINT('',(-14.57623979085,-1.897908941118E-08,
    7.260000091495));
#638 = CARTESIAN_POINT('',(-13.51389275719,-2.289551880567,
    7.500001766196));
#639 = CARTESIAN_POINT('',(-11.50837679472,-3.074782765673,
    7.739997955475));
#640 = CARTESIAN_POINT('',(-9.752108750729,-2.514285042214,
    7.980001214777));
#641 = CARTESIAN_POINT('',(-8.875000189189,-1.256637001614,
    8.219999692284));
#642 = CARTESIAN_POINT('',(-8.874999785637,1.256636990696,8.700000353447
    ));
#643 = CARTESIAN_POINT('',(-9.752110162839,2.51428503829,8.939998822801)
  );
#644 = CARTESIAN_POINT('',(-11.50837431936,3.074782758824,9.180002111608
    ));
#645 = CARTESIAN_POINT('',(-13.51389482172,2.289551921995,9.4199982344)
  );
#646 = CARTESIAN_POINT('',(-14.57623982957,-2.191260065652E-09,
    9.660000021222));
#647 = CARTESIAN_POINT('',(-13.51389273145,-2.289551891728,9.90000181291
    ));
#648 = CARTESIAN_POINT('',(-11.50837680796,-3.074782759935,
    10.139997931459));
#649 = CARTESIAN_POINT('',(-9.752108745932,-2.514285044293,
    10.38000122348));
#650 = CARTESIAN_POINT('',(-8.875000190043,-1.256637001244,
    10.619999690736));
#651 = CARTESIAN_POINT('',(-8.874999785208,1.256636990512,11.10000035422
    ));
#652 = CARTESIAN_POINT('',(-9.752110163541,2.514285038588,
    11.339998821546));
#653 = CARTESIAN_POINT('',(-11.50837431839,3.074782758418,
    11.580002113329));
#654 = CARTESIAN_POINT('',(-13.5138948229,2.289551922475,11.819998232343
    ));
#655 = CARTESIAN_POINT('',(-14.57623982828,-2.699988915242E-09,
    12.060000023408));
#656 = CARTESIAN_POINT('',(-13.5138927327,-2.289551891242,
    12.300001810835));
#657 = CARTESIAN_POINT('',(-11.50837680687,-3.074782760347,12.5399979332
    ));
#658 = CARTESIAN_POINT('',(-9.75210874674,-2.514285043991,
    12.780001222213));
#659 = CARTESIAN_POINT('',(-8.875000189542,-1.256637001429,
    13.019999691513));
#660 = CARTESIAN_POINT('',(-8.874999786214,1.256636990882,
    13.500000352668));
#661 = CARTESIAN_POINT('',(-9.752110157907,2.514285036515,13.73999883023
    ));
#662 = CARTESIAN_POINT('',(-11.50837433388,3.074782764119,
    13.980002089452));
#663 = CARTESIAN_POINT('',(-13.51389479286,2.289551911417,
    14.219998278661));
#664 = CARTESIAN_POINT('',(-14.57623987344,1.391680461781E-08,
    14.459999953805));
#665 = CARTESIAN_POINT('',(-13.51389267809,-2.28955191133,
    14.700001894971));
#666 = CARTESIAN_POINT('',(-11.50837686082,-3.074782740511,
    14.939997850122));
#667 = CARTESIAN_POINT('',(-9.752108703127,-2.514285060024,
    15.180001289363));
#668 = CARTESIAN_POINT('',(-8.875000218133,-1.25663699092,
    15.419999647494));
#669 = CARTESIAN_POINT('',(-8.874999973026,-1.073224079676E-08,
    15.660000044956));
#670 = CARTESIAN_POINT('',(-8.874999999997,1.196260816627E-12,
    6.539999999995));
#671 = CARTESIAN_POINT('',(-8.875000238413,1.25663696322,6.780000397542)
  );
#672 = CARTESIAN_POINT('',(-9.752108704631,2.514285020128,7.019998755374
    ));
#673 = CARTESIAN_POINT('',(-11.50837683606,3.074782702356,7.260002195255
    ));
#674 = CARTESIAN_POINT('',(-13.51389262986,2.289551894694,7.499998149511
    ));
#675 = CARTESIAN_POINT('',(-14.57623982378,5.899459587511E-09,
    7.740000091496));
#676 = CARTESIAN_POINT('',(-13.51389476945,-2.289551866369,
    7.980001766195));
#677 = CARTESIAN_POINT('',(-11.50837434183,-3.074782719225,
    8.219997955476));
#678 = CARTESIAN_POINT('',(-9.752110186571,-2.514285008641,
    8.460001214777));
#679 = CARTESIAN_POINT('',(-8.874999819931,-1.256636984663,
    8.699999692284));
#680 = CARTESIAN_POINT('',(-8.875000209772,1.256636973746,9.180000353447
    ));
#681 = CARTESIAN_POINT('',(-9.752108748427,2.514285004035,9.419998822801
    ));
#682 = CARTESIAN_POINT('',(-11.50837678172,3.074782722319,9.660002111608
    ));
#683 = CARTESIAN_POINT('',(-13.51389268501,2.289551874435,9.8999982344)
  );
#684 = CARTESIAN_POINT('',(-14.57623977812,2.267259934145E-08,
    10.140000021222));
#685 = CARTESIAN_POINT('',(-13.51389479979,-2.289551877521,
    10.380001812909));
#686 = CARTESIAN_POINT('',(-11.50837432623,-3.074782713491,
    10.61999793146));
#687 = CARTESIAN_POINT('',(-9.752110192221,-2.514285010719,
    10.86000122348));
#688 = CARTESIAN_POINT('',(-8.874999818927,-1.256636984294,
    11.099999690736));
#689 = CARTESIAN_POINT('',(-8.875000210272,1.256636973561,11.58000035422
    ));
#690 = CARTESIAN_POINT('',(-9.752108747628,2.514285004334,
    11.819998821547));
#691 = CARTESIAN_POINT('',(-11.50837678279,3.074782721911,
    12.060002113329));
#692 = CARTESIAN_POINT('',(-13.51389268377,2.289551874919,
    12.299998232343));
#693 = CARTESIAN_POINT('',(-14.5762397794,2.216026675398E-08,
    12.540000023408));
#694 = CARTESIAN_POINT('',(-13.5138947986,-2.289551877032,
    12.780001810835));
#695 = CARTESIAN_POINT('',(-11.50837432722,-3.074782713904,13.0199979332
    ));
#696 = CARTESIAN_POINT('',(-9.752110191512,-2.514285010417,
    13.260001222213));
#697 = CARTESIAN_POINT('',(-8.874999819357,-1.256636984479,
    13.499999691513));
#698 = CARTESIAN_POINT('',(-8.875000209416,1.256636973932,
    13.980000352668));
#699 = CARTESIAN_POINT('',(-9.752108752411,2.514285002263,14.21999883023
    ));
#700 = CARTESIAN_POINT('',(-11.50837676965,3.074782727601,
    14.460002089453));
#701 = CARTESIAN_POINT('',(-13.51389270925,2.289551863885,14.69999827866
    ));
#702 = CARTESIAN_POINT('',(-14.57623974112,3.874410730114E-08,
    14.939999953806));
#703 = CARTESIAN_POINT('',(-13.51389484488,-2.289551897091,
    15.180001894971));
#704 = CARTESIAN_POINT('',(-11.50837428151,-3.074782694084,
    15.419997850122));
#705 = CARTESIAN_POINT('',(-9.752110228468,-2.514285026444,
    15.660001289363));
#706 = CARTESIAN_POINT('',(-8.874999795127,-1.25663697397,
    15.899999647494));
#707 = CARTESIAN_POINT('',(-8.875000026974,-1.0732623596E-08,
    16.140000044956));
#708 = DEFINITIONAL_REPRESENTATION('',(#709),#720);
#709 = B_SPLINE_CURVE_WITH_KNOTS('',9,(#710,#711,#712,#713,#714,#715,
    #716,#717,#718,#719),.UNSPECIFIED.,.F.,.F.,(10,10),(5.654863664378,
    6.28318530718),.PIECEWISE_BEZIER_KNOTS.);
#710 = CARTESIAN_POINT('',(0.48,6.053355876368));
#711 = CARTESIAN_POINT('',(0.45333209014,6.128092167604));
#712 = CARTESIAN_POINT('',(0.426664673414,6.202827080923));
#713 = CARTESIAN_POINT('',(0.399993876547,6.277571481841));
#714 = CARTESIAN_POINT('',(0.373333676151,6.35228615893));
#715 = CARTESIAN_POINT('',(0.3466512219,6.427063256466));
#716 = CARTESIAN_POINT('',(0.32000634241,6.501734973363));
#717 = CARTESIAN_POINT('',(0.293328545309,6.57649898011));
#718 = CARTESIAN_POINT('',(0.266666812365,6.651217894624));
#719 = CARTESIAN_POINT('',(0.239999976092,6.725951058673));
#720 = ( GEOMETRIC_REPRESENTATION_CONTEXT(2) 
PARAMETRIC_REPRESENTATION_CONTEXT() REPRESENTATION_CONTEXT('2D SPACE',''
  ) );
#721 = ORIENTED_EDGE('',*,*,#722,.F.);
#722 = EDGE_CURVE('',#723,#615,#725,.T.);
#723 = VERTEX_POINT('',#724);
#724 = CARTESIAN_POINT('',(-9.256966680151,1.175577407854,8.7));
#725 = SURFACE_CURVE('',#726,(#731,#738),.PCURVE_S1.);
#726 = CIRCLE('',#727,2.);
#727 = AXIS2_PLACEMENT_3D('',#728,#729,#730);
#728 = CARTESIAN_POINT('',(-10.875,0.,8.7));
#729 = DIRECTION('',(0.,0.,1.));
#730 = DIRECTION('',(1.,0.,-0.));
#731 = PCURVE('',#541,#732);
#732 = DEFINITIONAL_REPRESENTATION('',(#733),#737);
#733 = LINE('',#734,#735);
#734 = CARTESIAN_POINT('',(0.,5.7));
#735 = VECTOR('',#736,1.);
#736 = DIRECTION('',(1.,0.));
#737 = ( GEOMETRIC_REPRESENTATION_CONTEXT(2) 
PARAMETRIC_REPRESENTATION_CONTEXT() REPRESENTATION_CONTEXT('2D SPACE',''
  ) );
#738 = PCURVE('',#739,#744);
#739 = PLANE('',#740);
#740 = AXIS2_PLACEMENT_3D('',#741,#742,#743);
#741 = CARTESIAN_POINT('',(-10.875,0.,8.7));
#742 = DIRECTION('',(0.,0.,1.));
#743 = DIRECTION('',(1.,0.,-0.));
#744 = DEFINITIONAL_REPRESENTATION('',(#745),#749);
#745 = CIRCLE('',#746,2.);
#746 = AXIS2_PLACEMENT_2D('',#747,#748);
#747 = CARTESIAN_POINT('',(0.,0.));
#748 = DIRECTION('',(1.,0.));
#749 = ( GEOMETRIC_REPRESENTATION_CONTEXT(2) 
PARAMETRIC_REPRESENTATION_CONTEXT() REPRESENTATION_CONTEXT('2D SPACE',''
  ) );
#750 = ORIENTED_EDGE('',*,*,#751,.F.);
#751 = EDGE_CURVE('',#592,#723,#752,.T.);
#752 = SURFACE_CURVE('',#753,(#758,#765),.PCURVE_S1.);
#753 = CIRCLE('',#754,2.);
#754 = AXIS2_PLACEMENT_3D('',#755,#756,#757);
#755 = CARTESIAN_POINT('',(-10.875,0.,8.7));
#756 = DIRECTION('',(0.,0.,1.));
#757 = DIRECTION('',(1.,0.,-0.));
#758 = PCURVE('',#541,#759);
#759 = DEFINITIONAL_REPRESENTATION('',(#760),#764);
#760 = LINE('',#761,#762);
#761 = CARTESIAN_POINT('',(0.,5.7));
#762 = VECTOR('',#763,1.);
#763 = DIRECTION('',(1.,0.));
#764 = ( GEOMETRIC_REPRESENTATION_CONTEXT(2) 
PARAMETRIC_REPRESENTATION_CONTEXT() REPRESENTATION_CONTEXT('2D SPACE',''
  ) );
#765 = PCURVE('',#631,#766);
#766 = DEFINITIONAL_REPRESENTATION('',(#767),#780);
#767 = B_SPLINE_CURVE_WITH_KNOTS('',11,(#768,#769,#770,#771,#772,#773,
    #774,#775,#776,#777,#778,#779),.UNSPECIFIED.,.F.,.F.,(12,12),(0.,
    0.628321519729),.PIECEWISE_BEZIER_KNOTS.);
#768 = CARTESIAN_POINT('',(0.239999976092,6.725951058673));
#769 = CARTESIAN_POINT('',(0.218181659148,6.787096362735));
#770 = CARTESIAN_POINT('',(0.196361277031,6.848247497096));
#771 = CARTESIAN_POINT('',(0.174572328577,6.909310568096));
#772 = CARTESIAN_POINT('',(0.152656901785,6.970728111785));
#773 = CARTESIAN_POINT('',(0.131026254161,7.031347576763));
#774 = CARTESIAN_POINT('',(0.108996681489,7.093085029219));
#775 = CARTESIAN_POINT('',(8.733023305343E-02,7.153804833389));
#776 = CARTESIAN_POINT('',(6.544222532526E-02,7.215145552655));
#777 = CARTESIAN_POINT('',(4.363988401484E-02,7.276246191382));
#778 = CARTESIAN_POINT('',(2.181919437557E-02,7.337398247291));
#779 = CARTESIAN_POINT('',(0.,7.398546109127));
#780 = ( GEOMETRIC_REPRESENTATION_CONTEXT(2) 
PARAMETRIC_REPRESENTATION_CONTEXT() REPRESENTATION_CONTEXT('2D SPACE',''
  ) );
#781 = ORIENTED_EDGE('',*,*,#591,.F.);
#782 = ORIENTED_EDGE('',*,*,#524,.T.);
#783 = ADVANCED_FACE('',(#784),#576,.T.);
#784 = FACE_BOUND('',#785,.T.);
#785 = EDGE_LOOP('',(#786,#809,#917,#946,#977,#978));
#786 = ORIENTED_EDGE('',*,*,#787,.T.);
#787 = EDGE_CURVE('',#560,#788,#790,.T.);
#788 = VERTEX_POINT('',#789);
#789 = CARTESIAN_POINT('',(12.875,-4.898587196589E-16,8.7));
#790 = SEAM_CURVE('',#791,(#795,#802),.PCURVE_S1.);
#791 = LINE('',#792,#793);
#792 = CARTESIAN_POINT('',(12.875,-4.898587196589E-16,3.));
#793 = VECTOR('',#794,1.);
#794 = DIRECTION('',(0.,0.,1.));
#795 = PCURVE('',#576,#796);
#796 = DEFINITIONAL_REPRESENTATION('',(#797),#801);
#797 = LINE('',#798,#799);
#798 = CARTESIAN_POINT('',(6.28318530718,-0.));
#799 = VECTOR('',#800,1.);
#800 = DIRECTION('',(0.,1.));
#801 = ( GEOMETRIC_REPRESENTATION_CONTEXT(2) 
PARAMETRIC_REPRESENTATION_CONTEXT() REPRESENTATION_CONTEXT('2D SPACE',''
  ) );
#802 = PCURVE('',#576,#803);
#803 = DEFINITIONAL_REPRESENTATION('',(#804),#808);
#804 = LINE('',#805,#806);
#805 = CARTESIAN_POINT('',(0.,-0.));
#806 = VECTOR('',#807,1.);
#807 = DIRECTION('',(0.,1.));
#808 = ( GEOMETRIC_REPRESENTATION_CONTEXT(2) 
PARAMETRIC_REPRESENTATION_CONTEXT() REPRESENTATION_CONTEXT('2D SPACE',''
  ) );
#809 = ORIENTED_EDGE('',*,*,#810,.F.);
#810 = EDGE_CURVE('',#811,#788,#813,.T.);
#811 = VERTEX_POINT('',#812);
#812 = CARTESIAN_POINT('',(12.493033153334,-1.175577591128,8.7));
#813 = SURFACE_CURVE('',#814,(#819,#826),.PCURVE_S1.);
#814 = CIRCLE('',#815,2.);
#815 = AXIS2_PLACEMENT_3D('',#816,#817,#818);
#816 = CARTESIAN_POINT('',(10.875,0.,8.7));
#817 = DIRECTION('',(0.,0.,1.));
#818 = DIRECTION('',(1.,0.,-0.));
#819 = PCURVE('',#576,#820);
#820 = DEFINITIONAL_REPRESENTATION('',(#821),#825);
#821 = LINE('',#822,#823);
#822 = CARTESIAN_POINT('',(0.,5.7));
#823 = VECTOR('',#824,1.);
#824 = DIRECTION('',(1.,0.));
#825 = ( GEOMETRIC_REPRESENTATION_CONTEXT(2) 
PARAMETRIC_REPRESENTATION_CONTEXT() REPRESENTATION_CONTEXT('2D SPACE',''
  ) );
#826 = PCURVE('',#827,#904);
#827 = B_SPLINE_SURFACE_WITH_KNOTS('',1,10,(
    (#828,#829,#830,#831,#832,#833,#834,#835,#836,#837,#838,#839,#840
      ,#841,#842,#843,#844,#845,#846,#847,#848,#849,#850,#851,#852,#853
      ,#854,#855,#856,#857,#858,#859,#860,#861,#862,#863,#864,#865)
    ,(#866,#867,#868,#869,#870,#871,#872,#873,#874,#875,#876,#877,#878
      ,#879,#880,#881,#882,#883,#884,#885,#886,#887,#888,#889,#890,#891
      ,#892,#893,#894,#895,#896,#897,#898,#899,#900,#901,#902,#903
  )),.UNSPECIFIED.,.F.,.F.,.F.,(2,2),(11,9,9,9,11),(0.,0.48),(0.,
    6.725951055751,13.451902111502,20.177853167253,26.903804223004),
  .UNSPECIFIED.);
#828 = CARTESIAN_POINT('',(12.874999999997,8.984656337957E-13,
    6.059999999995));
#829 = CARTESIAN_POINT('',(12.875000238639,1.25663698017,6.300000397542)
  );
#830 = CARTESIAN_POINT('',(11.997889800038,2.514285054387,6.539998755374
    ));
#831 = CARTESIAN_POINT('',(10.241625726692,3.074782738852,6.780002195254
    ));
#832 = CARTESIAN_POINT('',(8.236105131519,2.289551942268,7.019998149511)
  );
#833 = CARTESIAN_POINT('',(7.173760209147,-1.897908941118E-08,
    7.260000091495));
#834 = CARTESIAN_POINT('',(8.236107242807,-2.289551880567,7.500001766196
    ));
#835 = CARTESIAN_POINT('',(10.241623205271,-3.074782765673,
    7.739997955475));
#836 = CARTESIAN_POINT('',(11.997891249271,-2.514285042214,
    7.980001214777));
#837 = CARTESIAN_POINT('',(12.874999810811,-1.256637001614,
    8.219999692284));
#838 = CARTESIAN_POINT('',(12.875000214363,1.256636990696,8.700000353447
    ));
#839 = CARTESIAN_POINT('',(11.997889837161,2.51428503829,8.939998822801)
  );
#840 = CARTESIAN_POINT('',(10.241625680632,3.074782758824,9.180002111608
    ));
#841 = CARTESIAN_POINT('',(8.236105178276,2.289551921995,9.4199982344));
#842 = CARTESIAN_POINT('',(7.173760170428,-2.191260065652E-09,
    9.660000021222));
#843 = CARTESIAN_POINT('',(8.23610726855,-2.289551891728,9.90000181291)
  );
#844 = CARTESIAN_POINT('',(10.241623192035,-3.074782759935,
    10.139997931459));
#845 = CARTESIAN_POINT('',(11.997891254068,-2.514285044293,
    10.38000122348));
#846 = CARTESIAN_POINT('',(12.874999809957,-1.256637001244,
    10.619999690736));
#847 = CARTESIAN_POINT('',(12.875000214792,1.256636990512,11.10000035422
    ));
#848 = CARTESIAN_POINT('',(11.997889836459,2.514285038588,
    11.339998821546));
#849 = CARTESIAN_POINT('',(10.241625681607,3.074782758418,
    11.580002113329));
#850 = CARTESIAN_POINT('',(8.236105177094,2.289551922475,11.819998232343
    ));
#851 = CARTESIAN_POINT('',(7.173760171713,-2.699988915242E-09,
    12.060000023408));
#852 = CARTESIAN_POINT('',(8.236107267294,-2.289551891242,
    12.300001810835));
#853 = CARTESIAN_POINT('',(10.241623193121,-3.074782760347,12.5399979332
    ));
#854 = CARTESIAN_POINT('',(11.99789125326,-2.514285043991,
    12.780001222213));
#855 = CARTESIAN_POINT('',(12.874999810458,-1.256637001429,
    13.019999691513));
#856 = CARTESIAN_POINT('',(12.875000213786,1.256636990882,
    13.500000352668));
#857 = CARTESIAN_POINT('',(11.997889842093,2.514285036515,13.73999883023
    ));
#858 = CARTESIAN_POINT('',(10.241625666118,3.074782764119,
    13.980002089452));
#859 = CARTESIAN_POINT('',(8.23610520714,2.289551911417,14.219998278661)
  );
#860 = CARTESIAN_POINT('',(7.173760126551,1.391680461781E-08,
    14.459999953805));
#861 = CARTESIAN_POINT('',(8.236107321908,-2.28955191133,14.700001894971
    ));
#862 = CARTESIAN_POINT('',(10.241623139173,-3.074782740511,
    14.939997850122));
#863 = CARTESIAN_POINT('',(11.997891296873,-2.514285060024,
    15.180001289363));
#864 = CARTESIAN_POINT('',(12.874999781867,-1.25663699092,
    15.419999647494));
#865 = CARTESIAN_POINT('',(12.875000026974,-1.073224079676E-08,
    15.660000044956));
#866 = CARTESIAN_POINT('',(12.875000000003,1.196260816627E-12,
    6.539999999995));
#867 = CARTESIAN_POINT('',(12.874999761587,1.25663696322,6.780000397542)
  );
#868 = CARTESIAN_POINT('',(11.997891295369,2.514285020128,7.019998755374
    ));
#869 = CARTESIAN_POINT('',(10.241623163939,3.074782702356,7.260002195255
    ));
#870 = CARTESIAN_POINT('',(8.236107370131,2.289551894694,7.499998149511)
  );
#871 = CARTESIAN_POINT('',(7.173760176219,5.899459587511E-09,
    7.740000091496));
#872 = CARTESIAN_POINT('',(8.236105230549,-2.289551866369,7.980001766195
    ));
#873 = CARTESIAN_POINT('',(10.241625658163,-3.074782719225,
    8.219997955476));
#874 = CARTESIAN_POINT('',(11.997889813429,-2.514285008641,
    8.460001214777));
#875 = CARTESIAN_POINT('',(12.875000180069,-1.256636984663,
    8.699999692284));
#876 = CARTESIAN_POINT('',(12.874999790228,1.256636973746,9.180000353447
    ));
#877 = CARTESIAN_POINT('',(11.997891251573,2.514285004035,9.419998822801
    ));
#878 = CARTESIAN_POINT('',(10.241623218273,3.074782722319,9.660002111608
    ));
#879 = CARTESIAN_POINT('',(8.236107314984,2.289551874435,9.8999982344));
#880 = CARTESIAN_POINT('',(7.173760221874,2.267259934145E-08,
    10.140000021222));
#881 = CARTESIAN_POINT('',(8.236105200203,-2.289551877521,
    10.380001812909));
#882 = CARTESIAN_POINT('',(10.241625673761,-3.074782713491,
    10.61999793146));
#883 = CARTESIAN_POINT('',(11.997889807779,-2.514285010719,
    10.86000122348));
#884 = CARTESIAN_POINT('',(12.875000181073,-1.256636984294,
    11.099999690736));
#885 = CARTESIAN_POINT('',(12.874999789728,1.256636973561,11.58000035422
    ));
#886 = CARTESIAN_POINT('',(11.997891252372,2.514285004334,
    11.819998821547));
#887 = CARTESIAN_POINT('',(10.241623217203,3.074782721911,
    12.060002113329));
#888 = CARTESIAN_POINT('',(8.236107316225,2.289551874919,12.299998232343
    ));
#889 = CARTESIAN_POINT('',(7.173760220595,2.216026675398E-08,
    12.540000023408));
#890 = CARTESIAN_POINT('',(8.236105201392,-2.289551877032,
    12.780001810835));
#891 = CARTESIAN_POINT('',(10.241625672775,-3.074782713904,13.0199979332
    ));
#892 = CARTESIAN_POINT('',(11.997889808488,-2.514285010417,
    13.260001222213));
#893 = CARTESIAN_POINT('',(12.875000180643,-1.256636984479,
    13.499999691513));
#894 = CARTESIAN_POINT('',(12.874999790584,1.256636973932,
    13.980000352668));
#895 = CARTESIAN_POINT('',(11.997891247589,2.514285002263,14.21999883023
    ));
#896 = CARTESIAN_POINT('',(10.241623230344,3.074782727601,
    14.460002089453));
#897 = CARTESIAN_POINT('',(8.236107290746,2.289551863885,14.69999827866)
  );
#898 = CARTESIAN_POINT('',(7.173760258875,3.874410730114E-08,
    14.939999953806));
#899 = CARTESIAN_POINT('',(8.236105155111,-2.289551897091,
    15.180001894971));
#900 = CARTESIAN_POINT('',(10.241625718488,-3.074782694084,
    15.419997850122));
#901 = CARTESIAN_POINT('',(11.997889771532,-2.514285026444,
    15.660001289363));
#902 = CARTESIAN_POINT('',(12.875000204873,-1.25663697397,
    15.899999647494));
#903 = CARTESIAN_POINT('',(12.874999973026,-1.0732623596E-08,
    16.140000044956));
#904 = DEFINITIONAL_REPRESENTATION('',(#905),#916);
#905 = B_SPLINE_CURVE_WITH_KNOTS('',9,(#906,#907,#908,#909,#910,#911,
    #912,#913,#914,#915),.UNSPECIFIED.,.F.,.F.,(10,10),(5.654863664378,
    6.28318530718),.PIECEWISE_BEZIER_KNOTS.);
#906 = CARTESIAN_POINT('',(0.48,6.053355876368));
#907 = CARTESIAN_POINT('',(0.45333209014,6.128092167604));
#908 = CARTESIAN_POINT('',(0.426664673414,6.202827080923));
#909 = CARTESIAN_POINT('',(0.399993876547,6.277571481841));
#910 = CARTESIAN_POINT('',(0.373333676151,6.35228615893));
#911 = CARTESIAN_POINT('',(0.3466512219,6.427063256466));
#912 = CARTESIAN_POINT('',(0.32000634241,6.501734973363));
#913 = CARTESIAN_POINT('',(0.293328545309,6.57649898011));
#914 = CARTESIAN_POINT('',(0.266666812365,6.651217894624));
#915 = CARTESIAN_POINT('',(0.239999976092,6.725951058673));
#916 = ( GEOMETRIC_REPRESENTATION_CONTEXT(2) 
PARAMETRIC_REPRESENTATION_CONTEXT() REPRESENTATION_CONTEXT('2D SPACE',''
  ) );
#917 = ORIENTED_EDGE('',*,*,#918,.F.);
#918 = EDGE_CURVE('',#919,#811,#921,.T.);
#919 = VERTEX_POINT('',#920);
#920 = CARTESIAN_POINT('',(12.493033319849,1.175577407854,8.7));
#921 = SURFACE_CURVE('',#922,(#927,#934),.PCURVE_S1.);
#922 = CIRCLE('',#923,2.);
#923 = AXIS2_PLACEMENT_3D('',#924,#925,#926);
#924 = CARTESIAN_POINT('',(10.875,0.,8.7));
#925 = DIRECTION('',(0.,0.,1.));
#926 = DIRECTION('',(1.,0.,-0.));
#927 = PCURVE('',#576,#928);
#928 = DEFINITIONAL_REPRESENTATION('',(#929),#933);
#929 = LINE('',#930,#931);
#930 = CARTESIAN_POINT('',(0.,5.7));
#931 = VECTOR('',#932,1.);
#932 = DIRECTION('',(1.,0.));
#933 = ( GEOMETRIC_REPRESENTATION_CONTEXT(2) 
PARAMETRIC_REPRESENTATION_CONTEXT() REPRESENTATION_CONTEXT('2D SPACE',''
  ) );
#934 = PCURVE('',#935,#940);
#935 = PLANE('',#936);
#936 = AXIS2_PLACEMENT_3D('',#937,#938,#939);
#937 = CARTESIAN_POINT('',(10.875,0.,8.7));
#938 = DIRECTION('',(0.,0.,1.));
#939 = DIRECTION('',(1.,0.,-0.));
#940 = DEFINITIONAL_REPRESENTATION('',(#941),#945);
#941 = CIRCLE('',#942,2.);
#942 = AXIS2_PLACEMENT_2D('',#943,#944);
#943 = CARTESIAN_POINT('',(0.,0.));
#944 = DIRECTION('',(1.,0.));
#945 = ( GEOMETRIC_REPRESENTATION_CONTEXT(2) 
PARAMETRIC_REPRESENTATION_CONTEXT() REPRESENTATION_CONTEXT('2D SPACE',''
  ) );
#946 = ORIENTED_EDGE('',*,*,#947,.F.);
#947 = EDGE_CURVE('',#788,#919,#948,.T.);
#948 = SURFACE_CURVE('',#949,(#954,#961),.PCURVE_S1.);
#949 = CIRCLE('',#950,2.);
#950 = AXIS2_PLACEMENT_3D('',#951,#952,#953);
#951 = CARTESIAN_POINT('',(10.875,0.,8.7));
#952 = DIRECTION('',(0.,0.,1.));
#953 = DIRECTION('',(1.,0.,-0.));
#954 = PCURVE('',#576,#955);
#955 = DEFINITIONAL_REPRESENTATION('',(#956),#960);
#956 = LINE('',#957,#958);
#957 = CARTESIAN_POINT('',(0.,5.7));
#958 = VECTOR('',#959,1.);
#959 = DIRECTION('',(1.,0.));
#960 = ( GEOMETRIC_REPRESENTATION_CONTEXT(2) 
PARAMETRIC_REPRESENTATION_CONTEXT() REPRESENTATION_CONTEXT('2D SPACE',''
  ) );
#961 = PCURVE('',#827,#962);
#962 = DEFINITIONAL_REPRESENTATION('',(#963),#976);
#963 = B_SPLINE_CURVE_WITH_KNOTS('',11,(#964,#965,#966,#967,#968,#969,
    #970,#971,#972,#973,#974,#975),.UNSPECIFIED.,.F.,.F.,(12,12),(0.,
    0.628321519729),.PIECEWISE_BEZIER_KNOTS.);
#964 = CARTESIAN_POINT('',(0.239999976092,6.725951058673));
#965 = CARTESIAN_POINT('',(0.218181659148,6.787096362735));
#966 = CARTESIAN_POINT('',(0.196361277031,6.848247497096));
#967 = CARTESIAN_POINT('',(0.174572328577,6.909310568096));
#968 = CARTESIAN_POINT('',(0.152656901785,6.970728111785));
#969 = CARTESIAN_POINT('',(0.131026254161,7.031347576763));
#970 = CARTESIAN_POINT('',(0.108996681489,7.093085029219));
#971 = CARTESIAN_POINT('',(8.733023305343E-02,7.153804833389));
#972 = CARTESIAN_POINT('',(6.544222532526E-02,7.215145552655));
#973 = CARTESIAN_POINT('',(4.363988401484E-02,7.276246191382));
#974 = CARTESIAN_POINT('',(2.181919437557E-02,7.337398247291));
#975 = CARTESIAN_POINT('',(0.,7.398546109127));
#976 = ( GEOMETRIC_REPRESENTATION_CONTEXT(2) 
PARAMETRIC_REPRESENTATION_CONTEXT() REPRESENTATION_CONTEXT('2D SPACE',''
  ) );
#977 = ORIENTED_EDGE('',*,*,#787,.F.);
#978 = ORIENTED_EDGE('',*,*,#559,.T.);
#979 = ADVANCED_FACE('',(#980),#631,.F.);
#980 = FACE_BOUND('',#981,.F.);
#981 = EDGE_LOOP('',(#982,#1116,#1117,#1118,#1252));
#982 = ORIENTED_EDGE('',*,*,#983,.F.);
#983 = EDGE_CURVE('',#723,#984,#986,.T.);
#984 = VERTEX_POINT('',#985);
#985 = CARTESIAN_POINT('',(-9.256966680152,1.175577407854,13.5));
#986 = SURFACE_CURVE('',#987,(#1026,#1032),.PCURVE_S1.);
#987 = B_SPLINE_CURVE_WITH_KNOTS('',10,(#988,#989,#990,#991,#992,#993,
    #994,#995,#996,#997,#998,#999,#1000,#1001,#1002,#1003,#1004,#1005,
    #1006,#1007,#1008,#1009,#1010,#1011,#1012,#1013,#1014,#1015,#1016,
    #1017,#1018,#1019,#1020,#1021,#1022,#1023,#1024,#1025),
  .UNSPECIFIED.,.F.,.F.,(11,9,9,9,11),(0.,6.725951055751,13.451902111502
    ,20.177853167253,26.903804223004),.UNSPECIFIED.);
#988 = CARTESIAN_POINT('',(-8.875000000003,8.992658917754E-13,
    6.059999999995));
#989 = CARTESIAN_POINT('',(-8.874999761361,1.25663698017,6.300000397542)
  );
#990 = CARTESIAN_POINT('',(-9.752110199962,2.514285054387,6.539998755374
    ));
#991 = CARTESIAN_POINT('',(-11.5083742733,3.074782738852,6.780002195254)
  );
#992 = CARTESIAN_POINT('',(-13.51389486848,2.289551942268,7.019998149511
    ));
#993 = CARTESIAN_POINT('',(-14.57623979085,-1.897921553251E-08,
    7.260000091496));
#994 = CARTESIAN_POINT('',(-13.51389275719,-2.289551880567,
    7.500001766196));
#995 = CARTESIAN_POINT('',(-11.50837679472,-3.074782765673,
    7.739997955475));
#996 = CARTESIAN_POINT('',(-9.752108750729,-2.514285042214,
    7.980001214777));
#997 = CARTESIAN_POINT('',(-8.875000189189,-1.256637001614,
    8.219999692284));
#998 = CARTESIAN_POINT('',(-8.874999785637,1.256636990696,8.700000353447
    ));
#999 = CARTESIAN_POINT('',(-9.752110162839,2.51428503829,8.939998822801)
  );
#1000 = CARTESIAN_POINT('',(-11.50837431936,3.074782758824,
    9.180002111608));
#1001 = CARTESIAN_POINT('',(-13.51389482172,2.289551921994,9.4199982344)
  );
#1002 = CARTESIAN_POINT('',(-14.57623982957,-2.19119810893E-09,
    9.660000021222));
#1003 = CARTESIAN_POINT('',(-13.51389273145,-2.289551891728,
    9.900001812909));
#1004 = CARTESIAN_POINT('',(-11.50837680796,-3.074782759935,
    10.139997931459));
#1005 = CARTESIAN_POINT('',(-9.752108745932,-2.514285044293,
    10.38000122348));
#1006 = CARTESIAN_POINT('',(-8.875000190043,-1.256637001244,
    10.619999690736));
#1007 = CARTESIAN_POINT('',(-8.874999785208,1.256636990512,
    11.10000035422));
#1008 = CARTESIAN_POINT('',(-9.752110163541,2.514285038588,
    11.339998821546));
#1009 = CARTESIAN_POINT('',(-11.50837431839,3.074782758418,
    11.580002113329));
#1010 = CARTESIAN_POINT('',(-13.5138948229,2.289551922475,
    11.819998232343));
#1011 = CARTESIAN_POINT('',(-14.57623982828,-2.699960991234E-09,
    12.060000023408));
#1012 = CARTESIAN_POINT('',(-13.5138927327,-2.289551891242,
    12.300001810835));
#1013 = CARTESIAN_POINT('',(-11.50837680687,-3.074782760347,
    12.5399979332));
#1014 = CARTESIAN_POINT('',(-9.75210874674,-2.514285043991,
    12.780001222213));
#1015 = CARTESIAN_POINT('',(-8.875000189542,-1.256637001429,
    13.019999691513));
#1016 = CARTESIAN_POINT('',(-8.874999786214,1.256636990882,
    13.500000352668));
#1017 = CARTESIAN_POINT('',(-9.752110157907,2.514285036515,
    13.73999883023));
#1018 = CARTESIAN_POINT('',(-11.50837433388,3.074782764119,
    13.980002089452));
#1019 = CARTESIAN_POINT('',(-13.51389479285,2.289551911417,
    14.219998278661));
#1020 = CARTESIAN_POINT('',(-14.57623987344,1.391698001548E-08,
    14.459999953804));
#1021 = CARTESIAN_POINT('',(-13.51389267809,-2.289551911331,
    14.700001894972));
#1022 = CARTESIAN_POINT('',(-11.50837686082,-3.074782740511,
    14.939997850121));
#1023 = CARTESIAN_POINT('',(-9.752108703127,-2.514285060024,
    15.180001289363));
#1024 = CARTESIAN_POINT('',(-8.875000218133,-1.25663699092,
    15.419999647494));
#1025 = CARTESIAN_POINT('',(-8.874999973026,-1.073223910086E-08,
    15.660000044956));
#1026 = PCURVE('',#631,#1027);
#1027 = DEFINITIONAL_REPRESENTATION('',(#1028),#1031);
#1028 = B_SPLINE_CURVE_WITH_KNOTS('',1,(#1029,#1030),.UNSPECIFIED.,.F.,
  .F.,(2,2),(0.,26.903804223004),.PIECEWISE_BEZIER_KNOTS.);
#1029 = CARTESIAN_POINT('',(0.,0.));
#1030 = CARTESIAN_POINT('',(0.,26.903804223004));
#1031 = ( GEOMETRIC_REPRESENTATION_CONTEXT(2) 
PARAMETRIC_REPRESENTATION_CONTEXT() REPRESENTATION_CONTEXT('2D SPACE',''
  ) );
#1032 = PCURVE('',#1033,#1110);
#1033 = B_SPLINE_SURFACE_WITH_KNOTS('',1,10,(
    (#1034,#1035,#1036,#1037,#1038,#1039,#1040,#1041,#1042,#1043,#1044
      ,#1045,#1046,#1047,#1048,#1049,#1050,#1051,#1052,#1053,#1054,#1055
      ,#1056,#1057,#1058,#1059,#1060,#1061,#1062,#1063,#1064,#1065,#1066
      ,#1067,#1068,#1069,#1070,#1071)
    ,(#1072,#1073,#1074,#1075,#1076,#1077,#1078,#1079,#1080,#1081,#1082
      ,#1083,#1084,#1085,#1086,#1087,#1088,#1089,#1090,#1091,#1092,#1093
      ,#1094,#1095,#1096,#1097,#1098,#1099,#1100,#1101,#1102,#1103,#1104
      ,#1105,#1106,#1107,#1108,#1109
    )),.UNSPECIFIED.,.F.,.F.,.F.,(2,2),(11,9,9,9,11),(0.,0.678822509939)
  ,(0.,6.725951055751,13.451902111502,20.177853167253,26.903804223004),
  .UNSPECIFIED.);
#1034 = CARTESIAN_POINT('',(-9.355000000008,-6.536342351499E-13,
    5.580000000001));
#1035 = CARTESIAN_POINT('',(-9.354999284445,0.955044210065,
    5.819999920491));
#1036 = CARTESIAN_POINT('',(-10.02160544882,1.910856412014,
    6.060000248928));
#1037 = CARTESIAN_POINT('',(-11.3563615434,2.336835381087,6.299999560942
    ));
#1038 = CARTESIAN_POINT('',(-12.88056268648,1.740059127815,
    6.540000370108));
#1039 = CARTESIAN_POINT('',(-13.68794211665,-3.600473963417E-08,
    6.77999998169));
#1040 = CARTESIAN_POINT('',(-12.88055630735,-1.740059086762,
    7.019999646768));
#1041 = CARTESIAN_POINT('',(-11.35636906415,-2.336835391642,
    7.260000408901));
#1042 = CARTESIAN_POINT('',(-10.02160104879,-1.910856413353,
    7.499999757046));
#1043 = CARTESIAN_POINT('',(-9.355000552976,-0.955044205777,
    7.740000061543));
#1044 = CARTESIAN_POINT('',(-9.354999364255,0.95504420796,8.219999929311
    ));
#1045 = CARTESIAN_POINT('',(-10.02160532677,1.910856415229,8.46000023544
    ));
#1046 = CARTESIAN_POINT('',(-11.35636169482,2.336835377103,
    8.699999577678));
#1047 = CARTESIAN_POINT('',(-12.88056253279,1.740059131853,8.94000035312
    ));
#1048 = CARTESIAN_POINT('',(-13.68794224391,-3.934483711805E-08,
    9.179999995755));
#1049 = CARTESIAN_POINT('',(-12.88055622275,-1.740059084542,
    9.419999637419));
#1050 = CARTESIAN_POINT('',(-11.35636910764,-2.336835392785,
    9.660000413708));
#1051 = CARTESIAN_POINT('',(-10.02160103303,-1.910856412938,
    9.899999755304));
#1052 = CARTESIAN_POINT('',(-9.355000555778,-0.955044205851,
    10.140000061853));
#1053 = CARTESIAN_POINT('',(-9.354999362857,0.955044207997,
    10.619999929156));
#1054 = CARTESIAN_POINT('',(-10.02160532903,1.910856415168,
    10.860000235689));
#1055 = CARTESIAN_POINT('',(-11.35636169175,2.336835377188,
    11.099999577338));
#1056 = CARTESIAN_POINT('',(-12.88056253643,1.740059131751,
    11.340000353526));
#1057 = CARTESIAN_POINT('',(-13.68794224006,-3.923694603247E-08,
    11.579999995325));
#1058 = CARTESIAN_POINT('',(-12.88055622642,-1.740059084643,
    11.819999637828));
#1059 = CARTESIAN_POINT('',(-11.35636910454,-2.3368353927,
    12.060000413363));
#1060 = CARTESIAN_POINT('',(-10.0216010353,-1.910856412999,
    12.299999755557));
#1061 = CARTESIAN_POINT('',(-9.355000554387,-0.955044205814,
    12.540000061697));
#1062 = CARTESIAN_POINT('',(-9.354999365634,0.955044207923,
    13.019999929467));
#1063 = CARTESIAN_POINT('',(-10.02160531349,1.910856415579,
    13.260000233952));
#1064 = CARTESIAN_POINT('',(-11.35636173446,2.336835376066,
    13.499999582112));
#1065 = CARTESIAN_POINT('',(-12.8805624536,1.740059133921,
    13.740000344267));
#1066 = CARTESIAN_POINT('',(-13.68794236454,-4.25029772125E-08,
    13.980000009234));
#1067 = CARTESIAN_POINT('',(-12.88055607591,-1.740059080677,
    14.219999621015));
#1068 = CARTESIAN_POINT('',(-11.35636925321,-2.336835396638,
    14.460000429968));
#1069 = CARTESIAN_POINT('',(-10.02160091511,-1.910856409803,
    14.699999742132));
#1070 = CARTESIAN_POINT('',(-9.355000633183,-0.955044207914,
    14.9400000705));
#1071 = CARTESIAN_POINT('',(-9.354999919079,2.147058776821E-09,
    15.179999991009));
#1072 = CARTESIAN_POINT('',(-8.875000000003,8.992658917754E-13,
    6.059999999995));
#1073 = CARTESIAN_POINT('',(-8.874999761361,1.25663698017,6.300000397542
    ));
#1074 = CARTESIAN_POINT('',(-9.752110199962,2.514285054387,
    6.539998755374));
#1075 = CARTESIAN_POINT('',(-11.5083742733,3.074782738852,6.780002195254
    ));
#1076 = CARTESIAN_POINT('',(-13.51389486848,2.289551942268,
    7.019998149511));
#1077 = CARTESIAN_POINT('',(-14.57623979085,-1.897921553251E-08,
    7.260000091496));
#1078 = CARTESIAN_POINT('',(-13.51389275719,-2.289551880567,
    7.500001766196));
#1079 = CARTESIAN_POINT('',(-11.50837679472,-3.074782765673,
    7.739997955475));
#1080 = CARTESIAN_POINT('',(-9.752108750729,-2.514285042214,
    7.980001214777));
#1081 = CARTESIAN_POINT('',(-8.875000189189,-1.256637001614,
    8.219999692284));
#1082 = CARTESIAN_POINT('',(-8.874999785637,1.256636990696,
    8.700000353447));
#1083 = CARTESIAN_POINT('',(-9.752110162839,2.51428503829,8.939998822801
    ));
#1084 = CARTESIAN_POINT('',(-11.50837431936,3.074782758824,
    9.180002111608));
#1085 = CARTESIAN_POINT('',(-13.51389482172,2.289551921994,9.4199982344)
  );
#1086 = CARTESIAN_POINT('',(-14.57623982957,-2.19119810893E-09,
    9.660000021222));
#1087 = CARTESIAN_POINT('',(-13.51389273145,-2.289551891728,
    9.900001812909));
#1088 = CARTESIAN_POINT('',(-11.50837680796,-3.074782759935,
    10.139997931459));
#1089 = CARTESIAN_POINT('',(-9.752108745932,-2.514285044293,
    10.38000122348));
#1090 = CARTESIAN_POINT('',(-8.875000190043,-1.256637001244,
    10.619999690736));
#1091 = CARTESIAN_POINT('',(-8.874999785208,1.256636990512,
    11.10000035422));
#1092 = CARTESIAN_POINT('',(-9.752110163541,2.514285038588,
    11.339998821546));
#1093 = CARTESIAN_POINT('',(-11.50837431839,3.074782758418,
    11.580002113329));
#1094 = CARTESIAN_POINT('',(-13.5138948229,2.289551922475,
    11.819998232343));
#1095 = CARTESIAN_POINT('',(-14.57623982828,-2.699960991234E-09,
    12.060000023408));
#1096 = CARTESIAN_POINT('',(-13.5138927327,-2.289551891242,
    12.300001810835));
#1097 = CARTESIAN_POINT('',(-11.50837680687,-3.074782760347,
    12.5399979332));
#1098 = CARTESIAN_POINT('',(-9.75210874674,-2.514285043991,
    12.780001222213));
#1099 = CARTESIAN_POINT('',(-8.875000189542,-1.256637001429,
    13.019999691513));
#1100 = CARTESIAN_POINT('',(-8.874999786214,1.256636990882,
    13.500000352668));
#1101 = CARTESIAN_POINT('',(-9.752110157907,2.514285036515,
    13.73999883023));
#1102 = CARTESIAN_POINT('',(-11.50837433388,3.074782764119,
    13.980002089452));
#1103 = CARTESIAN_POINT('',(-13.51389479285,2.289551911417,
    14.219998278661));
#1104 = CARTESIAN_POINT('',(-14.57623987344,1.391698001548E-08,
    14.459999953804));
#1105 = CARTESIAN_POINT('',(-13.51389267809,-2.289551911331,
    14.700001894972));
#1106 = CARTESIAN_POINT('',(-11.50837686082,-3.074782740511,
    14.939997850121));
#1107 = CARTESIAN_POINT('',(-9.752108703127,-2.514285060024,
    15.180001289363));
#1108 = CARTESIAN_POINT('',(-8.875000218133,-1.25663699092,
    15.419999647494));
#1109 = CARTESIAN_POINT('',(-8.874999973026,-1.073223910086E-08,
    15.660000044956));
#1110 = DEFINITIONAL_REPRESENTATION('',(#1111),#1115);
#1111 = LINE('',#1112,#1113);
#1112 = CARTESIAN_POINT('',(0.678822509939,0.));
#1113 = VECTOR('',#1114,1.);
#1114 = DIRECTION('',(0.,1.));
#1115 = ( GEOMETRIC_REPRESENTATION_CONTEXT(2) 
PARAMETRIC_REPRESENTATION_CONTEXT() REPRESENTATION_CONTEXT('2D SPACE',''
  ) );
#1116 = ORIENTED_EDGE('',*,*,#751,.F.);
#1117 = ORIENTED_EDGE('',*,*,#614,.F.);
#1118 = ORIENTED_EDGE('',*,*,#1119,.T.);
#1119 = EDGE_CURVE('',#615,#1120,#1122,.T.);
#1120 = VERTEX_POINT('',#1121);
#1121 = CARTESIAN_POINT('',(-9.256966846667,-1.17557759113,13.5));
#1122 = SURFACE_CURVE('',#1123,(#1162,#1169),.PCURVE_S1.);
#1123 = B_SPLINE_CURVE_WITH_KNOTS('',10,(#1124,#1125,#1126,#1127,#1128,
    #1129,#1130,#1131,#1132,#1133,#1134,#1135,#1136,#1137,#1138,#1139,
    #1140,#1141,#1142,#1143,#1144,#1145,#1146,#1147,#1148,#1149,#1150,
    #1151,#1152,#1153,#1154,#1155,#1156,#1157,#1158,#1159,#1160,#1161),
  .UNSPECIFIED.,.F.,.F.,(11,9,9,9,11),(0.,6.725951055751,13.451902111502
    ,20.177853167253,26.903804223004),.UNSPECIFIED.);
#1124 = CARTESIAN_POINT('',(-8.874999999997,1.196260816627E-12,
    6.539999999995));
#1125 = CARTESIAN_POINT('',(-8.875000238413,1.25663696322,6.780000397542
    ));
#1126 = CARTESIAN_POINT('',(-9.752108704631,2.514285020128,
    7.019998755374));
#1127 = CARTESIAN_POINT('',(-11.50837683606,3.074782702356,
    7.260002195255));
#1128 = CARTESIAN_POINT('',(-13.51389262986,2.289551894694,
    7.499998149511));
#1129 = CARTESIAN_POINT('',(-14.57623982378,5.899459587511E-09,
    7.740000091496));
#1130 = CARTESIAN_POINT('',(-13.51389476945,-2.289551866369,
    7.980001766195));
#1131 = CARTESIAN_POINT('',(-11.50837434183,-3.074782719225,
    8.219997955476));
#1132 = CARTESIAN_POINT('',(-9.752110186571,-2.514285008641,
    8.460001214777));
#1133 = CARTESIAN_POINT('',(-8.874999819931,-1.256636984663,
    8.699999692284));
#1134 = CARTESIAN_POINT('',(-8.875000209772,1.256636973746,
    9.180000353447));
#1135 = CARTESIAN_POINT('',(-9.752108748427,2.514285004035,
    9.419998822801));
#1136 = CARTESIAN_POINT('',(-11.50837678172,3.074782722319,
    9.660002111608));
#1137 = CARTESIAN_POINT('',(-13.51389268501,2.289551874435,9.8999982344)
  );
#1138 = CARTESIAN_POINT('',(-14.57623977812,2.267259934145E-08,
    10.140000021222));
#1139 = CARTESIAN_POINT('',(-13.51389479979,-2.289551877521,
    10.380001812909));
#1140 = CARTESIAN_POINT('',(-11.50837432623,-3.074782713491,
    10.61999793146));
#1141 = CARTESIAN_POINT('',(-9.752110192221,-2.514285010719,
    10.86000122348));
#1142 = CARTESIAN_POINT('',(-8.874999818927,-1.256636984294,
    11.099999690736));
#1143 = CARTESIAN_POINT('',(-8.875000210272,1.256636973561,
    11.58000035422));
#1144 = CARTESIAN_POINT('',(-9.752108747628,2.514285004334,
    11.819998821547));
#1145 = CARTESIAN_POINT('',(-11.50837678279,3.074782721911,
    12.060002113329));
#1146 = CARTESIAN_POINT('',(-13.51389268377,2.289551874919,
    12.299998232343));
#1147 = CARTESIAN_POINT('',(-14.5762397794,2.216026675398E-08,
    12.540000023408));
#1148 = CARTESIAN_POINT('',(-13.5138947986,-2.289551877032,
    12.780001810835));
#1149 = CARTESIAN_POINT('',(-11.50837432722,-3.074782713904,
    13.0199979332));
#1150 = CARTESIAN_POINT('',(-9.752110191512,-2.514285010417,
    13.260001222213));
#1151 = CARTESIAN_POINT('',(-8.874999819357,-1.256636984479,
    13.499999691513));
#1152 = CARTESIAN_POINT('',(-8.875000209416,1.256636973932,
    13.980000352668));
#1153 = CARTESIAN_POINT('',(-9.752108752411,2.514285002263,
    14.21999883023));
#1154 = CARTESIAN_POINT('',(-11.50837676965,3.074782727601,
    14.460002089453));
#1155 = CARTESIAN_POINT('',(-13.51389270925,2.289551863885,
    14.69999827866));
#1156 = CARTESIAN_POINT('',(-14.57623974112,3.874410730114E-08,
    14.939999953806));
#1157 = CARTESIAN_POINT('',(-13.51389484488,-2.289551897091,
    15.180001894971));
#1158 = CARTESIAN_POINT('',(-11.50837428151,-3.074782694084,
    15.419997850122));
#1159 = CARTESIAN_POINT('',(-9.752110228468,-2.514285026444,
    15.660001289363));
#1160 = CARTESIAN_POINT('',(-8.874999795127,-1.25663697397,
    15.899999647494));
#1161 = CARTESIAN_POINT('',(-8.875000026974,-1.0732623596E-08,
    16.140000044956));
#1162 = PCURVE('',#631,#1163);
#1163 = DEFINITIONAL_REPRESENTATION('',(#1164),#1168);
#1164 = LINE('',#1165,#1166);
#1165 = CARTESIAN_POINT('',(0.48,0.));
#1166 = VECTOR('',#1167,1.);
#1167 = DIRECTION('',(0.,1.));
#1168 = ( GEOMETRIC_REPRESENTATION_CONTEXT(2) 
PARAMETRIC_REPRESENTATION_CONTEXT() REPRESENTATION_CONTEXT('2D SPACE',''
  ) );
#1169 = PCURVE('',#1170,#1247);
#1170 = B_SPLINE_SURFACE_WITH_KNOTS('',1,10,(
    (#1171,#1172,#1173,#1174,#1175,#1176,#1177,#1178,#1179,#1180,#1181
      ,#1182,#1183,#1184,#1185,#1186,#1187,#1188,#1189,#1190,#1191,#1192
      ,#1193,#1194,#1195,#1196,#1197,#1198,#1199,#1200,#1201,#1202,#1203
      ,#1204,#1205,#1206,#1207,#1208)
    ,(#1209,#1210,#1211,#1212,#1213,#1214,#1215,#1216,#1217,#1218,#1219
      ,#1220,#1221,#1222,#1223,#1224,#1225,#1226,#1227,#1228,#1229,#1230
      ,#1231,#1232,#1233,#1234,#1235,#1236,#1237,#1238,#1239,#1240,#1241
      ,#1242,#1243,#1244,#1245,#1246
    )),.UNSPECIFIED.,.F.,.F.,.F.,(2,2),(11,9,9,9,11),(0.,0.678822509939)
  ,(0.,6.725951055751,13.451902111502,20.177853167253,26.903804223004),
  .UNSPECIFIED.);
#1171 = CARTESIAN_POINT('',(-8.874999999997,1.194478295255E-12,
    6.539999999995));
#1172 = CARTESIAN_POINT('',(-8.875000238413,1.25663696322,6.780000397542
    ));
#1173 = CARTESIAN_POINT('',(-9.752108704631,2.514285020128,
    7.019998755374));
#1174 = CARTESIAN_POINT('',(-11.50837683606,3.074782702356,
    7.260002195255));
#1175 = CARTESIAN_POINT('',(-13.51389262986,2.289551894694,
    7.499998149511));
#1176 = CARTESIAN_POINT('',(-14.57623982378,5.899721600144E-09,
    7.740000091496));
#1177 = CARTESIAN_POINT('',(-13.51389476945,-2.28955186637,
    7.980001766195));
#1178 = CARTESIAN_POINT('',(-11.50837434183,-3.074782719225,
    8.219997955476));
#1179 = CARTESIAN_POINT('',(-9.752110186571,-2.514285008641,
    8.460001214777));
#1180 = CARTESIAN_POINT('',(-8.874999819931,-1.256636984663,
    8.699999692284));
#1181 = CARTESIAN_POINT('',(-8.875000209772,1.256636973746,
    9.180000353447));
#1182 = CARTESIAN_POINT('',(-9.752108748427,2.514285004035,
    9.419998822801));
#1183 = CARTESIAN_POINT('',(-11.50837678172,3.074782722319,
    9.660002111608));
#1184 = CARTESIAN_POINT('',(-13.51389268501,2.289551874435,9.8999982344)
  );
#1185 = CARTESIAN_POINT('',(-14.57623977812,2.267262726561E-08,
    10.140000021222));
#1186 = CARTESIAN_POINT('',(-13.51389479979,-2.289551877521,
    10.380001812909));
#1187 = CARTESIAN_POINT('',(-11.50837432623,-3.074782713491,
    10.61999793146));
#1188 = CARTESIAN_POINT('',(-9.752110192221,-2.514285010719,
    10.86000122348));
#1189 = CARTESIAN_POINT('',(-8.874999818927,-1.256636984294,
    11.099999690736));
#1190 = CARTESIAN_POINT('',(-8.875000210272,1.256636973561,
    11.58000035422));
#1191 = CARTESIAN_POINT('',(-9.752108747628,2.514285004334,
    11.819998821547));
#1192 = CARTESIAN_POINT('',(-11.50837678279,3.074782721911,
    12.060002113329));
#1193 = CARTESIAN_POINT('',(-13.51389268377,2.289551874919,
    12.299998232343));
#1194 = CARTESIAN_POINT('',(-14.5762397794,2.216012975182E-08,
    12.540000023408));
#1195 = CARTESIAN_POINT('',(-13.5138947986,-2.289551877032,
    12.780001810835));
#1196 = CARTESIAN_POINT('',(-11.50837432722,-3.074782713904,
    13.0199979332));
#1197 = CARTESIAN_POINT('',(-9.752110191512,-2.514285010417,
    13.260001222213));
#1198 = CARTESIAN_POINT('',(-8.874999819357,-1.256636984479,
    13.499999691513));
#1199 = CARTESIAN_POINT('',(-8.875000209416,1.256636973932,
    13.980000352668));
#1200 = CARTESIAN_POINT('',(-9.752108752411,2.514285002263,
    14.21999883023));
#1201 = CARTESIAN_POINT('',(-11.50837676965,3.074782727601,
    14.460002089453));
#1202 = CARTESIAN_POINT('',(-13.51389270925,2.289551863885,
    14.69999827866));
#1203 = CARTESIAN_POINT('',(-14.57623974112,3.874426262843E-08,
    14.939999953806));
#1204 = CARTESIAN_POINT('',(-13.51389484488,-2.289551897091,
    15.180001894971));
#1205 = CARTESIAN_POINT('',(-11.50837428151,-3.074782694084,
    15.419997850122));
#1206 = CARTESIAN_POINT('',(-9.752110228468,-2.514285026444,
    15.660001289363));
#1207 = CARTESIAN_POINT('',(-8.874999795127,-1.25663697397,
    15.899999647494));
#1208 = CARTESIAN_POINT('',(-8.875000026974,-1.073262264533E-08,
    16.140000044956));
#1209 = CARTESIAN_POINT('',(-9.354999999992,2.343889941756E-13,
    7.020000000001));
#1210 = CARTESIAN_POINT('',(-9.3550007156,0.955044159215,7.259999920491)
  );
#1211 = CARTESIAN_POINT('',(-10.02160096282,1.910856309237,
    7.500000248928));
#1212 = CARTESIAN_POINT('',(-11.35636923166,2.336835271599,
    7.739999560943));
#1213 = CARTESIAN_POINT('',(-12.88055597065,1.740058985095,
    7.980000370107));
#1214 = CARTESIAN_POINT('',(-13.68794221543,3.862953512623E-08,
    8.219999981693));
#1215 = CARTESIAN_POINT('',(-12.88056234413,-1.740059044168,
    8.459999646766));
#1216 = CARTESIAN_POINT('',(-11.35636170548,-2.336835252297,
    8.700000408903));
#1217 = CARTESIAN_POINT('',(-10.02160535631,-1.910856312633,
    8.939999757045));
#1218 = CARTESIAN_POINT('',(-9.3549994452,-0.955044154925,9.180000061543
    ));
#1219 = CARTESIAN_POINT('',(-9.355000636663,0.955044157109,
    9.659999929311));
#1220 = CARTESIAN_POINT('',(-10.02160108353,1.910856312464,
    9.900000235439));
#1221 = CARTESIAN_POINT('',(-11.3563690819,2.336835267587,
    10.139999577679));
#1222 = CARTESIAN_POINT('',(-12.88055612267,1.740058989176,
    10.380000353119));
#1223 = CARTESIAN_POINT('',(-13.68794208957,3.524514942632E-08,
    10.619999995757));
#1224 = CARTESIAN_POINT('',(-12.8805624278,-1.740059041918,
    10.859999637416));
#1225 = CARTESIAN_POINT('',(-11.35636166246,-2.336835253452,
    11.100000413709));
#1226 = CARTESIAN_POINT('',(-10.02160537189,-1.910856312216,
    11.339999755304));
#1227 = CARTESIAN_POINT('',(-9.354999442428,-0.955044154999,
    11.580000061853));
#1228 = CARTESIAN_POINT('',(-9.355000638047,0.955044157146,
    12.059999929156));
#1229 = CARTESIAN_POINT('',(-10.02160108129,1.910856312404,
    12.300000235689));
#1230 = CARTESIAN_POINT('',(-11.35636908496,2.336835267667,
    12.539999577339));
#1231 = CARTESIAN_POINT('',(-12.88055611904,1.740058989081,
    12.780000353524));
#1232 = CARTESIAN_POINT('',(-13.68794209342,3.534552128551E-08,
    13.019999995327));
#1233 = CARTESIAN_POINT('',(-12.88056242412,-1.740059042014,
    13.259999637826));
#1234 = CARTESIAN_POINT('',(-11.35636166558,-2.33683525337,
    13.500000413364));
#1235 = CARTESIAN_POINT('',(-10.02160536961,-1.910856312276,
    13.739999755556));
#1236 = CARTESIAN_POINT('',(-9.354999443833,-0.955044154962,
    13.980000061698));
#1237 = CARTESIAN_POINT('',(-9.355000635239,0.955044157072,
    14.459999929467));
#1238 = CARTESIAN_POINT('',(-10.021601097,1.910856312822,14.700000233952
    ));
#1239 = CARTESIAN_POINT('',(-11.35636904178,2.336835266512,
    14.939999582113));
#1240 = CARTESIAN_POINT('',(-12.88055620278,1.740058991325,
    15.180000344266));
#1241 = CARTESIAN_POINT('',(-13.68794196756,3.197917211837E-08,
    15.420000009236));
#1242 = CARTESIAN_POINT('',(-12.8805625763,-1.74005903796,
    15.659999621012));
#1243 = CARTESIAN_POINT('',(-11.35636151527,-2.336835257357,
    15.900000429969));
#1244 = CARTESIAN_POINT('',(-10.02160549113,-1.910856309064,
    16.139999742131));
#1245 = CARTESIAN_POINT('',(-9.354999364165,-0.955044157064,
    16.3800000705));
#1246 = CARTESIAN_POINT('',(-9.355000080921,2.145907584223E-09,
    16.619999991009));
#1247 = DEFINITIONAL_REPRESENTATION('',(#1248),#1251);
#1248 = B_SPLINE_CURVE_WITH_KNOTS('',1,(#1249,#1250),.UNSPECIFIED.,.F.,
  .F.,(2,2),(0.,26.903804223004),.PIECEWISE_BEZIER_KNOTS.);
#1249 = CARTESIAN_POINT('',(0.,0.));
#1250 = CARTESIAN_POINT('',(0.,26.903804223004));
#1251 = ( GEOMETRIC_REPRESENTATION_CONTEXT(2) 
PARAMETRIC_REPRESENTATION_CONTEXT() REPRESENTATION_CONTEXT('2D SPACE',''
  ) );
#1252 = ORIENTED_EDGE('',*,*,#1253,.T.);
#1253 = EDGE_CURVE('',#1120,#984,#1254,.T.);
#1254 = SURFACE_CURVE('',#1255,(#1278,#1304),.PCURVE_S1.);
#1255 = B_SPLINE_CURVE_WITH_KNOTS('',5,(#1256,#1257,#1258,#1259,#1260,
    #1261,#1262,#1263,#1264,#1265,#1266,#1267,#1268,#1269,#1270,#1271,
    #1272,#1273,#1274,#1275,#1276,#1277),.UNSPECIFIED.,.F.,.F.,(6,4,4,4,
    4,6),(0.,0.183994783347,0.367997541431,0.500001888697,0.816005309903
    ,1.),.UNSPECIFIED.);
#1256 = CARTESIAN_POINT('',(-9.256966846667,-1.17557759113,13.5));
#1257 = CARTESIAN_POINT('',(-9.202602489007,-1.100757776717,13.5));
#1258 = CARTESIAN_POINT('',(-9.15256284182,-1.022794687552,13.5));
#1259 = CARTESIAN_POINT('',(-9.107091726676,-0.942023339314,13.5));
#1260 = CARTESIAN_POINT('',(-9.066391296838,-0.858802270293,13.5));
#1261 = CARTESIAN_POINT('',(-8.994851227377,-0.688221115882,13.5));
#1262 = CARTESIAN_POINT('',(-8.96401141419,-0.600859461058,13.5));
#1263 = CARTESIAN_POINT('',(-8.938262793892,-0.511810819678,13.5));
#1264 = CARTESIAN_POINT('',(-8.917719431013,-0.421470882257,13.5));
#1265 = CARTESIAN_POINT('',(-8.89149437283,-0.264805674909,13.5));
#1266 = CARTESIAN_POINT('',(-8.883253344743,-0.198908031172,13.5));
#1267 = CARTESIAN_POINT('',(-8.87775108695,-0.1327064829,13.5));
#1268 = CARTESIAN_POINT('',(-8.875000005784,-6.635284478014E-02,13.5));
#1269 = CARTESIAN_POINT('',(-8.874999989996,0.158840773168,13.5));
#1270 = CARTESIAN_POINT('',(-8.890766260189,0.317695007649,13.5));
#1271 = CARTESIAN_POINT('',(-8.922298969031,0.474444105854,13.5));
#1272 = CARTESIAN_POINT('',(-8.96918969415,0.627033377453,13.5));
#1273 = CARTESIAN_POINT('',(-9.066391174345,0.858802056628,13.5));
#1274 = CARTESIAN_POINT('',(-9.107091592524,0.942023132233,13.5));
#1275 = CARTESIAN_POINT('',(-9.152562696413,1.022794487752,13.5));
#1276 = CARTESIAN_POINT('',(-9.202602332796,1.100757584864,13.5));
#1277 = CARTESIAN_POINT('',(-9.256966680152,1.175577407854,13.5));
#1278 = PCURVE('',#631,#1279);
#1279 = DEFINITIONAL_REPRESENTATION('',(#1280),#1303);
#1280 = B_SPLINE_CURVE_WITH_KNOTS('',5,(#1281,#1282,#1283,#1284,#1285,
    #1286,#1287,#1288,#1289,#1290,#1291,#1292,#1293,#1294,#1295,#1296,
    #1297,#1298,#1299,#1300,#1301,#1302),.UNSPECIFIED.,.F.,.F.,(6,4,4,4,
    4,6),(0.,0.183994783347,0.367997541431,0.500001888697,0.816005309903
    ,1.),.UNSPECIFIED.);
#1281 = CARTESIAN_POINT('',(0.48,19.505257987869));
#1282 = CARTESIAN_POINT('',(0.462335916959,19.554761232154));
#1283 = CARTESIAN_POINT('',(0.444671772997,19.604264649891));
#1284 = CARTESIAN_POINT('',(0.427007667239,19.653767963129));
#1285 = CARTESIAN_POINT('',(0.409343705448,19.703270874315));
#1286 = CARTESIAN_POINT('',(0.37401552902,19.80227740382));
#1287 = CARTESIAN_POINT('',(0.356351220365,19.851781285516));
#1288 = CARTESIAN_POINT('',(0.338687214708,19.901284315161));
#1289 = CARTESIAN_POINT('',(0.321023517685,19.950786472859));
#1290 = CARTESIAN_POINT('',(0.290688118497,20.035800799939));
#1291 = CARTESIAN_POINT('',(0.278016291124,20.071313326538));
#1292 = CARTESIAN_POINT('',(0.265344459393,20.106825856248));
#1293 = CARTESIAN_POINT('',(0.252672454982,20.142338857609));
#1294 = CARTESIAN_POINT('',(0.209663580281,20.26287018584));
#1295 = CARTESIAN_POINT('',(0.179328058315,20.347884843689));
#1296 = CARTESIAN_POINT('',(0.148994428373,20.432894236509));
#1297 = CARTESIAN_POINT('',(0.118656698122,20.517915134739));
#1298 = CARTESIAN_POINT('',(7.065629454012E-02,20.652435334658));
#1299 = CARTESIAN_POINT('',(5.299233271127E-02,20.701938245795));
#1300 = CARTESIAN_POINT('',(3.532822694303E-02,20.751441558937));
#1301 = CARTESIAN_POINT('',(1.766408299846E-02,20.800944976533));
#1302 = CARTESIAN_POINT('',(0.,20.850448220629));
#1303 = ( GEOMETRIC_REPRESENTATION_CONTEXT(2) 
PARAMETRIC_REPRESENTATION_CONTEXT() REPRESENTATION_CONTEXT('2D SPACE',''
  ) );
#1304 = PCURVE('',#1305,#1310);
#1305 = PLANE('',#1306);
#1306 = AXIS2_PLACEMENT_3D('',#1307,#1308,#1309);
#1307 = CARTESIAN_POINT('',(-10.875,0.,13.5));
#1308 = DIRECTION('',(0.,0.,1.));
#1309 = DIRECTION('',(1.,0.,-0.));
#1310 = DEFINITIONAL_REPRESENTATION('',(#1311),#1334);
#1311 = B_SPLINE_CURVE_WITH_KNOTS('',5,(#1312,#1313,#1314,#1315,#1316,
    #1317,#1318,#1319,#1320,#1321,#1322,#1323,#1324,#1325,#1326,#1327,
    #1328,#1329,#1330,#1331,#1332,#1333),.UNSPECIFIED.,.F.,.F.,(6,4,4,4,
    4,6),(0.,0.183994783347,0.367997541431,0.500001888697,0.816005309903
    ,1.),.UNSPECIFIED.);
#1312 = CARTESIAN_POINT('',(1.618033153333,-1.17557759113));
#1313 = CARTESIAN_POINT('',(1.672397510993,-1.100757776717));
#1314 = CARTESIAN_POINT('',(1.72243715818,-1.022794687552));
#1315 = CARTESIAN_POINT('',(1.767908273324,-0.942023339314));
#1316 = CARTESIAN_POINT('',(1.808608703162,-0.858802270293));
#1317 = CARTESIAN_POINT('',(1.880148772623,-0.688221115882));
#1318 = CARTESIAN_POINT('',(1.91098858581,-0.600859461058));
#1319 = CARTESIAN_POINT('',(1.936737206108,-0.511810819678));
#1320 = CARTESIAN_POINT('',(1.957280568987,-0.421470882257));
#1321 = CARTESIAN_POINT('',(1.98350562717,-0.264805674909));
#1322 = CARTESIAN_POINT('',(1.991746655257,-0.198908031172));
#1323 = CARTESIAN_POINT('',(1.99724891305,-0.1327064829));
#1324 = CARTESIAN_POINT('',(1.999999994216,-6.635284478014E-02));
#1325 = CARTESIAN_POINT('',(2.000000010004,0.158840773168));
#1326 = CARTESIAN_POINT('',(1.984233739811,0.317695007649));
#1327 = CARTESIAN_POINT('',(1.952701030969,0.474444105854));
#1328 = CARTESIAN_POINT('',(1.90581030585,0.627033377453));
#1329 = CARTESIAN_POINT('',(1.808608825655,0.858802056628));
#1330 = CARTESIAN_POINT('',(1.767908407476,0.942023132233));
#1331 = CARTESIAN_POINT('',(1.722437303587,1.022794487752));
#1332 = CARTESIAN_POINT('',(1.672397667204,1.100757584864));
#1333 = CARTESIAN_POINT('',(1.618033319848,1.175577407854));
#1334 = ( GEOMETRIC_REPRESENTATION_CONTEXT(2) 
PARAMETRIC_REPRESENTATION_CONTEXT() REPRESENTATION_CONTEXT('2D SPACE',''
  ) );
#1335 = ADVANCED_FACE('',(#1336),#739,.T.);
#1336 = FACE_BOUND('',#1337,.T.);
#1337 = EDGE_LOOP('',(#1338,#1406,#1407,#1475));
#1338 = ORIENTED_EDGE('',*,*,#1339,.F.);
#1339 = EDGE_CURVE('',#723,#1340,#1342,.T.);
#1340 = VERTEX_POINT('',#1341);
#1341 = CARTESIAN_POINT('',(-11.04229512149,1.591229820712,8.7));
#1342 = SURFACE_CURVE('',#1343,(#1362,#1384),.PCURVE_S1.);
#1343 = B_SPLINE_CURVE_WITH_KNOTS('',5,(#1344,#1345,#1346,#1347,#1348,
    #1349,#1350,#1351,#1352,#1353,#1354,#1355,#1356,#1357,#1358,#1359,
    #1360,#1361),.UNSPECIFIED.,.F.,.F.,(6,4,4,4,6),(0.,0.270148290197,
    0.527513611403,0.768663617379,1.),.UNSPECIFIED.);
#1344 = CARTESIAN_POINT('',(-9.256966680151,1.175577407854,8.7));
#1345 = CARTESIAN_POINT('',(-9.349325893521,1.262262538188,8.7));
#1346 = CARTESIAN_POINT('',(-9.448325560841,1.341195124179,8.7));
#1347 = CARTESIAN_POINT('',(-9.553180253548,1.411561125317,8.7));
#1348 = CARTESIAN_POINT('',(-9.662953831448,1.472653958763,8.7));
#1349 = CARTESIAN_POINT('',(-9.88477033126,1.572761573194,8.7));
#1350 = CARTESIAN_POINT('',(-9.996465052163,1.612686530662,8.7));
#1351 = CARTESIAN_POINT('',(-10.11068327711,1.643217792704,8.7));
#1352 = CARTESIAN_POINT('',(-10.22637248575,1.664020041881,8.7));
#1353 = CARTESIAN_POINT('',(-10.45108720226,1.685185950042,8.7));
#1354 = CARTESIAN_POINT('',(-10.56007808618,1.686755249936,8.7));
#1355 = CARTESIAN_POINT('',(-10.66841096256,1.679535888383,8.7));
#1356 = CARTESIAN_POINT('',(-10.7750955361,1.663559168547,8.7));
#1357 = CARTESIAN_POINT('',(-10.97890615659,1.615526958441,8.7));
#1358 = CARTESIAN_POINT('',(-11.07624896136,1.584151219472,8.7));
#1359 = CARTESIAN_POINT('',(-11.17024893953,1.545111799922,8.7));
#1360 = CARTESIAN_POINT('',(-11.26001728265,1.498757576837,8.7));
#1361 = CARTESIAN_POINT('',(-11.34470558098,1.445619102899,8.7));
#1362 = PCURVE('',#739,#1363);
#1363 = DEFINITIONAL_REPRESENTATION('',(#1364),#1383);
#1364 = B_SPLINE_CURVE_WITH_KNOTS('',5,(#1365,#1366,#1367,#1368,#1369,
    #1370,#1371,#1372,#1373,#1374,#1375,#1376,#1377,#1378,#1379,#1380,
    #1381,#1382),.UNSPECIFIED.,.F.,.F.,(6,4,4,4,6),(0.,0.270148290197,
    0.527513611403,0.768663617379,1.),.UNSPECIFIED.);
#1365 = CARTESIAN_POINT('',(1.618033319849,1.175577407854));
#1366 = CARTESIAN_POINT('',(1.525674106479,1.262262538188));
#1367 = CARTESIAN_POINT('',(1.426674439159,1.341195124179));
#1368 = CARTESIAN_POINT('',(1.321819746452,1.411561125317));
#1369 = CARTESIAN_POINT('',(1.212046168552,1.472653958763));
#1370 = CARTESIAN_POINT('',(0.99022966874,1.572761573194));
#1371 = CARTESIAN_POINT('',(0.878534947837,1.612686530662));
#1372 = CARTESIAN_POINT('',(0.764316722885,1.643217792704));
#1373 = CARTESIAN_POINT('',(0.648627514248,1.664020041881));
#1374 = CARTESIAN_POINT('',(0.423912797732,1.685185950042));
#1375 = CARTESIAN_POINT('',(0.314921913817,1.686755249936));
#1376 = CARTESIAN_POINT('',(0.206589037436,1.679535888383));
#1377 = CARTESIAN_POINT('',(9.990446389775E-02,1.663559168547));
#1378 = CARTESIAN_POINT('',(-0.103906156598,1.615526958441));
#1379 = CARTESIAN_POINT('',(-0.201248961366,1.584151219472));
#1380 = CARTESIAN_POINT('',(-0.295248939539,1.545111799922));
#1381 = CARTESIAN_POINT('',(-0.385017282654,1.498757576837));
#1382 = CARTESIAN_POINT('',(-0.46970558098,1.445619102899));
#1383 = ( GEOMETRIC_REPRESENTATION_CONTEXT(2) 
PARAMETRIC_REPRESENTATION_CONTEXT() REPRESENTATION_CONTEXT('2D SPACE',''
  ) );
#1384 = PCURVE('',#1033,#1385);
#1385 = DEFINITIONAL_REPRESENTATION('',(#1386),#1405);
#1386 = B_SPLINE_CURVE_WITH_KNOTS('',5,(#1387,#1388,#1389,#1390,#1391,
    #1392,#1393,#1394,#1395,#1396,#1397,#1398,#1399,#1400,#1401,#1402,
    #1403,#1404),.UNSPECIFIED.,.F.,.F.,(6,4,4,4,6),(0.,0.270148290197,
    0.527513611403,0.768663617379,1.),.UNSPECIFIED.);
#1387 = CARTESIAN_POINT('',(0.678822509939,7.398546109127));
#1388 = CARTESIAN_POINT('',(0.645216661812,7.465141235468));
#1389 = CARTESIAN_POINT('',(0.611252309762,7.532446784779));
#1390 = CARTESIAN_POINT('',(0.576919082567,7.600483309718));
#1391 = CARTESIAN_POINT('',(0.542199663407,7.669285128933));
#1392 = CARTESIAN_POINT('',(0.47362295087,7.805180329854));
#1393 = CARTESIAN_POINT('',(0.43980104698,7.87220358209));
#1394 = CARTESIAN_POINT('',(0.405603871967,7.939970491208));
#1395 = CARTESIAN_POINT('',(0.371013830561,8.008515926146));
#1396 = CARTESIAN_POINT('',(0.303225422257,8.142848984007));
#1397 = CARTESIAN_POINT('',(0.27007523023,8.208541140906));
#1398 = CARTESIAN_POINT('',(0.236556097177,8.274964412271));
#1399 = CARTESIAN_POINT('',(0.20265136737,8.342151803605));
#1400 = CARTESIAN_POINT('',(0.135440577091,8.475340232993));
#1401 = CARTESIAN_POINT('',(0.102164820951,8.541281218341));
#1402 = CARTESIAN_POINT('',(6.851014332898E-02,8.60797309449));
#1403 = CARTESIAN_POINT('',(3.445957981606E-02,8.67544947839));
#1404 = CARTESIAN_POINT('',(0.,8.743736389638));
#1405 = ( GEOMETRIC_REPRESENTATION_CONTEXT(2) 
PARAMETRIC_REPRESENTATION_CONTEXT() REPRESENTATION_CONTEXT('2D SPACE',''
  ) );
#1406 = ORIENTED_EDGE('',*,*,#722,.T.);
#1407 = ORIENTED_EDGE('',*,*,#1408,.F.);
#1408 = EDGE_CURVE('',#1409,#615,#1411,.T.);
#1409 = VERTEX_POINT('',#1410);
#1410 = CARTESIAN_POINT('',(-11.0422948218,-1.591229852221,8.7));
#1411 = SURFACE_CURVE('',#1412,(#1431,#1453),.PCURVE_S1.);
#1412 = B_SPLINE_CURVE_WITH_KNOTS('',5,(#1413,#1414,#1415,#1416,#1417,
    #1418,#1419,#1420,#1421,#1422,#1423,#1424,#1425,#1426,#1427,#1428,
    #1429,#1430),.UNSPECIFIED.,.F.,.F.,(6,4,4,4,6),(0.,0.231336376327,
    0.472486376838,0.730896111702,1.),.UNSPECIFIED.);
#1413 = CARTESIAN_POINT('',(-11.34470551989,-1.445619037649,8.7));
#1414 = CARTESIAN_POINT('',(-11.2600172368,-1.498757507039,8.7));
#1415 = CARTESIAN_POINT('',(-11.17024890966,-1.545111727534,8.7));
#1416 = CARTESIAN_POINT('',(-11.07624894791,-1.584151146568,8.7));
#1417 = CARTESIAN_POINT('',(-10.97890615973,-1.615526887148,8.7));
#1418 = CARTESIAN_POINT('',(-10.77509557233,-1.663559104986,8.7));
#1419 = CARTESIAN_POINT('',(-10.66841101526,-1.679535831049,8.7));
#1420 = CARTESIAN_POINT('',(-10.56007815485,-1.686755201047,8.7));
#1421 = CARTESIAN_POINT('',(-10.45108728607,-1.685185911736,8.7));
#1422 = CARTESIAN_POINT('',(-10.2259018078,-1.663975685806,8.7));
#1423 = CARTESIAN_POINT('',(-10.1097444272,-1.643048791585,8.7));
#1424 = CARTESIAN_POINT('',(-9.995074717958,-1.612314372275,8.7));
#1425 = CARTESIAN_POINT('',(-9.882957653903,-1.572112606856,8.7));
#1426 = CARTESIAN_POINT('',(-9.661256851482,-1.471708448457,8.7));
#1427 = CARTESIAN_POINT('',(-9.551964521838,-1.410744703107,8.7));
#1428 = CARTESIAN_POINT('',(-9.447560325133,-1.340584801928,8.7));
#1429 = CARTESIAN_POINT('',(-9.348969000439,-1.261927568743,8.7));
#1430 = CARTESIAN_POINT('',(-9.256966846666,-1.175577591128,8.7));
#1431 = PCURVE('',#739,#1432);
#1432 = DEFINITIONAL_REPRESENTATION('',(#1433),#1452);
#1433 = B_SPLINE_CURVE_WITH_KNOTS('',5,(#1434,#1435,#1436,#1437,#1438,
    #1439,#1440,#1441,#1442,#1443,#1444,#1445,#1446,#1447,#1448,#1449,
    #1450,#1451),.UNSPECIFIED.,.F.,.F.,(6,4,4,4,6),(0.,0.231336376327,
    0.472486376838,0.730896111702,1.),.UNSPECIFIED.);
#1434 = CARTESIAN_POINT('',(-0.469705519895,-1.445619037649));
#1435 = CARTESIAN_POINT('',(-0.385017236804,-1.498757507039));
#1436 = CARTESIAN_POINT('',(-0.295248909664,-1.545111727534));
#1437 = CARTESIAN_POINT('',(-0.201248947919,-1.584151146568));
#1438 = CARTESIAN_POINT('',(-0.103906159734,-1.615526887148));
#1439 = CARTESIAN_POINT('',(9.990442766996E-02,-1.663559104986));
#1440 = CARTESIAN_POINT('',(0.206588984733,-1.679535831049));
#1441 = CARTESIAN_POINT('',(0.314921845149,-1.686755201047));
#1442 = CARTESIAN_POINT('',(0.423912713923,-1.685185911736));
#1443 = CARTESIAN_POINT('',(0.649098192191,-1.663975685806));
#1444 = CARTESIAN_POINT('',(0.765255572796,-1.643048791585));
#1445 = CARTESIAN_POINT('',(0.879925282042,-1.612314372275));
#1446 = CARTESIAN_POINT('',(0.992042346097,-1.572112606856));
#1447 = CARTESIAN_POINT('',(1.213743148518,-1.471708448457));
#1448 = CARTESIAN_POINT('',(1.323035478162,-1.410744703107));
#1449 = CARTESIAN_POINT('',(1.427439674867,-1.340584801928));
#1450 = CARTESIAN_POINT('',(1.526030999561,-1.261927568743));
#1451 = CARTESIAN_POINT('',(1.618033153334,-1.175577591128));
#1452 = ( GEOMETRIC_REPRESENTATION_CONTEXT(2) 
PARAMETRIC_REPRESENTATION_CONTEXT() REPRESENTATION_CONTEXT('2D SPACE',''
  ) );
#1453 = PCURVE('',#1170,#1454);
#1454 = DEFINITIONAL_REPRESENTATION('',(#1455),#1474);
#1455 = B_SPLINE_CURVE_WITH_KNOTS('',5,(#1456,#1457,#1458,#1459,#1460,
    #1461,#1462,#1463,#1464,#1465,#1466,#1467,#1468,#1469,#1470,#1471,
    #1472,#1473),.UNSPECIFIED.,.F.,.F.,(6,4,4,4,6),(0.,0.231336376327,
    0.472486376838,0.730896111702,1.),.UNSPECIFIED.);
#1456 = CARTESIAN_POINT('',(0.678822509939,4.708165747065));
#1457 = CARTESIAN_POINT('',(0.644362930034,4.776452650816));
#1458 = CARTESIAN_POINT('',(0.610312366473,4.843929027226));
#1459 = CARTESIAN_POINT('',(0.576657688842,4.910620895896));
#1460 = CARTESIAN_POINT('',(0.54338193273,4.976561873774));
#1461 = CARTESIAN_POINT('',(0.476171142425,5.109750288236));
#1462 = CARTESIAN_POINT('',(0.442266412572,5.176937672107));
#1463 = CARTESIAN_POINT('',(0.408747279513,5.243360936017));
#1464 = CARTESIAN_POINT('',(0.375597087518,5.309053085469));
#1465 = CARTESIAN_POINT('',(0.307666658578,5.44366756374));
#1466 = CARTESIAN_POINT('',(0.272937897947,5.512487884219));
#1467 = CARTESIAN_POINT('',(0.238605149553,5.580523444996));
#1468 = CARTESIAN_POINT('',(0.204650585685,5.647809575637));
#1469 = CARTESIAN_POINT('',(0.136085965671,5.783680798213));
#1470 = CARTESIAN_POINT('',(0.101505229019,5.852207789266));
#1471 = CARTESIAN_POINT('',(6.730757910964E-02,5.919975639575));
#1472 = CARTESIAN_POINT('',(3.347592716582E-02,5.987018215824));
#1473 = CARTESIAN_POINT('',(0.,6.053355876368));
#1474 = ( GEOMETRIC_REPRESENTATION_CONTEXT(2) 
PARAMETRIC_REPRESENTATION_CONTEXT() REPRESENTATION_CONTEXT('2D SPACE',''
  ) );
#1475 = ORIENTED_EDGE('',*,*,#1476,.F.);
#1476 = EDGE_CURVE('',#1340,#1409,#1477,.T.);
#1477 = SURFACE_CURVE('',#1478,(#1483,#1490),.PCURVE_S1.);
#1478 = CIRCLE('',#1479,1.6);
#1479 = AXIS2_PLACEMENT_3D('',#1480,#1481,#1482);
#1480 = CARTESIAN_POINT('',(-10.875,0.,8.7));
#1481 = DIRECTION('',(0.,0.,1.));
#1482 = DIRECTION('',(1.,0.,-0.));
#1483 = PCURVE('',#739,#1484);
#1484 = DEFINITIONAL_REPRESENTATION('',(#1485),#1489);
#1485 = CIRCLE('',#1486,1.6);
#1486 = AXIS2_PLACEMENT_2D('',#1487,#1488);
#1487 = CARTESIAN_POINT('',(0.,0.));
#1488 = DIRECTION('',(1.,0.));
#1489 = ( GEOMETRIC_REPRESENTATION_CONTEXT(2) 
PARAMETRIC_REPRESENTATION_CONTEXT() REPRESENTATION_CONTEXT('2D SPACE',''
  ) );
#1490 = PCURVE('',#1491,#1496);
#1491 = CYLINDRICAL_SURFACE('',#1492,1.6);
#1492 = AXIS2_PLACEMENT_3D('',#1493,#1494,#1495);
#1493 = CARTESIAN_POINT('',(-10.875,0.,8.7));
#1494 = DIRECTION('',(0.,0.,1.));
#1495 = DIRECTION('',(1.,0.,-0.));
#1496 = DEFINITIONAL_REPRESENTATION('',(#1497),#1501);
#1497 = LINE('',#1498,#1499);
#1498 = CARTESIAN_POINT('',(0.,0.));
#1499 = VECTOR('',#1500,1.);
#1500 = DIRECTION('',(1.,0.));
#1501 = ( GEOMETRIC_REPRESENTATION_CONTEXT(2) 
PARAMETRIC_REPRESENTATION_CONTEXT() REPRESENTATION_CONTEXT('2D SPACE',''
  ) );
#1502 = ADVANCED_FACE('',(#1503),#827,.F.);
#1503 = FACE_BOUND('',#1504,.F.);
#1504 = EDGE_LOOP('',(#1505,#1639,#1640,#1641,#1775));
#1505 = ORIENTED_EDGE('',*,*,#1506,.F.);
#1506 = EDGE_CURVE('',#919,#1507,#1509,.T.);
#1507 = VERTEX_POINT('',#1508);
#1508 = CARTESIAN_POINT('',(12.493033319848,1.175577407854,13.5));
#1509 = SURFACE_CURVE('',#1510,(#1549,#1555),.PCURVE_S1.);
#1510 = B_SPLINE_CURVE_WITH_KNOTS('',10,(#1511,#1512,#1513,#1514,#1515,
    #1516,#1517,#1518,#1519,#1520,#1521,#1522,#1523,#1524,#1525,#1526,
    #1527,#1528,#1529,#1530,#1531,#1532,#1533,#1534,#1535,#1536,#1537,
    #1538,#1539,#1540,#1541,#1542,#1543,#1544,#1545,#1546,#1547,#1548),
  .UNSPECIFIED.,.F.,.F.,(11,9,9,9,11),(0.,6.725951055751,13.451902111502
    ,20.177853167253,26.903804223004),.UNSPECIFIED.);
#1511 = CARTESIAN_POINT('',(12.874999999997,8.992658917754E-13,
    6.059999999995));
#1512 = CARTESIAN_POINT('',(12.875000238639,1.25663698017,6.300000397542
    ));
#1513 = CARTESIAN_POINT('',(11.997889800038,2.514285054387,
    6.539998755374));
#1514 = CARTESIAN_POINT('',(10.241625726692,3.074782738852,
    6.780002195254));
#1515 = CARTESIAN_POINT('',(8.236105131519,2.289551942268,7.019998149511
    ));
#1516 = CARTESIAN_POINT('',(7.173760209148,-1.897921553251E-08,
    7.260000091496));
#1517 = CARTESIAN_POINT('',(8.236107242806,-2.289551880567,
    7.500001766196));
#1518 = CARTESIAN_POINT('',(10.241623205271,-3.074782765673,
    7.739997955475));
#1519 = CARTESIAN_POINT('',(11.997891249271,-2.514285042214,
    7.980001214777));
#1520 = CARTESIAN_POINT('',(12.874999810811,-1.256637001614,
    8.219999692284));
#1521 = CARTESIAN_POINT('',(12.875000214363,1.256636990696,
    8.700000353447));
#1522 = CARTESIAN_POINT('',(11.997889837161,2.51428503829,8.939998822801
    ));
#1523 = CARTESIAN_POINT('',(10.241625680632,3.074782758824,
    9.180002111608));
#1524 = CARTESIAN_POINT('',(8.236105178276,2.289551921994,9.4199982344)
  );
#1525 = CARTESIAN_POINT('',(7.173760170428,-2.19119810893E-09,
    9.660000021222));
#1526 = CARTESIAN_POINT('',(8.23610726855,-2.289551891728,9.900001812909
    ));
#1527 = CARTESIAN_POINT('',(10.241623192035,-3.074782759935,
    10.139997931459));
#1528 = CARTESIAN_POINT('',(11.997891254068,-2.514285044293,
    10.38000122348));
#1529 = CARTESIAN_POINT('',(12.874999809957,-1.256637001244,
    10.619999690736));
#1530 = CARTESIAN_POINT('',(12.875000214792,1.256636990512,
    11.10000035422));
#1531 = CARTESIAN_POINT('',(11.997889836459,2.514285038588,
    11.339998821546));
#1532 = CARTESIAN_POINT('',(10.241625681607,3.074782758418,
    11.580002113329));
#1533 = CARTESIAN_POINT('',(8.236105177093,2.289551922475,
    11.819998232343));
#1534 = CARTESIAN_POINT('',(7.173760171713,-2.699960991234E-09,
    12.060000023408));
#1535 = CARTESIAN_POINT('',(8.236107267294,-2.289551891242,
    12.300001810835));
#1536 = CARTESIAN_POINT('',(10.241623193121,-3.074782760347,
    12.5399979332));
#1537 = CARTESIAN_POINT('',(11.99789125326,-2.514285043991,
    12.780001222213));
#1538 = CARTESIAN_POINT('',(12.874999810458,-1.256637001429,
    13.019999691513));
#1539 = CARTESIAN_POINT('',(12.875000213786,1.256636990882,
    13.500000352668));
#1540 = CARTESIAN_POINT('',(11.997889842093,2.514285036515,
    13.73999883023));
#1541 = CARTESIAN_POINT('',(10.241625666118,3.074782764119,
    13.980002089452));
#1542 = CARTESIAN_POINT('',(8.236105207141,2.289551911417,
    14.219998278661));
#1543 = CARTESIAN_POINT('',(7.173760126551,1.391698001548E-08,
    14.459999953804));
#1544 = CARTESIAN_POINT('',(8.236107321908,-2.289551911331,
    14.700001894972));
#1545 = CARTESIAN_POINT('',(10.241623139173,-3.074782740511,
    14.939997850121));
#1546 = CARTESIAN_POINT('',(11.997891296873,-2.514285060024,
    15.180001289363));
#1547 = CARTESIAN_POINT('',(12.874999781867,-1.25663699092,
    15.419999647494));
#1548 = CARTESIAN_POINT('',(12.875000026974,-1.073223910086E-08,
    15.660000044956));
#1549 = PCURVE('',#827,#1550);
#1550 = DEFINITIONAL_REPRESENTATION('',(#1551),#1554);
#1551 = B_SPLINE_CURVE_WITH_KNOTS('',1,(#1552,#1553),.UNSPECIFIED.,.F.,
  .F.,(2,2),(0.,26.903804223004),.PIECEWISE_BEZIER_KNOTS.);
#1552 = CARTESIAN_POINT('',(0.,0.));
#1553 = CARTESIAN_POINT('',(0.,26.903804223004));
#1554 = ( GEOMETRIC_REPRESENTATION_CONTEXT(2) 
PARAMETRIC_REPRESENTATION_CONTEXT() REPRESENTATION_CONTEXT('2D SPACE',''
  ) );
#1555 = PCURVE('',#1556,#1633);
#1556 = B_SPLINE_SURFACE_WITH_KNOTS('',1,10,(
    (#1557,#1558,#1559,#1560,#1561,#1562,#1563,#1564,#1565,#1566,#1567
      ,#1568,#1569,#1570,#1571,#1572,#1573,#1574,#1575,#1576,#1577,#1578
      ,#1579,#1580,#1581,#1582,#1583,#1584,#1585,#1586,#1587,#1588,#1589
      ,#1590,#1591,#1592,#1593,#1594)
    ,(#1595,#1596,#1597,#1598,#1599,#1600,#1601,#1602,#1603,#1604,#1605
      ,#1606,#1607,#1608,#1609,#1610,#1611,#1612,#1613,#1614,#1615,#1616
      ,#1617,#1618,#1619,#1620,#1621,#1622,#1623,#1624,#1625,#1626,#1627
      ,#1628,#1629,#1630,#1631,#1632
    )),.UNSPECIFIED.,.F.,.F.,.F.,(2,2),(11,9,9,9,11),(0.,0.678822509939)
  ,(0.,6.725951055751,13.451902111502,20.177853167253,26.903804223004),
  .UNSPECIFIED.);
#1557 = CARTESIAN_POINT('',(12.394999999992,-6.536342351499E-13,
    5.580000000001));
#1558 = CARTESIAN_POINT('',(12.395000715555,0.955044210065,
    5.819999920491));
#1559 = CARTESIAN_POINT('',(11.72839455118,1.910856412014,6.060000248928
    ));
#1560 = CARTESIAN_POINT('',(10.393638456591,2.336835381087,
    6.299999560942));
#1561 = CARTESIAN_POINT('',(8.869437313511,1.740059127815,6.540000370108
    ));
#1562 = CARTESIAN_POINT('',(8.062057883344,-3.600473963417E-08,
    6.77999998169));
#1563 = CARTESIAN_POINT('',(8.869443692646,-1.740059086762,
    7.019999646768));
#1564 = CARTESIAN_POINT('',(10.393630935841,-2.336835391642,
    7.260000408901));
#1565 = CARTESIAN_POINT('',(11.72839895121,-1.910856413353,
    7.499999757046));
#1566 = CARTESIAN_POINT('',(12.394999447024,-0.955044205777,
    7.740000061543));
#1567 = CARTESIAN_POINT('',(12.395000635745,0.95504420796,8.219999929311
    ));
#1568 = CARTESIAN_POINT('',(11.728394673225,1.910856415229,8.46000023544
    ));
#1569 = CARTESIAN_POINT('',(10.393638305172,2.336835377103,
    8.699999577678));
#1570 = CARTESIAN_POINT('',(8.869437467207,1.740059131853,8.94000035312)
  );
#1571 = CARTESIAN_POINT('',(8.062057756088,-3.934483711805E-08,
    9.179999995755));
#1572 = CARTESIAN_POINT('',(8.869443777241,-1.740059084542,
    9.419999637419));
#1573 = CARTESIAN_POINT('',(10.393630892355,-2.336835392785,
    9.660000413708));
#1574 = CARTESIAN_POINT('',(11.728398966965,-1.910856412938,
    9.899999755304));
#1575 = CARTESIAN_POINT('',(12.394999444222,-0.955044205851,
    10.140000061853));
#1576 = CARTESIAN_POINT('',(12.395000637143,0.955044207997,
    10.619999929156));
#1577 = CARTESIAN_POINT('',(11.728394670964,1.910856415168,
    10.860000235689));
#1578 = CARTESIAN_POINT('',(10.39363830825,2.336835377188,
    11.099999577338));
#1579 = CARTESIAN_POINT('',(8.869437463565,1.740059131751,
    11.340000353526));
#1580 = CARTESIAN_POINT('',(8.062057759933,-3.923694603247E-08,
    11.579999995325));
#1581 = CARTESIAN_POINT('',(8.869443773579,-1.740059084643,
    11.819999637828));
#1582 = CARTESIAN_POINT('',(10.393630895452,-2.3368353927,
    12.060000413363));
#1583 = CARTESIAN_POINT('',(11.7283989647,-1.910856412999,
    12.299999755557));
#1584 = CARTESIAN_POINT('',(12.394999445613,-0.955044205814,
    12.540000061697));
#1585 = CARTESIAN_POINT('',(12.395000634366,0.955044207923,
    13.019999929467));
#1586 = CARTESIAN_POINT('',(11.728394686505,1.910856415579,
    13.260000233952));
#1587 = CARTESIAN_POINT('',(10.393638265538,2.336835376066,
    13.499999582112));
#1588 = CARTESIAN_POINT('',(8.869437546397,1.740059133921,
    13.740000344267));
#1589 = CARTESIAN_POINT('',(8.06205763546,-4.25029772125E-08,
    13.980000009234));
#1590 = CARTESIAN_POINT('',(8.869443924087,-1.740059080677,
    14.219999621015));
#1591 = CARTESIAN_POINT('',(10.393630746785,-2.336835396638,
    14.460000429968));
#1592 = CARTESIAN_POINT('',(11.728399084889,-1.910856409803,
    14.699999742132));
#1593 = CARTESIAN_POINT('',(12.394999366817,-0.955044207914,
    14.9400000705));
#1594 = CARTESIAN_POINT('',(12.395000080921,2.147058776821E-09,
    15.179999991009));
#1595 = CARTESIAN_POINT('',(12.874999999997,8.992658917754E-13,
    6.059999999995));
#1596 = CARTESIAN_POINT('',(12.875000238639,1.25663698017,6.300000397542
    ));
#1597 = CARTESIAN_POINT('',(11.997889800038,2.514285054387,
    6.539998755374));
#1598 = CARTESIAN_POINT('',(10.241625726692,3.074782738852,
    6.780002195254));
#1599 = CARTESIAN_POINT('',(8.236105131519,2.289551942268,7.019998149511
    ));
#1600 = CARTESIAN_POINT('',(7.173760209148,-1.897921553251E-08,
    7.260000091496));
#1601 = CARTESIAN_POINT('',(8.236107242806,-2.289551880567,
    7.500001766196));
#1602 = CARTESIAN_POINT('',(10.241623205271,-3.074782765673,
    7.739997955475));
#1603 = CARTESIAN_POINT('',(11.997891249271,-2.514285042214,
    7.980001214777));
#1604 = CARTESIAN_POINT('',(12.874999810811,-1.256637001614,
    8.219999692284));
#1605 = CARTESIAN_POINT('',(12.875000214363,1.256636990696,
    8.700000353447));
#1606 = CARTESIAN_POINT('',(11.997889837161,2.51428503829,8.939998822801
    ));
#1607 = CARTESIAN_POINT('',(10.241625680632,3.074782758824,
    9.180002111608));
#1608 = CARTESIAN_POINT('',(8.236105178276,2.289551921994,9.4199982344)
  );
#1609 = CARTESIAN_POINT('',(7.173760170428,-2.19119810893E-09,
    9.660000021222));
#1610 = CARTESIAN_POINT('',(8.23610726855,-2.289551891728,9.900001812909
    ));
#1611 = CARTESIAN_POINT('',(10.241623192035,-3.074782759935,
    10.139997931459));
#1612 = CARTESIAN_POINT('',(11.997891254068,-2.514285044293,
    10.38000122348));
#1613 = CARTESIAN_POINT('',(12.874999809957,-1.256637001244,
    10.619999690736));
#1614 = CARTESIAN_POINT('',(12.875000214792,1.256636990512,
    11.10000035422));
#1615 = CARTESIAN_POINT('',(11.997889836459,2.514285038588,
    11.339998821546));
#1616 = CARTESIAN_POINT('',(10.241625681607,3.074782758418,
    11.580002113329));
#1617 = CARTESIAN_POINT('',(8.236105177093,2.289551922475,
    11.819998232343));
#1618 = CARTESIAN_POINT('',(7.173760171713,-2.699960991234E-09,
    12.060000023408));
#1619 = CARTESIAN_POINT('',(8.236107267294,-2.289551891242,
    12.300001810835));
#1620 = CARTESIAN_POINT('',(10.241623193121,-3.074782760347,
    12.5399979332));
#1621 = CARTESIAN_POINT('',(11.99789125326,-2.514285043991,
    12.780001222213));
#1622 = CARTESIAN_POINT('',(12.874999810458,-1.256637001429,
    13.019999691513));
#1623 = CARTESIAN_POINT('',(12.875000213786,1.256636990882,
    13.500000352668));
#1624 = CARTESIAN_POINT('',(11.997889842093,2.514285036515,
    13.73999883023));
#1625 = CARTESIAN_POINT('',(10.241625666118,3.074782764119,
    13.980002089452));
#1626 = CARTESIAN_POINT('',(8.236105207141,2.289551911417,
    14.219998278661));
#1627 = CARTESIAN_POINT('',(7.173760126551,1.391698001548E-08,
    14.459999953804));
#1628 = CARTESIAN_POINT('',(8.236107321908,-2.289551911331,
    14.700001894972));
#1629 = CARTESIAN_POINT('',(10.241623139173,-3.074782740511,
    14.939997850121));
#1630 = CARTESIAN_POINT('',(11.997891296873,-2.514285060024,
    15.180001289363));
#1631 = CARTESIAN_POINT('',(12.874999781867,-1.25663699092,
    15.419999647494));
#1632 = CARTESIAN_POINT('',(12.875000026974,-1.073223910086E-08,
    15.660000044956));
#1633 = DEFINITIONAL_REPRESENTATION('',(#1634),#1638);
#1634 = LINE('',#1635,#1636);
#1635 = CARTESIAN_POINT('',(0.678822509939,0.));
#1636 = VECTOR('',#1637,1.);
#1637 = DIRECTION('',(0.,1.));
#1638 = ( GEOMETRIC_REPRESENTATION_CONTEXT(2) 
PARAMETRIC_REPRESENTATION_CONTEXT() REPRESENTATION_CONTEXT('2D SPACE',''
  ) );
#1639 = ORIENTED_EDGE('',*,*,#947,.F.);
#1640 = ORIENTED_EDGE('',*,*,#810,.F.);
#1641 = ORIENTED_EDGE('',*,*,#1642,.T.);
#1642 = EDGE_CURVE('',#811,#1643,#1645,.T.);
#1643 = VERTEX_POINT('',#1644);
#1644 = CARTESIAN_POINT('',(12.493033153333,-1.17557759113,13.5));
#1645 = SURFACE_CURVE('',#1646,(#1685,#1692),.PCURVE_S1.);
#1646 = B_SPLINE_CURVE_WITH_KNOTS('',10,(#1647,#1648,#1649,#1650,#1651,
    #1652,#1653,#1654,#1655,#1656,#1657,#1658,#1659,#1660,#1661,#1662,
    #1663,#1664,#1665,#1666,#1667,#1668,#1669,#1670,#1671,#1672,#1673,
    #1674,#1675,#1676,#1677,#1678,#1679,#1680,#1681,#1682,#1683,#1684),
  .UNSPECIFIED.,.F.,.F.,(11,9,9,9,11),(0.,6.725951055751,13.451902111502
    ,20.177853167253,26.903804223004),.UNSPECIFIED.);
#1647 = CARTESIAN_POINT('',(12.875000000003,1.196260816627E-12,
    6.539999999995));
#1648 = CARTESIAN_POINT('',(12.874999761587,1.25663696322,6.780000397542
    ));
#1649 = CARTESIAN_POINT('',(11.997891295369,2.514285020128,
    7.019998755374));
#1650 = CARTESIAN_POINT('',(10.241623163939,3.074782702356,
    7.260002195255));
#1651 = CARTESIAN_POINT('',(8.236107370131,2.289551894694,7.499998149511
    ));
#1652 = CARTESIAN_POINT('',(7.173760176219,5.899459587511E-09,
    7.740000091496));
#1653 = CARTESIAN_POINT('',(8.236105230549,-2.289551866369,
    7.980001766195));
#1654 = CARTESIAN_POINT('',(10.241625658163,-3.074782719225,
    8.219997955476));
#1655 = CARTESIAN_POINT('',(11.997889813429,-2.514285008641,
    8.460001214777));
#1656 = CARTESIAN_POINT('',(12.875000180069,-1.256636984663,
    8.699999692284));
#1657 = CARTESIAN_POINT('',(12.874999790228,1.256636973746,
    9.180000353447));
#1658 = CARTESIAN_POINT('',(11.997891251573,2.514285004035,
    9.419998822801));
#1659 = CARTESIAN_POINT('',(10.241623218273,3.074782722319,
    9.660002111608));
#1660 = CARTESIAN_POINT('',(8.236107314984,2.289551874435,9.8999982344)
  );
#1661 = CARTESIAN_POINT('',(7.173760221874,2.267259934145E-08,
    10.140000021222));
#1662 = CARTESIAN_POINT('',(8.236105200203,-2.289551877521,
    10.380001812909));
#1663 = CARTESIAN_POINT('',(10.241625673761,-3.074782713491,
    10.61999793146));
#1664 = CARTESIAN_POINT('',(11.997889807779,-2.514285010719,
    10.86000122348));
#1665 = CARTESIAN_POINT('',(12.875000181073,-1.256636984294,
    11.099999690736));
#1666 = CARTESIAN_POINT('',(12.874999789728,1.256636973561,
    11.58000035422));
#1667 = CARTESIAN_POINT('',(11.997891252372,2.514285004334,
    11.819998821547));
#1668 = CARTESIAN_POINT('',(10.241623217203,3.074782721911,
    12.060002113329));
#1669 = CARTESIAN_POINT('',(8.236107316225,2.289551874919,
    12.299998232343));
#1670 = CARTESIAN_POINT('',(7.173760220595,2.216026675398E-08,
    12.540000023408));
#1671 = CARTESIAN_POINT('',(8.236105201392,-2.289551877032,
    12.780001810835));
#1672 = CARTESIAN_POINT('',(10.241625672775,-3.074782713904,
    13.0199979332));
#1673 = CARTESIAN_POINT('',(11.997889808488,-2.514285010417,
    13.260001222213));
#1674 = CARTESIAN_POINT('',(12.875000180643,-1.256636984479,
    13.499999691513));
#1675 = CARTESIAN_POINT('',(12.874999790584,1.256636973932,
    13.980000352668));
#1676 = CARTESIAN_POINT('',(11.997891247589,2.514285002263,
    14.21999883023));
#1677 = CARTESIAN_POINT('',(10.241623230344,3.074782727601,
    14.460002089453));
#1678 = CARTESIAN_POINT('',(8.236107290746,2.289551863885,14.69999827866
    ));
#1679 = CARTESIAN_POINT('',(7.173760258875,3.874410730114E-08,
    14.939999953806));
#1680 = CARTESIAN_POINT('',(8.236105155111,-2.289551897091,
    15.180001894971));
#1681 = CARTESIAN_POINT('',(10.241625718488,-3.074782694084,
    15.419997850122));
#1682 = CARTESIAN_POINT('',(11.997889771532,-2.514285026444,
    15.660001289363));
#1683 = CARTESIAN_POINT('',(12.875000204873,-1.25663697397,
    15.899999647494));
#1684 = CARTESIAN_POINT('',(12.874999973026,-1.0732623596E-08,
    16.140000044956));
#1685 = PCURVE('',#827,#1686);
#1686 = DEFINITIONAL_REPRESENTATION('',(#1687),#1691);
#1687 = LINE('',#1688,#1689);
#1688 = CARTESIAN_POINT('',(0.48,0.));
#1689 = VECTOR('',#1690,1.);
#1690 = DIRECTION('',(0.,1.));
#1691 = ( GEOMETRIC_REPRESENTATION_CONTEXT(2) 
PARAMETRIC_REPRESENTATION_CONTEXT() REPRESENTATION_CONTEXT('2D SPACE',''
  ) );
#1692 = PCURVE('',#1693,#1770);
#1693 = B_SPLINE_SURFACE_WITH_KNOTS('',1,10,(
    (#1694,#1695,#1696,#1697,#1698,#1699,#1700,#1701,#1702,#1703,#1704
      ,#1705,#1706,#1707,#1708,#1709,#1710,#1711,#1712,#1713,#1714,#1715
      ,#1716,#1717,#1718,#1719,#1720,#1721,#1722,#1723,#1724,#1725,#1726
      ,#1727,#1728,#1729,#1730,#1731)
    ,(#1732,#1733,#1734,#1735,#1736,#1737,#1738,#1739,#1740,#1741,#1742
      ,#1743,#1744,#1745,#1746,#1747,#1748,#1749,#1750,#1751,#1752,#1753
      ,#1754,#1755,#1756,#1757,#1758,#1759,#1760,#1761,#1762,#1763,#1764
      ,#1765,#1766,#1767,#1768,#1769
    )),.UNSPECIFIED.,.F.,.F.,.F.,(2,2),(11,9,9,9,11),(0.,0.678822509939)
  ,(0.,6.725951055751,13.451902111502,20.177853167253,26.903804223004),
  .UNSPECIFIED.);
#1694 = CARTESIAN_POINT('',(12.875000000003,1.194478295255E-12,
    6.539999999995));
#1695 = CARTESIAN_POINT('',(12.874999761587,1.25663696322,6.780000397542
    ));
#1696 = CARTESIAN_POINT('',(11.997891295369,2.514285020128,
    7.019998755374));
#1697 = CARTESIAN_POINT('',(10.241623163939,3.074782702356,
    7.260002195255));
#1698 = CARTESIAN_POINT('',(8.236107370131,2.289551894694,7.499998149511
    ));
#1699 = CARTESIAN_POINT('',(7.173760176219,5.899721600144E-09,
    7.740000091496));
#1700 = CARTESIAN_POINT('',(8.236105230549,-2.28955186637,7.980001766195
    ));
#1701 = CARTESIAN_POINT('',(10.241625658163,-3.074782719225,
    8.219997955476));
#1702 = CARTESIAN_POINT('',(11.997889813429,-2.514285008641,
    8.460001214777));
#1703 = CARTESIAN_POINT('',(12.875000180069,-1.256636984663,
    8.699999692284));
#1704 = CARTESIAN_POINT('',(12.874999790228,1.256636973746,
    9.180000353447));
#1705 = CARTESIAN_POINT('',(11.997891251573,2.514285004035,
    9.419998822801));
#1706 = CARTESIAN_POINT('',(10.241623218273,3.074782722319,
    9.660002111608));
#1707 = CARTESIAN_POINT('',(8.236107314984,2.289551874435,9.8999982344)
  );
#1708 = CARTESIAN_POINT('',(7.173760221874,2.267262726561E-08,
    10.140000021222));
#1709 = CARTESIAN_POINT('',(8.236105200202,-2.289551877521,
    10.380001812909));
#1710 = CARTESIAN_POINT('',(10.241625673761,-3.074782713491,
    10.61999793146));
#1711 = CARTESIAN_POINT('',(11.997889807779,-2.514285010719,
    10.86000122348));
#1712 = CARTESIAN_POINT('',(12.875000181073,-1.256636984294,
    11.099999690736));
#1713 = CARTESIAN_POINT('',(12.874999789728,1.256636973561,
    11.58000035422));
#1714 = CARTESIAN_POINT('',(11.997891252372,2.514285004334,
    11.819998821547));
#1715 = CARTESIAN_POINT('',(10.241623217203,3.074782721911,
    12.060002113329));
#1716 = CARTESIAN_POINT('',(8.236107316225,2.289551874919,
    12.299998232343));
#1717 = CARTESIAN_POINT('',(7.173760220595,2.216012975182E-08,
    12.540000023408));
#1718 = CARTESIAN_POINT('',(8.236105201392,-2.289551877032,
    12.780001810835));
#1719 = CARTESIAN_POINT('',(10.241625672776,-3.074782713904,
    13.0199979332));
#1720 = CARTESIAN_POINT('',(11.997889808488,-2.514285010417,
    13.260001222213));
#1721 = CARTESIAN_POINT('',(12.875000180643,-1.256636984479,
    13.499999691513));
#1722 = CARTESIAN_POINT('',(12.874999790584,1.256636973932,
    13.980000352668));
#1723 = CARTESIAN_POINT('',(11.997891247589,2.514285002263,
    14.21999883023));
#1724 = CARTESIAN_POINT('',(10.241623230344,3.074782727601,
    14.460002089453));
#1725 = CARTESIAN_POINT('',(8.236107290746,2.289551863885,14.69999827866
    ));
#1726 = CARTESIAN_POINT('',(7.173760258874,3.874426262843E-08,
    14.939999953806));
#1727 = CARTESIAN_POINT('',(8.236105155112,-2.289551897091,
    15.180001894971));
#1728 = CARTESIAN_POINT('',(10.241625718488,-3.074782694084,
    15.419997850122));
#1729 = CARTESIAN_POINT('',(11.997889771532,-2.514285026444,
    15.660001289363));
#1730 = CARTESIAN_POINT('',(12.875000204873,-1.25663697397,
    15.899999647494));
#1731 = CARTESIAN_POINT('',(12.874999973026,-1.073262264533E-08,
    16.140000044956));
#1732 = CARTESIAN_POINT('',(12.395000000008,2.343889941756E-13,
    7.020000000001));
#1733 = CARTESIAN_POINT('',(12.3949992844,0.955044159215,7.259999920491)
  );
#1734 = CARTESIAN_POINT('',(11.728399037171,1.910856309237,
    7.500000248928));
#1735 = CARTESIAN_POINT('',(10.393630768333,2.336835271599,
    7.739999560943));
#1736 = CARTESIAN_POINT('',(8.869444029343,1.740058985095,7.980000370107
    ));
#1737 = CARTESIAN_POINT('',(8.062057784561,3.862953512623E-08,
    8.219999981693));
#1738 = CARTESIAN_POINT('',(8.86943765587,-1.740059044168,8.459999646766
    ));
#1739 = CARTESIAN_POINT('',(10.39363829452,-2.336835252297,
    8.700000408903));
#1740 = CARTESIAN_POINT('',(11.728394643684,-1.910856312633,
    8.939999757045));
#1741 = CARTESIAN_POINT('',(12.3950005548,-0.955044154925,9.180000061543
    ));
#1742 = CARTESIAN_POINT('',(12.394999363337,0.955044157109,
    9.659999929311));
#1743 = CARTESIAN_POINT('',(11.728398916461,1.910856312464,
    9.900000235439));
#1744 = CARTESIAN_POINT('',(10.393630918095,2.336835267587,
    10.139999577679));
#1745 = CARTESIAN_POINT('',(8.86944387733,1.740058989176,10.380000353119
    ));
#1746 = CARTESIAN_POINT('',(8.062057910426,3.524514942632E-08,
    10.619999995757));
#1747 = CARTESIAN_POINT('',(8.8694375722,-1.740059041918,10.859999637416
    ));
#1748 = CARTESIAN_POINT('',(10.393638337531,-2.336835253452,
    11.100000413709));
#1749 = CARTESIAN_POINT('',(11.728394628101,-1.910856312216,
    11.339999755304));
#1750 = CARTESIAN_POINT('',(12.395000557572,-0.955044154999,
    11.580000061853));
#1751 = CARTESIAN_POINT('',(12.394999361953,0.955044157146,
    12.059999929156));
#1752 = CARTESIAN_POINT('',(11.728398918704,1.910856312404,
    12.300000235689));
#1753 = CARTESIAN_POINT('',(10.393630915036,2.336835267667,
    12.539999577339));
#1754 = CARTESIAN_POINT('',(8.869443880959,1.740058989081,
    12.780000353524));
#1755 = CARTESIAN_POINT('',(8.06205790658,3.534552128551E-08,
    13.019999995327));
#1756 = CARTESIAN_POINT('',(8.869437575873,-1.740059042014,
    13.259999637826));
#1757 = CARTESIAN_POINT('',(10.393638334416,-2.33683525337,
    13.500000413364));
#1758 = CARTESIAN_POINT('',(11.728394630384,-1.910856312276,
    13.739999755556));
#1759 = CARTESIAN_POINT('',(12.395000556167,-0.955044154962,
    13.980000061698));
#1760 = CARTESIAN_POINT('',(12.394999364761,0.955044157072,
    14.459999929467));
#1761 = CARTESIAN_POINT('',(11.728398902993,1.910856312822,
    14.700000233952));
#1762 = CARTESIAN_POINT('',(10.393630958219,2.336835266512,
    14.939999582113));
#1763 = CARTESIAN_POINT('',(8.869443797213,1.740058991325,
    15.180000344266));
#1764 = CARTESIAN_POINT('',(8.062058032431,3.197917211837E-08,
    15.420000009236));
#1765 = CARTESIAN_POINT('',(8.869437423697,-1.74005903796,
    15.659999621012));
#1766 = CARTESIAN_POINT('',(10.39363848473,-2.336835257357,
    15.900000429969));
#1767 = CARTESIAN_POINT('',(11.728394508864,-1.910856309064,
    16.139999742131));
#1768 = CARTESIAN_POINT('',(12.395000635835,-0.955044157064,
    16.3800000705));
#1769 = CARTESIAN_POINT('',(12.394999919079,2.145907584223E-09,
    16.619999991009));
#1770 = DEFINITIONAL_REPRESENTATION('',(#1771),#1774);
#1771 = B_SPLINE_CURVE_WITH_KNOTS('',1,(#1772,#1773),.UNSPECIFIED.,.F.,
  .F.,(2,2),(0.,26.903804223004),.PIECEWISE_BEZIER_KNOTS.);
#1772 = CARTESIAN_POINT('',(0.,0.));
#1773 = CARTESIAN_POINT('',(0.,26.903804223004));
#1774 = ( GEOMETRIC_REPRESENTATION_CONTEXT(2) 
PARAMETRIC_REPRESENTATION_CONTEXT() REPRESENTATION_CONTEXT('2D SPACE',''
  ) );
#1775 = ORIENTED_EDGE('',*,*,#1776,.T.);
#1776 = EDGE_CURVE('',#1643,#1507,#1777,.T.);
#1777 = SURFACE_CURVE('',#1778,(#1801,#1827),.PCURVE_S1.);
#1778 = B_SPLINE_CURVE_WITH_KNOTS('',5,(#1779,#1780,#1781,#1782,#1783,
    #1784,#1785,#1786,#1787,#1788,#1789,#1790,#1791,#1792,#1793,#1794,
    #1795,#1796,#1797,#1798,#1799,#1800),.UNSPECIFIED.,.F.,.F.,(6,4,4,4,
    4,6),(0.,0.183994783347,0.367997541431,0.500001888697,0.816005309903
    ,1.),.UNSPECIFIED.);
#1779 = CARTESIAN_POINT('',(12.493033153333,-1.17557759113,13.5));
#1780 = CARTESIAN_POINT('',(12.547397510993,-1.100757776717,13.5));
#1781 = CARTESIAN_POINT('',(12.59743715818,-1.022794687552,13.5));
#1782 = CARTESIAN_POINT('',(12.642908273324,-0.942023339314,13.5));
#1783 = CARTESIAN_POINT('',(12.683608703162,-0.858802270293,13.5));
#1784 = CARTESIAN_POINT('',(12.755148772623,-0.688221115882,13.5));
#1785 = CARTESIAN_POINT('',(12.78598858581,-0.600859461058,13.5));
#1786 = CARTESIAN_POINT('',(12.811737206108,-0.511810819678,13.5));
#1787 = CARTESIAN_POINT('',(12.832280568987,-0.421470882257,13.5));
#1788 = CARTESIAN_POINT('',(12.85850562717,-0.264805674909,13.5));
#1789 = CARTESIAN_POINT('',(12.866746655257,-0.198908031172,13.5));
#1790 = CARTESIAN_POINT('',(12.87224891305,-0.1327064829,13.5));
#1791 = CARTESIAN_POINT('',(12.874999994216,-6.635284478014E-02,13.5));
#1792 = CARTESIAN_POINT('',(12.875000010004,0.158840773168,13.5));
#1793 = CARTESIAN_POINT('',(12.859233739811,0.317695007649,13.5));
#1794 = CARTESIAN_POINT('',(12.827701030969,0.474444105854,13.5));
#1795 = CARTESIAN_POINT('',(12.78081030585,0.627033377453,13.5));
#1796 = CARTESIAN_POINT('',(12.683608825655,0.858802056628,13.5));
#1797 = CARTESIAN_POINT('',(12.642908407476,0.942023132233,13.5));
#1798 = CARTESIAN_POINT('',(12.597437303587,1.022794487752,13.5));
#1799 = CARTESIAN_POINT('',(12.547397667204,1.100757584864,13.5));
#1800 = CARTESIAN_POINT('',(12.493033319848,1.175577407854,13.5));
#1801 = PCURVE('',#827,#1802);
#1802 = DEFINITIONAL_REPRESENTATION('',(#1803),#1826);
#1803 = B_SPLINE_CURVE_WITH_KNOTS('',5,(#1804,#1805,#1806,#1807,#1808,
    #1809,#1810,#1811,#1812,#1813,#1814,#1815,#1816,#1817,#1818,#1819,
    #1820,#1821,#1822,#1823,#1824,#1825),.UNSPECIFIED.,.F.,.F.,(6,4,4,4,
    4,6),(0.,0.183994783347,0.367997541431,0.500001888697,0.816005309903
    ,1.),.UNSPECIFIED.);
#1804 = CARTESIAN_POINT('',(0.48,19.505257987869));
#1805 = CARTESIAN_POINT('',(0.462335916959,19.554761232154));
#1806 = CARTESIAN_POINT('',(0.444671772997,19.604264649891));
#1807 = CARTESIAN_POINT('',(0.427007667239,19.653767963129));
#1808 = CARTESIAN_POINT('',(0.409343705448,19.703270874315));
#1809 = CARTESIAN_POINT('',(0.37401552902,19.80227740382));
#1810 = CARTESIAN_POINT('',(0.356351220365,19.851781285516));
#1811 = CARTESIAN_POINT('',(0.338687214708,19.901284315161));
#1812 = CARTESIAN_POINT('',(0.321023517685,19.950786472859));
#1813 = CARTESIAN_POINT('',(0.290688118497,20.035800799939));
#1814 = CARTESIAN_POINT('',(0.278016291124,20.071313326538));
#1815 = CARTESIAN_POINT('',(0.265344459393,20.106825856248));
#1816 = CARTESIAN_POINT('',(0.252672454982,20.142338857609));
#1817 = CARTESIAN_POINT('',(0.209663580281,20.26287018584));
#1818 = CARTESIAN_POINT('',(0.179328058315,20.347884843689));
#1819 = CARTESIAN_POINT('',(0.148994428373,20.432894236509));
#1820 = CARTESIAN_POINT('',(0.118656698122,20.517915134739));
#1821 = CARTESIAN_POINT('',(7.065629454012E-02,20.652435334658));
#1822 = CARTESIAN_POINT('',(5.299233271127E-02,20.701938245795));
#1823 = CARTESIAN_POINT('',(3.532822694303E-02,20.751441558937));
#1824 = CARTESIAN_POINT('',(1.766408299846E-02,20.800944976533));
#1825 = CARTESIAN_POINT('',(0.,20.850448220629));
#1826 = ( GEOMETRIC_REPRESENTATION_CONTEXT(2) 
PARAMETRIC_REPRESENTATION_CONTEXT() REPRESENTATION_CONTEXT('2D SPACE',''
  ) );
#1827 = PCURVE('',#1828,#1833);
#1828 = PLANE('',#1829);
#1829 = AXIS2_PLACEMENT_3D('',#1830,#1831,#1832);
#1830 = CARTESIAN_POINT('',(10.875,0.,13.5));
#1831 = DIRECTION('',(0.,0.,1.));
#1832 = DIRECTION('',(1.,0.,-0.));
#1833 = DEFINITIONAL_REPRESENTATION('',(#1834),#1857);
#1834 = B_SPLINE_CURVE_WITH_KNOTS('',5,(#1835,#1836,#1837,#1838,#1839,
    #1840,#1841,#1842,#1843,#1844,#1845,#1846,#1847,#1848,#1849,#1850,
    #1851,#1852,#1853,#1854,#1855,#1856),.UNSPECIFIED.,.F.,.F.,(6,4,4,4,
    4,6),(0.,0.183994783347,0.367997541431,0.500001888697,0.816005309903
    ,1.),.UNSPECIFIED.);
#1835 = CARTESIAN_POINT('',(1.618033153333,-1.17557759113));
#1836 = CARTESIAN_POINT('',(1.672397510993,-1.100757776717));
#1837 = CARTESIAN_POINT('',(1.72243715818,-1.022794687552));
#1838 = CARTESIAN_POINT('',(1.767908273324,-0.942023339314));
#1839 = CARTESIAN_POINT('',(1.808608703162,-0.858802270293));
#1840 = CARTESIAN_POINT('',(1.880148772623,-0.688221115882));
#1841 = CARTESIAN_POINT('',(1.91098858581,-0.600859461058));
#1842 = CARTESIAN_POINT('',(1.936737206108,-0.511810819678));
#1843 = CARTESIAN_POINT('',(1.957280568987,-0.421470882257));
#1844 = CARTESIAN_POINT('',(1.98350562717,-0.264805674909));
#1845 = CARTESIAN_POINT('',(1.991746655257,-0.198908031172));
#1846 = CARTESIAN_POINT('',(1.99724891305,-0.1327064829));
#1847 = CARTESIAN_POINT('',(1.999999994216,-6.635284478014E-02));
#1848 = CARTESIAN_POINT('',(2.000000010004,0.158840773168));
#1849 = CARTESIAN_POINT('',(1.984233739811,0.317695007649));
#1850 = CARTESIAN_POINT('',(1.952701030969,0.474444105854));
#1851 = CARTESIAN_POINT('',(1.90581030585,0.627033377453));
#1852 = CARTESIAN_POINT('',(1.808608825655,0.858802056628));
#1853 = CARTESIAN_POINT('',(1.767908407476,0.942023132233));
#1854 = CARTESIAN_POINT('',(1.722437303587,1.022794487752));
#1855 = CARTESIAN_POINT('',(1.672397667204,1.100757584864));
#1856 = CARTESIAN_POINT('',(1.618033319848,1.175577407854));
#1857 = ( GEOMETRIC_REPRESENTATION_CONTEXT(2) 
PARAMETRIC_REPRESENTATION_CONTEXT() REPRESENTATION_CONTEXT('2D SPACE',''
  ) );
#1858 = ADVANCED_FACE('',(#1859),#935,.T.);
#1859 = FACE_BOUND('',#1860,.T.);
#1860 = EDGE_LOOP('',(#1861,#1929,#1930,#1998));
#1861 = ORIENTED_EDGE('',*,*,#1862,.F.);
#1862 = EDGE_CURVE('',#919,#1863,#1865,.T.);
#1863 = VERTEX_POINT('',#1864);
#1864 = CARTESIAN_POINT('',(10.707704878504,1.591229820712,8.7));
#1865 = SURFACE_CURVE('',#1866,(#1885,#1907),.PCURVE_S1.);
#1866 = B_SPLINE_CURVE_WITH_KNOTS('',5,(#1867,#1868,#1869,#1870,#1871,
    #1872,#1873,#1874,#1875,#1876,#1877,#1878,#1879,#1880,#1881,#1882,
    #1883,#1884),.UNSPECIFIED.,.F.,.F.,(6,4,4,4,6),(0.,0.270148290197,
    0.527513611403,0.768663617379,1.),.UNSPECIFIED.);
#1867 = CARTESIAN_POINT('',(12.493033319849,1.175577407854,8.7));
#1868 = CARTESIAN_POINT('',(12.400674106479,1.262262538188,8.7));
#1869 = CARTESIAN_POINT('',(12.301674439159,1.341195124179,8.7));
#1870 = CARTESIAN_POINT('',(12.196819746452,1.411561125317,8.7));
#1871 = CARTESIAN_POINT('',(12.087046168552,1.472653958763,8.7));
#1872 = CARTESIAN_POINT('',(11.86522966874,1.572761573194,8.7));
#1873 = CARTESIAN_POINT('',(11.753534947837,1.612686530662,8.7));
#1874 = CARTESIAN_POINT('',(11.639316722885,1.643217792704,8.7));
#1875 = CARTESIAN_POINT('',(11.523627514248,1.664020041881,8.7));
#1876 = CARTESIAN_POINT('',(11.298912797732,1.685185950042,8.7));
#1877 = CARTESIAN_POINT('',(11.189921913817,1.686755249936,8.7));
#1878 = CARTESIAN_POINT('',(11.081589037436,1.679535888383,8.7));
#1879 = CARTESIAN_POINT('',(10.974904463898,1.663559168547,8.7));
#1880 = CARTESIAN_POINT('',(10.771093843402,1.615526958441,8.7));
#1881 = CARTESIAN_POINT('',(10.673751038634,1.584151219472,8.7));
#1882 = CARTESIAN_POINT('',(10.579751060461,1.545111799922,8.7));
#1883 = CARTESIAN_POINT('',(10.489982717346,1.498757576837,8.7));
#1884 = CARTESIAN_POINT('',(10.40529441902,1.445619102899,8.7));
#1885 = PCURVE('',#935,#1886);
#1886 = DEFINITIONAL_REPRESENTATION('',(#1887),#1906);
#1887 = B_SPLINE_CURVE_WITH_KNOTS('',5,(#1888,#1889,#1890,#1891,#1892,
    #1893,#1894,#1895,#1896,#1897,#1898,#1899,#1900,#1901,#1902,#1903,
    #1904,#1905),.UNSPECIFIED.,.F.,.F.,(6,4,4,4,6),(0.,0.270148290197,
    0.527513611403,0.768663617379,1.),.UNSPECIFIED.);
#1888 = CARTESIAN_POINT('',(1.618033319849,1.175577407854));
#1889 = CARTESIAN_POINT('',(1.525674106479,1.262262538188));
#1890 = CARTESIAN_POINT('',(1.426674439159,1.341195124179));
#1891 = CARTESIAN_POINT('',(1.321819746452,1.411561125317));
#1892 = CARTESIAN_POINT('',(1.212046168552,1.472653958763));
#1893 = CARTESIAN_POINT('',(0.99022966874,1.572761573194));
#1894 = CARTESIAN_POINT('',(0.878534947837,1.612686530662));
#1895 = CARTESIAN_POINT('',(0.764316722885,1.643217792704));
#1896 = CARTESIAN_POINT('',(0.648627514248,1.664020041881));
#1897 = CARTESIAN_POINT('',(0.423912797732,1.685185950042));
#1898 = CARTESIAN_POINT('',(0.314921913817,1.686755249936));
#1899 = CARTESIAN_POINT('',(0.206589037436,1.679535888383));
#1900 = CARTESIAN_POINT('',(9.990446389775E-02,1.663559168547));
#1901 = CARTESIAN_POINT('',(-0.103906156598,1.615526958441));
#1902 = CARTESIAN_POINT('',(-0.201248961366,1.584151219472));
#1903 = CARTESIAN_POINT('',(-0.295248939539,1.545111799922));
#1904 = CARTESIAN_POINT('',(-0.385017282654,1.498757576837));
#1905 = CARTESIAN_POINT('',(-0.46970558098,1.445619102899));
#1906 = ( GEOMETRIC_REPRESENTATION_CONTEXT(2) 
PARAMETRIC_REPRESENTATION_CONTEXT() REPRESENTATION_CONTEXT('2D SPACE',''
  ) );
#1907 = PCURVE('',#1556,#1908);
#1908 = DEFINITIONAL_REPRESENTATION('',(#1909),#1928);
#1909 = B_SPLINE_CURVE_WITH_KNOTS('',5,(#1910,#1911,#1912,#1913,#1914,
    #1915,#1916,#1917,#1918,#1919,#1920,#1921,#1922,#1923,#1924,#1925,
    #1926,#1927),.UNSPECIFIED.,.F.,.F.,(6,4,4,4,6),(0.,0.270148290197,
    0.527513611403,0.768663617379,1.),.UNSPECIFIED.);
#1910 = CARTESIAN_POINT('',(0.678822509939,7.398546109127));
#1911 = CARTESIAN_POINT('',(0.645216661812,7.465141235468));
#1912 = CARTESIAN_POINT('',(0.611252309762,7.532446784779));
#1913 = CARTESIAN_POINT('',(0.576919082567,7.600483309718));
#1914 = CARTESIAN_POINT('',(0.542199663407,7.669285128933));
#1915 = CARTESIAN_POINT('',(0.47362295087,7.805180329854));
#1916 = CARTESIAN_POINT('',(0.43980104698,7.87220358209));
#1917 = CARTESIAN_POINT('',(0.405603871967,7.939970491208));
#1918 = CARTESIAN_POINT('',(0.371013830561,8.008515926146));
#1919 = CARTESIAN_POINT('',(0.303225422257,8.142848984007));
#1920 = CARTESIAN_POINT('',(0.27007523023,8.208541140906));
#1921 = CARTESIAN_POINT('',(0.236556097177,8.274964412271));
#1922 = CARTESIAN_POINT('',(0.20265136737,8.342151803605));
#1923 = CARTESIAN_POINT('',(0.135440577091,8.475340232993));
#1924 = CARTESIAN_POINT('',(0.102164820951,8.541281218341));
#1925 = CARTESIAN_POINT('',(6.851014332898E-02,8.60797309449));
#1926 = CARTESIAN_POINT('',(3.445957981606E-02,8.67544947839));
#1927 = CARTESIAN_POINT('',(0.,8.743736389638));
#1928 = ( GEOMETRIC_REPRESENTATION_CONTEXT(2) 
PARAMETRIC_REPRESENTATION_CONTEXT() REPRESENTATION_CONTEXT('2D SPACE',''
  ) );
#1929 = ORIENTED_EDGE('',*,*,#918,.T.);
#1930 = ORIENTED_EDGE('',*,*,#1931,.F.);
#1931 = EDGE_CURVE('',#1932,#811,#1934,.T.);
#1932 = VERTEX_POINT('',#1933);
#1933 = CARTESIAN_POINT('',(10.7077051782,-1.591229852221,8.7));
#1934 = SURFACE_CURVE('',#1935,(#1954,#1976),.PCURVE_S1.);
#1935 = B_SPLINE_CURVE_WITH_KNOTS('',5,(#1936,#1937,#1938,#1939,#1940,
    #1941,#1942,#1943,#1944,#1945,#1946,#1947,#1948,#1949,#1950,#1951,
    #1952,#1953),.UNSPECIFIED.,.F.,.F.,(6,4,4,4,6),(0.,0.231336376327,
    0.472486376838,0.730896111702,1.),.UNSPECIFIED.);
#1936 = CARTESIAN_POINT('',(10.405294480105,-1.445619037649,8.7));
#1937 = CARTESIAN_POINT('',(10.489982763196,-1.498757507039,8.7));
#1938 = CARTESIAN_POINT('',(10.579751090336,-1.545111727534,8.7));
#1939 = CARTESIAN_POINT('',(10.673751052081,-1.584151146568,8.7));
#1940 = CARTESIAN_POINT('',(10.771093840266,-1.615526887148,8.7));
#1941 = CARTESIAN_POINT('',(10.97490442767,-1.663559104986,8.7));
#1942 = CARTESIAN_POINT('',(11.081588984733,-1.679535831049,8.7));
#1943 = CARTESIAN_POINT('',(11.189921845149,-1.686755201047,8.7));
#1944 = CARTESIAN_POINT('',(11.298912713923,-1.685185911736,8.7));
#1945 = CARTESIAN_POINT('',(11.524098192191,-1.663975685806,8.7));
#1946 = CARTESIAN_POINT('',(11.640255572796,-1.643048791585,8.7));
#1947 = CARTESIAN_POINT('',(11.754925282042,-1.612314372275,8.7));
#1948 = CARTESIAN_POINT('',(11.867042346097,-1.572112606856,8.7));
#1949 = CARTESIAN_POINT('',(12.088743148518,-1.471708448457,8.7));
#1950 = CARTESIAN_POINT('',(12.198035478162,-1.410744703107,8.7));
#1951 = CARTESIAN_POINT('',(12.302439674867,-1.340584801928,8.7));
#1952 = CARTESIAN_POINT('',(12.401030999561,-1.261927568743,8.7));
#1953 = CARTESIAN_POINT('',(12.493033153334,-1.175577591128,8.7));
#1954 = PCURVE('',#935,#1955);
#1955 = DEFINITIONAL_REPRESENTATION('',(#1956),#1975);
#1956 = B_SPLINE_CURVE_WITH_KNOTS('',5,(#1957,#1958,#1959,#1960,#1961,
    #1962,#1963,#1964,#1965,#1966,#1967,#1968,#1969,#1970,#1971,#1972,
    #1973,#1974),.UNSPECIFIED.,.F.,.F.,(6,4,4,4,6),(0.,0.231336376327,
    0.472486376838,0.730896111702,1.),.UNSPECIFIED.);
#1957 = CARTESIAN_POINT('',(-0.469705519895,-1.445619037649));
#1958 = CARTESIAN_POINT('',(-0.385017236804,-1.498757507039));
#1959 = CARTESIAN_POINT('',(-0.295248909664,-1.545111727534));
#1960 = CARTESIAN_POINT('',(-0.201248947919,-1.584151146568));
#1961 = CARTESIAN_POINT('',(-0.103906159734,-1.615526887148));
#1962 = CARTESIAN_POINT('',(9.990442766996E-02,-1.663559104986));
#1963 = CARTESIAN_POINT('',(0.206588984733,-1.679535831049));
#1964 = CARTESIAN_POINT('',(0.314921845149,-1.686755201047));
#1965 = CARTESIAN_POINT('',(0.423912713923,-1.685185911736));
#1966 = CARTESIAN_POINT('',(0.649098192191,-1.663975685806));
#1967 = CARTESIAN_POINT('',(0.765255572796,-1.643048791585));
#1968 = CARTESIAN_POINT('',(0.879925282042,-1.612314372275));
#1969 = CARTESIAN_POINT('',(0.992042346097,-1.572112606856));
#1970 = CARTESIAN_POINT('',(1.213743148518,-1.471708448457));
#1971 = CARTESIAN_POINT('',(1.323035478162,-1.410744703107));
#1972 = CARTESIAN_POINT('',(1.427439674867,-1.340584801928));
#1973 = CARTESIAN_POINT('',(1.526030999561,-1.261927568743));
#1974 = CARTESIAN_POINT('',(1.618033153334,-1.175577591128));
#1975 = ( GEOMETRIC_REPRESENTATION_CONTEXT(2) 
PARAMETRIC_REPRESENTATION_CONTEXT() REPRESENTATION_CONTEXT('2D SPACE',''
  ) );
#1976 = PCURVE('',#1693,#1977);
#1977 = DEFINITIONAL_REPRESENTATION('',(#1978),#1997);
#1978 = B_SPLINE_CURVE_WITH_KNOTS('',5,(#1979,#1980,#1981,#1982,#1983,
    #1984,#1985,#1986,#1987,#1988,#1989,#1990,#1991,#1992,#1993,#1994,
    #1995,#1996),.UNSPECIFIED.,.F.,.F.,(6,4,4,4,6),(0.,0.231336376327,
    0.472486376838,0.730896111702,1.),.UNSPECIFIED.);
#1979 = CARTESIAN_POINT('',(0.678822509939,4.708165747065));
#1980 = CARTESIAN_POINT('',(0.644362930034,4.776452650816));
#1981 = CARTESIAN_POINT('',(0.610312366473,4.843929027226));
#1982 = CARTESIAN_POINT('',(0.576657688842,4.910620895896));
#1983 = CARTESIAN_POINT('',(0.54338193273,4.976561873774));
#1984 = CARTESIAN_POINT('',(0.476171142425,5.109750288236));
#1985 = CARTESIAN_POINT('',(0.442266412572,5.176937672107));
#1986 = CARTESIAN_POINT('',(0.408747279513,5.243360936017));
#1987 = CARTESIAN_POINT('',(0.375597087518,5.309053085469));
#1988 = CARTESIAN_POINT('',(0.307666658578,5.44366756374));
#1989 = CARTESIAN_POINT('',(0.272937897947,5.512487884219));
#1990 = CARTESIAN_POINT('',(0.238605149553,5.580523444996));
#1991 = CARTESIAN_POINT('',(0.204650585685,5.647809575637));
#1992 = CARTESIAN_POINT('',(0.136085965671,5.783680798213));
#1993 = CARTESIAN_POINT('',(0.101505229019,5.852207789266));
#1994 = CARTESIAN_POINT('',(6.730757910964E-02,5.919975639575));
#1995 = CARTESIAN_POINT('',(3.347592716582E-02,5.987018215824));
#1996 = CARTESIAN_POINT('',(0.,6.053355876368));
#1997 = ( GEOMETRIC_REPRESENTATION_CONTEXT(2) 
PARAMETRIC_REPRESENTATION_CONTEXT() REPRESENTATION_CONTEXT('2D SPACE',''
  ) );
#1998 = ORIENTED_EDGE('',*,*,#1999,.F.);
#1999 = EDGE_CURVE('',#1863,#1932,#2000,.T.);
#2000 = SURFACE_CURVE('',#2001,(#2006,#2013),.PCURVE_S1.);
#2001 = CIRCLE('',#2002,1.6);
#2002 = AXIS2_PLACEMENT_3D('',#2003,#2004,#2005);
#2003 = CARTESIAN_POINT('',(10.875,0.,8.7));
#2004 = DIRECTION('',(0.,0.,1.));
#2005 = DIRECTION('',(1.,0.,-0.));
#2006 = PCURVE('',#935,#2007);
#2007 = DEFINITIONAL_REPRESENTATION('',(#2008),#2012);
#2008 = CIRCLE('',#2009,1.6);
#2009 = AXIS2_PLACEMENT_2D('',#2010,#2011);
#2010 = CARTESIAN_POINT('',(0.,0.));
#2011 = DIRECTION('',(1.,0.));
#2012 = ( GEOMETRIC_REPRESENTATION_CONTEXT(2) 
PARAMETRIC_REPRESENTATION_CONTEXT() REPRESENTATION_CONTEXT('2D SPACE',''
  ) );
#2013 = PCURVE('',#2014,#2019);
#2014 = CYLINDRICAL_SURFACE('',#2015,1.6);
#2015 = AXIS2_PLACEMENT_3D('',#2016,#2017,#2018);
#2016 = CARTESIAN_POINT('',(10.875,0.,8.7));
#2017 = DIRECTION('',(0.,0.,1.));
#2018 = DIRECTION('',(1.,0.,-0.));
#2019 = DEFINITIONAL_REPRESENTATION('',(#2020),#2024);
#2020 = LINE('',#2021,#2022);
#2021 = CARTESIAN_POINT('',(0.,0.));
#2022 = VECTOR('',#2023,1.);
#2023 = DIRECTION('',(1.,0.));
#2024 = ( GEOMETRIC_REPRESENTATION_CONTEXT(2) 
PARAMETRIC_REPRESENTATION_CONTEXT() REPRESENTATION_CONTEXT('2D SPACE',''
  ) );
#2025 = ADVANCED_FACE('',(#2026),#1033,.F.);
#2026 = FACE_BOUND('',#2027,.F.);
#2027 = EDGE_LOOP('',(#2028,#2210,#2211,#2212,#2280,#2350));
#2028 = ORIENTED_EDGE('',*,*,#2029,.F.);
#2029 = EDGE_CURVE('',#1340,#2030,#2032,.T.);
#2030 = VERTEX_POINT('',#2031);
#2031 = CARTESIAN_POINT('',(-9.275,-3.918869757272E-16,10.459999964035)
  );
#2032 = SURFACE_CURVE('',#2033,(#2090,#2150),.PCURVE_S1.);
#2033 = B_SPLINE_CURVE_WITH_KNOTS('',7,(#2034,#2035,#2036,#2037,#2038,
    #2039,#2040,#2041,#2042,#2043,#2044,#2045,#2046,#2047,#2048,#2049,
    #2050,#2051,#2052,#2053,#2054,#2055,#2056,#2057,#2058,#2059,#2060,
    #2061,#2062,#2063,#2064,#2065,#2066,#2067,#2068,#2069,#2070,#2071,
    #2072,#2073,#2074,#2075,#2076,#2077,#2078,#2079,#2080,#2081,#2082,
    #2083,#2084,#2085,#2086,#2087,#2088,#2089),.UNSPECIFIED.,.F.,.F.,(8,
    6,6,6,6,6,6,6,6,8),(0.,3.916846605899E-02,0.205726704584,
    0.323187565283,0.433792146017,0.615662890258,0.67763806833,
    0.776644629425,0.89874646411,1.),.UNSPECIFIED.);
#2034 = CARTESIAN_POINT('',(-11.04229263223,1.591230082421,8.6999994));
#2035 = CARTESIAN_POINT('',(-11.08331516518,1.586917213159,8.70984624593
    ));
#2036 = CARTESIAN_POINT('',(-11.12420820274,1.581370460832,
    8.719693286493));
#2037 = CARTESIAN_POINT('',(-11.16492688189,1.57459456818,8.729540479616
    ));
#2038 = CARTESIAN_POINT('',(-11.20542681813,1.566596242811,
    8.739387799275));
#2039 = CARTESIAN_POINT('',(-11.24566410553,1.557384157208,
    8.749235235499));
#2040 = CARTESIAN_POINT('',(-11.2855953167,1.54696894872,8.759082794366)
  );
#2041 = CARTESIAN_POINT('',(-11.49349502577,1.486011534435,
    8.810806433855));
#2042 = CARTESIAN_POINT('',(-11.65556133527,1.415114398057,
    8.852699716494));
#2043 = CARTESIAN_POINT('',(-11.80795435343,1.323645472095,
    8.894581949025));
#2044 = CARTESIAN_POINT('',(-11.94759159214,1.213255578917,8.93645854039
    ));
#2045 = CARTESIAN_POINT('',(-12.07176320974,1.08608630069,8.978338089212
    ));
#2046 = CARTESIAN_POINT('',(-12.17815068272,0.944756575702,
    9.020228364744));
#2047 = CARTESIAN_POINT('',(-12.3262766038,0.68490711061,9.091633269192)
  );
#2048 = CARTESIAN_POINT('',(-12.3778490156,0.571906751119,9.121166194692
    ));
#2049 = CARTESIAN_POINT('',(-12.41912268617,0.454436382054,
    9.150696973446));
#2050 = CARTESIAN_POINT('',(-12.44964949825,0.33362560461,9.180226692186
    ));
#2051 = CARTESIAN_POINT('',(-12.46913258014,0.210649825546,
    9.209758120061));
#2052 = CARTESIAN_POINT('',(-12.47742990217,8.671571297019E-02,
    9.239292047898));
#2053 = CARTESIAN_POINT('',(-12.47188344228,-0.153395975611,
    9.296631659857));
#2054 = CARTESIAN_POINT('',(-12.45930336685,-0.269622458512,
    9.324441924949));
#2055 = CARTESIAN_POINT('',(-12.43685429709,-0.384605881452,
    9.35225103586));
#2056 = CARTESIAN_POINT('',(-12.40469243602,-0.497344675976,
    9.380059269621));
#2057 = CARTESIAN_POINT('',(-12.3630952008,-0.606866088226,
    9.407868142879));
#2058 = CARTESIAN_POINT('',(-12.31245823136,-0.712236753246,
    9.435677893042));
#2059 = CARTESIAN_POINT('',(-12.15603257249,-0.977568099258,
    9.509209099982));
#2060 = CARTESIAN_POINT('',(-12.0356690377,-1.129060750776,
    9.554954786661));
#2061 = CARTESIAN_POINT('',(-11.89453845162,-1.263013368796,
    9.600678681036));
#2062 = CARTESIAN_POINT('',(-11.73579275665,-1.376116600749,
    9.646393430661));
#2063 = CARTESIAN_POINT('',(-11.56309427638,-1.465761524077,
    9.692116132593));
#2064 = CARTESIAN_POINT('',(-11.380599796,-1.530049739158,9.737861424893
    ));
#2065 = CARTESIAN_POINT('',(-11.12892382272,-1.581070014817,
    9.799167815308));
#2066 = CARTESIAN_POINT('',(-11.06434107235,-1.590993125723,
    9.814749780292));
#2067 = CARTESIAN_POINT('',(-10.99931547546,-1.597836805806,
    9.830332062889));
#2068 = CARTESIAN_POINT('',(-10.9340232885,-1.601578288626,
    9.845914663039));
#2069 = CARTESIAN_POINT('',(-10.86864176254,-1.602207437357,
    9.861497630793));
#2070 = CARTESIAN_POINT('',(-10.80334854402,-1.599726765597,
    9.877080924924));
#2071 = CARTESIAN_POINT('',(-10.63443842066,-1.585244795345,
    9.917558973061));
#2072 = CARTESIAN_POINT('',(-10.53122811262,-1.56843996503,
    9.942455200525));
#2073 = CARTESIAN_POINT('',(-10.42941918477,-1.543798210988,
    9.967350614479));
#2074 = CARTESIAN_POINT('',(-10.3297230751,-1.511465645505,
    9.992245012018));
#2075 = CARTESIAN_POINT('',(-10.23282949186,-1.47166585617,
    10.01713898646));
#2076 = CARTESIAN_POINT('',(-10.13940042983,-1.424698016346,
    10.042032560697));
#2077 = CARTESIAN_POINT('',(-9.939884336171,-1.304642959213,
    10.09762140908));
#2078 = CARTESIAN_POINT('',(-9.835910544594,-1.228007777621,
    10.128320402643));
#2079 = CARTESIAN_POINT('',(-9.739326915727,-1.141743403984,
    10.159015181234));
#2080 = CARTESIAN_POINT('',(-9.651188701971,-1.046717228487,
    10.189707362617));
#2081 = CARTESIAN_POINT('',(-9.57242231166,-0.94392835579,
    10.220401423157));
#2082 = CARTESIAN_POINT('',(-9.503812879374,-0.834493943717,
    10.251099667993));
#2083 = CARTESIAN_POINT('',(-9.39801732372,-0.62441347159,
    10.307252040489));
#2084 = CARTESIAN_POINT('',(-9.357459342395,-0.525444035248,
    10.332710120018));
#2085 = CARTESIAN_POINT('',(-9.324657077765,-0.423439278851,
    10.358168518126));
#2086 = CARTESIAN_POINT('',(-9.299874333669,-0.319129800818,
    10.383627310791));
#2087 = CARTESIAN_POINT('',(-9.283290782598,-0.213269768423,
    10.409086127442));
#2088 = CARTESIAN_POINT('',(-9.275000000533,-0.106631046005,
    10.434543733694));
#2089 = CARTESIAN_POINT('',(-9.275,0.,10.459999964035));
#2090 = PCURVE('',#1033,#2091);
#2091 = DEFINITIONAL_REPRESENTATION('',(#2092),#2149);
#2092 = B_SPLINE_CURVE_WITH_KNOTS('',7,(#2093,#2094,#2095,#2096,#2097,
    #2098,#2099,#2100,#2101,#2102,#2103,#2104,#2105,#2106,#2107,#2108,
    #2109,#2110,#2111,#2112,#2113,#2114,#2115,#2116,#2117,#2118,#2119,
    #2120,#2121,#2122,#2123,#2124,#2125,#2126,#2127,#2128,#2129,#2130,
    #2131,#2132,#2133,#2134,#2135,#2136,#2137,#2138,#2139,#2140,#2141,
    #2142,#2143,#2144,#2145,#2146,#2147,#2148),.UNSPECIFIED.,.F.,.F.,(8,
    6,6,6,6,6,6,6,6,8),(0.,3.916846605899E-02,0.205726704584,
    0.323187565283,0.433792146017,0.615662890258,0.67763806833,
    0.776644629425,0.89874646411,1.),.UNSPECIFIED.);
#2093 = CARTESIAN_POINT('',(0.113119269125,8.519571627316));
#2094 = CARTESIAN_POINT('',(0.113118411185,8.547168912363));
#2095 = CARTESIAN_POINT('',(0.113117772265,8.574766308844));
#2096 = CARTESIAN_POINT('',(0.113117360667,8.602363682395));
#2097 = CARTESIAN_POINT('',(0.113117177996,8.629960956911));
#2098 = CARTESIAN_POINT('',(0.113117219157,8.657558114537));
#2099 = CARTESIAN_POINT('',(0.113117472362,8.685155195675));
#2100 = CARTESIAN_POINT('',(0.113119818896,8.830104990504));
#2101 = CARTESIAN_POINT('',(0.113125235684,8.947499326558));
#2102 = CARTESIAN_POINT('',(0.113132965078,9.064858112132));
#2103 = CARTESIAN_POINT('',(0.113140114367,9.18220223802));
#2104 = CARTESIAN_POINT('',(0.113144372041,9.299560382294));
#2105 = CARTESIAN_POINT('',(0.113145931148,9.416953935578));
#2106 = CARTESIAN_POINT('',(0.113145489173,9.617065599945));
#2107 = CARTESIAN_POINT('',(0.113144406841,9.699833166184));
#2108 = CARTESIAN_POINT('',(0.113142732989,9.782595888401));
#2109 = CARTESIAN_POINT('',(0.113141033823,9.865355690116));
#2110 = CARTESIAN_POINT('',(0.113139812478,9.948119334771));
#2111 = CARTESIAN_POINT('',(0.113139319829,10.030888541492));
#2112 = CARTESIAN_POINT('',(0.113139664548,10.191580951544));
#2113 = CARTESIAN_POINT('',(0.113140426302,10.269517142786));
#2114 = CARTESIAN_POINT('',(0.113141750658,10.347448984575));
#2115 = CARTESIAN_POINT('',(0.1131433639,10.4253777957));
#2116 = CARTESIAN_POINT('',(0.113144828644,10.503308693273));
#2117 = CARTESIAN_POINT('',(0.11314569487,10.581243234412));
#2118 = CARTESIAN_POINT('',(0.113145771609,10.787312790235));
#2119 = CARTESIAN_POINT('',(0.113143541408,10.915518563726));
#2120 = CARTESIAN_POINT('',(0.113138001594,11.043669823232));
#2121 = CARTESIAN_POINT('',(0.113129093644,11.171802129234));
#2122 = CARTESIAN_POINT('',(0.113120779327,11.299955545042));
#2123 = CARTESIAN_POINT('',(0.113116702554,11.428163872554));
#2124 = CARTESIAN_POINT('',(0.113117633308,11.599971937014));
#2125 = CARTESIAN_POINT('',(0.1131184242,11.643638508838));
#2126 = CARTESIAN_POINT('',(0.113119796603,11.687304818415));
#2127 = CARTESIAN_POINT('',(0.113121733723,11.730970898855));
#2128 = CARTESIAN_POINT('',(0.113124176932,11.774637006603));
#2129 = CARTESIAN_POINT('',(0.113127027907,11.818303220969));
#2130 = CARTESIAN_POINT('',(0.113135139598,11.931726050833));
#2131 = CARTESIAN_POINT('',(0.11314082263,12.001485958787));
#2132 = CARTESIAN_POINT('',(0.113146669791,12.071243261651));
#2133 = CARTESIAN_POINT('',(0.113151917195,12.140998904539));
#2134 = CARTESIAN_POINT('',(0.113155792828,12.210756080079));
#2135 = CARTESIAN_POINT('',(0.113157754327,12.280515927204));
#2136 = CARTESIAN_POINT('',(0.113157719764,12.436302609643));
#2137 = CARTESIAN_POINT('',(0.113154694548,12.522341907972));
#2138 = CARTESIAN_POINT('',(0.113148500488,12.608375673475));
#2139 = CARTESIAN_POINT('',(0.113140018004,12.694406695218));
#2140 = CARTESIAN_POINT('',(0.113131527253,12.780442999641));
#2141 = CARTESIAN_POINT('',(0.113125686896,12.86648577831));
#2142 = CARTESIAN_POINT('',(0.113121018904,13.023860907425));
#2143 = CARTESIAN_POINT('',(0.113121209224,13.095206308203));
#2144 = CARTESIAN_POINT('',(0.113123912809,13.166547520465));
#2145 = CARTESIAN_POINT('',(0.113129130454,13.237884954191));
#2146 = CARTESIAN_POINT('',(0.113134606462,13.309221998796));
#2147 = CARTESIAN_POINT('',(0.113137106883,13.380561375141));
#2148 = CARTESIAN_POINT('',(0.113137026511,13.451902100804));
#2149 = ( GEOMETRIC_REPRESENTATION_CONTEXT(2) 
PARAMETRIC_REPRESENTATION_CONTEXT() REPRESENTATION_CONTEXT('2D SPACE',''
  ) );
#2150 = PCURVE('',#1491,#2151);
#2151 = DEFINITIONAL_REPRESENTATION('',(#2152),#2209);
#2152 = B_SPLINE_CURVE_WITH_KNOTS('',7,(#2153,#2154,#2155,#2156,#2157,
    #2158,#2159,#2160,#2161,#2162,#2163,#2164,#2165,#2166,#2167,#2168,
    #2169,#2170,#2171,#2172,#2173,#2174,#2175,#2176,#2177,#2178,#2179,
    #2180,#2181,#2182,#2183,#2184,#2185,#2186,#2187,#2188,#2189,#2190,
    #2191,#2192,#2193,#2194,#2195,#2196,#2197,#2198,#2199,#2200,#2201,
    #2202,#2203,#2204,#2205,#2206,#2207,#2208),.UNSPECIFIED.,.F.,.F.,(8,
    6,6,6,6,6,6,6,6,8),(0.,3.916846605899E-02,0.205726704584,
    0.323187565283,0.433792146017,0.615662890258,0.67763806833,
    0.776644629425,0.89874646411,1.),.UNSPECIFIED.);
#2153 = CARTESIAN_POINT('',(1.675545675957,-6.E-07));
#2154 = CARTESIAN_POINT('',(1.701326066483,9.846245930168E-03));
#2155 = CARTESIAN_POINT('',(1.727106555623,1.969328649319E-02));
#2156 = CARTESIAN_POINT('',(1.752887031122,2.954047961558E-02));
#2157 = CARTESIAN_POINT('',(1.778667432815,3.938779927465E-02));
#2158 = CARTESIAN_POINT('',(1.804447752624,4.923523549852E-02));
#2159 = CARTESIAN_POINT('',(1.830228034557,5.908279436609E-02));
#2160 = CARTESIAN_POINT('',(1.965635543621,0.110806433855));
#2161 = CARTESIAN_POINT('',(2.07530232113,0.152699716494));
#2162 = CARTESIAN_POINT('',(2.184937057427,0.194581949025));
#2163 = CARTESIAN_POINT('',(2.294559293204,0.236458540391));
#2164 = CARTESIAN_POINT('',(2.404194702065,0.278338089212));
#2165 = CARTESIAN_POINT('',(2.513862341353,0.320228364744));
#2166 = CARTESIAN_POINT('',(2.700802163936,0.391633269192));
#2167 = CARTESIAN_POINT('',(2.778121159849,0.421166194692));
#2168 = CARTESIAN_POINT('',(2.8554348905,0.450696973446));
#2169 = CARTESIAN_POINT('',(2.932745160572,0.480226692186));
#2170 = CARTESIAN_POINT('',(3.010058478997,0.509758120061));
#2171 = CARTESIAN_POINT('',(3.087376768207,0.539292047898));
#2172 = CARTESIAN_POINT('',(3.23748660587,0.596631659857));
#2173 = CARTESIAN_POINT('',(3.310290280934,0.624441924949));
#2174 = CARTESIAN_POINT('',(3.383090189652,0.65225103586));
#2175 = CARTESIAN_POINT('',(3.455887801794,0.680059269621));
#2176 = CARTESIAN_POINT('',(3.528688024488,0.707868142879));
#2177 = CARTESIAN_POINT('',(3.601492294228,0.735677893042));
#2178 = CARTESIAN_POINT('',(3.793998087495,0.809209099982));
#2179 = CARTESIAN_POINT('',(3.913766597228,0.854954786661));
#2180 = CARTESIAN_POINT('',(4.033485058663,0.900678681036));
#2181 = CARTESIAN_POINT('',(4.15318536923,0.946393430661));
#2182 = CARTESIAN_POINT('',(4.272903570249,0.992116132593));
#2183 = CARTESIAN_POINT('',(4.392671790335,1.037861424893));
#2184 = CARTESIAN_POINT('',(4.55316889902,1.099167815308));
#2185 = CARTESIAN_POINT('',(4.593960635398,1.114749780292));
#2186 = CARTESIAN_POINT('',(4.634752105793,1.130332062889));
#2187 = CARTESIAN_POINT('',(4.675543379472,1.145914663039));
#2188 = CARTESIAN_POINT('',(4.71633473342,1.161497630793));
#2189 = CARTESIAN_POINT('',(4.757126271826,1.177080924924));
#2190 = CARTESIAN_POINT('',(4.86308240447,1.217558973061));
#2191 = CARTESIAN_POINT('',(4.92825023192,1.242455200525));
#2192 = CARTESIAN_POINT('',(4.993415950022,1.267350614479));
#2193 = CARTESIAN_POINT('',(5.058580428143,1.292245012018));
#2194 = CARTESIAN_POINT('',(5.12374648253,1.31713898646));
#2195 = CARTESIAN_POINT('',(5.188914894157,1.342032560697));
#2196 = CARTESIAN_POINT('',(5.334447172006,1.39762140908));
#2197 = CARTESIAN_POINT('',(5.414822463172,1.428320402643));
#2198 = CARTESIAN_POINT('',(5.49519157048,1.459015181234));
#2199 = CARTESIAN_POINT('',(5.575556529977,1.489707362617));
#2200 = CARTESIAN_POINT('',(5.655925078309,1.520401423157));
#2201 = CARTESIAN_POINT('',(5.736299517955,1.551099667993));
#2202 = CARTESIAN_POINT('',(5.883309435198,1.607252040489));
#2203 = CARTESIAN_POINT('',(5.949956676481,1.632710120018));
#2204 = CARTESIAN_POINT('',(6.016601710647,1.658168518126));
#2205 = CARTESIAN_POINT('',(6.083245596634,1.683627310791));
#2206 = CARTESIAN_POINT('',(6.14989174843,1.709086127442));
#2207 = CARTESIAN_POINT('',(6.216540903426,1.734543733694));
#2208 = CARTESIAN_POINT('',(6.28318530718,1.759999964035));
#2209 = ( GEOMETRIC_REPRESENTATION_CONTEXT(2) 
PARAMETRIC_REPRESENTATION_CONTEXT() REPRESENTATION_CONTEXT('2D SPACE',''
  ) );
#2210 = ORIENTED_EDGE('',*,*,#1339,.F.);
#2211 = ORIENTED_EDGE('',*,*,#983,.T.);
#2212 = ORIENTED_EDGE('',*,*,#2213,.T.);
#2213 = EDGE_CURVE('',#984,#2214,#2216,.T.);
#2214 = VERTEX_POINT('',#2215);
#2215 = CARTESIAN_POINT('',(-11.04229512152,1.59122982071,13.5));
#2216 = SURFACE_CURVE('',#2217,(#2236,#2258),.PCURVE_S1.);
#2217 = B_SPLINE_CURVE_WITH_KNOTS('',5,(#2218,#2219,#2220,#2221,#2222,
    #2223,#2224,#2225,#2226,#2227,#2228,#2229,#2230,#2231,#2232,#2233,
    #2234,#2235),.UNSPECIFIED.,.F.,.F.,(6,4,4,4,6),(0.,0.270148290119,
    0.527513611401,0.768663617386,1.),.UNSPECIFIED.);
#2218 = CARTESIAN_POINT('',(-9.256966680152,1.175577407854,13.5));
#2219 = CARTESIAN_POINT('',(-9.349325893501,1.262262538137,13.5));
#2220 = CARTESIAN_POINT('',(-9.448325560787,1.341195124098,13.5));
#2221 = CARTESIAN_POINT('',(-9.553180253456,1.411561125221,13.5));
#2222 = CARTESIAN_POINT('',(-9.662953831319,1.472653958663,13.5));
#2223 = CARTESIAN_POINT('',(-9.88477033112,1.572761573128,13.5));
#2224 = CARTESIAN_POINT('',(-9.996465052054,1.612686530622,13.5));
#2225 = CARTESIAN_POINT('',(-10.11068327704,1.643217792685,13.5));
#2226 = CARTESIAN_POINT('',(-10.22637248571,1.664020041875,13.5));
#2227 = CARTESIAN_POINT('',(-10.45108720227,1.685185950045,13.5));
#2228 = CARTESIAN_POINT('',(-10.56007808619,1.686755249941,13.5));
#2229 = CARTESIAN_POINT('',(-10.66841096258,1.679535888387,13.5));
#2230 = CARTESIAN_POINT('',(-10.77509553612,1.66355916855,13.5));
#2231 = CARTESIAN_POINT('',(-10.97890615662,1.615526958441,13.5));
#2232 = CARTESIAN_POINT('',(-11.07624896138,1.584151219471,13.5));
#2233 = CARTESIAN_POINT('',(-11.17024893955,1.545111799921,13.5));
#2234 = CARTESIAN_POINT('',(-11.26001728266,1.498757576836,13.5));
#2235 = CARTESIAN_POINT('',(-11.34470558098,1.445619102899,13.5));
#2236 = PCURVE('',#1033,#2237);
#2237 = DEFINITIONAL_REPRESENTATION('',(#2238),#2257);
#2238 = B_SPLINE_CURVE_WITH_KNOTS('',5,(#2239,#2240,#2241,#2242,#2243,
    #2244,#2245,#2246,#2247,#2248,#2249,#2250,#2251,#2252,#2253,#2254,
    #2255,#2256),.UNSPECIFIED.,.F.,.F.,(6,4,4,4,6),(0.,0.270148290119,
    0.527513611401,0.768663617386,1.),.UNSPECIFIED.);
#2239 = CARTESIAN_POINT('',(0.678822509939,20.850448220629));
#2240 = CARTESIAN_POINT('',(0.645216661775,20.917043346952));
#2241 = CARTESIAN_POINT('',(0.611252309715,20.984348896247));
#2242 = CARTESIAN_POINT('',(0.576919082529,21.052385421169));
#2243 = CARTESIAN_POINT('',(0.542199663387,21.121187240367));
#2244 = CARTESIAN_POINT('',(0.473622950871,21.257082441287));
#2245 = CARTESIAN_POINT('',(0.439801046985,21.324105693541));
#2246 = CARTESIAN_POINT('',(0.405603871974,21.391872602676));
#2247 = CARTESIAN_POINT('',(0.371013830566,21.46041803763));
#2248 = CARTESIAN_POINT('',(0.303225422262,21.594751095508));
#2249 = CARTESIAN_POINT('',(0.270075230236,21.660443252407));
#2250 = CARTESIAN_POINT('',(0.236556097182,21.726866523772));
#2251 = CARTESIAN_POINT('',(0.202651367373,21.794053915108));
#2252 = CARTESIAN_POINT('',(0.135440577091,21.927242344496));
#2253 = CARTESIAN_POINT('',(0.10216482095,21.993183329843));
#2254 = CARTESIAN_POINT('',(6.851014332788E-02,22.059875205992));
#2255 = CARTESIAN_POINT('',(3.445957981523E-02,22.127351589892));
#2256 = CARTESIAN_POINT('',(0.,22.19563850114));
#2257 = ( GEOMETRIC_REPRESENTATION_CONTEXT(2) 
PARAMETRIC_REPRESENTATION_CONTEXT() REPRESENTATION_CONTEXT('2D SPACE',''
  ) );
#2258 = PCURVE('',#1305,#2259);
#2259 = DEFINITIONAL_REPRESENTATION('',(#2260),#2279);
#2260 = B_SPLINE_CURVE_WITH_KNOTS('',5,(#2261,#2262,#2263,#2264,#2265,
    #2266,#2267,#2268,#2269,#2270,#2271,#2272,#2273,#2274,#2275,#2276,
    #2277,#2278),.UNSPECIFIED.,.F.,.F.,(6,4,4,4,6),(0.,0.270148290119,
    0.527513611401,0.768663617386,1.),.UNSPECIFIED.);
#2261 = CARTESIAN_POINT('',(1.618033319848,1.175577407854));
#2262 = CARTESIAN_POINT('',(1.525674106499,1.262262538137));
#2263 = CARTESIAN_POINT('',(1.426674439213,1.341195124098));
#2264 = CARTESIAN_POINT('',(1.321819746544,1.411561125221));
#2265 = CARTESIAN_POINT('',(1.212046168681,1.472653958663));
#2266 = CARTESIAN_POINT('',(0.99022966888,1.572761573128));
#2267 = CARTESIAN_POINT('',(0.878534947946,1.612686530622));
#2268 = CARTESIAN_POINT('',(0.764316722959,1.643217792685));
#2269 = CARTESIAN_POINT('',(0.648627514285,1.664020041875));
#2270 = CARTESIAN_POINT('',(0.423912797725,1.685185950045));
#2271 = CARTESIAN_POINT('',(0.314921913803,1.686755249941));
#2272 = CARTESIAN_POINT('',(0.206589037417,1.679535888387));
#2273 = CARTESIAN_POINT('',(9.990446387452E-02,1.66355916855));
#2274 = CARTESIAN_POINT('',(-0.103906156621,1.615526958441));
#2275 = CARTESIAN_POINT('',(-0.201248961383,1.584151219471));
#2276 = CARTESIAN_POINT('',(-0.295248939551,1.545111799921));
#2277 = CARTESIAN_POINT('',(-0.38501728266,1.498757576836));
#2278 = CARTESIAN_POINT('',(-0.469705580981,1.445619102899));
#2279 = ( GEOMETRIC_REPRESENTATION_CONTEXT(2) 
PARAMETRIC_REPRESENTATION_CONTEXT() REPRESENTATION_CONTEXT('2D SPACE',''
  ) );
#2280 = ORIENTED_EDGE('',*,*,#2281,.F.);
#2281 = EDGE_CURVE('',#2282,#2214,#2284,.T.);
#2282 = VERTEX_POINT('',#2283);
#2283 = CARTESIAN_POINT('',(-9.275,-3.918869757272E-16,12.859999964656)
  );
#2284 = SURFACE_CURVE('',#2285,(#2303,#2324),.PCURVE_S1.);
#2285 = B_SPLINE_CURVE_WITH_KNOTS('',4,(#2286,#2287,#2288,#2289,#2290,
    #2291,#2292,#2293,#2294,#2295,#2296,#2297,#2298,#2299,#2300,#2301,
    #2302),.UNSPECIFIED.,.F.,.F.,(5,3,3,3,3,5),(0.,0.221478400279,
    0.336765973522,0.549435326387,0.688183262091,1.),.UNSPECIFIED.);
#2286 = CARTESIAN_POINT('',(-9.275,-2.789895858602E-16,12.859999964656)
  );
#2287 = CARTESIAN_POINT('',(-9.274999286306,0.166984632118,
    12.899865527544));
#2288 = CARTESIAN_POINT('',(-9.29824039267,0.333998319187,
    12.939720504291));
#2289 = CARTESIAN_POINT('',(-9.344710734409,0.496083903484,
    12.97958167183));
#2290 = CARTESIAN_POINT('',(-9.447657236682,0.72818123523,13.04020036926
    ));
#2291 = CARTESIAN_POINT('',(-9.488655059714,0.805084361304,
    13.060953689844));
#2292 = CARTESIAN_POINT('',(-9.535129112415,0.878806623184,
    13.081708137306));
#2293 = CARTESIAN_POINT('',(-9.681752836683,1.07790132053,
    13.140749455781));
#2294 = CARTESIAN_POINT('',(-9.794096735156,1.194315338416,
    13.179037291481));
#2295 = CARTESIAN_POINT('',(-9.921107637742,1.294527262137,
    13.217320579223));
#2296 = CARTESIAN_POINT('',(-10.14901724951,1.429647656646,
    13.280573552196));
#2297 = CARTESIAN_POINT('',(-10.24365509568,1.475153705896,
    13.305545687615));
#2298 = CARTESIAN_POINT('',(-10.34191173503,1.512203855043,
    13.330516337591));
#2299 = CARTESIAN_POINT('',(-10.66898169665,1.604007931304,
    13.411608214251));
#2300 = CARTESIAN_POINT('',(-10.90789739467,1.623196009583,
    13.467727176174));
#2301 = CARTESIAN_POINT('',(-11.14583606092,1.594343355668,
    13.523855184966));
#2302 = CARTESIAN_POINT('',(-11.36942372376,1.521691552639,
    13.579987095252));
#2303 = PCURVE('',#1033,#2304);
#2304 = DEFINITIONAL_REPRESENTATION('',(#2305),#2323);
#2305 = B_SPLINE_CURVE_WITH_KNOTS('',4,(#2306,#2307,#2308,#2309,#2310,
    #2311,#2312,#2313,#2314,#2315,#2316,#2317,#2318,#2319,#2320,#2321,
    #2322),.UNSPECIFIED.,.F.,.F.,(5,3,3,3,3,5),(0.,0.221478400279,
    0.336765973522,0.549435326387,0.688183262091,1.),.UNSPECIFIED.);
#2306 = CARTESIAN_POINT('',(0.113137035005,20.177853167253));
#2307 = CARTESIAN_POINT('',(0.113137403505,20.289574864011));
#2308 = CARTESIAN_POINT('',(0.113127574651,20.401287100943));
#2309 = CARTESIAN_POINT('',(0.113120662823,20.513010906906));
#2310 = CARTESIAN_POINT('',(0.113122573196,20.682889784531));
#2311 = CARTESIAN_POINT('',(0.113124965561,20.741045801399));
#2312 = CARTESIAN_POINT('',(0.113129023956,20.799201674828));
#2313 = CARTESIAN_POINT('',(0.113142052755,20.964637947248));
#2314 = CARTESIAN_POINT('',(0.113152811703,21.071917505484));
#2315 = CARTESIAN_POINT('',(0.113158045375,21.179195267332));
#2316 = CARTESIAN_POINT('',(0.113157602508,21.356461311753));
#2317 = CARTESIAN_POINT('',(0.113155140905,21.426450090037));
#2318 = CARTESIAN_POINT('',(0.113150689463,21.496438648569));
#2319 = CARTESIAN_POINT('',(0.113134108209,21.723729837448));
#2320 = CARTESIAN_POINT('',(0.113118124749,21.881033757442));
#2321 = CARTESIAN_POINT('',(0.11311490765,22.038337732612));
#2322 = CARTESIAN_POINT('',(0.113118523483,22.19563910114));
#2323 = ( GEOMETRIC_REPRESENTATION_CONTEXT(2) 
PARAMETRIC_REPRESENTATION_CONTEXT() REPRESENTATION_CONTEXT('2D SPACE',''
  ) );
#2324 = PCURVE('',#2325,#2330);
#2325 = CYLINDRICAL_SURFACE('',#2326,1.6);
#2326 = AXIS2_PLACEMENT_3D('',#2327,#2328,#2329);
#2327 = CARTESIAN_POINT('',(-10.875,0.,8.7));
#2328 = DIRECTION('',(0.,0.,1.));
#2329 = DIRECTION('',(1.,0.,-0.));
#2330 = DEFINITIONAL_REPRESENTATION('',(#2331),#2349);
#2331 = B_SPLINE_CURVE_WITH_KNOTS('',4,(#2332,#2333,#2334,#2335,#2336,
    #2337,#2338,#2339,#2340,#2341,#2342,#2343,#2344,#2345,#2346,#2347,
    #2348),.UNSPECIFIED.,.F.,.F.,(5,3,3,3,3,5),(0.,0.221478400279,
    0.336765973522,0.549435326387,0.688183262091,1.),.UNSPECIFIED.);
#2332 = CARTESIAN_POINT('',(0.,4.159999964656));
#2333 = CARTESIAN_POINT('',(0.104367578629,4.199865527544));
#2334 = CARTESIAN_POINT('',(0.208740188624,4.239720504291));
#2335 = CARTESIAN_POINT('',(0.313108268928,4.27958167183));
#2336 = CARTESIAN_POINT('',(0.471800440807,4.34020036926));
#2337 = CARTESIAN_POINT('',(0.526125690897,4.360953689844));
#2338 = CARTESIAN_POINT('',(0.580450574731,4.381708137306));
#2339 = CARTESIAN_POINT('',(0.734989563617,4.440749455781));
#2340 = CARTESIAN_POINT('',(0.835203631642,4.479037291481));
#2341 = CARTESIAN_POINT('',(0.935419212118,4.517320579223));
#2342 = CARTESIAN_POINT('',(1.101017050079,4.580573552196));
#2343 = CARTESIAN_POINT('',(1.166399401678,4.605545687615));
#2344 = CARTESIAN_POINT('',(1.231781504233,4.630516337591));
#2345 = CARTESIAN_POINT('',(1.444112229004,4.711608214251));
#2346 = CARTESIAN_POINT('',(1.591060508017,4.767727176174));
#2347 = CARTESIAN_POINT('',(1.738007032294,4.823855184966));
#2348 = CARTESIAN_POINT('',(1.884953313616,4.879987095252));
#2349 = ( GEOMETRIC_REPRESENTATION_CONTEXT(2) 
PARAMETRIC_REPRESENTATION_CONTEXT() REPRESENTATION_CONTEXT('2D SPACE',''
  ) );
#2350 = ORIENTED_EDGE('',*,*,#2351,.F.);
#2351 = EDGE_CURVE('',#2030,#2282,#2352,.T.);
#2352 = SURFACE_CURVE('',#2353,(#2426,#2502),.PCURVE_S1.);
#2353 = B_SPLINE_CURVE_WITH_KNOTS('',6,(#2354,#2355,#2356,#2357,#2358,
    #2359,#2360,#2361,#2362,#2363,#2364,#2365,#2366,#2367,#2368,#2369,
    #2370,#2371,#2372,#2373,#2374,#2375,#2376,#2377,#2378,#2379,#2380,
    #2381,#2382,#2383,#2384,#2385,#2386,#2387,#2388,#2389,#2390,#2391,
    #2392,#2393,#2394,#2395,#2396,#2397,#2398,#2399,#2400,#2401,#2402,
    #2403,#2404,#2405,#2406,#2407,#2408,#2409,#2410,#2411,#2412,#2413,
    #2414,#2415,#2416,#2417,#2418,#2419,#2420,#2421,#2422,#2423,#2424,
    #2425),.UNSPECIFIED.,.F.,.F.,(7,5,5,5,5,5,5,5,5,5,5,5,5,5,7),(0.,
    6.579662080461E-02,9.976204195068E-02,0.163562859728,0.20616089711,
    0.289405824803,0.399388160165,0.503822181006,0.585005418984,
    0.643053050101,0.717206598643,0.7645897071,0.8349914938,
    0.925968344287,1.),.UNSPECIFIED.);
#2354 = CARTESIAN_POINT('',(-9.275,2.22044604925E-16,10.459999964035));
#2355 = CARTESIAN_POINT('',(-9.275,0.110239951879,10.486317755732));
#2356 = CARTESIAN_POINT('',(-9.284115000239,0.220487416058,
    10.512632794016));
#2357 = CARTESIAN_POINT('',(-9.302345575256,0.329787992224,
    10.538945401727));
#2358 = CARTESIAN_POINT('',(-9.329560886197,0.437202918191,
    10.565259212642));
#2359 = CARTESIAN_POINT('',(-9.365502703084,0.541821519545,
    10.591576836759));
#2360 = CARTESIAN_POINT('',(-9.432651045428,0.694887003384,
    10.631481714952));
#2361 = CARTESIAN_POINT('',(-9.457736945472,0.746024663777,
    10.645068525797));
#2362 = CARTESIAN_POINT('',(-9.484994720416,0.796067399842,
    10.658655866713));
#2363 = CARTESIAN_POINT('',(-9.514364016939,0.844900612425,
    10.672243626399));
#2364 = CARTESIAN_POINT('',(-9.54577653521,0.892414343838,
    10.685831673663));
#2365 = CARTESIAN_POINT('',(-9.641856237566,1.02507696312,10.72494397008
    ));
#2366 = CARTESIAN_POINT('',(-9.711499289238,1.106626508331,
    10.750469414771));
#2367 = CARTESIAN_POINT('',(-9.787577215738,1.182451006617,
    10.775993394734));
#2368 = CARTESIAN_POINT('',(-9.86949568729,1.251925649016,
    10.801516039899));
#2369 = CARTESIAN_POINT('',(-9.95658254158,1.314509881043,
    10.827037896938));
#2370 = CARTESIAN_POINT('',(-10.109197521,1.40664156713,10.869596096959)
  );
#2371 = CARTESIAN_POINT('',(-10.17227389523,1.440257291343,
    10.886634218901));
#2372 = CARTESIAN_POINT('',(-10.23710565663,1.470470003028,
    10.903671569185));
#2373 = CARTESIAN_POINT('',(-10.30346253435,1.497167338056,
    10.920708395203));
#2374 = CARTESIAN_POINT('',(-10.37110519095,1.520257894154,
    10.93774499624));
#2375 = CARTESIAN_POINT('',(-10.57400369727,1.577610465993,
    10.988073617583));
#2376 = CARTESIAN_POINT('',(-10.71220220851,1.601512649596,
    11.02136836295));
#2377 = CARTESIAN_POINT('',(-10.85251845193,1.610846424745,
    11.054660026119));
#2378 = CARTESIAN_POINT('',(-10.99303984789,1.60543196922,
    11.087953594808));
#2379 = CARTESIAN_POINT('',(-11.13185003413,1.585396193111,
    11.121252795886));
#2380 = CARTESIAN_POINT('',(-11.44572545667,1.506063920748,
    11.198542818062));
#2381 = CARTESIAN_POINT('',(-11.61818998437,1.436205123535,
    11.242550386087));
#2382 = CARTESIAN_POINT('',(-11.7800747299,1.342726437764,
    11.286545052343));
#2383 = CARTESIAN_POINT('',(-11.92746188531,1.227738320613,
    11.330538554669));
#2384 = CARTESIAN_POINT('',(-12.05692383001,1.09408066447,
    11.374544804571));
#2385 = CARTESIAN_POINT('',(-12.26919929679,0.804254409305,
    11.460310223714));
#2386 = CARTESIAN_POINT('',(-12.35408955321,0.649489446013,
    11.502091582992));
#2387 = CARTESIAN_POINT('',(-12.41818193254,0.484227312616,
    11.543860607235));
#2388 = CARTESIAN_POINT('',(-12.45999615921,0.31197547573,
    11.585630241264));
#2389 = CARTESIAN_POINT('',(-12.47874416492,0.136457807183,
    11.627412504467));
#2390 = CARTESIAN_POINT('',(-12.47126746992,-0.174445685501,
    11.701659148209));
#2391 = CARTESIAN_POINT('',(-12.45412524781,-0.310103319074,
    11.734135634307));
#2392 = CARTESIAN_POINT('',(-12.42314981726,-0.443643861116,
    11.766609259329));
#2393 = CARTESIAN_POINT('',(-12.37869623708,-0.573322468151,
    11.799082728131));
#2394 = CARTESIAN_POINT('',(-12.32138721813,-0.697470834608,
    11.83155867082));
#2395 = CARTESIAN_POINT('',(-12.20262768009,-0.898255934883,
    11.88724914565));
#2396 = CARTESIAN_POINT('',(-12.14700737818,-0.978356993209,
    11.910467449211));
#2397 = CARTESIAN_POINT('',(-12.08561132134,-1.054287745879,
    11.933684564377));
#2398 = CARTESIAN_POINT('',(-12.01883541433,-1.1255335921,
    11.956901105759));
#2399 = CARTESIAN_POINT('',(-11.94713491541,-1.191631608316,
    11.980117806848));
#2400 = CARTESIAN_POINT('',(-11.77378537887,-1.329519200443,
    12.032991320338));
#2401 = CARTESIAN_POINT('',(-11.66933824921,-1.397806416727,
    12.062650266816));
#2402 = CARTESIAN_POINT('',(-11.55874524453,-1.456185802377,
    12.092307286952));
#2403 = CARTESIAN_POINT('',(-11.44318892394,-1.5039936715,12.12196514911
    ));
#2404 = CARTESIAN_POINT('',(-11.32393525576,-1.540744354187,
    12.151626444603));
#2405 = CARTESIAN_POINT('',(-11.12461124475,-1.582402228506,
    12.200240318928));
#2406 = CARTESIAN_POINT('',(-11.04593369782,-1.594016383446,
    12.21919405404));
#2407 = CARTESIAN_POINT('',(-10.96663455799,-1.600931397059,
    12.23814817875));
#2408 = CARTESIAN_POINT('',(-10.88706446376,-1.603109760803,
    12.257102836615));
#2409 = CARTESIAN_POINT('',(-10.80757596438,-1.600548818724,
    12.276058115462));
#2410 = CARTESIAN_POINT('',(-10.61106102073,-1.582482119422,
    12.323177243329));
#2411 = CARTESIAN_POINT('',(-10.49455102416,-1.561291139143,
    12.351342850519));
#2412 = CARTESIAN_POINT('',(-10.38015162441,-1.529815128845,
    12.379506785487));
#2413 = CARTESIAN_POINT('',(-10.26898977101,-1.48832906343,
    12.407669744041));
#2414 = CARTESIAN_POINT('',(-10.16214018943,-1.437269850849,
    12.435832634388));
#2415 = CARTESIAN_POINT('',(-9.92940028229,-1.299644539899,
    12.500382415888));
#2416 = CARTESIAN_POINT('',(-9.807046027403,-1.207048380737,
    12.536774226832));
#2417 = CARTESIAN_POINT('',(-9.695731577631,-1.100725979053,
    12.573157647851));
#2418 = CARTESIAN_POINT('',(-9.597321699286,-0.982359105692,
    12.609540205343));
#2419 = CARTESIAN_POINT('',(-9.513365316485,-0.853923380624,
    12.645931237249));
#2420 = CARTESIAN_POINT('',(-9.389355484304,-0.606832315796,
    12.711930748224));
#2421 = CARTESIAN_POINT('',(-9.344027523523,-0.490791505284,
    12.741545225772));
#2422 = CARTESIAN_POINT('',(-9.309620495896,-0.370780608315,
    12.771159360519));
#2423 = CARTESIAN_POINT('',(-9.286539028374,-0.248085732003,
    12.80077462802));
#2424 = CARTESIAN_POINT('',(-9.274999999691,-0.124037585763,
    12.830388237229));
#2425 = CARTESIAN_POINT('',(-9.275,-1.576516694968E-14,12.859999964656)
  );
#2426 = PCURVE('',#1033,#2427);
#2427 = DEFINITIONAL_REPRESENTATION('',(#2428),#2501);
#2428 = B_SPLINE_CURVE_WITH_KNOTS('',6,(#2429,#2430,#2431,#2432,#2433,
    #2434,#2435,#2436,#2437,#2438,#2439,#2440,#2441,#2442,#2443,#2444,
    #2445,#2446,#2447,#2448,#2449,#2450,#2451,#2452,#2453,#2454,#2455,
    #2456,#2457,#2458,#2459,#2460,#2461,#2462,#2463,#2464,#2465,#2466,
    #2467,#2468,#2469,#2470,#2471,#2472,#2473,#2474,#2475,#2476,#2477,
    #2478,#2479,#2480,#2481,#2482,#2483,#2484,#2485,#2486,#2487,#2488,
    #2489,#2490,#2491,#2492,#2493,#2494,#2495,#2496,#2497,#2498,#2499,
    #2500),.UNSPECIFIED.,.F.,.F.,(7,5,5,5,5,5,5,5,5,5,5,5,5,5,7),(0.,
    6.579662080461E-02,9.976204195068E-02,0.163562859728,0.20616089711,
    0.289405824803,0.399388160165,0.503822181006,0.585005418984,
    0.643053050101,0.717206598643,0.7645897071,0.8349914938,
    0.925968344287,1.),.UNSPECIFIED.);
#2429 = CARTESIAN_POINT('',(0.113137034128,13.451902111502));
#2430 = CARTESIAN_POINT('',(0.113136951814,13.525657349139));
#2431 = CARTESIAN_POINT('',(0.113133948499,13.599410658805));
#2432 = CARTESIAN_POINT('',(0.113128376052,13.673162247964));
#2433 = CARTESIAN_POINT('',(0.113123298056,13.746916229248));
#2434 = CARTESIAN_POINT('',(0.113121414739,13.820674566209));
#2435 = CARTESIAN_POINT('',(0.113122283801,13.932505451367));
#2436 = CARTESIAN_POINT('',(0.113123286448,13.97058022478));
#2437 = CARTESIAN_POINT('',(0.113124971068,14.008655132271));
#2438 = CARTESIAN_POINT('',(0.113127251602,14.046730032465));
#2439 = CARTESIAN_POINT('',(0.113129980716,14.08480484966));
#2440 = CARTESIAN_POINT('',(0.113138526968,14.194399327035));
#2441 = CARTESIAN_POINT('',(0.113145004567,14.26592102888));
#2442 = CARTESIAN_POINT('',(0.113151080699,14.337439421422));
#2443 = CARTESIAN_POINT('',(0.113155554657,14.408957248174));
#2444 = CARTESIAN_POINT('',(0.113157721644,14.480477437833));
#2445 = CARTESIAN_POINT('',(0.113157798086,14.599745774));
#2446 = CARTESIAN_POINT('',(0.113156874293,14.647496593912));
#2447 = CARTESIAN_POINT('',(0.113155019118,14.695247096947));
#2448 = CARTESIAN_POINT('',(0.113152384525,14.742997675268));
#2449 = CARTESIAN_POINT('',(0.113149195681,14.790748721421));
#2450 = CARTESIAN_POINT('',(0.113138854573,14.931814148844));
#2451 = CARTESIAN_POINT('',(0.113130822629,15.02513791026));
#2452 = CARTESIAN_POINT('',(0.113123392599,15.118451841099));
#2453 = CARTESIAN_POINT('',(0.113118606535,15.211765872695));
#2454 = CARTESIAN_POINT('',(0.113116795875,15.305089792731));
#2455 = CARTESIAN_POINT('',(0.113118313131,15.521690496993));
#2456 = CARTESIAN_POINT('',(0.113123457944,15.645010613687));
#2457 = CARTESIAN_POINT('',(0.113131846153,15.768288146151));
#2458 = CARTESIAN_POINT('',(0.113139092844,15.891564678819));
#2459 = CARTESIAN_POINT('',(0.113143333773,16.014882892682));
#2460 = CARTESIAN_POINT('',(0.113146604718,16.255232248905));
#2461 = CARTESIAN_POINT('',(0.113145888082,16.372325076338));
#2462 = CARTESIAN_POINT('',(0.113143064621,16.489387510083));
#2463 = CARTESIAN_POINT('',(0.113140347646,16.606451441725));
#2464 = CARTESIAN_POINT('',(0.11313923846,16.723547580288));
#2465 = CARTESIAN_POINT('',(0.113139702583,16.931621365501));
#2466 = CARTESIAN_POINT('',(0.113140739009,17.022634001645));
#2467 = CARTESIAN_POINT('',(0.113142550025,17.113637084718));
#2468 = CARTESIAN_POINT('',(0.113144510437,17.204639433935));
#2469 = CARTESIAN_POINT('',(0.113145706948,17.295650229955));
#2470 = CARTESIAN_POINT('',(0.113145736743,17.451721590904));
#2471 = CARTESIAN_POINT('',(0.113145147996,17.516791579822));
#2472 = CARTESIAN_POINT('',(0.113143787011,17.581859768598));
#2473 = CARTESIAN_POINT('',(0.113141631866,17.646927923105));
#2474 = CARTESIAN_POINT('',(0.113138819521,17.711997827529));
#2475 = CARTESIAN_POINT('',(0.113131613705,17.860189050235));
#2476 = CARTESIAN_POINT('',(0.113126994521,17.943316796509));
#2477 = CARTESIAN_POINT('',(0.113122393366,18.026439108521));
#2478 = CARTESIAN_POINT('',(0.113118790171,18.109561802675));
#2479 = CARTESIAN_POINT('',(0.113117050029,18.192690426753));
#2480 = CARTESIAN_POINT('',(0.11311756957,18.328928788595));
#2481 = CARTESIAN_POINT('',(0.113118611397,18.382044180173));
#2482 = CARTESIAN_POINT('',(0.113120553399,18.435158879762));
#2483 = CARTESIAN_POINT('',(0.113123335079,18.488273409556));
#2484 = CARTESIAN_POINT('',(0.113126783817,18.541388357762));
#2485 = CARTESIAN_POINT('',(0.113136330098,18.673419835277));
#2486 = CARTESIAN_POINT('',(0.11314290065,18.752340354483));
#2487 = CARTESIAN_POINT('',(0.113149476801,18.831256176225));
#2488 = CARTESIAN_POINT('',(0.113154718583,18.910171905843));
#2489 = CARTESIAN_POINT('',(0.113157520826,18.989092278629));
#2490 = CARTESIAN_POINT('',(0.113157997834,19.169990779629));
#2491 = CARTESIAN_POINT('',(0.11315393846,19.271986131911));
#2492 = CARTESIAN_POINT('',(0.11314515428,19.37396733453));
#2493 = CARTESIAN_POINT('',(0.113133792026,19.475951225975));
#2494 = CARTESIAN_POINT('',(0.113126059736,19.577951673464));
#2495 = CARTESIAN_POINT('',(0.113120677007,19.762924623708));
#2496 = CARTESIAN_POINT('',(0.113121473012,19.845917015314));
#2497 = CARTESIAN_POINT('',(0.113125862293,19.928901327314));
#2498 = CARTESIAN_POINT('',(0.113133605755,20.011882163795));
#2499 = CARTESIAN_POINT('',(0.113137124286,20.094866728338));
#2500 = CARTESIAN_POINT('',(0.113137032431,20.177853172588));
#2501 = ( GEOMETRIC_REPRESENTATION_CONTEXT(2) 
PARAMETRIC_REPRESENTATION_CONTEXT() REPRESENTATION_CONTEXT('2D SPACE',''
  ) );
#2502 = PCURVE('',#2503,#2508);
#2503 = CYLINDRICAL_SURFACE('',#2504,1.6);
#2504 = AXIS2_PLACEMENT_3D('',#2505,#2506,#2507);
#2505 = CARTESIAN_POINT('',(-10.875,0.,8.7));
#2506 = DIRECTION('',(0.,0.,1.));
#2507 = DIRECTION('',(1.,0.,-0.));
#2508 = DEFINITIONAL_REPRESENTATION('',(#2509),#2582);
#2509 = B_SPLINE_CURVE_WITH_KNOTS('',6,(#2510,#2511,#2512,#2513,#2514,
    #2515,#2516,#2517,#2518,#2519,#2520,#2521,#2522,#2523,#2524,#2525,
    #2526,#2527,#2528,#2529,#2530,#2531,#2532,#2533,#2534,#2535,#2536,
    #2537,#2538,#2539,#2540,#2541,#2542,#2543,#2544,#2545,#2546,#2547,
    #2548,#2549,#2550,#2551,#2552,#2553,#2554,#2555,#2556,#2557,#2558,
    #2559,#2560,#2561,#2562,#2563,#2564,#2565,#2566,#2567,#2568,#2569,
    #2570,#2571,#2572,#2573,#2574,#2575,#2576,#2577,#2578,#2579,#2580,
    #2581),.UNSPECIFIED.,.F.,.F.,(7,5,5,5,5,5,5,5,5,5,5,5,5,5,7),(0.,
    6.579662080461E-02,9.976204195068E-02,0.163562859728,0.20616089711,
    0.289405824803,0.399388160165,0.503822181006,0.585005418984,
    0.643053050101,0.717206598643,0.7645897071,0.8349914938,
    0.925968344287,1.),.UNSPECIFIED.);
#2510 = CARTESIAN_POINT('',(0.,1.759999964035));
#2511 = CARTESIAN_POINT('',(6.88999699242E-02,1.786317755732));
#2512 = CARTESIAN_POINT('',(0.137804639264,1.812632794016));
#2513 = CARTESIAN_POINT('',(0.206706291471,1.838945401727));
#2514 = CARTESIAN_POINT('',(0.275606998671,1.865259212642));
#2515 = CARTESIAN_POINT('',(0.344509665428,1.891576836759));
#2516 = CARTESIAN_POINT('',(0.448976208784,1.931481714952));
#2517 = CARTESIAN_POINT('',(0.484543273075,1.945068525797));
#2518 = CARTESIAN_POINT('',(0.520110213617,1.958655866713));
#2519 = CARTESIAN_POINT('',(0.55567702588,1.972243626399));
#2520 = CARTESIAN_POINT('',(0.591243752568,1.985831673663));
#2521 = CARTESIAN_POINT('',(0.693619209984,2.02494397008));
#2522 = CARTESIAN_POINT('',(0.760430054323,2.050469414771));
#2523 = CARTESIAN_POINT('',(0.827238713668,2.075993394734));
#2524 = CARTESIAN_POINT('',(0.894047822407,2.101516039899));
#2525 = CARTESIAN_POINT('',(0.960859879006,2.127037896938));
#2526 = CARTESIAN_POINT('',(1.07227755378,2.169596096959));
#2527 = CARTESIAN_POINT('',(1.116885437528,2.186634218901));
#2528 = CARTESIAN_POINT('',(1.161493124356,2.203671569185));
#2529 = CARTESIAN_POINT('',(1.20610088715,2.220708395203));
#2530 = CARTESIAN_POINT('',(1.250709017499,2.23774499624));
#2531 = CARTESIAN_POINT('',(1.382489376557,2.288073617583));
#2532 = CARTESIAN_POINT('',(1.469670069663,2.32136836295));
#2533 = CARTESIAN_POINT('',(1.556840865416,2.354660026119));
#2534 = CARTESIAN_POINT('',(1.644011272381,2.387953594808));
#2535 = CARTESIAN_POINT('',(1.731190999563,2.421252795886));
#2536 = CARTESIAN_POINT('',(1.933532170216,2.498542818062));
#2537 = CARTESIAN_POINT('',(2.048734369471,2.542550386087));
#2538 = CARTESIAN_POINT('',(2.163898194023,2.586545052343));
#2539 = CARTESIAN_POINT('',(2.279062459736,2.630538554669));
#2540 = CARTESIAN_POINT('',(2.394265481277,2.674544804571));
#2541 = CARTESIAN_POINT('',(2.61879635678,2.760310223714));
#2542 = CARTESIAN_POINT('',(2.728181922073,2.802091582992));
#2543 = CARTESIAN_POINT('',(2.837537532194,2.843860607235));
#2544 = CARTESIAN_POINT('',(2.946892716669,2.885630241264));
#2545 = CARTESIAN_POINT('',(3.056277232074,2.927412504467));
#2546 = CARTESIAN_POINT('',(3.250648094903,3.001659148209));
#2547 = CARTESIAN_POINT('',(3.335667077891,3.034135634307));
#2548 = CARTESIAN_POINT('',(3.420677640894,3.066609259329));
#2549 = CARTESIAN_POINT('',(3.505688436734,3.099082728131));
#2550 = CARTESIAN_POINT('',(3.590708068755,3.13155867082));
#2551 = CARTESIAN_POINT('',(3.736506629985,3.18724914565));
#2552 = CARTESIAN_POINT('',(3.797294007429,3.210467449211));
#2553 = CARTESIAN_POINT('',(3.85807999795,3.233684564377));
#2554 = CARTESIAN_POINT('',(3.918866105351,3.256901105759));
#2555 = CARTESIAN_POINT('',(3.979653835622,3.280117806848));
#2556 = CARTESIAN_POINT('',(4.118092464116,3.332991320338));
#2557 = CARTESIAN_POINT('',(4.195749283191,3.362650266816));
#2558 = CARTESIAN_POINT('',(4.273400558255,3.392307286952));
#2559 = CARTESIAN_POINT('',(4.351051571603,3.42196514911));
#2560 = CARTESIAN_POINT('',(4.428707663265,3.451626444603));
#2561 = CARTESIAN_POINT('',(4.555976816812,3.500240318928));
#2562 = CARTESIAN_POINT('',(4.605595286653,3.51919405404));
#2563 = CARTESIAN_POINT('',(4.655213087093,3.53814817875));
#2564 = CARTESIAN_POINT('',(4.704830786386,3.557102836615));
#2565 = CARTESIAN_POINT('',(4.754449003081,3.576058115462));
#2566 = CARTESIAN_POINT('',(4.877788804134,3.623177243329));
#2567 = CARTESIAN_POINT('',(4.951514295715,3.651342850519));
#2568 = CARTESIAN_POINT('',(5.025235879532,3.679506785487));
#2569 = CARTESIAN_POINT('',(5.098957695555,3.707669744041));
#2570 = CARTESIAN_POINT('',(5.172683805532,3.735832634388));
#2571 = CARTESIAN_POINT('',(5.341675057375,3.800382415888));
#2572 = CARTESIAN_POINT('',(5.436955951671,3.836774226832));
#2573 = CARTESIAN_POINT('',(5.532222048468,3.873157647851));
#2574 = CARTESIAN_POINT('',(5.627487866264,3.909540205343));
#2575 = CARTESIAN_POINT('',(5.72276837258,3.945931237249));
#2576 = CARTESIAN_POINT('',(5.895558473745,4.011930748224));
#2577 = CARTESIAN_POINT('',(5.97308599753,4.041545225772));
#2578 = CARTESIAN_POINT('',(6.050608541254,4.071159360519));
#2579 = CARTESIAN_POINT('',(6.128131788367,4.10077462802));
#2580 = CARTESIAN_POINT('',(6.205661816077,4.130388237229));
#2581 = CARTESIAN_POINT('',(6.28318530718,4.159999964656));
#2582 = ( GEOMETRIC_REPRESENTATION_CONTEXT(2) 
PARAMETRIC_REPRESENTATION_CONTEXT() REPRESENTATION_CONTEXT('2D SPACE',''
  ) );
#2583 = ADVANCED_FACE('',(#2584),#1305,.T.);
#2584 = FACE_BOUND('',#2585,.T.);
#2585 = EDGE_LOOP('',(#2586,#2654,#2655,#2656));
#2586 = ORIENTED_EDGE('',*,*,#2587,.T.);
#2587 = EDGE_CURVE('',#2588,#1120,#2590,.T.);
#2588 = VERTEX_POINT('',#2589);
#2589 = CARTESIAN_POINT('',(-11.04229482177,-1.591229852223,13.5));
#2590 = SURFACE_CURVE('',#2591,(#2610,#2632),.PCURVE_S1.);
#2591 = B_SPLINE_CURVE_WITH_KNOTS('',5,(#2592,#2593,#2594,#2595,#2596,
    #2597,#2598,#2599,#2600,#2601,#2602,#2603,#2604,#2605,#2606,#2607,
    #2608,#2609),.UNSPECIFIED.,.F.,.F.,(6,4,4,4,6),(0.,0.231336376335,
    0.472486376837,0.730896111627,1.),.UNSPECIFIED.);
#2592 = CARTESIAN_POINT('',(-11.34470551989,-1.445619037649,13.5));
#2593 = CARTESIAN_POINT('',(-11.26001723679,-1.49875750704,13.5));
#2594 = CARTESIAN_POINT('',(-11.17024890965,-1.545111727535,13.5));
#2595 = CARTESIAN_POINT('',(-11.0762489479,-1.584151146569,13.5));
#2596 = CARTESIAN_POINT('',(-10.97890615971,-1.615526887148,13.5));
#2597 = CARTESIAN_POINT('',(-10.7750955723,-1.663559104983,13.5));
#2598 = CARTESIAN_POINT('',(-10.66841101524,-1.679535831045,13.5));
#2599 = CARTESIAN_POINT('',(-10.56007815483,-1.686755201042,13.5));
#2600 = CARTESIAN_POINT('',(-10.45108728606,-1.685185911732,13.5));
#2601 = CARTESIAN_POINT('',(-10.22590180784,-1.663975685811,13.5));
#2602 = CARTESIAN_POINT('',(-10.10974442727,-1.643048791603,13.5));
#2603 = CARTESIAN_POINT('',(-9.995074718063,-1.612314372313,13.5));
#2604 = CARTESIAN_POINT('',(-9.88295765404,-1.572112606922,13.5));
#2605 = CARTESIAN_POINT('',(-9.661256851609,-1.471708448555,13.5));
#2606 = CARTESIAN_POINT('',(-9.551964521928,-1.410744703201,13.5));
#2607 = CARTESIAN_POINT('',(-9.447560325186,-1.340584802009,13.5));
#2608 = CARTESIAN_POINT('',(-9.34896900046,-1.261927568794,13.5));
#2609 = CARTESIAN_POINT('',(-9.256966846667,-1.17557759113,13.5));
#2610 = PCURVE('',#1305,#2611);
#2611 = DEFINITIONAL_REPRESENTATION('',(#2612),#2631);
#2612 = B_SPLINE_CURVE_WITH_KNOTS('',5,(#2613,#2614,#2615,#2616,#2617,
    #2618,#2619,#2620,#2621,#2622,#2623,#2624,#2625,#2626,#2627,#2628,
    #2629,#2630),.UNSPECIFIED.,.F.,.F.,(6,4,4,4,6),(0.,0.231336376335,
    0.472486376837,0.730896111627,1.),.UNSPECIFIED.);
#2613 = CARTESIAN_POINT('',(-0.469705519896,-1.445619037649));
#2614 = CARTESIAN_POINT('',(-0.385017236799,-1.49875750704));
#2615 = CARTESIAN_POINT('',(-0.295248909653,-1.545111727535));
#2616 = CARTESIAN_POINT('',(-0.201248947903,-1.584151146569));
#2617 = CARTESIAN_POINT('',(-0.103906159712,-1.615526887148));
#2618 = CARTESIAN_POINT('',(9.990442769394E-02,-1.663559104983));
#2619 = CARTESIAN_POINT('',(0.206588984753,-1.679535831045));
#2620 = CARTESIAN_POINT('',(0.314921845165,-1.686755201042));
#2621 = CARTESIAN_POINT('',(0.423912713932,-1.685185911732));
#2622 = CARTESIAN_POINT('',(0.649098192158,-1.663975685811));
#2623 = CARTESIAN_POINT('',(0.765255572726,-1.643048791603));
#2624 = CARTESIAN_POINT('',(0.879925281937,-1.612314372313));
#2625 = CARTESIAN_POINT('',(0.99204234596,-1.572112606922));
#2626 = CARTESIAN_POINT('',(1.213743148391,-1.471708448555));
#2627 = CARTESIAN_POINT('',(1.323035478072,-1.410744703201));
#2628 = CARTESIAN_POINT('',(1.427439674814,-1.340584802009));
#2629 = CARTESIAN_POINT('',(1.52603099954,-1.261927568794));
#2630 = CARTESIAN_POINT('',(1.618033153333,-1.17557759113));
#2631 = ( GEOMETRIC_REPRESENTATION_CONTEXT(2) 
PARAMETRIC_REPRESENTATION_CONTEXT() REPRESENTATION_CONTEXT('2D SPACE',''
  ) );
#2632 = PCURVE('',#1170,#2633);
#2633 = DEFINITIONAL_REPRESENTATION('',(#2634),#2653);
#2634 = B_SPLINE_CURVE_WITH_KNOTS('',5,(#2635,#2636,#2637,#2638,#2639,
    #2640,#2641,#2642,#2643,#2644,#2645,#2646,#2647,#2648,#2649,#2650,
    #2651,#2652),.UNSPECIFIED.,.F.,.F.,(6,4,4,4,6),(0.,0.231336376335,
    0.472486376837,0.730896111627,1.),.UNSPECIFIED.);
#2635 = CARTESIAN_POINT('',(0.678822509939,18.160067858567));
#2636 = CARTESIAN_POINT('',(0.644362930033,18.228354762318));
#2637 = CARTESIAN_POINT('',(0.610312366472,18.295831138728));
#2638 = CARTESIAN_POINT('',(0.576657688841,18.362523007399));
#2639 = CARTESIAN_POINT('',(0.54338193273,18.428463985277));
#2640 = CARTESIAN_POINT('',(0.476171142428,18.561652399739));
#2641 = CARTESIAN_POINT('',(0.442266412576,18.628839783609));
#2642 = CARTESIAN_POINT('',(0.408747279518,18.695263047519));
#2643 = CARTESIAN_POINT('',(0.375597087522,18.760955196971));
#2644 = CARTESIAN_POINT('',(0.307666658582,18.895569675226));
#2645 = CARTESIAN_POINT('',(0.272937897953,18.964389995689));
#2646 = CARTESIAN_POINT('',(0.238605149557,19.032425556449));
#2647 = CARTESIAN_POINT('',(0.204650585686,19.099711687072));
#2648 = CARTESIAN_POINT('',(0.13608596565,19.235582909648));
#2649 = CARTESIAN_POINT('',(0.101505228982,19.304109900718));
#2650 = CARTESIAN_POINT('',(6.730757906336E-02,19.371877751043));
#2651 = CARTESIAN_POINT('',(3.347592712894E-02,19.438920327307));
#2652 = CARTESIAN_POINT('',(0.,19.505257987869));
#2653 = ( GEOMETRIC_REPRESENTATION_CONTEXT(2) 
PARAMETRIC_REPRESENTATION_CONTEXT() REPRESENTATION_CONTEXT('2D SPACE',''
  ) );
#2654 = ORIENTED_EDGE('',*,*,#1253,.T.);
#2655 = ORIENTED_EDGE('',*,*,#2213,.T.);
#2656 = ORIENTED_EDGE('',*,*,#2657,.T.);
#2657 = EDGE_CURVE('',#2214,#2588,#2658,.T.);
#2658 = SURFACE_CURVE('',#2659,(#2664,#2671),.PCURVE_S1.);
#2659 = CIRCLE('',#2660,1.6);
#2660 = AXIS2_PLACEMENT_3D('',#2661,#2662,#2663);
#2661 = CARTESIAN_POINT('',(-10.875,0.,13.5));
#2662 = DIRECTION('',(0.,0.,1.));
#2663 = DIRECTION('',(1.,0.,-0.));
#2664 = PCURVE('',#1305,#2665);
#2665 = DEFINITIONAL_REPRESENTATION('',(#2666),#2670);
#2666 = CIRCLE('',#2667,1.6);
#2667 = AXIS2_PLACEMENT_2D('',#2668,#2669);
#2668 = CARTESIAN_POINT('',(0.,0.));
#2669 = DIRECTION('',(1.,0.));
#2670 = ( GEOMETRIC_REPRESENTATION_CONTEXT(2) 
PARAMETRIC_REPRESENTATION_CONTEXT() REPRESENTATION_CONTEXT('2D SPACE',''
  ) );
#2671 = PCURVE('',#2325,#2672);
#2672 = DEFINITIONAL_REPRESENTATION('',(#2673),#2677);
#2673 = LINE('',#2674,#2675);
#2674 = CARTESIAN_POINT('',(0.,4.8));
#2675 = VECTOR('',#2676,1.);
#2676 = DIRECTION('',(1.,0.));
#2677 = ( GEOMETRIC_REPRESENTATION_CONTEXT(2) 
PARAMETRIC_REPRESENTATION_CONTEXT() REPRESENTATION_CONTEXT('2D SPACE',''
  ) );
#2678 = ADVANCED_FACE('',(#2679),#1170,.F.);
#2679 = FACE_BOUND('',#2680,.F.);
#2680 = EDGE_LOOP('',(#2681,#2682,#2683,#2763,#2999,#3125));
#2681 = ORIENTED_EDGE('',*,*,#1119,.F.);
#2682 = ORIENTED_EDGE('',*,*,#1408,.F.);
#2683 = ORIENTED_EDGE('',*,*,#2684,.T.);
#2684 = EDGE_CURVE('',#1409,#2685,#2687,.T.);
#2685 = VERTEX_POINT('',#2686);
#2686 = CARTESIAN_POINT('',(-9.275,-3.918869757272E-16,9.339999963415));
#2687 = SURFACE_CURVE('',#2688,(#2711,#2737),.PCURVE_S1.);
#2688 = B_SPLINE_CURVE_WITH_KNOTS('',5,(#2689,#2690,#2691,#2692,#2693,
    #2694,#2695,#2696,#2697,#2698,#2699,#2700,#2701,#2702,#2703,#2704,
    #2705,#2706,#2707,#2708,#2709,#2710),.UNSPECIFIED.,.F.,.F.,(6,4,4,4,
    4,6),(0.,0.220523285193,0.415293910791,0.621538534214,0.773819504835
    ,1.),.UNSPECIFIED.);
#2689 = CARTESIAN_POINT('',(-11.0422973318,-1.591229588328,8.6999994));
#2690 = CARTESIAN_POINT('',(-10.9247067916,-1.60359272111,8.728225260285
    ));
#2691 = CARTESIAN_POINT('',(-10.80597034981,-1.605093705187,
    8.756450679904));
#2692 = CARTESIAN_POINT('',(-10.68743575154,-1.595591026527,8.7846732848
    ));
#2693 = CARTESIAN_POINT('',(-10.57045423108,-1.575192858907,
    8.812896930594));
#2694 = CARTESIAN_POINT('',(-10.35554074065,-1.516927186464,
    8.866047582313));
#2695 = CARTESIAN_POINT('',(-10.25697520001,-1.481376841641,
    8.890975728998));
#2696 = CARTESIAN_POINT('',(-10.16153723956,-1.437846567914,
    8.915904005143));
#2697 = CARTESIAN_POINT('',(-10.07007534352,-1.386723481976,
    8.940834712519));
#2698 = CARTESIAN_POINT('',(-9.891543765569,-1.266902647778,
    8.992167059128));
#2699 = CARTESIAN_POINT('',(-9.805046433652,-1.197344389929,
    9.018569927453));
#2700 = CARTESIAN_POINT('',(-9.72479113018,-1.120470151347,
    9.044973471884));
#2701 = CARTESIAN_POINT('',(-9.651577334363,-1.037046274261,
    9.071378920112));
#2702 = CARTESIAN_POINT('',(-9.537686934525,-0.882190460706,
    9.117278988618));
#2703 = CARTESIAN_POINT('',(-9.493507933566,-0.813330332561,
    9.136774482544));
#2704 = CARTESIAN_POINT('',(-9.453787798956,-0.74174290468,
    9.156269168837));
#2705 = CARTESIAN_POINT('',(-9.418741110907,-0.667814733426,
    9.175762669083));
#2706 = CARTESIAN_POINT('',(-9.343665942194,-0.479293954265,
    9.224206223619));
#2707 = CARTESIAN_POINT('',(-9.309471162942,-0.362371701776,
    9.253155979517));
#2708 = CARTESIAN_POINT('',(-9.286490051006,-0.242551788648,
    9.282100813667));
#2709 = CARTESIAN_POINT('',(-9.275000000588,-0.121271781568,
    9.311048521288));
#2710 = CARTESIAN_POINT('',(-9.275,1.820765760385E-14,9.339999963415));
#2711 = PCURVE('',#1170,#2712);
#2712 = DEFINITIONAL_REPRESENTATION('',(#2713),#2736);
#2713 = B_SPLINE_CURVE_WITH_KNOTS('',5,(#2714,#2715,#2716,#2717,#2718,
    #2719,#2720,#2721,#2722,#2723,#2724,#2725,#2726,#2727,#2728,#2729,
    #2730,#2731,#2732,#2733,#2734,#2735),.UNSPECIFIED.,.F.,.F.,(6,4,4,4,
    4,6),(0.,0.220523285193,0.415293910791,0.621538534214,0.773819504835
    ,1.),.UNSPECIFIED.);
#2714 = CARTESIAN_POINT('',(0.565703137262,4.932327326418));
#2715 = CARTESIAN_POINT('',(0.565700677753,5.011434598137));
#2716 = CARTESIAN_POINT('',(0.565696308703,5.090544418943));
#2717 = CARTESIAN_POINT('',(0.565690135241,5.169649927263));
#2718 = CARTESIAN_POINT('',(0.565683458595,5.248759349814));
#2719 = CARTESIAN_POINT('',(0.565672354606,5.397734971577));
#2720 = CARTESIAN_POINT('',(0.565667754007,5.46760471108));
#2721 = CARTESIAN_POINT('',(0.565664652015,5.537471843668));
#2722 = CARTESIAN_POINT('',(0.565663836186,5.607341259358));
#2723 = CARTESIAN_POINT('',(0.565666510136,5.751193815048));
#2724 = CARTESIAN_POINT('',(0.565670246803,5.825179910309));
#2725 = CARTESIAN_POINT('',(0.565676251383,5.899163406127));
#2726 = CARTESIAN_POINT('',(0.565682994723,5.973150773335));
#2727 = CARTESIAN_POINT('',(0.565693161141,6.101764632958));
#2728 = CARTESIAN_POINT('',(0.565697031352,6.156392687693));
#2729 = CARTESIAN_POINT('',(0.565699697492,6.211020865103));
#2730 = CARTESIAN_POINT('',(0.565700811789,6.265648793854));
#2731 = CARTESIAN_POINT('',(0.565699875044,6.401412723811));
#2732 = CARTESIAN_POINT('',(0.565696262509,6.482550993831));
#2733 = CARTESIAN_POINT('',(0.56568915063,6.563682364968));
#2734 = CARTESIAN_POINT('',(0.565685471584,6.64481504206));
#2735 = CARTESIAN_POINT('',(0.565685382181,6.725951045367));
#2736 = ( GEOMETRIC_REPRESENTATION_CONTEXT(2) 
PARAMETRIC_REPRESENTATION_CONTEXT() REPRESENTATION_CONTEXT('2D SPACE',''
  ) );
#2737 = PCURVE('',#1491,#2738);
#2738 = DEFINITIONAL_REPRESENTATION('',(#2739),#2762);
#2739 = B_SPLINE_CURVE_WITH_KNOTS('',5,(#2740,#2741,#2742,#2743,#2744,
    #2745,#2746,#2747,#2748,#2749,#2750,#2751,#2752,#2753,#2754,#2755,
    #2756,#2757,#2758,#2759,#2760,#2761),.UNSPECIFIED.,.F.,.F.,(6,4,4,4,
    4,6),(0.,0.220523285193,0.415293910791,0.621538534214,0.773819504835
    ,1.),.UNSPECIFIED.);
#2740 = CARTESIAN_POINT('',(4.607636677801,-6.E-07));
#2741 = CARTESIAN_POINT('',(4.681535844205,2.822526028523E-02));
#2742 = CARTESIAN_POINT('',(4.75543743895,5.645067990428E-02));
#2743 = CARTESIAN_POINT('',(4.829335226788,8.467328480032E-02));
#2744 = CARTESIAN_POINT('',(4.903237246092,0.112896930594));
#2745 = CARTESIAN_POINT('',(5.042407073991,0.166047582313));
#2746 = CARTESIAN_POINT('',(5.107678133395,0.190975728998));
#2747 = CARTESIAN_POINT('',(5.17294689382,0.215904005143));
#2748 = CARTESIAN_POINT('',(5.238217532382,0.240834712519));
#2749 = CARTESIAN_POINT('',(5.372600608645,0.292167059128));
#2750 = CARTESIAN_POINT('',(5.4417157446,0.318569927453));
#2751 = CARTESIAN_POINT('',(5.510827454996,0.344973471884));
#2752 = CARTESIAN_POINT('',(5.579941663985,0.371378920112));
#2753 = CARTESIAN_POINT('',(5.700083744858,0.417278988618));
#2754 = CARTESIAN_POINT('',(5.751113226874,0.436774482544));
#2755 = CARTESIAN_POINT('',(5.802142947136,0.456269168837));
#2756 = CARTESIAN_POINT('',(5.853172971341,0.475762669083));
#2757 = CARTESIAN_POINT('',(5.979997722986,0.524206223619));
#2758 = CARTESIAN_POINT('',(6.055795793763,0.553155979517));
#2759 = CARTESIAN_POINT('',(6.131590436528,0.582100813667));
#2760 = CARTESIAN_POINT('',(6.2073904437,0.611048521288));
#2761 = CARTESIAN_POINT('',(6.28318530718,0.639999963415));
#2762 = ( GEOMETRIC_REPRESENTATION_CONTEXT(2) 
PARAMETRIC_REPRESENTATION_CONTEXT() REPRESENTATION_CONTEXT('2D SPACE',''
  ) );
#2763 = ORIENTED_EDGE('',*,*,#2764,.T.);
#2764 = EDGE_CURVE('',#2685,#2765,#2767,.T.);
#2765 = VERTEX_POINT('',#2766);
#2766 = CARTESIAN_POINT('',(-9.275,-3.918869757272E-16,11.739999964035)
  );
#2767 = SURFACE_CURVE('',#2768,(#2843,#2921),.PCURVE_S1.);
#2768 = B_SPLINE_CURVE_WITH_KNOTS('',7,(#2769,#2770,#2771,#2772,#2773,
    #2774,#2775,#2776,#2777,#2778,#2779,#2780,#2781,#2782,#2783,#2784,
    #2785,#2786,#2787,#2788,#2789,#2790,#2791,#2792,#2793,#2794,#2795,
    #2796,#2797,#2798,#2799,#2800,#2801,#2802,#2803,#2804,#2805,#2806,
    #2807,#2808,#2809,#2810,#2811,#2812,#2813,#2814,#2815,#2816,#2817,
    #2818,#2819,#2820,#2821,#2822,#2823,#2824,#2825,#2826,#2827,#2828,
    #2829,#2830,#2831,#2832,#2833,#2834,#2835,#2836,#2837,#2838,#2839,
    #2840,#2841,#2842),.UNSPECIFIED.,.F.,.F.,(8,6,6,6,6,6,6,6,6,6,6,6,8)
  ,(0.,6.495442919765E-02,0.145884352614,0.236405866988,0.288411049624,
    0.419566177721,0.485568288395,0.584412091552,0.688283483111,
    0.792550168415,0.842848834505,0.900051120908,1.),.UNSPECIFIED.);
#2769 = CARTESIAN_POINT('',(-9.275,1.842970220878E-14,9.339999963415));
#2770 = CARTESIAN_POINT('',(-9.275,9.32800013205E-02,9.362268874281));
#2771 = CARTESIAN_POINT('',(-9.281344859872,0.186564450443,
    9.384538603465));
#2772 = CARTESIAN_POINT('',(-9.294034646244,0.27932888102,9.406809098595
    ));
#2773 = CARTESIAN_POINT('',(-9.313016179051,0.371055509551,
    9.429080146508));
#2774 = CARTESIAN_POINT('',(-9.33818401612,0.461236268233,9.451351328243
    ));
#2775 = CARTESIAN_POINT('',(-9.369381437758,0.549375837804,
    9.473621974052));
#2776 = CARTESIAN_POINT('',(-9.452526465182,0.741671414503,
    9.523637342455));
#2777 = CARTESIAN_POINT('',(-9.507695069295,0.844446785982,
    9.551384116185));
#2778 = CARTESIAN_POINT('',(-9.571506160616,0.94238725246,9.579127673534
    ));
#2779 = CARTESIAN_POINT('',(-9.643442667455,1.034628780345,
    9.606869208681));
#2780 = CARTESIAN_POINT('',(-9.722886638834,1.120378725363,
    9.634611611672));
#2781 = CARTESIAN_POINT('',(-9.809125908617,1.198924586101,
    9.662356332488));
#2782 = CARTESIAN_POINT('',(-10.00450913905,1.348756811893,
    9.721132561704));
#2783 = CARTESIAN_POINT('',(-10.11517594314,1.418094512666,
    9.752169692221));
#2784 = CARTESIAN_POINT('',(-10.2322223696,1.476790094942,9.783206507637
    ));
#2785 = CARTESIAN_POINT('',(-10.35441396597,1.524159427858,
    9.814243757373));
#2786 = CARTESIAN_POINT('',(-10.48043816566,1.55969387081,9.845283789385
    ));
#2787 = CARTESIAN_POINT('',(-10.60892229747,1.583067126013,
    9.876326411738));
#2788 = CARTESIAN_POINT('',(-10.81285444463,1.600536012965,
    9.925196903282));
#2789 = CARTESIAN_POINT('',(-10.88761323021,1.602857920617,
    9.943028786546));
#2790 = CARTESIAN_POINT('',(-10.96245373354,1.60110493329,9.960860171456
    ));
#2791 = CARTESIAN_POINT('',(-11.03710959016,1.595276055508,
    9.978691012744));
#2792 = CARTESIAN_POINT('',(-11.11131550129,1.585391970501,
    9.996521444599));
#2793 = CARTESIAN_POINT('',(-11.18480841736,1.571494964308,
    10.014351502927));
#2794 = CARTESIAN_POINT('',(-11.44022221971,1.508641615873,
    10.077145788988));
#2795 = CARTESIAN_POINT('',(-11.61702366156,1.438493968545,
    10.122129303807));
#2796 = CARTESIAN_POINT('',(-11.78342248288,1.34422108396,
    10.167092434623));
#2797 = CARTESIAN_POINT('',(-11.93553723144,1.227771374124,
    10.212048707233));
#2798 = CARTESIAN_POINT('',(-12.06997198717,1.091744551976,
    10.25701387297));
#2799 = CARTESIAN_POINT('',(-12.18383275451,0.9393788709,10.301999179596
    ));
#2800 = CARTESIAN_POINT('',(-12.32090037147,0.691633054949,
    10.369592784106));
#2801 = CARTESIAN_POINT('',(-12.36105524693,0.605521720868,
    10.392222141573));
#2802 = CARTESIAN_POINT('',(-12.39521383732,0.516716512196,
    10.414851344151));
#2803 = CARTESIAN_POINT('',(-12.42316306145,0.425719524275,
    10.437480428544));
#2804 = CARTESIAN_POINT('',(-12.44474309951,0.333051268558,
    10.460109869374));
#2805 = CARTESIAN_POINT('',(-12.4598485495,0.239246860184,
    10.482739704234));
#2806 = CARTESIAN_POINT('',(-12.48128041625,3.488140573175E-03,
    10.539257452631));
#2807 = CARTESIAN_POINT('',(-12.47950154511,-0.139227948425,
    10.573150956343));
#2808 = CARTESIAN_POINT('',(-12.46291659424,-0.281439465145,
    10.607039832839));
#2809 = CARTESIAN_POINT('',(-12.43165789555,-0.42131216259,
    10.640925538428));
#2810 = CARTESIAN_POINT('',(-12.38612524087,-0.557055691251,
    10.674813396625));
#2811 = CARTESIAN_POINT('',(-12.32697956567,-0.686953175963,
    10.70870539806));
#2812 = CARTESIAN_POINT('',(-12.17971112345,-0.938072538796,
    10.778203698899));
#2813 = CARTESIAN_POINT('',(-12.09024048695,-1.058563065783,
    10.813821954081));
#2814 = CARTESIAN_POINT('',(-11.98784860539,-1.16899319495,
    10.849436328808));
#2815 = CARTESIAN_POINT('',(-11.87391553905,-1.267732151501,
    10.885048858642));
#2816 = CARTESIAN_POINT('',(-11.75005107533,-1.353384853846,
    10.92066539193));
#2817 = CARTESIAN_POINT('',(-11.61806546102,-1.424817376045,
    10.956286719314));
#2818 = CARTESIAN_POINT('',(-11.34135350985,-1.537834489282,
    11.027649249089));
#2819 = CARTESIAN_POINT('',(-11.19652613455,-1.579326704308,
    11.06340409869));
#2820 = CARTESIAN_POINT('',(-11.04751855633,-1.604855411892,
    11.099152107893));
#2821 = CARTESIAN_POINT('',(-10.89644127424,-1.61395921569,
    11.134894407493));
#2822 = CARTESIAN_POINT('',(-10.74544492694,-1.606508175598,
    11.170637767336));
#2823 = CARTESIAN_POINT('',(-10.59668094817,-1.582706439874,
    11.206385431037));
#2824 = CARTESIAN_POINT('',(-10.38259787927,-1.52405966517,
    11.259368782107));
#2825 = CARTESIAN_POINT('',(-10.31393545584,-1.501305199867,
    11.276610962264));
#2826 = CARTESIAN_POINT('',(-10.24651074313,-1.474945032679,
    11.293853329666));
#2827 = CARTESIAN_POINT('',(-10.18055049414,-1.445061046271,
    11.311096095546));
#2828 = CARTESIAN_POINT('',(-10.11627407532,-1.411752657934,
    11.328339562616));
#2829 = CARTESIAN_POINT('',(-10.05389253583,-1.375136397976,
    11.345583857745));
#2830 = CARTESIAN_POINT('',(-9.92504856695,-1.290093174269,
    11.382440365284));
#2831 = CARTESIAN_POINT('',(-9.859199197939,-1.240733587255,
    11.402053299379));
#2832 = CARTESIAN_POINT('',(-9.796356743095,-1.187463072439,
    11.421666907181));
#2833 = CARTESIAN_POINT('',(-9.73679842791,-1.130502920001,
    11.44128113271));
#2834 = CARTESIAN_POINT('',(-9.680780161028,-1.070098001289,
    11.460896013823));
#2835 = CARTESIAN_POINT('',(-9.628535165255,-1.006515405184,
    11.480511272306));
#2836 = CARTESIAN_POINT('',(-9.495944013549,-0.823896756488,
    11.534398318064));
#2837 = CARTESIAN_POINT('',(-9.423757021389,-0.698905194748,
    11.568675361765));
#2838 = CARTESIAN_POINT('',(-9.364851956485,-0.566624635074,
    11.602945905526));
#2839 = CARTESIAN_POINT('',(-9.320078043477,-0.428754988538,
    11.637207875623));
#2840 = CARTESIAN_POINT('',(-9.290022619322,-0.287099126185,
    11.671467832584));
#2841 = CARTESIAN_POINT('',(-9.274999999733,-0.1435349157,
    11.705733602904));
#2842 = CARTESIAN_POINT('',(-9.275,2.22044604925E-16,11.739999964035));
#2843 = PCURVE('',#1170,#2844);
#2844 = DEFINITIONAL_REPRESENTATION('',(#2845),#2920);
#2845 = B_SPLINE_CURVE_WITH_KNOTS('',7,(#2846,#2847,#2848,#2849,#2850,
    #2851,#2852,#2853,#2854,#2855,#2856,#2857,#2858,#2859,#2860,#2861,
    #2862,#2863,#2864,#2865,#2866,#2867,#2868,#2869,#2870,#2871,#2872,
    #2873,#2874,#2875,#2876,#2877,#2878,#2879,#2880,#2881,#2882,#2883,
    #2884,#2885,#2886,#2887,#2888,#2889,#2890,#2891,#2892,#2893,#2894,
    #2895,#2896,#2897,#2898,#2899,#2900,#2901,#2902,#2903,#2904,#2905,
    #2906,#2907,#2908,#2909,#2910,#2911,#2912,#2913,#2914,#2915,#2916,
    #2917,#2918,#2919),.UNSPECIFIED.,.F.,.F.,(8,6,6,6,6,6,6,6,6,6,6,6,8)
  ,(0.,6.495442919765E-02,0.145884352614,0.236405866988,0.288411049624,
    0.419566177721,0.485568288395,0.584412091552,0.688283483111,
    0.792550168415,0.842848834505,0.900051120908,1.),.UNSPECIFIED.);
#2846 = CARTESIAN_POINT('',(0.56568537321,6.725951055751));
#2847 = CARTESIAN_POINT('',(0.565685303804,6.788359361854));
#2848 = CARTESIAN_POINT('',(0.56568733718,6.850765794289));
#2849 = CARTESIAN_POINT('',(0.565691271648,6.913170605975));
#2850 = CARTESIAN_POINT('',(0.565695781889,6.975575825837));
#2851 = CARTESIAN_POINT('',(0.565699261861,7.037983462373));
#2852 = CARTESIAN_POINT('',(0.565700667695,7.100393707201));
#2853 = CARTESIAN_POINT('',(0.565699977983,7.240562123932));
#2854 = CARTESIAN_POINT('',(0.565696777424,7.318328233854));
#2855 = CARTESIAN_POINT('',(0.565690614644,7.396091200024));
#2856 = CARTESIAN_POINT('',(0.565683023343,7.473851329847));
#2857 = CARTESIAN_POINT('',(0.56567585001,7.55161306352));
#2858 = CARTESIAN_POINT('',(0.565670415998,7.629377846117));
#2859 = CARTESIAN_POINT('',(0.565663617431,7.794110502241));
#2860 = CARTESIAN_POINT('',(0.565662808347,7.881093030886));
#2861 = CARTESIAN_POINT('',(0.565665581425,7.968067577864));
#2862 = CARTESIAN_POINT('',(0.565671378461,8.055037349583));
#2863 = CARTESIAN_POINT('',(0.56567875248,8.14201179354));
#2864 = CARTESIAN_POINT('',(0.565686044141,8.228993660085));
#2865 = CARTESIAN_POINT('',(0.565695836273,8.3659328114));
#2866 = CARTESIAN_POINT('',(0.565699053734,8.415899924705));
#2867 = CARTESIAN_POINT('',(0.565701709887,8.465866753701));
#2868 = CARTESIAN_POINT('',(0.565703666891,8.515833444679));
#2869 = CARTESIAN_POINT('',(0.565704856121,8.565800509686));
#2870 = CARTESIAN_POINT('',(0.565705279416,8.615768045712));
#2871 = CARTESIAN_POINT('',(0.56570433167,8.791749629908));
#2872 = CARTESIAN_POINT('',(0.565699246583,8.917825089692));
#2873 = CARTESIAN_POINT('',(0.565690760389,9.043850163539));
#2874 = CARTESIAN_POINT('',(0.565682531215,9.169855508076));
#2875 = CARTESIAN_POINT('',(0.565677828427,9.295878787351));
#2876 = CARTESIAN_POINT('',(0.565676278967,9.421952262257));
#2877 = CARTESIAN_POINT('',(0.565676978908,9.61138057339));
#2878 = CARTESIAN_POINT('',(0.565677722281,9.674797413094));
#2879 = CARTESIAN_POINT('',(0.5656788188,9.738213118914));
#2880 = CARTESIAN_POINT('',(0.565680047675,9.801628231236));
#2881 = CARTESIAN_POINT('',(0.56568118009,9.865044533615));
#2882 = CARTESIAN_POINT('',(0.565682036053,9.928462488089));
#2883 = CARTESIAN_POINT('',(0.565683297819,10.086849825));
#2884 = CARTESIAN_POINT('',(0.565683268312,10.18183573642));
#2885 = CARTESIAN_POINT('',(0.565682155743,10.276810826416));
#2886 = CARTESIAN_POINT('',(0.565680177684,10.371778745107));
#2887 = CARTESIAN_POINT('',(0.565678077283,10.466752938878));
#2888 = CARTESIAN_POINT('',(0.565676783002,10.561737146541));
#2889 = CARTESIAN_POINT('',(0.565676647805,10.756504985246));
#2890 = CARTESIAN_POINT('',(0.565677939771,10.856321858789));
#2891 = CARTESIAN_POINT('',(0.565681128143,10.956124099418));
#2892 = CARTESIAN_POINT('',(0.565686261558,11.055917315373));
#2893 = CARTESIAN_POINT('',(0.565692376238,11.155719806398));
#2894 = CARTESIAN_POINT('',(0.565697832123,11.255537038285));
#2895 = CARTESIAN_POINT('',(0.565705203912,11.455514464327));
#2896 = CARTESIAN_POINT('',(0.565707096425,11.555712950867));
#2897 = CARTESIAN_POINT('',(0.565706068428,11.655898054766));
#2898 = CARTESIAN_POINT('',(0.56570126863,11.756074632017));
#2899 = CARTESIAN_POINT('',(0.565693442747,11.856260177228));
#2900 = CARTESIAN_POINT('',(0.565684790634,11.95645942121));
#2901 = CARTESIAN_POINT('',(0.565673764169,12.104966032691));
#2902 = CARTESIAN_POINT('',(0.565670456677,12.15329344525));
#2903 = CARTESIAN_POINT('',(0.565667660577,12.20162036916));
#2904 = CARTESIAN_POINT('',(0.56566559295,12.249946966219));
#2905 = CARTESIAN_POINT('',(0.565664422326,12.298273750799));
#2906 = CARTESIAN_POINT('',(0.565664233712,12.346600909993));
#2907 = CARTESIAN_POINT('',(0.565665857798,12.449887302368));
#2908 = CARTESIAN_POINT('',(0.565667942401,12.504848019234));
#2909 = CARTESIAN_POINT('',(0.565671235849,12.559808228645));
#2910 = CARTESIAN_POINT('',(0.565675483221,12.614768278872));
#2911 = CARTESIAN_POINT('',(0.565680262898,12.669729111521));
#2912 = CARTESIAN_POINT('',(0.565685063199,12.724690960869));
#2913 = CARTESIAN_POINT('',(0.565696865105,12.87568492039));
#2914 = CARTESIAN_POINT('',(0.565702653226,12.971734135321));
#2915 = CARTESIAN_POINT('',(0.565705154012,13.06777175457));
#2916 = CARTESIAN_POINT('',(0.565699881694,13.163800648434));
#2917 = CARTESIAN_POINT('',(0.565690264556,13.259832451934));
#2918 = CARTESIAN_POINT('',(0.565685493033,13.355871124089));
#2919 = CARTESIAN_POINT('',(0.565685385481,13.451902115482));
#2920 = ( GEOMETRIC_REPRESENTATION_CONTEXT(2) 
PARAMETRIC_REPRESENTATION_CONTEXT() REPRESENTATION_CONTEXT('2D SPACE',''
  ) );
#2921 = PCURVE('',#2503,#2922);
#2922 = DEFINITIONAL_REPRESENTATION('',(#2923),#2998);
#2923 = B_SPLINE_CURVE_WITH_KNOTS('',7,(#2924,#2925,#2926,#2927,#2928,
    #2929,#2930,#2931,#2932,#2933,#2934,#2935,#2936,#2937,#2938,#2939,
    #2940,#2941,#2942,#2943,#2944,#2945,#2946,#2947,#2948,#2949,#2950,
    #2951,#2952,#2953,#2954,#2955,#2956,#2957,#2958,#2959,#2960,#2961,
    #2962,#2963,#2964,#2965,#2966,#2967,#2968,#2969,#2970,#2971,#2972,
    #2973,#2974,#2975,#2976,#2977,#2978,#2979,#2980,#2981,#2982,#2983,
    #2984,#2985,#2986,#2987,#2988,#2989,#2990,#2991,#2992,#2993,#2994,
    #2995,#2996,#2997),.UNSPECIFIED.,.F.,.F.,(8,6,6,6,6,6,6,6,6,6,6,6,8)
  ,(0.,6.495442919765E-02,0.145884352614,0.236405866988,0.288411049624,
    0.419566177721,0.485568288395,0.584412091552,0.688283483111,
    0.792550168415,0.842848834505,0.900051120908,1.),.UNSPECIFIED.);
#2924 = CARTESIAN_POINT('',(0.,0.639999963415));
#2925 = CARTESIAN_POINT('',(5.83000008253E-02,0.662268874281));
#2926 = CARTESIAN_POINT('',(0.116602786654,0.684538603465));
#2927 = CARTESIAN_POINT('',(0.174904231122,0.706809098595));
#2928 = CARTESIAN_POINT('',(0.233204379592,0.729080146508));
#2929 = CARTESIAN_POINT('',(0.291504878549,0.751351328243));
#2930 = CARTESIAN_POINT('',(0.349806405002,0.773621974052));
#2931 = CARTESIAN_POINT('',(0.480744552977,0.823637342455));
#2932 = CARTESIAN_POINT('',(0.553388046484,0.851384116185));
#2933 = CARTESIAN_POINT('',(0.626027955268,0.879127673534));
#2934 = CARTESIAN_POINT('',(0.698665761079,0.906869208681));
#2935 = CARTESIAN_POINT('',(0.771306204704,0.934611611672));
#2936 = CARTESIAN_POINT('',(0.843950525193,0.962356332488));
#2937 = CARTESIAN_POINT('',(0.997838043246,1.021132561704));
#2938 = CARTESIAN_POINT('',(1.079095130161,1.052169692221));
#2939 = CARTESIAN_POINT('',(1.160345471946,1.083206507637));
#2940 = CARTESIAN_POINT('',(1.241591364473,1.114243757373));
#2941 = CARTESIAN_POINT('',(1.322841156564,1.145283789385));
#2942 = CARTESIAN_POINT('',(1.404097353056,1.176326411738));
#2943 = CARTESIAN_POINT('',(1.532021712203,1.225196903282));
#2944 = CARTESIAN_POINT('',(1.578699325844,1.243028786546));
#2945 = CARTESIAN_POINT('',(1.625376565987,1.260860171456));
#2946 = CARTESIAN_POINT('',(1.672053617316,1.278691012744));
#2947 = CARTESIAN_POINT('',(1.718731017131,1.296521444599));
#2948 = CARTESIAN_POINT('',(1.765408913488,1.314351502927));
#2949 = CARTESIAN_POINT('',(1.929805007481,1.377145788988));
#2950 = CARTESIAN_POINT('',(2.047581112682,1.422129303807));
#2951 = CARTESIAN_POINT('',(2.165311479016,1.467092434623));
#2952 = CARTESIAN_POINT('',(2.283025017439,1.512048707233));
#2953 = CARTESIAN_POINT('',(2.400755466308,1.55701387297));
#2954 = CARTESIAN_POINT('',(2.518531781169,1.601999179596));
#2955 = CARTESIAN_POINT('',(2.6954912585,1.669592784106));
#2956 = CARTESIAN_POINT('',(2.754733417683,1.692222141573));
#2957 = CARTESIAN_POINT('',(2.813974094779,1.714851344151));
#2958 = CARTESIAN_POINT('',(2.873213796933,1.737480428544));
#2959 = CARTESIAN_POINT('',(2.932454245172,1.760109869374));
#2960 = CARTESIAN_POINT('',(2.991695968306,1.782739704234));
#2961 = CARTESIAN_POINT('',(3.139652754101,1.839257452631));
#2962 = CARTESIAN_POINT('',(3.22838308257,1.873150956343));
#2963 = CARTESIAN_POINT('',(3.31710338964,1.907039832839));
#2964 = CARTESIAN_POINT('',(3.405817625845,1.940925538428));
#2965 = CARTESIAN_POINT('',(3.494538700512,1.974813396625));
#2966 = CARTESIAN_POINT('',(3.583270131757,2.00870539806));
#2967 = CARTESIAN_POINT('',(3.765218064367,2.078203698899));
#2968 = CARTESIAN_POINT('',(3.858465698232,2.113821954081));
#2969 = CARTESIAN_POINT('',(3.951700291628,2.149436328808));
#2970 = CARTESIAN_POINT('',(4.044926495907,2.185048858642));
#2971 = CARTESIAN_POINT('',(4.138160846374,2.22066539193));
#2972 = CARTESIAN_POINT('',(4.231408173494,2.256286719314));
#2973 = CARTESIAN_POINT('',(4.418221888155,2.327649249089));
#2974 = CARTESIAN_POINT('',(4.511824045202,2.36340409869));
#2975 = CARTESIAN_POINT('',(4.605413101496,2.399152107893));
#2976 = CARTESIAN_POINT('',(4.698994116986,2.434894407493));
#2977 = CARTESIAN_POINT('',(4.7925840297,2.470637767336));
#2978 = CARTESIAN_POINT('',(4.88618755691,2.506385431037));
#2979 = CARTESIAN_POINT('',(5.024919262588,2.559368782107));
#2980 = CARTESIAN_POINT('',(5.070065809296,2.576610962264));
#2981 = CARTESIAN_POINT('',(5.115211978892,2.593853329666));
#2982 = CARTESIAN_POINT('',(5.160357857706,2.611096095546));
#2983 = CARTESIAN_POINT('',(5.205503841409,2.628339562616));
#2984 = CARTESIAN_POINT('',(5.250650014334,2.645583857745));
#2985 = CARTESIAN_POINT('',(5.347137380366,2.682440365284));
#2986 = CARTESIAN_POINT('',(5.39847989159,2.702053299379));
#2987 = CARTESIAN_POINT('',(5.449821496317,2.721666907181));
#2988 = CARTESIAN_POINT('',(5.50116243708,2.74128113271));
#2989 = CARTESIAN_POINT('',(5.552503585222,2.760896013823));
#2990 = CARTESIAN_POINT('',(5.603845261019,2.780511272306));
#2991 = CARTESIAN_POINT('',(5.74489321436,2.834398318064));
#2992 = CARTESIAN_POINT('',(5.834615083561,2.868675361765));
#2993 = CARTESIAN_POINT('',(5.924326902356,2.902945905526));
#2994 = CARTESIAN_POINT('',(6.014033354372,2.937207875623));
#2995 = CARTESIAN_POINT('',(6.103748700739,2.971467832584));
#2996 = CARTESIAN_POINT('',(6.193475984867,3.005733602904));
#2997 = CARTESIAN_POINT('',(6.28318530718,3.039999964035));
#2998 = ( GEOMETRIC_REPRESENTATION_CONTEXT(2) 
PARAMETRIC_REPRESENTATION_CONTEXT() REPRESENTATION_CONTEXT('2D SPACE',''
  ) );
#2999 = ORIENTED_EDGE('',*,*,#3000,.T.);
#3000 = EDGE_CURVE('',#2765,#2588,#3001,.T.);
#3001 = SURFACE_CURVE('',#3002,(#3041,#3083),.PCURVE_S1.);
#3002 = B_SPLINE_CURVE_WITH_KNOTS('',4,(#3003,#3004,#3005,#3006,#3007,
    #3008,#3009,#3010,#3011,#3012,#3013,#3014,#3015,#3016,#3017,#3018,
    #3019,#3020,#3021,#3022,#3023,#3024,#3025,#3026,#3027,#3028,#3029,
    #3030,#3031,#3032,#3033,#3034,#3035,#3036,#3037,#3038,#3039,#3040),
  .UNSPECIFIED.,.F.,.F.,(5,3,3,3,3,3,3,3,3,3,3,3,5),(0.,
    7.247109167475E-02,0.161509396084,0.192457885668,0.263350986689,
    0.319576414205,0.39742776244,0.467676634211,0.541012651298,
    0.650105784078,0.763584351883,0.88041830754,1.),.UNSPECIFIED.);
#3003 = CARTESIAN_POINT('',(-9.275,-5.995204332976E-15,11.739999964035)
  );
#3004 = CARTESIAN_POINT('',(-9.27499937801,0.163915178902,
    11.779132009709));
#3005 = CARTESIAN_POINT('',(-9.297393535674,0.327854002097,
    11.818267066175));
#3006 = CARTESIAN_POINT('',(-9.342169813469,0.487134961234,
    11.857404505364));
#3007 = CARTESIAN_POINT('',(-9.487712339921,0.822188546717,
    11.944617100113));
#3008 = CARTESIAN_POINT('',(-9.598978093244,0.99347778154,
    11.992691022895));
#3009 = CARTESIAN_POINT('',(-9.737758928738,1.143348197922,
    12.040761673581));
#3010 = CARTESIAN_POINT('',(-9.95256681868,1.309204721042,
    12.105547823209));
#3011 = CARTESIAN_POINT('',(-10.01046861441,1.348753298364,
    12.122258311423));
#3012 = CARTESIAN_POINT('',(-10.07058184689,1.384850658443,
    12.138969338783));
#3013 = CARTESIAN_POINT('',(-10.27462913818,1.491732927498,
    12.193962724756));
#3014 = CARTESIAN_POINT('',(-10.4266264745,1.54716001291,12.232247816884
    ));
#3015 = CARTESIAN_POINT('',(-10.58470652866,1.581594594,12.270534700376)
  );
#3016 = CARTESIAN_POINT('',(-10.87126335229,1.605041591016,
    12.339184334858));
#3017 = CARTESIAN_POINT('',(-10.99911395197,1.601980344866,
    12.369547718642));
#3018 = CARTESIAN_POINT('',(-11.12591085447,1.585312739335,
    12.399909229175));
#3019 = CARTESIAN_POINT('',(-11.4207396523,1.514323673373,
    12.472307046368));
#3020 = CARTESIAN_POINT('',(-11.58590906439,1.447972133954,
    12.514341696567));
#3021 = CARTESIAN_POINT('',(-11.73941585795,1.35786377004,
    12.556374467839));
#3022 = CARTESIAN_POINT('',(-12.00061824037,1.148142494938,
    12.636336893478));
#3023 = CARTESIAN_POINT('',(-12.11135460128,1.032247371697,
    12.674266150452));
#3024 = CARTESIAN_POINT('',(-12.20562193301,0.902603073137,
    12.712197609089));
#3025 = CARTESIAN_POINT('',(-12.36048032849,0.617141217877,
    12.789730244927));
#3026 = CARTESIAN_POINT('',(-12.41942690169,0.460390045564,
    12.829331715546));
#3027 = CARTESIAN_POINT('',(-12.45592877725,0.296949007347,
    12.868933523552));
#3028 = CARTESIAN_POINT('',(-12.48988190289,-0.114265457557,
    12.967448487848));
#3029 = CARTESIAN_POINT('',(-12.45959414243,-0.364493548319,
    13.026360495031));
#3030 = CARTESIAN_POINT('',(-12.37750544195,-0.602809604188,
    13.085269400402));
#3031 = CARTESIAN_POINT('',(-12.12104019729,-1.035993994185,
    13.205461688348));
#3032 = CARTESIAN_POINT('',(-11.94291051589,-1.229012218706,
    13.266744805226));
#3033 = CARTESIAN_POINT('',(-11.72691796547,-1.378453675926,
    13.328033793705));
#3034 = CARTESIAN_POINT('',(-11.24601666245,-1.578671334035,
    13.452417229662));
#3035 = CARTESIAN_POINT('',(-10.97948717183,-1.626542606673,
    13.515512364749));
#3036 = CARTESIAN_POINT('',(-10.70901889543,-1.613167504607,
    13.57859454142));
#3037 = CARTESIAN_POINT('',(-10.19312689666,-1.472493058602,
    13.706248964125));
#3038 = CARTESIAN_POINT('',(-9.948018599983,-1.342398420444,
    13.770819083656));
#3039 = CARTESIAN_POINT('',(-9.739541715769,-1.159273338602,
    13.835412911445));
#3040 = CARTESIAN_POINT('',(-9.580575207231,-0.940459704541,
    13.900002950532));
#3041 = PCURVE('',#1170,#3042);
#3042 = DEFINITIONAL_REPRESENTATION('',(#3043),#3082);
#3043 = B_SPLINE_CURVE_WITH_KNOTS('',4,(#3044,#3045,#3046,#3047,#3048,
    #3049,#3050,#3051,#3052,#3053,#3054,#3055,#3056,#3057,#3058,#3059,
    #3060,#3061,#3062,#3063,#3064,#3065,#3066,#3067,#3068,#3069,#3070,
    #3071,#3072,#3073,#3074,#3075,#3076,#3077,#3078,#3079,#3080,#3081),
  .UNSPECIFIED.,.F.,.F.,(5,3,3,3,3,3,3,3,3,3,3,3,5),(0.,
    7.247109167475E-02,0.161509396084,0.192457885668,0.263350986689,
    0.319576414205,0.39742776244,0.467676634211,0.541012651298,
    0.650105784078,0.763584351883,0.88041830754,1.),.UNSPECIFIED.);
#3044 = CARTESIAN_POINT('',(0.565685374088,13.451902111502));
#3045 = CARTESIAN_POINT('',(0.565684793017,13.561570022945));
#3046 = CARTESIAN_POINT('',(0.565694194425,13.671226590274));
#3047 = CARTESIAN_POINT('',(0.565701258565,13.780894466784));
#3048 = CARTESIAN_POINT('',(0.565699960334,14.025308557646));
#3049 = CARTESIAN_POINT('',(0.565687585904,14.160059267663));
#3050 = CARTESIAN_POINT('',(0.565672739235,14.294805706824));
#3051 = CARTESIAN_POINT('',(0.565665369559,14.47638217408));
#3052 = CARTESIAN_POINT('',(0.565664303914,14.523215088252));
#3053 = CARTESIAN_POINT('',(0.565664346489,14.570047317265));
#3054 = CARTESIAN_POINT('',(0.565667577259,14.724158757685));
#3055 = CARTESIAN_POINT('',(0.565675169819,14.831436901795));
#3056 = CARTESIAN_POINT('',(0.565684990377,14.938715651051));
#3057 = CARTESIAN_POINT('',(0.565698593066,15.131077895886));
#3058 = CARTESIAN_POINT('',(0.565703422352,15.216161089762));
#3059 = CARTESIAN_POINT('',(0.56570538439,15.30124471578));
#3060 = CARTESIAN_POINT('',(0.565704602519,15.504139671417));
#3061 = CARTESIAN_POINT('',(0.565699426953,15.62195117754));
#3062 = CARTESIAN_POINT('',(0.565692154635,15.739761573043));
#3063 = CARTESIAN_POINT('',(0.565681382469,15.963875986875));
#3064 = CARTESIAN_POINT('',(0.565677345897,16.070179955119));
#3065 = CARTESIAN_POINT('',(0.565676294407,16.176484178081));
#3066 = CARTESIAN_POINT('',(0.565677271099,16.393765873399));
#3067 = CARTESIAN_POINT('',(0.565679639326,16.504743494197));
#3068 = CARTESIAN_POINT('',(0.565681823167,16.615722425902));
#3069 = CARTESIAN_POINT('',(0.565683941434,16.891804406614));
#3070 = CARTESIAN_POINT('',(0.565681769994,17.056908408364));
#3071 = CARTESIAN_POINT('',(0.565676578624,17.222009701801));
#3072 = CARTESIAN_POINT('',(0.565676594609,17.558846105959));
#3073 = CARTESIAN_POINT('',(0.565681578834,17.730580914237));
#3074 = CARTESIAN_POINT('',(0.565694898708,17.902315659197));
#3075 = CARTESIAN_POINT('',(0.565707926765,18.250871884783));
#3076 = CARTESIAN_POINT('',(0.565708778848,18.427693025605));
#3077 = CARTESIAN_POINT('',(0.565690456999,18.604515846797));
#3078 = CARTESIAN_POINT('',(0.565664206991,18.962316781502));
#3079 = CARTESIAN_POINT('',(0.565653698888,19.143294048083));
#3080 = CARTESIAN_POINT('',(0.565675330522,19.3242740668));
#3081 = CARTESIAN_POINT('',(0.5656893321,19.505258587869));
#3082 = ( GEOMETRIC_REPRESENTATION_CONTEXT(2) 
PARAMETRIC_REPRESENTATION_CONTEXT() REPRESENTATION_CONTEXT('2D SPACE',''
  ) );
#3083 = PCURVE('',#2325,#3084);
#3084 = DEFINITIONAL_REPRESENTATION('',(#3085),#3124);
#3085 = B_SPLINE_CURVE_WITH_KNOTS('',4,(#3086,#3087,#3088,#3089,#3090,
    #3091,#3092,#3093,#3094,#3095,#3096,#3097,#3098,#3099,#3100,#3101,
    #3102,#3103,#3104,#3105,#3106,#3107,#3108,#3109,#3110,#3111,#3112,
    #3113,#3114,#3115,#3116,#3117,#3118,#3119,#3120,#3121,#3122,#3123),
  .UNSPECIFIED.,.F.,.F.,(5,3,3,3,3,3,3,3,3,3,3,3,5),(0.,
    7.247109167475E-02,0.161509396084,0.192457885668,0.263350986689,
    0.319576414205,0.39742776244,0.467676634211,0.541012651298,
    0.650105784078,0.763584351883,0.88041830754,1.),.UNSPECIFIED.);
#3086 = CARTESIAN_POINT('',(0.,3.039999964035));
#3087 = CARTESIAN_POINT('',(0.102448953986,3.079132009709));
#3088 = CARTESIAN_POINT('',(0.20490083643,3.118267066175));
#3089 = CARTESIAN_POINT('',(0.307348741668,3.157404505364));
#3090 = CARTESIAN_POINT('',(0.535668203294,3.244617100113));
#3091 = CARTESIAN_POINT('',(0.661539358866,3.292691022895));
#3092 = CARTESIAN_POINT('',(0.78741191041,3.340761673581));
#3093 = CARTESIAN_POINT('',(0.957034262591,3.405547823209));
#3094 = CARTESIAN_POINT('',(1.000784271505,3.422258311423));
#3095 = CARTESIAN_POINT('',(1.044533893188,3.438969338783));
#3096 = CARTESIAN_POINT('',(1.18850172337,3.493962724756));
#3097 = CARTESIAN_POINT('',(1.288719484015,3.532247816884));
#3098 = CARTESIAN_POINT('',(1.388936679597,3.570534700376));
#3099 = CARTESIAN_POINT('',(1.568635561597,3.639184334858));
#3100 = CARTESIAN_POINT('',(1.648117200336,3.669547718642));
#3101 = CARTESIAN_POINT('',(1.727599110956,3.699909229175));
#3102 = CARTESIAN_POINT('',(1.917136743114,3.772307046368));
#3103 = CARTESIAN_POINT('',(2.027192882067,3.814341696567));
#3104 = CARTESIAN_POINT('',(2.13724964707,3.856374467839));
#3105 = CARTESIAN_POINT('',(2.346614909087,3.936336893478));
#3106 = CARTESIAN_POINT('',(2.44592336267,3.974266150452));
#3107 = CARTESIAN_POINT('',(2.545231429399,4.012197609089));
#3108 = CARTESIAN_POINT('',(2.748210727122,4.089730244927));
#3109 = CARTESIAN_POINT('',(2.851882028202,4.129331715546));
#3110 = CARTESIAN_POINT('',(2.95555286351,4.168933523552));
#3111 = CARTESIAN_POINT('',(3.21345354668,4.267448487848));
#3112 = CARTESIAN_POINT('',(3.367683294964,4.326360495031));
#3113 = CARTESIAN_POINT('',(3.521914590733,4.385269400402));
#3114 = CARTESIAN_POINT('',(3.836579970845,4.505461688348));
#3115 = CARTESIAN_POINT('',(3.997014425633,4.566744805226));
#3116 = CARTESIAN_POINT('',(4.157447366891,4.628033793705));
#3117 = CARTESIAN_POINT('',(4.483059754962,4.752417229662));
#3118 = CARTESIAN_POINT('',(4.6482383105,4.815512364749));
#3119 = CARTESIAN_POINT('',(4.813419897722,4.87859454142));
#3120 = CARTESIAN_POINT('',(5.147669626204,5.006248964125));
#3121 = CARTESIAN_POINT('',(5.316738479831,5.070819083656));
#3122 = CARTESIAN_POINT('',(5.48580162631,5.135412911445));
#3123 = CARTESIAN_POINT('',(5.654864226395,5.200002950532));
#3124 = ( GEOMETRIC_REPRESENTATION_CONTEXT(2) 
PARAMETRIC_REPRESENTATION_CONTEXT() REPRESENTATION_CONTEXT('2D SPACE',''
  ) );
#3125 = ORIENTED_EDGE('',*,*,#2587,.T.);
#3126 = ADVANCED_FACE('',(#3127),#1491,.T.);
#3127 = FACE_BOUND('',#3128,.T.);
#3128 = EDGE_LOOP('',(#3129,#3130,#3131,#3132));
#3129 = ORIENTED_EDGE('',*,*,#2029,.F.);
#3130 = ORIENTED_EDGE('',*,*,#1476,.T.);
#3131 = ORIENTED_EDGE('',*,*,#2684,.T.);
#3132 = ORIENTED_EDGE('',*,*,#3133,.T.);
#3133 = EDGE_CURVE('',#2685,#2030,#3134,.T.);
#3134 = SURFACE_CURVE('',#3135,(#3139,#3146),.PCURVE_S1.);
#3135 = LINE('',#3136,#3137);
#3136 = CARTESIAN_POINT('',(-9.275,-3.918869757272E-16,8.7));
#3137 = VECTOR('',#3138,1.);
#3138 = DIRECTION('',(0.,0.,1.));
#3139 = PCURVE('',#1491,#3140);
#3140 = DEFINITIONAL_REPRESENTATION('',(#3141),#3145);
#3141 = LINE('',#3142,#3143);
#3142 = CARTESIAN_POINT('',(6.28318530718,-0.));
#3143 = VECTOR('',#3144,1.);
#3144 = DIRECTION('',(0.,1.));
#3145 = ( GEOMETRIC_REPRESENTATION_CONTEXT(2) 
PARAMETRIC_REPRESENTATION_CONTEXT() REPRESENTATION_CONTEXT('2D SPACE',''
  ) );
#3146 = PCURVE('',#2503,#3147);
#3147 = DEFINITIONAL_REPRESENTATION('',(#3148),#3152);
#3148 = LINE('',#3149,#3150);
#3149 = CARTESIAN_POINT('',(0.,-0.));
#3150 = VECTOR('',#3151,1.);
#3151 = DIRECTION('',(0.,1.));
#3152 = ( GEOMETRIC_REPRESENTATION_CONTEXT(2) 
PARAMETRIC_REPRESENTATION_CONTEXT() REPRESENTATION_CONTEXT('2D SPACE',''
  ) );
#3153 = ADVANCED_FACE('',(#3154),#1556,.F.);
#3154 = FACE_BOUND('',#3155,.F.);
#3155 = EDGE_LOOP('',(#3156,#3338,#3339,#3340,#3408,#3478));
#3156 = ORIENTED_EDGE('',*,*,#3157,.F.);
#3157 = EDGE_CURVE('',#1863,#3158,#3160,.T.);
#3158 = VERTEX_POINT('',#3159);
#3159 = CARTESIAN_POINT('',(12.475,-3.918869757272E-16,10.459999964035)
  );
#3160 = SURFACE_CURVE('',#3161,(#3218,#3278),.PCURVE_S1.);
#3161 = B_SPLINE_CURVE_WITH_KNOTS('',7,(#3162,#3163,#3164,#3165,#3166,
    #3167,#3168,#3169,#3170,#3171,#3172,#3173,#3174,#3175,#3176,#3177,
    #3178,#3179,#3180,#3181,#3182,#3183,#3184,#3185,#3186,#3187,#3188,
    #3189,#3190,#3191,#3192,#3193,#3194,#3195,#3196,#3197,#3198,#3199,
    #3200,#3201,#3202,#3203,#3204,#3205,#3206,#3207,#3208,#3209,#3210,
    #3211,#3212,#3213,#3214,#3215,#3216,#3217),.UNSPECIFIED.,.F.,.F.,(8,
    6,6,6,6,6,6,6,6,8),(0.,3.916846605899E-02,0.205726704584,
    0.323187565283,0.433792146017,0.615662890258,0.67763806833,
    0.776644629425,0.89874646411,1.),.UNSPECIFIED.);
#3162 = CARTESIAN_POINT('',(10.707707367768,1.591230082421,8.6999994));
#3163 = CARTESIAN_POINT('',(10.666684834812,1.586917213159,8.70984624593
    ));
#3164 = CARTESIAN_POINT('',(10.625791797252,1.581370460832,
    8.719693286493));
#3165 = CARTESIAN_POINT('',(10.585073118109,1.57459456818,8.729540479616
    ));
#3166 = CARTESIAN_POINT('',(10.544573181865,1.566596242811,
    8.739387799275));
#3167 = CARTESIAN_POINT('',(10.504335894461,1.557384157208,
    8.749235235499));
#3168 = CARTESIAN_POINT('',(10.464404683299,1.54696894872,8.759082794366
    ));
#3169 = CARTESIAN_POINT('',(10.256504974227,1.486011534435,
    8.810806433855));
#3170 = CARTESIAN_POINT('',(10.094438664726,1.415114398057,
    8.852699716494));
#3171 = CARTESIAN_POINT('',(9.942045646565,1.323645472095,8.894581949025
    ));
#3172 = CARTESIAN_POINT('',(9.802408407854,1.213255578917,8.93645854039)
  );
#3173 = CARTESIAN_POINT('',(9.678236790259,1.08608630069,8.978338089212)
  );
#3174 = CARTESIAN_POINT('',(9.571849317274,0.944756575702,9.020228364744
    ));
#3175 = CARTESIAN_POINT('',(9.423723396197,0.68490711061,9.091633269192)
  );
#3176 = CARTESIAN_POINT('',(9.3721509844,0.571906751119,9.121166194692)
  );
#3177 = CARTESIAN_POINT('',(9.330877313823,0.454436382054,9.150696973446
    ));
#3178 = CARTESIAN_POINT('',(9.30035050175,0.33362560461,9.180226692186)
  );
#3179 = CARTESIAN_POINT('',(9.280867419856,0.210649825546,9.209758120061
    ));
#3180 = CARTESIAN_POINT('',(9.272570097824,8.671571297019E-02,
    9.239292047898));
#3181 = CARTESIAN_POINT('',(9.27811655772,-0.153395975611,9.296631659857
    ));
#3182 = CARTESIAN_POINT('',(9.290696633142,-0.269622458512,
    9.324441924949));
#3183 = CARTESIAN_POINT('',(9.313145702904,-0.384605881452,9.35225103586
    ));
#3184 = CARTESIAN_POINT('',(9.345307563971,-0.497344675976,
    9.380059269621));
#3185 = CARTESIAN_POINT('',(9.386904799199,-0.606866088226,
    9.407868142879));
#3186 = CARTESIAN_POINT('',(9.437541768634,-0.712236753246,
    9.435677893042));
#3187 = CARTESIAN_POINT('',(9.593967427503,-0.977568099258,
    9.509209099982));
#3188 = CARTESIAN_POINT('',(9.714330962297,-1.129060750776,
    9.554954786661));
#3189 = CARTESIAN_POINT('',(9.855461548372,-1.263013368796,
    9.600678681036));
#3190 = CARTESIAN_POINT('',(10.014207243344,-1.376116600749,
    9.646393430661));
#3191 = CARTESIAN_POINT('',(10.186905723616,-1.465761524077,
    9.692116132593));
#3192 = CARTESIAN_POINT('',(10.369400203995,-1.530049739158,
    9.737861424893));
#3193 = CARTESIAN_POINT('',(10.621076177274,-1.581070014817,
    9.799167815308));
#3194 = CARTESIAN_POINT('',(10.685658927647,-1.590993125723,
    9.814749780292));
#3195 = CARTESIAN_POINT('',(10.750684524535,-1.597836805806,
    9.830332062889));
#3196 = CARTESIAN_POINT('',(10.815976711497,-1.601578288626,
    9.845914663039));
#3197 = CARTESIAN_POINT('',(10.88135823746,-1.602207437357,
    9.861497630793));
#3198 = CARTESIAN_POINT('',(10.946651455978,-1.599726765597,
    9.877080924924));
#3199 = CARTESIAN_POINT('',(11.115561579336,-1.585244795345,
    9.917558973061));
#3200 = CARTESIAN_POINT('',(11.218771887372,-1.56843996503,
    9.942455200525));
#3201 = CARTESIAN_POINT('',(11.320580815223,-1.543798210988,
    9.967350614479));
#3202 = CARTESIAN_POINT('',(11.420276924892,-1.511465645505,
    9.992245012018));
#3203 = CARTESIAN_POINT('',(11.517170508136,-1.47166585617,
    10.01713898646));
#3204 = CARTESIAN_POINT('',(11.610599570166,-1.424698016346,
    10.042032560697));
#3205 = CARTESIAN_POINT('',(11.810115663829,-1.304642959213,
    10.09762140908));
#3206 = CARTESIAN_POINT('',(11.914089455406,-1.228007777621,
    10.128320402643));
#3207 = CARTESIAN_POINT('',(12.010673084273,-1.141743403984,
    10.159015181234));
#3208 = CARTESIAN_POINT('',(12.098811298029,-1.046717228487,
    10.189707362617));
#3209 = CARTESIAN_POINT('',(12.17757768834,-0.94392835579,
    10.220401423157));
#3210 = CARTESIAN_POINT('',(12.246187120626,-0.834493943717,
    10.251099667993));
#3211 = CARTESIAN_POINT('',(12.35198267628,-0.62441347159,
    10.307252040489));
#3212 = CARTESIAN_POINT('',(12.392540657605,-0.525444035248,
    10.332710120018));
#3213 = CARTESIAN_POINT('',(12.425342922235,-0.423439278851,
    10.358168518126));
#3214 = CARTESIAN_POINT('',(12.450125666331,-0.319129800818,
    10.383627310791));
#3215 = CARTESIAN_POINT('',(12.466709217402,-0.213269768423,
    10.409086127442));
#3216 = CARTESIAN_POINT('',(12.474999999467,-0.106631046005,
    10.434543733694));
#3217 = CARTESIAN_POINT('',(12.475,0.,10.459999964035));
#3218 = PCURVE('',#1556,#3219);
#3219 = DEFINITIONAL_REPRESENTATION('',(#3220),#3277);
#3220 = B_SPLINE_CURVE_WITH_KNOTS('',7,(#3221,#3222,#3223,#3224,#3225,
    #3226,#3227,#3228,#3229,#3230,#3231,#3232,#3233,#3234,#3235,#3236,
    #3237,#3238,#3239,#3240,#3241,#3242,#3243,#3244,#3245,#3246,#3247,
    #3248,#3249,#3250,#3251,#3252,#3253,#3254,#3255,#3256,#3257,#3258,
    #3259,#3260,#3261,#3262,#3263,#3264,#3265,#3266,#3267,#3268,#3269,
    #3270,#3271,#3272,#3273,#3274,#3275,#3276),.UNSPECIFIED.,.F.,.F.,(8,
    6,6,6,6,6,6,6,6,8),(0.,3.916846605899E-02,0.205726704584,
    0.323187565283,0.433792146017,0.615662890258,0.67763806833,
    0.776644629425,0.89874646411,1.),.UNSPECIFIED.);
#3221 = CARTESIAN_POINT('',(0.113119269125,8.519571627316));
#3222 = CARTESIAN_POINT('',(0.113118411185,8.547168912363));
#3223 = CARTESIAN_POINT('',(0.113117772265,8.574766308844));
#3224 = CARTESIAN_POINT('',(0.113117360667,8.602363682395));
#3225 = CARTESIAN_POINT('',(0.113117177996,8.629960956911));
#3226 = CARTESIAN_POINT('',(0.113117219157,8.657558114537));
#3227 = CARTESIAN_POINT('',(0.113117472362,8.685155195675));
#3228 = CARTESIAN_POINT('',(0.113119818896,8.830104990504));
#3229 = CARTESIAN_POINT('',(0.113125235684,8.947499326558));
#3230 = CARTESIAN_POINT('',(0.113132965078,9.064858112132));
#3231 = CARTESIAN_POINT('',(0.113140114367,9.18220223802));
#3232 = CARTESIAN_POINT('',(0.113144372041,9.299560382294));
#3233 = CARTESIAN_POINT('',(0.113145931148,9.416953935578));
#3234 = CARTESIAN_POINT('',(0.113145489173,9.617065599945));
#3235 = CARTESIAN_POINT('',(0.113144406841,9.699833166184));
#3236 = CARTESIAN_POINT('',(0.113142732989,9.782595888401));
#3237 = CARTESIAN_POINT('',(0.113141033823,9.865355690116));
#3238 = CARTESIAN_POINT('',(0.113139812478,9.948119334771));
#3239 = CARTESIAN_POINT('',(0.113139319829,10.030888541492));
#3240 = CARTESIAN_POINT('',(0.113139664548,10.191580951544));
#3241 = CARTESIAN_POINT('',(0.113140426302,10.269517142786));
#3242 = CARTESIAN_POINT('',(0.113141750658,10.347448984575));
#3243 = CARTESIAN_POINT('',(0.1131433639,10.4253777957));
#3244 = CARTESIAN_POINT('',(0.113144828644,10.503308693273));
#3245 = CARTESIAN_POINT('',(0.11314569487,10.581243234412));
#3246 = CARTESIAN_POINT('',(0.113145771609,10.787312790235));
#3247 = CARTESIAN_POINT('',(0.113143541408,10.915518563726));
#3248 = CARTESIAN_POINT('',(0.113138001594,11.043669823232));
#3249 = CARTESIAN_POINT('',(0.113129093644,11.171802129234));
#3250 = CARTESIAN_POINT('',(0.113120779327,11.299955545042));
#3251 = CARTESIAN_POINT('',(0.113116702554,11.428163872554));
#3252 = CARTESIAN_POINT('',(0.113117633308,11.599971937014));
#3253 = CARTESIAN_POINT('',(0.1131184242,11.643638508838));
#3254 = CARTESIAN_POINT('',(0.113119796603,11.687304818415));
#3255 = CARTESIAN_POINT('',(0.113121733723,11.730970898855));
#3256 = CARTESIAN_POINT('',(0.113124176932,11.774637006603));
#3257 = CARTESIAN_POINT('',(0.113127027907,11.818303220969));
#3258 = CARTESIAN_POINT('',(0.113135139598,11.931726050833));
#3259 = CARTESIAN_POINT('',(0.11314082263,12.001485958787));
#3260 = CARTESIAN_POINT('',(0.113146669791,12.071243261651));
#3261 = CARTESIAN_POINT('',(0.113151917195,12.140998904539));
#3262 = CARTESIAN_POINT('',(0.113155792828,12.210756080079));
#3263 = CARTESIAN_POINT('',(0.113157754327,12.280515927204));
#3264 = CARTESIAN_POINT('',(0.113157719764,12.436302609643));
#3265 = CARTESIAN_POINT('',(0.113154694548,12.522341907972));
#3266 = CARTESIAN_POINT('',(0.113148500488,12.608375673475));
#3267 = CARTESIAN_POINT('',(0.113140018004,12.694406695218));
#3268 = CARTESIAN_POINT('',(0.113131527253,12.780442999641));
#3269 = CARTESIAN_POINT('',(0.113125686896,12.86648577831));
#3270 = CARTESIAN_POINT('',(0.113121018904,13.023860907425));
#3271 = CARTESIAN_POINT('',(0.113121209224,13.095206308203));
#3272 = CARTESIAN_POINT('',(0.113123912809,13.166547520465));
#3273 = CARTESIAN_POINT('',(0.113129130454,13.237884954191));
#3274 = CARTESIAN_POINT('',(0.113134606462,13.309221998796));
#3275 = CARTESIAN_POINT('',(0.113137106883,13.380561375141));
#3276 = CARTESIAN_POINT('',(0.113137026511,13.451902100804));
#3277 = ( GEOMETRIC_REPRESENTATION_CONTEXT(2) 
PARAMETRIC_REPRESENTATION_CONTEXT() REPRESENTATION_CONTEXT('2D SPACE',''
  ) );
#3278 = PCURVE('',#2014,#3279);
#3279 = DEFINITIONAL_REPRESENTATION('',(#3280),#3337);
#3280 = B_SPLINE_CURVE_WITH_KNOTS('',7,(#3281,#3282,#3283,#3284,#3285,
    #3286,#3287,#3288,#3289,#3290,#3291,#3292,#3293,#3294,#3295,#3296,
    #3297,#3298,#3299,#3300,#3301,#3302,#3303,#3304,#3305,#3306,#3307,
    #3308,#3309,#3310,#3311,#3312,#3313,#3314,#3315,#3316,#3317,#3318,
    #3319,#3320,#3321,#3322,#3323,#3324,#3325,#3326,#3327,#3328,#3329,
    #3330,#3331,#3332,#3333,#3334,#3335,#3336),.UNSPECIFIED.,.F.,.F.,(8,
    6,6,6,6,6,6,6,6,8),(0.,3.916846605899E-02,0.205726704584,
    0.323187565283,0.433792146017,0.615662890258,0.67763806833,
    0.776644629425,0.89874646411,1.),.UNSPECIFIED.);
#3281 = CARTESIAN_POINT('',(1.675545675957,-6.E-07));
#3282 = CARTESIAN_POINT('',(1.701326066483,9.846245930168E-03));
#3283 = CARTESIAN_POINT('',(1.727106555623,1.969328649319E-02));
#3284 = CARTESIAN_POINT('',(1.752887031122,2.954047961558E-02));
#3285 = CARTESIAN_POINT('',(1.778667432815,3.938779927465E-02));
#3286 = CARTESIAN_POINT('',(1.804447752624,4.923523549852E-02));
#3287 = CARTESIAN_POINT('',(1.830228034557,5.908279436609E-02));
#3288 = CARTESIAN_POINT('',(1.965635543621,0.110806433855));
#3289 = CARTESIAN_POINT('',(2.07530232113,0.152699716494));
#3290 = CARTESIAN_POINT('',(2.184937057427,0.194581949025));
#3291 = CARTESIAN_POINT('',(2.294559293204,0.236458540391));
#3292 = CARTESIAN_POINT('',(2.404194702065,0.278338089212));
#3293 = CARTESIAN_POINT('',(2.513862341353,0.320228364744));
#3294 = CARTESIAN_POINT('',(2.700802163936,0.391633269192));
#3295 = CARTESIAN_POINT('',(2.778121159849,0.421166194692));
#3296 = CARTESIAN_POINT('',(2.8554348905,0.450696973446));
#3297 = CARTESIAN_POINT('',(2.932745160572,0.480226692186));
#3298 = CARTESIAN_POINT('',(3.010058478997,0.509758120061));
#3299 = CARTESIAN_POINT('',(3.087376768207,0.539292047898));
#3300 = CARTESIAN_POINT('',(3.23748660587,0.596631659857));
#3301 = CARTESIAN_POINT('',(3.310290280934,0.624441924949));
#3302 = CARTESIAN_POINT('',(3.383090189652,0.65225103586));
#3303 = CARTESIAN_POINT('',(3.455887801794,0.680059269621));
#3304 = CARTESIAN_POINT('',(3.528688024488,0.707868142879));
#3305 = CARTESIAN_POINT('',(3.601492294228,0.735677893042));
#3306 = CARTESIAN_POINT('',(3.793998087495,0.809209099982));
#3307 = CARTESIAN_POINT('',(3.913766597228,0.854954786661));
#3308 = CARTESIAN_POINT('',(4.033485058663,0.900678681036));
#3309 = CARTESIAN_POINT('',(4.15318536923,0.946393430661));
#3310 = CARTESIAN_POINT('',(4.272903570249,0.992116132593));
#3311 = CARTESIAN_POINT('',(4.392671790335,1.037861424893));
#3312 = CARTESIAN_POINT('',(4.55316889902,1.099167815308));
#3313 = CARTESIAN_POINT('',(4.593960635398,1.114749780292));
#3314 = CARTESIAN_POINT('',(4.634752105793,1.130332062889));
#3315 = CARTESIAN_POINT('',(4.675543379472,1.145914663039));
#3316 = CARTESIAN_POINT('',(4.71633473342,1.161497630793));
#3317 = CARTESIAN_POINT('',(4.757126271826,1.177080924924));
#3318 = CARTESIAN_POINT('',(4.86308240447,1.217558973061));
#3319 = CARTESIAN_POINT('',(4.92825023192,1.242455200525));
#3320 = CARTESIAN_POINT('',(4.993415950022,1.267350614479));
#3321 = CARTESIAN_POINT('',(5.058580428143,1.292245012018));
#3322 = CARTESIAN_POINT('',(5.12374648253,1.31713898646));
#3323 = CARTESIAN_POINT('',(5.188914894157,1.342032560697));
#3324 = CARTESIAN_POINT('',(5.334447172006,1.39762140908));
#3325 = CARTESIAN_POINT('',(5.414822463172,1.428320402643));
#3326 = CARTESIAN_POINT('',(5.49519157048,1.459015181234));
#3327 = CARTESIAN_POINT('',(5.575556529977,1.489707362617));
#3328 = CARTESIAN_POINT('',(5.655925078309,1.520401423157));
#3329 = CARTESIAN_POINT('',(5.736299517955,1.551099667993));
#3330 = CARTESIAN_POINT('',(5.883309435198,1.607252040489));
#3331 = CARTESIAN_POINT('',(5.949956676481,1.632710120018));
#3332 = CARTESIAN_POINT('',(6.016601710647,1.658168518126));
#3333 = CARTESIAN_POINT('',(6.083245596634,1.683627310791));
#3334 = CARTESIAN_POINT('',(6.14989174843,1.709086127442));
#3335 = CARTESIAN_POINT('',(6.216540903426,1.734543733694));
#3336 = CARTESIAN_POINT('',(6.28318530718,1.759999964035));
#3337 = ( GEOMETRIC_REPRESENTATION_CONTEXT(2) 
PARAMETRIC_REPRESENTATION_CONTEXT() REPRESENTATION_CONTEXT('2D SPACE',''
  ) );
#3338 = ORIENTED_EDGE('',*,*,#1862,.F.);
#3339 = ORIENTED_EDGE('',*,*,#1506,.T.);
#3340 = ORIENTED_EDGE('',*,*,#3341,.T.);
#3341 = EDGE_CURVE('',#1507,#3342,#3344,.T.);
#3342 = VERTEX_POINT('',#3343);
#3343 = CARTESIAN_POINT('',(10.707704878479,1.59122982071,13.5));
#3344 = SURFACE_CURVE('',#3345,(#3364,#3386),.PCURVE_S1.);
#3345 = B_SPLINE_CURVE_WITH_KNOTS('',5,(#3346,#3347,#3348,#3349,#3350,
    #3351,#3352,#3353,#3354,#3355,#3356,#3357,#3358,#3359,#3360,#3361,
    #3362,#3363),.UNSPECIFIED.,.F.,.F.,(6,4,4,4,6),(0.,0.270148290119,
    0.527513611401,0.768663617386,1.),.UNSPECIFIED.);
#3346 = CARTESIAN_POINT('',(12.493033319848,1.175577407854,13.5));
#3347 = CARTESIAN_POINT('',(12.400674106499,1.262262538137,13.5));
#3348 = CARTESIAN_POINT('',(12.301674439213,1.341195124098,13.5));
#3349 = CARTESIAN_POINT('',(12.196819746544,1.411561125221,13.5));
#3350 = CARTESIAN_POINT('',(12.087046168681,1.472653958663,13.5));
#3351 = CARTESIAN_POINT('',(11.86522966888,1.572761573128,13.5));
#3352 = CARTESIAN_POINT('',(11.753534947946,1.612686530622,13.5));
#3353 = CARTESIAN_POINT('',(11.639316722959,1.643217792685,13.5));
#3354 = CARTESIAN_POINT('',(11.523627514285,1.664020041875,13.5));
#3355 = CARTESIAN_POINT('',(11.298912797725,1.685185950045,13.5));
#3356 = CARTESIAN_POINT('',(11.189921913803,1.686755249941,13.5));
#3357 = CARTESIAN_POINT('',(11.081589037417,1.679535888387,13.5));
#3358 = CARTESIAN_POINT('',(10.974904463875,1.66355916855,13.5));
#3359 = CARTESIAN_POINT('',(10.771093843379,1.615526958441,13.5));
#3360 = CARTESIAN_POINT('',(10.673751038617,1.584151219471,13.5));
#3361 = CARTESIAN_POINT('',(10.579751060449,1.545111799921,13.5));
#3362 = CARTESIAN_POINT('',(10.48998271734,1.498757576836,13.5));
#3363 = CARTESIAN_POINT('',(10.405294419019,1.445619102899,13.5));
#3364 = PCURVE('',#1556,#3365);
#3365 = DEFINITIONAL_REPRESENTATION('',(#3366),#3385);
#3366 = B_SPLINE_CURVE_WITH_KNOTS('',5,(#3367,#3368,#3369,#3370,#3371,
    #3372,#3373,#3374,#3375,#3376,#3377,#3378,#3379,#3380,#3381,#3382,
    #3383,#3384),.UNSPECIFIED.,.F.,.F.,(6,4,4,4,6),(0.,0.270148290119,
    0.527513611401,0.768663617386,1.),.UNSPECIFIED.);
#3367 = CARTESIAN_POINT('',(0.678822509939,20.850448220629));
#3368 = CARTESIAN_POINT('',(0.645216661775,20.917043346952));
#3369 = CARTESIAN_POINT('',(0.611252309715,20.984348896247));
#3370 = CARTESIAN_POINT('',(0.576919082529,21.052385421169));
#3371 = CARTESIAN_POINT('',(0.542199663387,21.121187240367));
#3372 = CARTESIAN_POINT('',(0.473622950871,21.257082441287));
#3373 = CARTESIAN_POINT('',(0.439801046985,21.324105693541));
#3374 = CARTESIAN_POINT('',(0.405603871974,21.391872602676));
#3375 = CARTESIAN_POINT('',(0.371013830566,21.46041803763));
#3376 = CARTESIAN_POINT('',(0.303225422262,21.594751095508));
#3377 = CARTESIAN_POINT('',(0.270075230236,21.660443252407));
#3378 = CARTESIAN_POINT('',(0.236556097182,21.726866523772));
#3379 = CARTESIAN_POINT('',(0.202651367373,21.794053915108));
#3380 = CARTESIAN_POINT('',(0.135440577091,21.927242344496));
#3381 = CARTESIAN_POINT('',(0.10216482095,21.993183329843));
#3382 = CARTESIAN_POINT('',(6.851014332788E-02,22.059875205992));
#3383 = CARTESIAN_POINT('',(3.445957981523E-02,22.127351589892));
#3384 = CARTESIAN_POINT('',(0.,22.19563850114));
#3385 = ( GEOMETRIC_REPRESENTATION_CONTEXT(2) 
PARAMETRIC_REPRESENTATION_CONTEXT() REPRESENTATION_CONTEXT('2D SPACE',''
  ) );
#3386 = PCURVE('',#1828,#3387);
#3387 = DEFINITIONAL_REPRESENTATION('',(#3388),#3407);
#3388 = B_SPLINE_CURVE_WITH_KNOTS('',5,(#3389,#3390,#3391,#3392,#3393,
    #3394,#3395,#3396,#3397,#3398,#3399,#3400,#3401,#3402,#3403,#3404,
    #3405,#3406),.UNSPECIFIED.,.F.,.F.,(6,4,4,4,6),(0.,0.270148290119,
    0.527513611401,0.768663617386,1.),.UNSPECIFIED.);
#3389 = CARTESIAN_POINT('',(1.618033319848,1.175577407854));
#3390 = CARTESIAN_POINT('',(1.525674106499,1.262262538137));
#3391 = CARTESIAN_POINT('',(1.426674439213,1.341195124098));
#3392 = CARTESIAN_POINT('',(1.321819746544,1.411561125221));
#3393 = CARTESIAN_POINT('',(1.212046168681,1.472653958663));
#3394 = CARTESIAN_POINT('',(0.99022966888,1.572761573128));
#3395 = CARTESIAN_POINT('',(0.878534947946,1.612686530622));
#3396 = CARTESIAN_POINT('',(0.764316722959,1.643217792685));
#3397 = CARTESIAN_POINT('',(0.648627514285,1.664020041875));
#3398 = CARTESIAN_POINT('',(0.423912797725,1.685185950045));
#3399 = CARTESIAN_POINT('',(0.314921913803,1.686755249941));
#3400 = CARTESIAN_POINT('',(0.206589037417,1.679535888387));
#3401 = CARTESIAN_POINT('',(9.990446387452E-02,1.66355916855));
#3402 = CARTESIAN_POINT('',(-0.103906156621,1.615526958441));
#3403 = CARTESIAN_POINT('',(-0.201248961383,1.584151219471));
#3404 = CARTESIAN_POINT('',(-0.295248939551,1.545111799921));
#3405 = CARTESIAN_POINT('',(-0.38501728266,1.498757576836));
#3406 = CARTESIAN_POINT('',(-0.469705580981,1.445619102899));
#3407 = ( GEOMETRIC_REPRESENTATION_CONTEXT(2) 
PARAMETRIC_REPRESENTATION_CONTEXT() REPRESENTATION_CONTEXT('2D SPACE',''
  ) );
#3408 = ORIENTED_EDGE('',*,*,#3409,.F.);
#3409 = EDGE_CURVE('',#3410,#3342,#3412,.T.);
#3410 = VERTEX_POINT('',#3411);
#3411 = CARTESIAN_POINT('',(12.475,-3.918869757272E-16,12.859999964656)
  );
#3412 = SURFACE_CURVE('',#3413,(#3431,#3452),.PCURVE_S1.);
#3413 = B_SPLINE_CURVE_WITH_KNOTS('',4,(#3414,#3415,#3416,#3417,#3418,
    #3419,#3420,#3421,#3422,#3423,#3424,#3425,#3426,#3427,#3428,#3429,
    #3430),.UNSPECIFIED.,.F.,.F.,(5,3,3,3,3,5),(0.,0.221478400279,
    0.336765973522,0.549435326387,0.688183262091,1.),.UNSPECIFIED.);
#3414 = CARTESIAN_POINT('',(12.475,-2.789895858602E-16,12.859999964656)
  );
#3415 = CARTESIAN_POINT('',(12.475000713694,0.166984632118,
    12.899865527544));
#3416 = CARTESIAN_POINT('',(12.45175960733,0.333998319187,
    12.939720504291));
#3417 = CARTESIAN_POINT('',(12.405289265591,0.496083903484,
    12.97958167183));
#3418 = CARTESIAN_POINT('',(12.302342763318,0.72818123523,13.04020036926
    ));
#3419 = CARTESIAN_POINT('',(12.261344940286,0.805084361304,
    13.060953689844));
#3420 = CARTESIAN_POINT('',(12.214870887585,0.878806623184,
    13.081708137306));
#3421 = CARTESIAN_POINT('',(12.068247163317,1.07790132053,
    13.140749455781));
#3422 = CARTESIAN_POINT('',(11.955903264844,1.194315338416,
    13.179037291481));
#3423 = CARTESIAN_POINT('',(11.828892362258,1.294527262137,
    13.217320579223));
#3424 = CARTESIAN_POINT('',(11.600982750481,1.429647656646,
    13.280573552196));
#3425 = CARTESIAN_POINT('',(11.506344904319,1.475153705896,
    13.305545687615));
#3426 = CARTESIAN_POINT('',(11.408088264965,1.512203855043,
    13.330516337591));
#3427 = CARTESIAN_POINT('',(11.081018303345,1.604007931304,
    13.411608214251));
#3428 = CARTESIAN_POINT('',(10.842102605328,1.623196009583,
    13.467727176174));
#3429 = CARTESIAN_POINT('',(10.604163939079,1.594343355668,
    13.523855184966));
#3430 = CARTESIAN_POINT('',(10.380576276231,1.521691552639,
    13.579987095252));
#3431 = PCURVE('',#1556,#3432);
#3432 = DEFINITIONAL_REPRESENTATION('',(#3433),#3451);
#3433 = B_SPLINE_CURVE_WITH_KNOTS('',4,(#3434,#3435,#3436,#3437,#3438,
    #3439,#3440,#3441,#3442,#3443,#3444,#3445,#3446,#3447,#3448,#3449,
    #3450),.UNSPECIFIED.,.F.,.F.,(5,3,3,3,3,5),(0.,0.221478400279,
    0.336765973522,0.549435326387,0.688183262091,1.),.UNSPECIFIED.);
#3434 = CARTESIAN_POINT('',(0.113137035005,20.177853167253));
#3435 = CARTESIAN_POINT('',(0.113137403505,20.289574864011));
#3436 = CARTESIAN_POINT('',(0.113127574651,20.401287100943));
#3437 = CARTESIAN_POINT('',(0.113120662823,20.513010906906));
#3438 = CARTESIAN_POINT('',(0.113122573196,20.682889784531));
#3439 = CARTESIAN_POINT('',(0.113124965561,20.741045801399));
#3440 = CARTESIAN_POINT('',(0.113129023956,20.799201674828));
#3441 = CARTESIAN_POINT('',(0.113142052755,20.964637947248));
#3442 = CARTESIAN_POINT('',(0.113152811703,21.071917505484));
#3443 = CARTESIAN_POINT('',(0.113158045375,21.179195267332));
#3444 = CARTESIAN_POINT('',(0.113157602508,21.356461311753));
#3445 = CARTESIAN_POINT('',(0.113155140905,21.426450090037));
#3446 = CARTESIAN_POINT('',(0.113150689463,21.496438648569));
#3447 = CARTESIAN_POINT('',(0.113134108209,21.723729837448));
#3448 = CARTESIAN_POINT('',(0.113118124749,21.881033757442));
#3449 = CARTESIAN_POINT('',(0.11311490765,22.038337732612));
#3450 = CARTESIAN_POINT('',(0.113118523483,22.19563910114));
#3451 = ( GEOMETRIC_REPRESENTATION_CONTEXT(2) 
PARAMETRIC_REPRESENTATION_CONTEXT() REPRESENTATION_CONTEXT('2D SPACE',''
  ) );
#3452 = PCURVE('',#3453,#3458);
#3453 = CYLINDRICAL_SURFACE('',#3454,1.6);
#3454 = AXIS2_PLACEMENT_3D('',#3455,#3456,#3457);
#3455 = CARTESIAN_POINT('',(10.875,0.,8.7));
#3456 = DIRECTION('',(0.,0.,1.));
#3457 = DIRECTION('',(1.,0.,-0.));
#3458 = DEFINITIONAL_REPRESENTATION('',(#3459),#3477);
#3459 = B_SPLINE_CURVE_WITH_KNOTS('',4,(#3460,#3461,#3462,#3463,#3464,
    #3465,#3466,#3467,#3468,#3469,#3470,#3471,#3472,#3473,#3474,#3475,
    #3476),.UNSPECIFIED.,.F.,.F.,(5,3,3,3,3,5),(0.,0.221478400279,
    0.336765973522,0.549435326387,0.688183262091,1.),.UNSPECIFIED.);
#3460 = CARTESIAN_POINT('',(0.,4.159999964656));
#3461 = CARTESIAN_POINT('',(0.104367578629,4.199865527544));
#3462 = CARTESIAN_POINT('',(0.208740188624,4.239720504291));
#3463 = CARTESIAN_POINT('',(0.313108268928,4.27958167183));
#3464 = CARTESIAN_POINT('',(0.471800440807,4.34020036926));
#3465 = CARTESIAN_POINT('',(0.526125690897,4.360953689844));
#3466 = CARTESIAN_POINT('',(0.580450574731,4.381708137306));
#3467 = CARTESIAN_POINT('',(0.734989563617,4.440749455781));
#3468 = CARTESIAN_POINT('',(0.835203631642,4.479037291481));
#3469 = CARTESIAN_POINT('',(0.935419212118,4.517320579223));
#3470 = CARTESIAN_POINT('',(1.101017050079,4.580573552196));
#3471 = CARTESIAN_POINT('',(1.166399401678,4.605545687615));
#3472 = CARTESIAN_POINT('',(1.231781504233,4.630516337591));
#3473 = CARTESIAN_POINT('',(1.444112229004,4.711608214251));
#3474 = CARTESIAN_POINT('',(1.591060508017,4.767727176174));
#3475 = CARTESIAN_POINT('',(1.738007032294,4.823855184966));
#3476 = CARTESIAN_POINT('',(1.884953313616,4.879987095252));
#3477 = ( GEOMETRIC_REPRESENTATION_CONTEXT(2) 
PARAMETRIC_REPRESENTATION_CONTEXT() REPRESENTATION_CONTEXT('2D SPACE',''
  ) );
#3478 = ORIENTED_EDGE('',*,*,#3479,.F.);
#3479 = EDGE_CURVE('',#3158,#3410,#3480,.T.);
#3480 = SURFACE_CURVE('',#3481,(#3554,#3630),.PCURVE_S1.);
#3481 = B_SPLINE_CURVE_WITH_KNOTS('',6,(#3482,#3483,#3484,#3485,#3486,
    #3487,#3488,#3489,#3490,#3491,#3492,#3493,#3494,#3495,#3496,#3497,
    #3498,#3499,#3500,#3501,#3502,#3503,#3504,#3505,#3506,#3507,#3508,
    #3509,#3510,#3511,#3512,#3513,#3514,#3515,#3516,#3517,#3518,#3519,
    #3520,#3521,#3522,#3523,#3524,#3525,#3526,#3527,#3528,#3529,#3530,
    #3531,#3532,#3533,#3534,#3535,#3536,#3537,#3538,#3539,#3540,#3541,
    #3542,#3543,#3544,#3545,#3546,#3547,#3548,#3549,#3550,#3551,#3552,
    #3553),.UNSPECIFIED.,.F.,.F.,(7,5,5,5,5,5,5,5,5,5,5,5,5,5,7),(0.,
    6.579662080461E-02,9.976204195068E-02,0.163562859728,0.20616089711,
    0.289405824803,0.399388160165,0.503822181006,0.585005418984,
    0.643053050101,0.717206598643,0.7645897071,0.8349914938,
    0.925968344287,1.),.UNSPECIFIED.);
#3482 = CARTESIAN_POINT('',(12.475,2.22044604925E-16,10.459999964035));
#3483 = CARTESIAN_POINT('',(12.475,0.110239951879,10.486317755732));
#3484 = CARTESIAN_POINT('',(12.465884999761,0.220487416058,
    10.512632794016));
#3485 = CARTESIAN_POINT('',(12.447654424744,0.329787992224,
    10.538945401727));
#3486 = CARTESIAN_POINT('',(12.420439113803,0.437202918191,
    10.565259212642));
#3487 = CARTESIAN_POINT('',(12.384497296916,0.541821519545,
    10.591576836759));
#3488 = CARTESIAN_POINT('',(12.317348954572,0.694887003384,
    10.631481714952));
#3489 = CARTESIAN_POINT('',(12.292263054528,0.746024663777,
    10.645068525797));
#3490 = CARTESIAN_POINT('',(12.265005279584,0.796067399842,
    10.658655866713));
#3491 = CARTESIAN_POINT('',(12.235635983061,0.844900612425,
    10.672243626399));
#3492 = CARTESIAN_POINT('',(12.20422346479,0.892414343838,
    10.685831673663));
#3493 = CARTESIAN_POINT('',(12.108143762434,1.02507696312,10.72494397008
    ));
#3494 = CARTESIAN_POINT('',(12.038500710762,1.106626508331,
    10.750469414771));
#3495 = CARTESIAN_POINT('',(11.962422784262,1.182451006617,
    10.775993394734));
#3496 = CARTESIAN_POINT('',(11.88050431271,1.251925649016,
    10.801516039899));
#3497 = CARTESIAN_POINT('',(11.79341745842,1.314509881043,
    10.827037896938));
#3498 = CARTESIAN_POINT('',(11.640802478998,1.40664156713,
    10.869596096959));
#3499 = CARTESIAN_POINT('',(11.577726104765,1.440257291343,
    10.886634218901));
#3500 = CARTESIAN_POINT('',(11.512894343367,1.470470003028,
    10.903671569185));
#3501 = CARTESIAN_POINT('',(11.446537465642,1.497167338056,
    10.920708395203));
#3502 = CARTESIAN_POINT('',(11.378894809048,1.520257894154,
    10.93774499624));
#3503 = CARTESIAN_POINT('',(11.175996302721,1.577610465993,
    10.988073617583));
#3504 = CARTESIAN_POINT('',(11.037797791485,1.601512649596,
    11.02136836295));
#3505 = CARTESIAN_POINT('',(10.897481548067,1.610846424745,
    11.054660026119));
#3506 = CARTESIAN_POINT('',(10.756960152101,1.60543196922,
    11.087953594808));
#3507 = CARTESIAN_POINT('',(10.618149965869,1.585396193111,
    11.121252795886));
#3508 = CARTESIAN_POINT('',(10.304274543329,1.506063920748,
    11.198542818062));
#3509 = CARTESIAN_POINT('',(10.13181001563,1.436205123535,
    11.242550386087));
#3510 = CARTESIAN_POINT('',(9.969925270092,1.342726437764,
    11.286545052343));
#3511 = CARTESIAN_POINT('',(9.82253811469,1.227738320613,11.330538554669
    ));
#3512 = CARTESIAN_POINT('',(9.693076169981,1.09408066447,11.374544804571
    ));
#3513 = CARTESIAN_POINT('',(9.480800703202,0.804254409305,
    11.460310223714));
#3514 = CARTESIAN_POINT('',(9.395910446788,0.649489446013,
    11.502091582992));
#3515 = CARTESIAN_POINT('',(9.331818067456,0.484227312616,
    11.543860607235));
#3516 = CARTESIAN_POINT('',(9.290003840782,0.31197547573,11.585630241264
    ));
#3517 = CARTESIAN_POINT('',(9.271255835077,0.136457807183,
    11.627412504467));
#3518 = CARTESIAN_POINT('',(9.278732530073,-0.174445685501,
    11.701659148209));
#3519 = CARTESIAN_POINT('',(9.295874752183,-0.310103319074,
    11.734135634307));
#3520 = CARTESIAN_POINT('',(9.326850182736,-0.443643861116,
    11.766609259329));
#3521 = CARTESIAN_POINT('',(9.371303762917,-0.573322468151,
    11.799082728131));
#3522 = CARTESIAN_POINT('',(9.428612781861,-0.697470834608,
    11.83155867082));
#3523 = CARTESIAN_POINT('',(9.547372319907,-0.898255934883,
    11.88724914565));
#3524 = CARTESIAN_POINT('',(9.602992621818,-0.978356993209,
    11.910467449211));
#3525 = CARTESIAN_POINT('',(9.664388678658,-1.054287745879,
    11.933684564377));
#3526 = CARTESIAN_POINT('',(9.731164585665,-1.1255335921,11.956901105759
    ));
#3527 = CARTESIAN_POINT('',(9.802865084588,-1.191631608316,
    11.980117806848));
#3528 = CARTESIAN_POINT('',(9.976214621124,-1.329519200443,
    12.032991320338));
#3529 = CARTESIAN_POINT('',(10.080661750786,-1.397806416727,
    12.062650266816));
#3530 = CARTESIAN_POINT('',(10.191254755468,-1.456185802377,
    12.092307286952));
#3531 = CARTESIAN_POINT('',(10.306811076051,-1.5039936715,12.12196514911
    ));
#3532 = CARTESIAN_POINT('',(10.426064744236,-1.540744354187,
    12.151626444603));
#3533 = CARTESIAN_POINT('',(10.625388755247,-1.582402228506,
    12.200240318928));
#3534 = CARTESIAN_POINT('',(10.704066302173,-1.594016383446,
    12.21919405404));
#3535 = CARTESIAN_POINT('',(10.783365442001,-1.600931397059,
    12.23814817875));
#3536 = CARTESIAN_POINT('',(10.862935536239,-1.603109760803,
    12.257102836615));
#3537 = CARTESIAN_POINT('',(10.942424035613,-1.600548818724,
    12.276058115462));
#3538 = CARTESIAN_POINT('',(11.138938979263,-1.582482119422,
    12.323177243329));
#3539 = CARTESIAN_POINT('',(11.255448975833,-1.561291139143,
    12.351342850519));
#3540 = CARTESIAN_POINT('',(11.369848375587,-1.529815128845,
    12.379506785487));
#3541 = CARTESIAN_POINT('',(11.481010228988,-1.48832906343,
    12.407669744041));
#3542 = CARTESIAN_POINT('',(11.587859810568,-1.437269850849,
    12.435832634388));
#3543 = CARTESIAN_POINT('',(11.82059971771,-1.299644539899,
    12.500382415888));
#3544 = CARTESIAN_POINT('',(11.942953972597,-1.207048380737,
    12.536774226832));
#3545 = CARTESIAN_POINT('',(12.054268422369,-1.100725979053,
    12.573157647851));
#3546 = CARTESIAN_POINT('',(12.152678300714,-0.982359105692,
    12.609540205343));
#3547 = CARTESIAN_POINT('',(12.236634683515,-0.853923380624,
    12.645931237249));
#3548 = CARTESIAN_POINT('',(12.360644515696,-0.606832315796,
    12.711930748224));
#3549 = CARTESIAN_POINT('',(12.405972476477,-0.490791505284,
    12.741545225772));
#3550 = CARTESIAN_POINT('',(12.440379504104,-0.370780608315,
    12.771159360519));
#3551 = CARTESIAN_POINT('',(12.463460971626,-0.248085732003,
    12.80077462802));
#3552 = CARTESIAN_POINT('',(12.475000000309,-0.124037585763,
    12.830388237229));
#3553 = CARTESIAN_POINT('',(12.475,-1.576516694968E-14,12.859999964656)
  );
#3554 = PCURVE('',#1556,#3555);
#3555 = DEFINITIONAL_REPRESENTATION('',(#3556),#3629);
#3556 = B_SPLINE_CURVE_WITH_KNOTS('',6,(#3557,#3558,#3559,#3560,#3561,
    #3562,#3563,#3564,#3565,#3566,#3567,#3568,#3569,#3570,#3571,#3572,
    #3573,#3574,#3575,#3576,#3577,#3578,#3579,#3580,#3581,#3582,#3583,
    #3584,#3585,#3586,#3587,#3588,#3589,#3590,#3591,#3592,#3593,#3594,
    #3595,#3596,#3597,#3598,#3599,#3600,#3601,#3602,#3603,#3604,#3605,
    #3606,#3607,#3608,#3609,#3610,#3611,#3612,#3613,#3614,#3615,#3616,
    #3617,#3618,#3619,#3620,#3621,#3622,#3623,#3624,#3625,#3626,#3627,
    #3628),.UNSPECIFIED.,.F.,.F.,(7,5,5,5,5,5,5,5,5,5,5,5,5,5,7),(0.,
    6.579662080461E-02,9.976204195068E-02,0.163562859728,0.20616089711,
    0.289405824803,0.399388160165,0.503822181006,0.585005418984,
    0.643053050101,0.717206598643,0.7645897071,0.8349914938,
    0.925968344287,1.),.UNSPECIFIED.);
#3557 = CARTESIAN_POINT('',(0.113137034128,13.451902111502));
#3558 = CARTESIAN_POINT('',(0.113136951814,13.525657349139));
#3559 = CARTESIAN_POINT('',(0.113133948499,13.599410658805));
#3560 = CARTESIAN_POINT('',(0.113128376052,13.673162247964));
#3561 = CARTESIAN_POINT('',(0.113123298056,13.746916229248));
#3562 = CARTESIAN_POINT('',(0.113121414739,13.820674566209));
#3563 = CARTESIAN_POINT('',(0.113122283801,13.932505451367));
#3564 = CARTESIAN_POINT('',(0.113123286448,13.97058022478));
#3565 = CARTESIAN_POINT('',(0.113124971068,14.008655132271));
#3566 = CARTESIAN_POINT('',(0.113127251602,14.046730032465));
#3567 = CARTESIAN_POINT('',(0.113129980716,14.08480484966));
#3568 = CARTESIAN_POINT('',(0.113138526968,14.194399327035));
#3569 = CARTESIAN_POINT('',(0.113145004567,14.26592102888));
#3570 = CARTESIAN_POINT('',(0.113151080699,14.337439421422));
#3571 = CARTESIAN_POINT('',(0.113155554657,14.408957248174));
#3572 = CARTESIAN_POINT('',(0.113157721644,14.480477437833));
#3573 = CARTESIAN_POINT('',(0.113157798086,14.599745774));
#3574 = CARTESIAN_POINT('',(0.113156874293,14.647496593912));
#3575 = CARTESIAN_POINT('',(0.113155019118,14.695247096947));
#3576 = CARTESIAN_POINT('',(0.113152384525,14.742997675268));
#3577 = CARTESIAN_POINT('',(0.113149195681,14.790748721421));
#3578 = CARTESIAN_POINT('',(0.113138854573,14.931814148844));
#3579 = CARTESIAN_POINT('',(0.113130822629,15.02513791026));
#3580 = CARTESIAN_POINT('',(0.113123392599,15.118451841099));
#3581 = CARTESIAN_POINT('',(0.113118606535,15.211765872695));
#3582 = CARTESIAN_POINT('',(0.113116795875,15.305089792731));
#3583 = CARTESIAN_POINT('',(0.113118313131,15.521690496993));
#3584 = CARTESIAN_POINT('',(0.113123457944,15.645010613687));
#3585 = CARTESIAN_POINT('',(0.113131846153,15.768288146151));
#3586 = CARTESIAN_POINT('',(0.113139092844,15.891564678819));
#3587 = CARTESIAN_POINT('',(0.113143333773,16.014882892682));
#3588 = CARTESIAN_POINT('',(0.113146604718,16.255232248905));
#3589 = CARTESIAN_POINT('',(0.113145888082,16.372325076338));
#3590 = CARTESIAN_POINT('',(0.113143064621,16.489387510083));
#3591 = CARTESIAN_POINT('',(0.113140347646,16.606451441725));
#3592 = CARTESIAN_POINT('',(0.11313923846,16.723547580288));
#3593 = CARTESIAN_POINT('',(0.113139702583,16.931621365501));
#3594 = CARTESIAN_POINT('',(0.113140739009,17.022634001645));
#3595 = CARTESIAN_POINT('',(0.113142550025,17.113637084718));
#3596 = CARTESIAN_POINT('',(0.113144510437,17.204639433935));
#3597 = CARTESIAN_POINT('',(0.113145706948,17.295650229955));
#3598 = CARTESIAN_POINT('',(0.113145736743,17.451721590904));
#3599 = CARTESIAN_POINT('',(0.113145147996,17.516791579822));
#3600 = CARTESIAN_POINT('',(0.113143787011,17.581859768598));
#3601 = CARTESIAN_POINT('',(0.113141631866,17.646927923105));
#3602 = CARTESIAN_POINT('',(0.113138819521,17.711997827529));
#3603 = CARTESIAN_POINT('',(0.113131613705,17.860189050235));
#3604 = CARTESIAN_POINT('',(0.113126994521,17.943316796509));
#3605 = CARTESIAN_POINT('',(0.113122393366,18.026439108521));
#3606 = CARTESIAN_POINT('',(0.113118790171,18.109561802675));
#3607 = CARTESIAN_POINT('',(0.113117050029,18.192690426753));
#3608 = CARTESIAN_POINT('',(0.11311756957,18.328928788595));
#3609 = CARTESIAN_POINT('',(0.113118611397,18.382044180173));
#3610 = CARTESIAN_POINT('',(0.113120553399,18.435158879762));
#3611 = CARTESIAN_POINT('',(0.113123335079,18.488273409556));
#3612 = CARTESIAN_POINT('',(0.113126783817,18.541388357762));
#3613 = CARTESIAN_POINT('',(0.113136330098,18.673419835277));
#3614 = CARTESIAN_POINT('',(0.11314290065,18.752340354483));
#3615 = CARTESIAN_POINT('',(0.113149476801,18.831256176225));
#3616 = CARTESIAN_POINT('',(0.113154718583,18.910171905843));
#3617 = CARTESIAN_POINT('',(0.113157520826,18.989092278629));
#3618 = CARTESIAN_POINT('',(0.113157997834,19.169990779629));
#3619 = CARTESIAN_POINT('',(0.11315393846,19.271986131911));
#3620 = CARTESIAN_POINT('',(0.11314515428,19.37396733453));
#3621 = CARTESIAN_POINT('',(0.113133792026,19.475951225975));
#3622 = CARTESIAN_POINT('',(0.113126059736,19.577951673464));
#3623 = CARTESIAN_POINT('',(0.113120677007,19.762924623708));
#3624 = CARTESIAN_POINT('',(0.113121473012,19.845917015314));
#3625 = CARTESIAN_POINT('',(0.113125862293,19.928901327314));
#3626 = CARTESIAN_POINT('',(0.113133605755,20.011882163795));
#3627 = CARTESIAN_POINT('',(0.113137124286,20.094866728338));
#3628 = CARTESIAN_POINT('',(0.113137032431,20.177853172588));
#3629 = ( GEOMETRIC_REPRESENTATION_CONTEXT(2) 
PARAMETRIC_REPRESENTATION_CONTEXT() REPRESENTATION_CONTEXT('2D SPACE',''
  ) );
#3630 = PCURVE('',#3631,#3636);
#3631 = CYLINDRICAL_SURFACE('',#3632,1.6);
#3632 = AXIS2_PLACEMENT_3D('',#3633,#3634,#3635);
#3633 = CARTESIAN_POINT('',(10.875,0.,8.7));
#3634 = DIRECTION('',(0.,0.,1.));
#3635 = DIRECTION('',(1.,0.,-0.));
#3636 = DEFINITIONAL_REPRESENTATION('',(#3637),#3710);
#3637 = B_SPLINE_CURVE_WITH_KNOTS('',6,(#3638,#3639,#3640,#3641,#3642,
    #3643,#3644,#3645,#3646,#3647,#3648,#3649,#3650,#3651,#3652,#3653,
    #3654,#3655,#3656,#3657,#3658,#3659,#3660,#3661,#3662,#3663,#3664,
    #3665,#3666,#3667,#3668,#3669,#3670,#3671,#3672,#3673,#3674,#3675,
    #3676,#3677,#3678,#3679,#3680,#3681,#3682,#3683,#3684,#3685,#3686,
    #3687,#3688,#3689,#3690,#3691,#3692,#3693,#3694,#3695,#3696,#3697,
    #3698,#3699,#3700,#3701,#3702,#3703,#3704,#3705,#3706,#3707,#3708,
    #3709),.UNSPECIFIED.,.F.,.F.,(7,5,5,5,5,5,5,5,5,5,5,5,5,5,7),(0.,
    6.579662080461E-02,9.976204195068E-02,0.163562859728,0.20616089711,
    0.289405824803,0.399388160165,0.503822181006,0.585005418984,
    0.643053050101,0.717206598643,0.7645897071,0.8349914938,
    0.925968344287,1.),.UNSPECIFIED.);
#3638 = CARTESIAN_POINT('',(0.,1.759999964035));
#3639 = CARTESIAN_POINT('',(6.88999699242E-02,1.786317755732));
#3640 = CARTESIAN_POINT('',(0.137804639264,1.812632794016));
#3641 = CARTESIAN_POINT('',(0.206706291471,1.838945401727));
#3642 = CARTESIAN_POINT('',(0.275606998671,1.865259212642));
#3643 = CARTESIAN_POINT('',(0.344509665428,1.891576836759));
#3644 = CARTESIAN_POINT('',(0.448976208784,1.931481714952));
#3645 = CARTESIAN_POINT('',(0.484543273075,1.945068525797));
#3646 = CARTESIAN_POINT('',(0.520110213617,1.958655866713));
#3647 = CARTESIAN_POINT('',(0.55567702588,1.972243626399));
#3648 = CARTESIAN_POINT('',(0.591243752568,1.985831673663));
#3649 = CARTESIAN_POINT('',(0.693619209984,2.02494397008));
#3650 = CARTESIAN_POINT('',(0.760430054323,2.050469414771));
#3651 = CARTESIAN_POINT('',(0.827238713668,2.075993394734));
#3652 = CARTESIAN_POINT('',(0.894047822407,2.101516039899));
#3653 = CARTESIAN_POINT('',(0.960859879006,2.127037896938));
#3654 = CARTESIAN_POINT('',(1.07227755378,2.169596096959));
#3655 = CARTESIAN_POINT('',(1.116885437528,2.186634218901));
#3656 = CARTESIAN_POINT('',(1.161493124356,2.203671569185));
#3657 = CARTESIAN_POINT('',(1.20610088715,2.220708395203));
#3658 = CARTESIAN_POINT('',(1.250709017499,2.23774499624));
#3659 = CARTESIAN_POINT('',(1.382489376557,2.288073617583));
#3660 = CARTESIAN_POINT('',(1.469670069663,2.32136836295));
#3661 = CARTESIAN_POINT('',(1.556840865416,2.354660026119));
#3662 = CARTESIAN_POINT('',(1.644011272381,2.387953594808));
#3663 = CARTESIAN_POINT('',(1.731190999563,2.421252795886));
#3664 = CARTESIAN_POINT('',(1.933532170216,2.498542818062));
#3665 = CARTESIAN_POINT('',(2.048734369471,2.542550386087));
#3666 = CARTESIAN_POINT('',(2.163898194023,2.586545052343));
#3667 = CARTESIAN_POINT('',(2.279062459736,2.630538554669));
#3668 = CARTESIAN_POINT('',(2.394265481277,2.674544804571));
#3669 = CARTESIAN_POINT('',(2.61879635678,2.760310223714));
#3670 = CARTESIAN_POINT('',(2.728181922073,2.802091582992));
#3671 = CARTESIAN_POINT('',(2.837537532194,2.843860607235));
#3672 = CARTESIAN_POINT('',(2.946892716669,2.885630241264));
#3673 = CARTESIAN_POINT('',(3.056277232074,2.927412504467));
#3674 = CARTESIAN_POINT('',(3.250648094903,3.001659148209));
#3675 = CARTESIAN_POINT('',(3.335667077891,3.034135634307));
#3676 = CARTESIAN_POINT('',(3.420677640894,3.066609259329));
#3677 = CARTESIAN_POINT('',(3.505688436734,3.099082728131));
#3678 = CARTESIAN_POINT('',(3.590708068755,3.13155867082));
#3679 = CARTESIAN_POINT('',(3.736506629985,3.18724914565));
#3680 = CARTESIAN_POINT('',(3.797294007429,3.210467449211));
#3681 = CARTESIAN_POINT('',(3.85807999795,3.233684564377));
#3682 = CARTESIAN_POINT('',(3.918866105351,3.256901105759));
#3683 = CARTESIAN_POINT('',(3.979653835622,3.280117806848));
#3684 = CARTESIAN_POINT('',(4.118092464116,3.332991320338));
#3685 = CARTESIAN_POINT('',(4.195749283191,3.362650266816));
#3686 = CARTESIAN_POINT('',(4.273400558255,3.392307286952));
#3687 = CARTESIAN_POINT('',(4.351051571603,3.42196514911));
#3688 = CARTESIAN_POINT('',(4.428707663265,3.451626444603));
#3689 = CARTESIAN_POINT('',(4.555976816812,3.500240318928));
#3690 = CARTESIAN_POINT('',(4.605595286653,3.51919405404));
#3691 = CARTESIAN_POINT('',(4.655213087093,3.53814817875));
#3692 = CARTESIAN_POINT('',(4.704830786386,3.557102836615));
#3693 = CARTESIAN_POINT('',(4.754449003081,3.576058115462));
#3694 = CARTESIAN_POINT('',(4.877788804134,3.623177243329));
#3695 = CARTESIAN_POINT('',(4.951514295715,3.651342850519));
#3696 = CARTESIAN_POINT('',(5.025235879532,3.679506785487));
#3697 = CARTESIAN_POINT('',(5.098957695555,3.707669744041));
#3698 = CARTESIAN_POINT('',(5.172683805532,3.735832634388));
#3699 = CARTESIAN_POINT('',(5.341675057375,3.800382415888));
#3700 = CARTESIAN_POINT('',(5.436955951671,3.836774226832));
#3701 = CARTESIAN_POINT('',(5.532222048468,3.873157647851));
#3702 = CARTESIAN_POINT('',(5.627487866264,3.909540205343));
#3703 = CARTESIAN_POINT('',(5.72276837258,3.945931237249));
#3704 = CARTESIAN_POINT('',(5.895558473745,4.011930748224));
#3705 = CARTESIAN_POINT('',(5.97308599753,4.041545225772));
#3706 = CARTESIAN_POINT('',(6.050608541254,4.071159360519));
#3707 = CARTESIAN_POINT('',(6.128131788367,4.10077462802));
#3708 = CARTESIAN_POINT('',(6.205661816077,4.130388237229));
#3709 = CARTESIAN_POINT('',(6.28318530718,4.159999964656));
#3710 = ( GEOMETRIC_REPRESENTATION_CONTEXT(2) 
PARAMETRIC_REPRESENTATION_CONTEXT() REPRESENTATION_CONTEXT('2D SPACE',''
  ) );
#3711 = ADVANCED_FACE('',(#3712),#1828,.T.);
#3712 = FACE_BOUND('',#3713,.T.);
#3713 = EDGE_LOOP('',(#3714,#3782,#3783,#3784));
#3714 = ORIENTED_EDGE('',*,*,#3715,.T.);
#3715 = EDGE_CURVE('',#3716,#1643,#3718,.T.);
#3716 = VERTEX_POINT('',#3717);
#3717 = CARTESIAN_POINT('',(10.707705178223,-1.591229852223,13.5));
#3718 = SURFACE_CURVE('',#3719,(#3738,#3760),.PCURVE_S1.);
#3719 = B_SPLINE_CURVE_WITH_KNOTS('',5,(#3720,#3721,#3722,#3723,#3724,
    #3725,#3726,#3727,#3728,#3729,#3730,#3731,#3732,#3733,#3734,#3735,
    #3736,#3737),.UNSPECIFIED.,.F.,.F.,(6,4,4,4,6),(0.,0.231336376335,
    0.472486376837,0.730896111627,1.),.UNSPECIFIED.);
#3720 = CARTESIAN_POINT('',(10.405294480104,-1.445619037649,13.5));
#3721 = CARTESIAN_POINT('',(10.489982763201,-1.49875750704,13.5));
#3722 = CARTESIAN_POINT('',(10.579751090347,-1.545111727535,13.5));
#3723 = CARTESIAN_POINT('',(10.673751052097,-1.584151146569,13.5));
#3724 = CARTESIAN_POINT('',(10.771093840288,-1.615526887148,13.5));
#3725 = CARTESIAN_POINT('',(10.974904427694,-1.663559104983,13.5));
#3726 = CARTESIAN_POINT('',(11.081588984753,-1.679535831045,13.5));
#3727 = CARTESIAN_POINT('',(11.189921845165,-1.686755201042,13.5));
#3728 = CARTESIAN_POINT('',(11.298912713932,-1.685185911732,13.5));
#3729 = CARTESIAN_POINT('',(11.524098192158,-1.663975685811,13.5));
#3730 = CARTESIAN_POINT('',(11.640255572726,-1.643048791603,13.5));
#3731 = CARTESIAN_POINT('',(11.754925281937,-1.612314372313,13.5));
#3732 = CARTESIAN_POINT('',(11.86704234596,-1.572112606922,13.5));
#3733 = CARTESIAN_POINT('',(12.088743148391,-1.471708448555,13.5));
#3734 = CARTESIAN_POINT('',(12.198035478072,-1.410744703201,13.5));
#3735 = CARTESIAN_POINT('',(12.302439674814,-1.340584802009,13.5));
#3736 = CARTESIAN_POINT('',(12.40103099954,-1.261927568794,13.5));
#3737 = CARTESIAN_POINT('',(12.493033153333,-1.17557759113,13.5));
#3738 = PCURVE('',#1828,#3739);
#3739 = DEFINITIONAL_REPRESENTATION('',(#3740),#3759);
#3740 = B_SPLINE_CURVE_WITH_KNOTS('',5,(#3741,#3742,#3743,#3744,#3745,
    #3746,#3747,#3748,#3749,#3750,#3751,#3752,#3753,#3754,#3755,#3756,
    #3757,#3758),.UNSPECIFIED.,.F.,.F.,(6,4,4,4,6),(0.,0.231336376335,
    0.472486376837,0.730896111627,1.),.UNSPECIFIED.);
#3741 = CARTESIAN_POINT('',(-0.469705519896,-1.445619037649));
#3742 = CARTESIAN_POINT('',(-0.385017236799,-1.49875750704));
#3743 = CARTESIAN_POINT('',(-0.295248909653,-1.545111727535));
#3744 = CARTESIAN_POINT('',(-0.201248947903,-1.584151146569));
#3745 = CARTESIAN_POINT('',(-0.103906159712,-1.615526887148));
#3746 = CARTESIAN_POINT('',(9.990442769394E-02,-1.663559104983));
#3747 = CARTESIAN_POINT('',(0.206588984753,-1.679535831045));
#3748 = CARTESIAN_POINT('',(0.314921845165,-1.686755201042));
#3749 = CARTESIAN_POINT('',(0.423912713932,-1.685185911732));
#3750 = CARTESIAN_POINT('',(0.649098192158,-1.663975685811));
#3751 = CARTESIAN_POINT('',(0.765255572726,-1.643048791603));
#3752 = CARTESIAN_POINT('',(0.879925281937,-1.612314372313));
#3753 = CARTESIAN_POINT('',(0.99204234596,-1.572112606922));
#3754 = CARTESIAN_POINT('',(1.213743148391,-1.471708448555));
#3755 = CARTESIAN_POINT('',(1.323035478072,-1.410744703201));
#3756 = CARTESIAN_POINT('',(1.427439674814,-1.340584802009));
#3757 = CARTESIAN_POINT('',(1.52603099954,-1.261927568794));
#3758 = CARTESIAN_POINT('',(1.618033153333,-1.17557759113));
#3759 = ( GEOMETRIC_REPRESENTATION_CONTEXT(2) 
PARAMETRIC_REPRESENTATION_CONTEXT() REPRESENTATION_CONTEXT('2D SPACE',''
  ) );
#3760 = PCURVE('',#1693,#3761);
#3761 = DEFINITIONAL_REPRESENTATION('',(#3762),#3781);
#3762 = B_SPLINE_CURVE_WITH_KNOTS('',5,(#3763,#3764,#3765,#3766,#3767,
    #3768,#3769,#3770,#3771,#3772,#3773,#3774,#3775,#3776,#3777,#3778,
    #3779,#3780),.UNSPECIFIED.,.F.,.F.,(6,4,4,4,6),(0.,0.231336376335,
    0.472486376837,0.730896111627,1.),.UNSPECIFIED.);
#3763 = CARTESIAN_POINT('',(0.678822509939,18.160067858567));
#3764 = CARTESIAN_POINT('',(0.644362930033,18.228354762318));
#3765 = CARTESIAN_POINT('',(0.610312366472,18.295831138728));
#3766 = CARTESIAN_POINT('',(0.576657688841,18.362523007399));
#3767 = CARTESIAN_POINT('',(0.54338193273,18.428463985277));
#3768 = CARTESIAN_POINT('',(0.476171142428,18.561652399739));
#3769 = CARTESIAN_POINT('',(0.442266412576,18.628839783609));
#3770 = CARTESIAN_POINT('',(0.408747279518,18.695263047519));
#3771 = CARTESIAN_POINT('',(0.375597087522,18.760955196971));
#3772 = CARTESIAN_POINT('',(0.307666658582,18.895569675226));
#3773 = CARTESIAN_POINT('',(0.272937897953,18.964389995689));
#3774 = CARTESIAN_POINT('',(0.238605149557,19.032425556449));
#3775 = CARTESIAN_POINT('',(0.204650585686,19.099711687072));
#3776 = CARTESIAN_POINT('',(0.13608596565,19.235582909648));
#3777 = CARTESIAN_POINT('',(0.101505228982,19.304109900718));
#3778 = CARTESIAN_POINT('',(6.730757906336E-02,19.371877751043));
#3779 = CARTESIAN_POINT('',(3.347592712894E-02,19.438920327307));
#3780 = CARTESIAN_POINT('',(0.,19.505257987869));
#3781 = ( GEOMETRIC_REPRESENTATION_CONTEXT(2) 
PARAMETRIC_REPRESENTATION_CONTEXT() REPRESENTATION_CONTEXT('2D SPACE',''
  ) );
#3782 = ORIENTED_EDGE('',*,*,#1776,.T.);
#3783 = ORIENTED_EDGE('',*,*,#3341,.T.);
#3784 = ORIENTED_EDGE('',*,*,#3785,.T.);
#3785 = EDGE_CURVE('',#3342,#3716,#3786,.T.);
#3786 = SURFACE_CURVE('',#3787,(#3792,#3799),.PCURVE_S1.);
#3787 = CIRCLE('',#3788,1.6);
#3788 = AXIS2_PLACEMENT_3D('',#3789,#3790,#3791);
#3789 = CARTESIAN_POINT('',(10.875,0.,13.5));
#3790 = DIRECTION('',(0.,0.,1.));
#3791 = DIRECTION('',(1.,0.,-0.));
#3792 = PCURVE('',#1828,#3793);
#3793 = DEFINITIONAL_REPRESENTATION('',(#3794),#3798);
#3794 = CIRCLE('',#3795,1.6);
#3795 = AXIS2_PLACEMENT_2D('',#3796,#3797);
#3796 = CARTESIAN_POINT('',(0.,0.));
#3797 = DIRECTION('',(1.,0.));
#3798 = ( GEOMETRIC_REPRESENTATION_CONTEXT(2) 
PARAMETRIC_REPRESENTATION_CONTEXT() REPRESENTATION_CONTEXT('2D SPACE',''
  ) );
#3799 = PCURVE('',#3453,#3800);
#3800 = DEFINITIONAL_REPRESENTATION('',(#3801),#3805);
#3801 = LINE('',#3802,#3803);
#3802 = CARTESIAN_POINT('',(0.,4.8));
#3803 = VECTOR('',#3804,1.);
#3804 = DIRECTION('',(1.,0.));
#3805 = ( GEOMETRIC_REPRESENTATION_CONTEXT(2) 
PARAMETRIC_REPRESENTATION_CONTEXT() REPRESENTATION_CONTEXT('2D SPACE',''
  ) );
#3806 = ADVANCED_FACE('',(#3807),#1693,.F.);
#3807 = FACE_BOUND('',#3808,.F.);
#3808 = EDGE_LOOP('',(#3809,#3810,#3811,#3891,#4127,#4253));
#3809 = ORIENTED_EDGE('',*,*,#1642,.F.);
#3810 = ORIENTED_EDGE('',*,*,#1931,.F.);
#3811 = ORIENTED_EDGE('',*,*,#3812,.T.);
#3812 = EDGE_CURVE('',#1932,#3813,#3815,.T.);
#3813 = VERTEX_POINT('',#3814);
#3814 = CARTESIAN_POINT('',(12.475,-3.918869757272E-16,9.339999963415));
#3815 = SURFACE_CURVE('',#3816,(#3839,#3865),.PCURVE_S1.);
#3816 = B_SPLINE_CURVE_WITH_KNOTS('',5,(#3817,#3818,#3819,#3820,#3821,
    #3822,#3823,#3824,#3825,#3826,#3827,#3828,#3829,#3830,#3831,#3832,
    #3833,#3834,#3835,#3836,#3837,#3838),.UNSPECIFIED.,.F.,.F.,(6,4,4,4,
    4,6),(0.,0.220523285193,0.415293910791,0.621538534214,0.773819504835
    ,1.),.UNSPECIFIED.);
#3817 = CARTESIAN_POINT('',(10.707702668195,-1.591229588328,8.6999994));
#3818 = CARTESIAN_POINT('',(10.825293208391,-1.60359272111,
    8.728225260285));
#3819 = CARTESIAN_POINT('',(10.944029650186,-1.605093705187,
    8.756450679904));
#3820 = CARTESIAN_POINT('',(11.062564248454,-1.595591026527,8.7846732848
    ));
#3821 = CARTESIAN_POINT('',(11.179545768916,-1.575192858907,
    8.812896930594));
#3822 = CARTESIAN_POINT('',(11.394459259343,-1.516927186464,
    8.866047582313));
#3823 = CARTESIAN_POINT('',(11.49302479999,-1.481376841641,
    8.890975728998));
#3824 = CARTESIAN_POINT('',(11.58846276044,-1.437846567914,
    8.915904005143));
#3825 = CARTESIAN_POINT('',(11.679924656475,-1.386723481976,
    8.940834712519));
#3826 = CARTESIAN_POINT('',(11.858456234431,-1.266902647778,
    8.992167059128));
#3827 = CARTESIAN_POINT('',(11.944953566348,-1.197344389929,
    9.018569927453));
#3828 = CARTESIAN_POINT('',(12.02520886982,-1.120470151347,
    9.044973471884));
#3829 = CARTESIAN_POINT('',(12.098422665637,-1.037046274261,
    9.071378920112));
#3830 = CARTESIAN_POINT('',(12.212313065475,-0.882190460706,
    9.117278988618));
#3831 = CARTESIAN_POINT('',(12.256492066434,-0.813330332561,
    9.136774482544));
#3832 = CARTESIAN_POINT('',(12.296212201044,-0.74174290468,
    9.156269168837));
#3833 = CARTESIAN_POINT('',(12.331258889093,-0.667814733426,
    9.175762669083));
#3834 = CARTESIAN_POINT('',(12.406334057806,-0.479293954265,
    9.224206223619));
#3835 = CARTESIAN_POINT('',(12.440528837058,-0.362371701776,
    9.253155979517));
#3836 = CARTESIAN_POINT('',(12.463509948994,-0.242551788648,
    9.282100813667));
#3837 = CARTESIAN_POINT('',(12.474999999412,-0.121271781568,
    9.311048521288));
#3838 = CARTESIAN_POINT('',(12.475,1.820765760385E-14,9.339999963415));
#3839 = PCURVE('',#1693,#3840);
#3840 = DEFINITIONAL_REPRESENTATION('',(#3841),#3864);
#3841 = B_SPLINE_CURVE_WITH_KNOTS('',5,(#3842,#3843,#3844,#3845,#3846,
    #3847,#3848,#3849,#3850,#3851,#3852,#3853,#3854,#3855,#3856,#3857,
    #3858,#3859,#3860,#3861,#3862,#3863),.UNSPECIFIED.,.F.,.F.,(6,4,4,4,
    4,6),(0.,0.220523285193,0.415293910791,0.621538534214,0.773819504835
    ,1.),.UNSPECIFIED.);
#3842 = CARTESIAN_POINT('',(0.565703137262,4.932327326418));
#3843 = CARTESIAN_POINT('',(0.565700677753,5.011434598137));
#3844 = CARTESIAN_POINT('',(0.565696308703,5.090544418943));
#3845 = CARTESIAN_POINT('',(0.565690135241,5.169649927263));
#3846 = CARTESIAN_POINT('',(0.565683458595,5.248759349814));
#3847 = CARTESIAN_POINT('',(0.565672354606,5.397734971577));
#3848 = CARTESIAN_POINT('',(0.565667754007,5.46760471108));
#3849 = CARTESIAN_POINT('',(0.565664652015,5.537471843668));
#3850 = CARTESIAN_POINT('',(0.565663836186,5.607341259358));
#3851 = CARTESIAN_POINT('',(0.565666510136,5.751193815048));
#3852 = CARTESIAN_POINT('',(0.565670246803,5.825179910309));
#3853 = CARTESIAN_POINT('',(0.565676251383,5.899163406127));
#3854 = CARTESIAN_POINT('',(0.565682994723,5.973150773335));
#3855 = CARTESIAN_POINT('',(0.565693161141,6.101764632958));
#3856 = CARTESIAN_POINT('',(0.565697031352,6.156392687693));
#3857 = CARTESIAN_POINT('',(0.565699697492,6.211020865103));
#3858 = CARTESIAN_POINT('',(0.565700811789,6.265648793854));
#3859 = CARTESIAN_POINT('',(0.565699875044,6.401412723811));
#3860 = CARTESIAN_POINT('',(0.565696262509,6.482550993831));
#3861 = CARTESIAN_POINT('',(0.56568915063,6.563682364968));
#3862 = CARTESIAN_POINT('',(0.565685471584,6.64481504206));
#3863 = CARTESIAN_POINT('',(0.565685382181,6.725951045367));
#3864 = ( GEOMETRIC_REPRESENTATION_CONTEXT(2) 
PARAMETRIC_REPRESENTATION_CONTEXT() REPRESENTATION_CONTEXT('2D SPACE',''
  ) );
#3865 = PCURVE('',#2014,#3866);
#3866 = DEFINITIONAL_REPRESENTATION('',(#3867),#3890);
#3867 = B_SPLINE_CURVE_WITH_KNOTS('',5,(#3868,#3869,#3870,#3871,#3872,
    #3873,#3874,#3875,#3876,#3877,#3878,#3879,#3880,#3881,#3882,#3883,
    #3884,#3885,#3886,#3887,#3888,#3889),.UNSPECIFIED.,.F.,.F.,(6,4,4,4,
    4,6),(0.,0.220523285193,0.415293910791,0.621538534214,0.773819504835
    ,1.),.UNSPECIFIED.);
#3868 = CARTESIAN_POINT('',(4.607636677801,-6.E-07));
#3869 = CARTESIAN_POINT('',(4.681535844205,2.822526028523E-02));
#3870 = CARTESIAN_POINT('',(4.75543743895,5.645067990428E-02));
#3871 = CARTESIAN_POINT('',(4.829335226788,8.467328480032E-02));
#3872 = CARTESIAN_POINT('',(4.903237246092,0.112896930594));
#3873 = CARTESIAN_POINT('',(5.042407073991,0.166047582313));
#3874 = CARTESIAN_POINT('',(5.107678133395,0.190975728998));
#3875 = CARTESIAN_POINT('',(5.17294689382,0.215904005143));
#3876 = CARTESIAN_POINT('',(5.238217532382,0.240834712519));
#3877 = CARTESIAN_POINT('',(5.372600608645,0.292167059128));
#3878 = CARTESIAN_POINT('',(5.4417157446,0.318569927453));
#3879 = CARTESIAN_POINT('',(5.510827454996,0.344973471884));
#3880 = CARTESIAN_POINT('',(5.579941663985,0.371378920112));
#3881 = CARTESIAN_POINT('',(5.700083744858,0.417278988618));
#3882 = CARTESIAN_POINT('',(5.751113226874,0.436774482544));
#3883 = CARTESIAN_POINT('',(5.802142947136,0.456269168837));
#3884 = CARTESIAN_POINT('',(5.853172971341,0.475762669083));
#3885 = CARTESIAN_POINT('',(5.979997722986,0.524206223619));
#3886 = CARTESIAN_POINT('',(6.055795793763,0.553155979517));
#3887 = CARTESIAN_POINT('',(6.131590436528,0.582100813667));
#3888 = CARTESIAN_POINT('',(6.2073904437,0.611048521288));
#3889 = CARTESIAN_POINT('',(6.28318530718,0.639999963415));
#3890 = ( GEOMETRIC_REPRESENTATION_CONTEXT(2) 
PARAMETRIC_REPRESENTATION_CONTEXT() REPRESENTATION_CONTEXT('2D SPACE',''
  ) );
#3891 = ORIENTED_EDGE('',*,*,#3892,.T.);
#3892 = EDGE_CURVE('',#3813,#3893,#3895,.T.);
#3893 = VERTEX_POINT('',#3894);
#3894 = CARTESIAN_POINT('',(12.475,-3.918869757272E-16,11.739999964035)
  );
#3895 = SURFACE_CURVE('',#3896,(#3971,#4049),.PCURVE_S1.);
#3896 = B_SPLINE_CURVE_WITH_KNOTS('',7,(#3897,#3898,#3899,#3900,#3901,
    #3902,#3903,#3904,#3905,#3906,#3907,#3908,#3909,#3910,#3911,#3912,
    #3913,#3914,#3915,#3916,#3917,#3918,#3919,#3920,#3921,#3922,#3923,
    #3924,#3925,#3926,#3927,#3928,#3929,#3930,#3931,#3932,#3933,#3934,
    #3935,#3936,#3937,#3938,#3939,#3940,#3941,#3942,#3943,#3944,#3945,
    #3946,#3947,#3948,#3949,#3950,#3951,#3952,#3953,#3954,#3955,#3956,
    #3957,#3958,#3959,#3960,#3961,#3962,#3963,#3964,#3965,#3966,#3967,
    #3968,#3969,#3970),.UNSPECIFIED.,.F.,.F.,(8,6,6,6,6,6,6,6,6,6,6,6,8)
  ,(0.,6.495442919765E-02,0.145884352614,0.236405866988,0.288411049624,
    0.419566177721,0.485568288395,0.584412091552,0.688283483111,
    0.792550168415,0.842848834505,0.900051120908,1.),.UNSPECIFIED.);
#3897 = CARTESIAN_POINT('',(12.475,1.842970220878E-14,9.339999963415));
#3898 = CARTESIAN_POINT('',(12.475,9.32800013205E-02,9.362268874281));
#3899 = CARTESIAN_POINT('',(12.468655140128,0.186564450443,
    9.384538603465));
#3900 = CARTESIAN_POINT('',(12.455965353756,0.27932888102,9.406809098595
    ));
#3901 = CARTESIAN_POINT('',(12.436983820949,0.371055509551,
    9.429080146508));
#3902 = CARTESIAN_POINT('',(12.41181598388,0.461236268233,9.451351328243
    ));
#3903 = CARTESIAN_POINT('',(12.380618562242,0.549375837804,
    9.473621974052));
#3904 = CARTESIAN_POINT('',(12.297473534818,0.741671414503,
    9.523637342455));
#3905 = CARTESIAN_POINT('',(12.242304930705,0.844446785982,
    9.551384116185));
#3906 = CARTESIAN_POINT('',(12.178493839384,0.94238725246,9.579127673534
    ));
#3907 = CARTESIAN_POINT('',(12.106557332545,1.034628780345,
    9.606869208681));
#3908 = CARTESIAN_POINT('',(12.027113361166,1.120378725363,
    9.634611611672));
#3909 = CARTESIAN_POINT('',(11.940874091383,1.198924586101,
    9.662356332488));
#3910 = CARTESIAN_POINT('',(11.745490860941,1.348756811893,
    9.721132561704));
#3911 = CARTESIAN_POINT('',(11.634824056852,1.418094512666,
    9.752169692221));
#3912 = CARTESIAN_POINT('',(11.517777630393,1.476790094942,
    9.783206507637));
#3913 = CARTESIAN_POINT('',(11.395586034021,1.524159427858,
    9.814243757373));
#3914 = CARTESIAN_POINT('',(11.269561834336,1.55969387081,9.845283789385
    ));
#3915 = CARTESIAN_POINT('',(11.141077702529,1.583067126013,
    9.876326411738));
#3916 = CARTESIAN_POINT('',(10.937145555367,1.600536012965,
    9.925196903282));
#3917 = CARTESIAN_POINT('',(10.862386769788,1.602857920617,
    9.943028786546));
#3918 = CARTESIAN_POINT('',(10.787546266453,1.60110493329,9.960860171456
    ));
#3919 = CARTESIAN_POINT('',(10.712890409838,1.595276055508,
    9.978691012744));
#3920 = CARTESIAN_POINT('',(10.63868449871,1.585391970501,9.996521444599
    ));
#3921 = CARTESIAN_POINT('',(10.56519158264,1.571494964308,
    10.014351502927));
#3922 = CARTESIAN_POINT('',(10.309777780284,1.508641615873,
    10.077145788988));
#3923 = CARTESIAN_POINT('',(10.132976338439,1.438493968545,
    10.122129303807));
#3924 = CARTESIAN_POINT('',(9.966577517118,1.34422108396,10.167092434623
    ));
#3925 = CARTESIAN_POINT('',(9.814462768553,1.227771374124,
    10.212048707233));
#3926 = CARTESIAN_POINT('',(9.680028012825,1.091744551976,10.25701387297
    ));
#3927 = CARTESIAN_POINT('',(9.566167245485,0.9393788709,10.301999179596)
  );
#3928 = CARTESIAN_POINT('',(9.429099628524,0.691633054949,
    10.369592784106));
#3929 = CARTESIAN_POINT('',(9.38894475307,0.605521720868,10.392222141573
    ));
#3930 = CARTESIAN_POINT('',(9.35478616268,0.516716512196,10.414851344151
    ));
#3931 = CARTESIAN_POINT('',(9.326836938544,0.425719524275,
    10.437480428544));
#3932 = CARTESIAN_POINT('',(9.30525690049,0.333051268558,10.460109869374
    ));
#3933 = CARTESIAN_POINT('',(9.290151450496,0.239246860184,
    10.482739704234));
#3934 = CARTESIAN_POINT('',(9.268719583747,3.488140573175E-03,
    10.539257452631));
#3935 = CARTESIAN_POINT('',(9.270498454884,-0.139227948425,
    10.573150956343));
#3936 = CARTESIAN_POINT('',(9.287083405751,-0.281439465145,
    10.607039832839));
#3937 = CARTESIAN_POINT('',(9.318342104446,-0.42131216259,
    10.640925538428));
#3938 = CARTESIAN_POINT('',(9.36387475913,-0.557055691251,
    10.674813396625));
#3939 = CARTESIAN_POINT('',(9.423020434321,-0.686953175963,
    10.70870539806));
#3940 = CARTESIAN_POINT('',(9.570288876543,-0.938072538796,
    10.778203698899));
#3941 = CARTESIAN_POINT('',(9.659759513044,-1.058563065783,
    10.813821954081));
#3942 = CARTESIAN_POINT('',(9.762151394602,-1.16899319495,
    10.849436328808));
#3943 = CARTESIAN_POINT('',(9.876084460943,-1.267732151501,
    10.885048858642));
#3944 = CARTESIAN_POINT('',(9.999948924666,-1.353384853846,
    10.92066539193));
#3945 = CARTESIAN_POINT('',(10.131934538976,-1.424817376045,
    10.956286719314));
#3946 = CARTESIAN_POINT('',(10.408646490142,-1.537834489282,
    11.027649249089));
#3947 = CARTESIAN_POINT('',(10.553473865445,-1.579326704308,
    11.06340409869));
#3948 = CARTESIAN_POINT('',(10.702481443667,-1.604855411892,
    11.099152107893));
#3949 = CARTESIAN_POINT('',(10.853558725757,-1.61395921569,
    11.134894407493));
#3950 = CARTESIAN_POINT('',(11.004555073058,-1.606508175598,
    11.170637767336));
#3951 = CARTESIAN_POINT('',(11.153319051829,-1.582706439874,
    11.206385431037));
#3952 = CARTESIAN_POINT('',(11.367402120723,-1.52405966517,
    11.259368782107));
#3953 = CARTESIAN_POINT('',(11.436064544151,-1.501305199867,
    11.276610962264));
#3954 = CARTESIAN_POINT('',(11.503489256863,-1.474945032679,
    11.293853329666));
#3955 = CARTESIAN_POINT('',(11.569449505858,-1.445061046271,
    11.311096095546));
#3956 = CARTESIAN_POINT('',(11.633725924676,-1.411752657934,
    11.328339562616));
#3957 = CARTESIAN_POINT('',(11.696107464161,-1.375136397976,
    11.345583857745));
#3958 = CARTESIAN_POINT('',(11.82495143305,-1.290093174269,
    11.382440365284));
#3959 = CARTESIAN_POINT('',(11.890800802061,-1.240733587255,
    11.402053299379));
#3960 = CARTESIAN_POINT('',(11.953643256905,-1.187463072439,
    11.421666907181));
#3961 = CARTESIAN_POINT('',(12.01320157209,-1.130502920001,
    11.44128113271));
#3962 = CARTESIAN_POINT('',(12.069219838972,-1.070098001289,
    11.460896013823));
#3963 = CARTESIAN_POINT('',(12.121464834745,-1.006515405184,
    11.480511272306));
#3964 = CARTESIAN_POINT('',(12.254055986451,-0.823896756488,
    11.534398318064));
#3965 = CARTESIAN_POINT('',(12.326242978611,-0.698905194748,
    11.568675361765));
#3966 = CARTESIAN_POINT('',(12.385148043515,-0.566624635074,
    11.602945905526));
#3967 = CARTESIAN_POINT('',(12.429921956523,-0.428754988538,
    11.637207875623));
#3968 = CARTESIAN_POINT('',(12.459977380678,-0.287099126185,
    11.671467832584));
#3969 = CARTESIAN_POINT('',(12.475000000267,-0.1435349157,
    11.705733602904));
#3970 = CARTESIAN_POINT('',(12.475,2.22044604925E-16,11.739999964035));
#3971 = PCURVE('',#1693,#3972);
#3972 = DEFINITIONAL_REPRESENTATION('',(#3973),#4048);
#3973 = B_SPLINE_CURVE_WITH_KNOTS('',7,(#3974,#3975,#3976,#3977,#3978,
    #3979,#3980,#3981,#3982,#3983,#3984,#3985,#3986,#3987,#3988,#3989,
    #3990,#3991,#3992,#3993,#3994,#3995,#3996,#3997,#3998,#3999,#4000,
    #4001,#4002,#4003,#4004,#4005,#4006,#4007,#4008,#4009,#4010,#4011,
    #4012,#4013,#4014,#4015,#4016,#4017,#4018,#4019,#4020,#4021,#4022,
    #4023,#4024,#4025,#4026,#4027,#4028,#4029,#4030,#4031,#4032,#4033,
    #4034,#4035,#4036,#4037,#4038,#4039,#4040,#4041,#4042,#4043,#4044,
    #4045,#4046,#4047),.UNSPECIFIED.,.F.,.F.,(8,6,6,6,6,6,6,6,6,6,6,6,8)
  ,(0.,6.495442919765E-02,0.145884352614,0.236405866988,0.288411049624,
    0.419566177721,0.485568288395,0.584412091552,0.688283483111,
    0.792550168415,0.842848834505,0.900051120908,1.),.UNSPECIFIED.);
#3974 = CARTESIAN_POINT('',(0.56568537321,6.725951055751));
#3975 = CARTESIAN_POINT('',(0.565685303804,6.788359361854));
#3976 = CARTESIAN_POINT('',(0.56568733718,6.850765794289));
#3977 = CARTESIAN_POINT('',(0.565691271648,6.913170605975));
#3978 = CARTESIAN_POINT('',(0.565695781889,6.975575825837));
#3979 = CARTESIAN_POINT('',(0.565699261861,7.037983462373));
#3980 = CARTESIAN_POINT('',(0.565700667695,7.100393707201));
#3981 = CARTESIAN_POINT('',(0.565699977983,7.240562123932));
#3982 = CARTESIAN_POINT('',(0.565696777424,7.318328233854));
#3983 = CARTESIAN_POINT('',(0.565690614644,7.396091200024));
#3984 = CARTESIAN_POINT('',(0.565683023343,7.473851329847));
#3985 = CARTESIAN_POINT('',(0.56567585001,7.55161306352));
#3986 = CARTESIAN_POINT('',(0.565670415998,7.629377846117));
#3987 = CARTESIAN_POINT('',(0.565663617431,7.794110502241));
#3988 = CARTESIAN_POINT('',(0.565662808347,7.881093030886));
#3989 = CARTESIAN_POINT('',(0.565665581425,7.968067577864));
#3990 = CARTESIAN_POINT('',(0.565671378461,8.055037349583));
#3991 = CARTESIAN_POINT('',(0.56567875248,8.14201179354));
#3992 = CARTESIAN_POINT('',(0.565686044141,8.228993660085));
#3993 = CARTESIAN_POINT('',(0.565695836273,8.3659328114));
#3994 = CARTESIAN_POINT('',(0.565699053734,8.415899924705));
#3995 = CARTESIAN_POINT('',(0.565701709887,8.465866753701));
#3996 = CARTESIAN_POINT('',(0.565703666891,8.515833444679));
#3997 = CARTESIAN_POINT('',(0.565704856121,8.565800509686));
#3998 = CARTESIAN_POINT('',(0.565705279416,8.615768045712));
#3999 = CARTESIAN_POINT('',(0.56570433167,8.791749629908));
#4000 = CARTESIAN_POINT('',(0.565699246583,8.917825089692));
#4001 = CARTESIAN_POINT('',(0.565690760389,9.043850163539));
#4002 = CARTESIAN_POINT('',(0.565682531215,9.169855508076));
#4003 = CARTESIAN_POINT('',(0.565677828427,9.295878787351));
#4004 = CARTESIAN_POINT('',(0.565676278967,9.421952262257));
#4005 = CARTESIAN_POINT('',(0.565676978908,9.61138057339));
#4006 = CARTESIAN_POINT('',(0.565677722281,9.674797413094));
#4007 = CARTESIAN_POINT('',(0.5656788188,9.738213118914));
#4008 = CARTESIAN_POINT('',(0.565680047675,9.801628231236));
#4009 = CARTESIAN_POINT('',(0.56568118009,9.865044533615));
#4010 = CARTESIAN_POINT('',(0.565682036053,9.928462488089));
#4011 = CARTESIAN_POINT('',(0.565683297819,10.086849825));
#4012 = CARTESIAN_POINT('',(0.565683268312,10.18183573642));
#4013 = CARTESIAN_POINT('',(0.565682155743,10.276810826416));
#4014 = CARTESIAN_POINT('',(0.565680177684,10.371778745107));
#4015 = CARTESIAN_POINT('',(0.565678077283,10.466752938878));
#4016 = CARTESIAN_POINT('',(0.565676783002,10.561737146541));
#4017 = CARTESIAN_POINT('',(0.565676647805,10.756504985246));
#4018 = CARTESIAN_POINT('',(0.565677939771,10.856321858789));
#4019 = CARTESIAN_POINT('',(0.565681128143,10.956124099418));
#4020 = CARTESIAN_POINT('',(0.565686261558,11.055917315373));
#4021 = CARTESIAN_POINT('',(0.565692376238,11.155719806398));
#4022 = CARTESIAN_POINT('',(0.565697832123,11.255537038285));
#4023 = CARTESIAN_POINT('',(0.565705203912,11.455514464327));
#4024 = CARTESIAN_POINT('',(0.565707096425,11.555712950867));
#4025 = CARTESIAN_POINT('',(0.565706068428,11.655898054766));
#4026 = CARTESIAN_POINT('',(0.56570126863,11.756074632017));
#4027 = CARTESIAN_POINT('',(0.565693442747,11.856260177228));
#4028 = CARTESIAN_POINT('',(0.565684790634,11.95645942121));
#4029 = CARTESIAN_POINT('',(0.565673764169,12.104966032691));
#4030 = CARTESIAN_POINT('',(0.565670456677,12.15329344525));
#4031 = CARTESIAN_POINT('',(0.565667660577,12.20162036916));
#4032 = CARTESIAN_POINT('',(0.56566559295,12.249946966219));
#4033 = CARTESIAN_POINT('',(0.565664422326,12.298273750799));
#4034 = CARTESIAN_POINT('',(0.565664233712,12.346600909993));
#4035 = CARTESIAN_POINT('',(0.565665857798,12.449887302368));
#4036 = CARTESIAN_POINT('',(0.565667942401,12.504848019234));
#4037 = CARTESIAN_POINT('',(0.565671235849,12.559808228645));
#4038 = CARTESIAN_POINT('',(0.565675483221,12.614768278872));
#4039 = CARTESIAN_POINT('',(0.565680262898,12.669729111521));
#4040 = CARTESIAN_POINT('',(0.565685063199,12.724690960869));
#4041 = CARTESIAN_POINT('',(0.565696865105,12.87568492039));
#4042 = CARTESIAN_POINT('',(0.565702653226,12.971734135321));
#4043 = CARTESIAN_POINT('',(0.565705154012,13.06777175457));
#4044 = CARTESIAN_POINT('',(0.565699881694,13.163800648434));
#4045 = CARTESIAN_POINT('',(0.565690264556,13.259832451934));
#4046 = CARTESIAN_POINT('',(0.565685493033,13.355871124089));
#4047 = CARTESIAN_POINT('',(0.565685385481,13.451902115482));
#4048 = ( GEOMETRIC_REPRESENTATION_CONTEXT(2) 
PARAMETRIC_REPRESENTATION_CONTEXT() REPRESENTATION_CONTEXT('2D SPACE',''
  ) );
#4049 = PCURVE('',#3631,#4050);
#4050 = DEFINITIONAL_REPRESENTATION('',(#4051),#4126);
#4051 = B_SPLINE_CURVE_WITH_KNOTS('',7,(#4052,#4053,#4054,#4055,#4056,
    #4057,#4058,#4059,#4060,#4061,#4062,#4063,#4064,#4065,#4066,#4067,
    #4068,#4069,#4070,#4071,#4072,#4073,#4074,#4075,#4076,#4077,#4078,
    #4079,#4080,#4081,#4082,#4083,#4084,#4085,#4086,#4087,#4088,#4089,
    #4090,#4091,#4092,#4093,#4094,#4095,#4096,#4097,#4098,#4099,#4100,
    #4101,#4102,#4103,#4104,#4105,#4106,#4107,#4108,#4109,#4110,#4111,
    #4112,#4113,#4114,#4115,#4116,#4117,#4118,#4119,#4120,#4121,#4122,
    #4123,#4124,#4125),.UNSPECIFIED.,.F.,.F.,(8,6,6,6,6,6,6,6,6,6,6,6,8)
  ,(0.,6.495442919765E-02,0.145884352614,0.236405866988,0.288411049624,
    0.419566177721,0.485568288395,0.584412091552,0.688283483111,
    0.792550168415,0.842848834505,0.900051120908,1.),.UNSPECIFIED.);
#4052 = CARTESIAN_POINT('',(0.,0.639999963415));
#4053 = CARTESIAN_POINT('',(5.83000008253E-02,0.662268874281));
#4054 = CARTESIAN_POINT('',(0.116602786654,0.684538603465));
#4055 = CARTESIAN_POINT('',(0.174904231122,0.706809098595));
#4056 = CARTESIAN_POINT('',(0.233204379592,0.729080146508));
#4057 = CARTESIAN_POINT('',(0.291504878549,0.751351328243));
#4058 = CARTESIAN_POINT('',(0.349806405002,0.773621974052));
#4059 = CARTESIAN_POINT('',(0.480744552977,0.823637342455));
#4060 = CARTESIAN_POINT('',(0.553388046484,0.851384116185));
#4061 = CARTESIAN_POINT('',(0.626027955268,0.879127673534));
#4062 = CARTESIAN_POINT('',(0.698665761079,0.906869208681));
#4063 = CARTESIAN_POINT('',(0.771306204704,0.934611611672));
#4064 = CARTESIAN_POINT('',(0.843950525193,0.962356332488));
#4065 = CARTESIAN_POINT('',(0.997838043246,1.021132561704));
#4066 = CARTESIAN_POINT('',(1.079095130161,1.052169692221));
#4067 = CARTESIAN_POINT('',(1.160345471946,1.083206507637));
#4068 = CARTESIAN_POINT('',(1.241591364473,1.114243757373));
#4069 = CARTESIAN_POINT('',(1.322841156564,1.145283789385));
#4070 = CARTESIAN_POINT('',(1.404097353056,1.176326411738));
#4071 = CARTESIAN_POINT('',(1.532021712203,1.225196903282));
#4072 = CARTESIAN_POINT('',(1.578699325844,1.243028786546));
#4073 = CARTESIAN_POINT('',(1.625376565987,1.260860171456));
#4074 = CARTESIAN_POINT('',(1.672053617316,1.278691012744));
#4075 = CARTESIAN_POINT('',(1.718731017131,1.296521444599));
#4076 = CARTESIAN_POINT('',(1.765408913488,1.314351502927));
#4077 = CARTESIAN_POINT('',(1.929805007481,1.377145788988));
#4078 = CARTESIAN_POINT('',(2.047581112682,1.422129303807));
#4079 = CARTESIAN_POINT('',(2.165311479016,1.467092434623));
#4080 = CARTESIAN_POINT('',(2.283025017439,1.512048707233));
#4081 = CARTESIAN_POINT('',(2.400755466308,1.55701387297));
#4082 = CARTESIAN_POINT('',(2.518531781169,1.601999179596));
#4083 = CARTESIAN_POINT('',(2.6954912585,1.669592784106));
#4084 = CARTESIAN_POINT('',(2.754733417683,1.692222141573));
#4085 = CARTESIAN_POINT('',(2.813974094779,1.714851344151));
#4086 = CARTESIAN_POINT('',(2.873213796933,1.737480428544));
#4087 = CARTESIAN_POINT('',(2.932454245172,1.760109869374));
#4088 = CARTESIAN_POINT('',(2.991695968306,1.782739704234));
#4089 = CARTESIAN_POINT('',(3.139652754101,1.839257452631));
#4090 = CARTESIAN_POINT('',(3.22838308257,1.873150956343));
#4091 = CARTESIAN_POINT('',(3.31710338964,1.907039832839));
#4092 = CARTESIAN_POINT('',(3.405817625845,1.940925538428));
#4093 = CARTESIAN_POINT('',(3.494538700512,1.974813396625));
#4094 = CARTESIAN_POINT('',(3.583270131757,2.00870539806));
#4095 = CARTESIAN_POINT('',(3.765218064367,2.078203698899));
#4096 = CARTESIAN_POINT('',(3.858465698232,2.113821954081));
#4097 = CARTESIAN_POINT('',(3.951700291628,2.149436328808));
#4098 = CARTESIAN_POINT('',(4.044926495907,2.185048858642));
#4099 = CARTESIAN_POINT('',(4.138160846374,2.22066539193));
#4100 = CARTESIAN_POINT('',(4.231408173494,2.256286719314));
#4101 = CARTESIAN_POINT('',(4.418221888155,2.327649249089));
#4102 = CARTESIAN_POINT('',(4.511824045202,2.36340409869));
#4103 = CARTESIAN_POINT('',(4.605413101496,2.399152107893));
#4104 = CARTESIAN_POINT('',(4.698994116986,2.434894407493));
#4105 = CARTESIAN_POINT('',(4.7925840297,2.470637767336));
#4106 = CARTESIAN_POINT('',(4.88618755691,2.506385431037));
#4107 = CARTESIAN_POINT('',(5.024919262588,2.559368782107));
#4108 = CARTESIAN_POINT('',(5.070065809296,2.576610962264));
#4109 = CARTESIAN_POINT('',(5.115211978892,2.593853329666));
#4110 = CARTESIAN_POINT('',(5.160357857706,2.611096095546));
#4111 = CARTESIAN_POINT('',(5.205503841409,2.628339562616));
#4112 = CARTESIAN_POINT('',(5.250650014334,2.645583857745));
#4113 = CARTESIAN_POINT('',(5.347137380366,2.682440365284));
#4114 = CARTESIAN_POINT('',(5.39847989159,2.702053299379));
#4115 = CARTESIAN_POINT('',(5.449821496317,2.721666907181));
#4116 = CARTESIAN_POINT('',(5.50116243708,2.74128113271));
#4117 = CARTESIAN_POINT('',(5.552503585222,2.760896013823));
#4118 = CARTESIAN_POINT('',(5.603845261019,2.780511272306));
#4119 = CARTESIAN_POINT('',(5.74489321436,2.834398318064));
#4120 = CARTESIAN_POINT('',(5.834615083561,2.868675361765));
#4121 = CARTESIAN_POINT('',(5.924326902356,2.902945905526));
#4122 = CARTESIAN_POINT('',(6.014033354372,2.937207875623));
#4123 = CARTESIAN_POINT('',(6.103748700739,2.971467832584));
#4124 = CARTESIAN_POINT('',(6.193475984867,3.005733602904));
#4125 = CARTESIAN_POINT('',(6.28318530718,3.039999964035));
#4126 = ( GEOMETRIC_REPRESENTATION_CONTEXT(2) 
PARAMETRIC_REPRESENTATION_CONTEXT() REPRESENTATION_CONTEXT('2D SPACE',''
  ) );
#4127 = ORIENTED_EDGE('',*,*,#4128,.T.);
#4128 = EDGE_CURVE('',#3893,#3716,#4129,.T.);
#4129 = SURFACE_CURVE('',#4130,(#4169,#4211),.PCURVE_S1.);
#4130 = B_SPLINE_CURVE_WITH_KNOTS('',4,(#4131,#4132,#4133,#4134,#4135,
    #4136,#4137,#4138,#4139,#4140,#4141,#4142,#4143,#4144,#4145,#4146,
    #4147,#4148,#4149,#4150,#4151,#4152,#4153,#4154,#4155,#4156,#4157,
    #4158,#4159,#4160,#4161,#4162,#4163,#4164,#4165,#4166,#4167,#4168),
  .UNSPECIFIED.,.F.,.F.,(5,3,3,3,3,3,3,3,3,3,3,3,5),(0.,
    7.247109167475E-02,0.161509396084,0.192457885668,0.263350986689,
    0.319576414205,0.39742776244,0.467676634211,0.541012651298,
    0.650105784078,0.763584351883,0.88041830754,1.),.UNSPECIFIED.);
#4131 = CARTESIAN_POINT('',(12.475,-5.995204332976E-15,11.739999964035)
  );
#4132 = CARTESIAN_POINT('',(12.47500062199,0.163915178902,
    11.779132009709));
#4133 = CARTESIAN_POINT('',(12.452606464326,0.327854002097,
    11.818267066175));
#4134 = CARTESIAN_POINT('',(12.407830186531,0.487134961234,
    11.857404505364));
#4135 = CARTESIAN_POINT('',(12.262287660079,0.822188546717,
    11.944617100113));
#4136 = CARTESIAN_POINT('',(12.151021906756,0.99347778154,
    11.992691022895));
#4137 = CARTESIAN_POINT('',(12.012241071262,1.143348197922,
    12.040761673581));
#4138 = CARTESIAN_POINT('',(11.79743318132,1.309204721042,
    12.105547823209));
#4139 = CARTESIAN_POINT('',(11.73953138559,1.348753298364,
    12.122258311423));
#4140 = CARTESIAN_POINT('',(11.679418153105,1.384850658443,
    12.138969338783));
#4141 = CARTESIAN_POINT('',(11.475370861818,1.491732927498,
    12.193962724756));
#4142 = CARTESIAN_POINT('',(11.323373525494,1.54716001291,
    12.232247816884));
#4143 = CARTESIAN_POINT('',(11.165293471339,1.581594594,12.270534700376)
  );
#4144 = CARTESIAN_POINT('',(10.878736647703,1.605041591016,
    12.339184334858));
#4145 = CARTESIAN_POINT('',(10.750886048021,1.601980344866,
    12.369547718642));
#4146 = CARTESIAN_POINT('',(10.624089145521,1.585312739335,
    12.399909229175));
#4147 = CARTESIAN_POINT('',(10.329260347693,1.514323673373,
    12.472307046368));
#4148 = CARTESIAN_POINT('',(10.164090935602,1.447972133954,
    12.514341696567));
#4149 = CARTESIAN_POINT('',(10.01058414205,1.35786377004,12.556374467839
    ));
#4150 = CARTESIAN_POINT('',(9.749381759621,1.148142494938,
    12.636336893478));
#4151 = CARTESIAN_POINT('',(9.638645398719,1.032247371697,
    12.674266150452));
#4152 = CARTESIAN_POINT('',(9.544378066984,0.902603073137,
    12.712197609089));
#4153 = CARTESIAN_POINT('',(9.389519671507,0.617141217877,
    12.789730244927));
#4154 = CARTESIAN_POINT('',(9.330573098307,0.460390045564,
    12.829331715546));
#4155 = CARTESIAN_POINT('',(9.294071222748,0.296949007347,
    12.868933523552));
#4156 = CARTESIAN_POINT('',(9.260118097104,-0.114265457557,
    12.967448487848));
#4157 = CARTESIAN_POINT('',(9.290405857565,-0.364493548319,
    13.026360495031));
#4158 = CARTESIAN_POINT('',(9.372494558045,-0.602809604188,
    13.085269400402));
#4159 = CARTESIAN_POINT('',(9.628959802709,-1.035993994185,
    13.205461688348));
#4160 = CARTESIAN_POINT('',(9.80708948411,-1.229012218706,
    13.266744805226));
#4161 = CARTESIAN_POINT('',(10.023082034528,-1.378453675926,
    13.328033793705));
#4162 = CARTESIAN_POINT('',(10.50398333755,-1.578671334035,
    13.452417229662));
#4163 = CARTESIAN_POINT('',(10.77051282817,-1.626542606673,
    13.515512364749));
#4164 = CARTESIAN_POINT('',(11.040981104568,-1.613167504607,
    13.57859454142));
#4165 = CARTESIAN_POINT('',(11.556873103338,-1.472493058602,
    13.706248964125));
#4166 = CARTESIAN_POINT('',(11.801981400017,-1.342398420444,
    13.770819083656));
#4167 = CARTESIAN_POINT('',(12.010458284231,-1.159273338602,
    13.835412911445));
#4168 = CARTESIAN_POINT('',(12.169424792769,-0.940459704541,
    13.900002950532));
#4169 = PCURVE('',#1693,#4170);
#4170 = DEFINITIONAL_REPRESENTATION('',(#4171),#4210);
#4171 = B_SPLINE_CURVE_WITH_KNOTS('',4,(#4172,#4173,#4174,#4175,#4176,
    #4177,#4178,#4179,#4180,#4181,#4182,#4183,#4184,#4185,#4186,#4187,
    #4188,#4189,#4190,#4191,#4192,#4193,#4194,#4195,#4196,#4197,#4198,
    #4199,#4200,#4201,#4202,#4203,#4204,#4205,#4206,#4207,#4208,#4209),
  .UNSPECIFIED.,.F.,.F.,(5,3,3,3,3,3,3,3,3,3,3,3,5),(0.,
    7.247109167475E-02,0.161509396084,0.192457885668,0.263350986689,
    0.319576414205,0.39742776244,0.467676634211,0.541012651298,
    0.650105784078,0.763584351883,0.88041830754,1.),.UNSPECIFIED.);
#4172 = CARTESIAN_POINT('',(0.565685374088,13.451902111502));
#4173 = CARTESIAN_POINT('',(0.565684793017,13.561570022945));
#4174 = CARTESIAN_POINT('',(0.565694194425,13.671226590274));
#4175 = CARTESIAN_POINT('',(0.565701258565,13.780894466784));
#4176 = CARTESIAN_POINT('',(0.565699960334,14.025308557646));
#4177 = CARTESIAN_POINT('',(0.565687585904,14.160059267663));
#4178 = CARTESIAN_POINT('',(0.565672739235,14.294805706824));
#4179 = CARTESIAN_POINT('',(0.565665369559,14.47638217408));
#4180 = CARTESIAN_POINT('',(0.565664303914,14.523215088252));
#4181 = CARTESIAN_POINT('',(0.565664346489,14.570047317265));
#4182 = CARTESIAN_POINT('',(0.565667577259,14.724158757685));
#4183 = CARTESIAN_POINT('',(0.565675169819,14.831436901795));
#4184 = CARTESIAN_POINT('',(0.565684990377,14.938715651051));
#4185 = CARTESIAN_POINT('',(0.565698593066,15.131077895886));
#4186 = CARTESIAN_POINT('',(0.565703422352,15.216161089762));
#4187 = CARTESIAN_POINT('',(0.56570538439,15.30124471578));
#4188 = CARTESIAN_POINT('',(0.565704602519,15.504139671417));
#4189 = CARTESIAN_POINT('',(0.565699426953,15.62195117754));
#4190 = CARTESIAN_POINT('',(0.565692154635,15.739761573043));
#4191 = CARTESIAN_POINT('',(0.565681382469,15.963875986875));
#4192 = CARTESIAN_POINT('',(0.565677345897,16.070179955119));
#4193 = CARTESIAN_POINT('',(0.565676294407,16.176484178081));
#4194 = CARTESIAN_POINT('',(0.565677271099,16.393765873399));
#4195 = CARTESIAN_POINT('',(0.565679639326,16.504743494197));
#4196 = CARTESIAN_POINT('',(0.565681823167,16.615722425902));
#4197 = CARTESIAN_POINT('',(0.565683941434,16.891804406614));
#4198 = CARTESIAN_POINT('',(0.565681769994,17.056908408364));
#4199 = CARTESIAN_POINT('',(0.565676578624,17.222009701801));
#4200 = CARTESIAN_POINT('',(0.565676594609,17.558846105959));
#4201 = CARTESIAN_POINT('',(0.565681578834,17.730580914237));
#4202 = CARTESIAN_POINT('',(0.565694898708,17.902315659197));
#4203 = CARTESIAN_POINT('',(0.565707926765,18.250871884783));
#4204 = CARTESIAN_POINT('',(0.565708778848,18.427693025605));
#4205 = CARTESIAN_POINT('',(0.565690456999,18.604515846797));
#4206 = CARTESIAN_POINT('',(0.565664206991,18.962316781502));
#4207 = CARTESIAN_POINT('',(0.565653698888,19.143294048083));
#4208 = CARTESIAN_POINT('',(0.565675330522,19.3242740668));
#4209 = CARTESIAN_POINT('',(0.5656893321,19.505258587869));
#4210 = ( GEOMETRIC_REPRESENTATION_CONTEXT(2) 
PARAMETRIC_REPRESENTATION_CONTEXT() REPRESENTATION_CONTEXT('2D SPACE',''
  ) );
#4211 = PCURVE('',#3453,#4212);
#4212 = DEFINITIONAL_REPRESENTATION('',(#4213),#4252);
#4213 = B_SPLINE_CURVE_WITH_KNOTS('',4,(#4214,#4215,#4216,#4217,#4218,
    #4219,#4220,#4221,#4222,#4223,#4224,#4225,#4226,#4227,#4228,#4229,
    #4230,#4231,#4232,#4233,#4234,#4235,#4236,#4237,#4238,#4239,#4240,
    #4241,#4242,#4243,#4244,#4245,#4246,#4247,#4248,#4249,#4250,#4251),
  .UNSPECIFIED.,.F.,.F.,(5,3,3,3,3,3,3,3,3,3,3,3,5),(0.,
    7.247109167475E-02,0.161509396084,0.192457885668,0.263350986689,
    0.319576414205,0.39742776244,0.467676634211,0.541012651298,
    0.650105784078,0.763584351883,0.88041830754,1.),.UNSPECIFIED.);
#4214 = CARTESIAN_POINT('',(0.,3.039999964035));
#4215 = CARTESIAN_POINT('',(0.102448953986,3.079132009709));
#4216 = CARTESIAN_POINT('',(0.20490083643,3.118267066175));
#4217 = CARTESIAN_POINT('',(0.307348741668,3.157404505364));
#4218 = CARTESIAN_POINT('',(0.535668203294,3.244617100113));
#4219 = CARTESIAN_POINT('',(0.661539358866,3.292691022895));
#4220 = CARTESIAN_POINT('',(0.78741191041,3.340761673581));
#4221 = CARTESIAN_POINT('',(0.957034262591,3.405547823209));
#4222 = CARTESIAN_POINT('',(1.000784271505,3.422258311423));
#4223 = CARTESIAN_POINT('',(1.044533893188,3.438969338783));
#4224 = CARTESIAN_POINT('',(1.18850172337,3.493962724756));
#4225 = CARTESIAN_POINT('',(1.288719484015,3.532247816884));
#4226 = CARTESIAN_POINT('',(1.388936679597,3.570534700376));
#4227 = CARTESIAN_POINT('',(1.568635561597,3.639184334858));
#4228 = CARTESIAN_POINT('',(1.648117200336,3.669547718642));
#4229 = CARTESIAN_POINT('',(1.727599110956,3.699909229175));
#4230 = CARTESIAN_POINT('',(1.917136743114,3.772307046368));
#4231 = CARTESIAN_POINT('',(2.027192882067,3.814341696567));
#4232 = CARTESIAN_POINT('',(2.13724964707,3.856374467839));
#4233 = CARTESIAN_POINT('',(2.346614909087,3.936336893478));
#4234 = CARTESIAN_POINT('',(2.44592336267,3.974266150452));
#4235 = CARTESIAN_POINT('',(2.545231429399,4.012197609089));
#4236 = CARTESIAN_POINT('',(2.748210727122,4.089730244927));
#4237 = CARTESIAN_POINT('',(2.851882028202,4.129331715546));
#4238 = CARTESIAN_POINT('',(2.95555286351,4.168933523552));
#4239 = CARTESIAN_POINT('',(3.21345354668,4.267448487848));
#4240 = CARTESIAN_POINT('',(3.367683294964,4.326360495031));
#4241 = CARTESIAN_POINT('',(3.521914590733,4.385269400402));
#4242 = CARTESIAN_POINT('',(3.836579970845,4.505461688348));
#4243 = CARTESIAN_POINT('',(3.997014425633,4.566744805226));
#4244 = CARTESIAN_POINT('',(4.157447366891,4.628033793705));
#4245 = CARTESIAN_POINT('',(4.483059754962,4.752417229662));
#4246 = CARTESIAN_POINT('',(4.6482383105,4.815512364749));
#4247 = CARTESIAN_POINT('',(4.813419897722,4.87859454142));
#4248 = CARTESIAN_POINT('',(5.147669626204,5.006248964125));
#4249 = CARTESIAN_POINT('',(5.316738479831,5.070819083656));
#4250 = CARTESIAN_POINT('',(5.48580162631,5.135412911445));
#4251 = CARTESIAN_POINT('',(5.654864226395,5.200002950532));
#4252 = ( GEOMETRIC_REPRESENTATION_CONTEXT(2) 
PARAMETRIC_REPRESENTATION_CONTEXT() REPRESENTATION_CONTEXT('2D SPACE',''
  ) );
#4253 = ORIENTED_EDGE('',*,*,#3715,.T.);
#4254 = ADVANCED_FACE('',(#4255),#2014,.T.);
#4255 = FACE_BOUND('',#4256,.T.);
#4256 = EDGE_LOOP('',(#4257,#4258,#4259,#4260));
#4257 = ORIENTED_EDGE('',*,*,#3157,.F.);
#4258 = ORIENTED_EDGE('',*,*,#1999,.T.);
#4259 = ORIENTED_EDGE('',*,*,#3812,.T.);
#4260 = ORIENTED_EDGE('',*,*,#4261,.T.);
#4261 = EDGE_CURVE('',#3813,#3158,#4262,.T.);
#4262 = SURFACE_CURVE('',#4263,(#4267,#4274),.PCURVE_S1.);
#4263 = LINE('',#4264,#4265);
#4264 = CARTESIAN_POINT('',(12.475,-3.918869757272E-16,8.7));
#4265 = VECTOR('',#4266,1.);
#4266 = DIRECTION('',(0.,0.,1.));
#4267 = PCURVE('',#2014,#4268);
#4268 = DEFINITIONAL_REPRESENTATION('',(#4269),#4273);
#4269 = LINE('',#4270,#4271);
#4270 = CARTESIAN_POINT('',(6.28318530718,-0.));
#4271 = VECTOR('',#4272,1.);
#4272 = DIRECTION('',(0.,1.));
#4273 = ( GEOMETRIC_REPRESENTATION_CONTEXT(2) 
PARAMETRIC_REPRESENTATION_CONTEXT() REPRESENTATION_CONTEXT('2D SPACE',''
  ) );
#4274 = PCURVE('',#3631,#4275);
#4275 = DEFINITIONAL_REPRESENTATION('',(#4276),#4280);
#4276 = LINE('',#4277,#4278);
#4277 = CARTESIAN_POINT('',(0.,-0.));
#4278 = VECTOR('',#4279,1.);
#4279 = DIRECTION('',(0.,1.));
#4280 = ( GEOMETRIC_REPRESENTATION_CONTEXT(2) 
PARAMETRIC_REPRESENTATION_CONTEXT() REPRESENTATION_CONTEXT('2D SPACE',''
  ) );
#4281 = ADVANCED_FACE('',(#4282),#2503,.T.);
#4282 = FACE_BOUND('',#4283,.T.);
#4283 = EDGE_LOOP('',(#4284,#4285,#4306,#4307));
#4284 = ORIENTED_EDGE('',*,*,#2764,.T.);
#4285 = ORIENTED_EDGE('',*,*,#4286,.T.);
#4286 = EDGE_CURVE('',#2765,#2282,#4287,.T.);
#4287 = SURFACE_CURVE('',#4288,(#4292,#4299),.PCURVE_S1.);
#4288 = LINE('',#4289,#4290);
#4289 = CARTESIAN_POINT('',(-9.275,-3.918869757272E-16,8.7));
#4290 = VECTOR('',#4291,1.);
#4291 = DIRECTION('',(0.,0.,1.));
#4292 = PCURVE('',#2503,#4293);
#4293 = DEFINITIONAL_REPRESENTATION('',(#4294),#4298);
#4294 = LINE('',#4295,#4296);
#4295 = CARTESIAN_POINT('',(6.28318530718,-0.));
#4296 = VECTOR('',#4297,1.);
#4297 = DIRECTION('',(0.,1.));
#4298 = ( GEOMETRIC_REPRESENTATION_CONTEXT(2) 
PARAMETRIC_REPRESENTATION_CONTEXT() REPRESENTATION_CONTEXT('2D SPACE',''
  ) );
#4299 = PCURVE('',#2325,#4300);
#4300 = DEFINITIONAL_REPRESENTATION('',(#4301),#4305);
#4301 = LINE('',#4302,#4303);
#4302 = CARTESIAN_POINT('',(0.,-0.));
#4303 = VECTOR('',#4304,1.);
#4304 = DIRECTION('',(0.,1.));
#4305 = ( GEOMETRIC_REPRESENTATION_CONTEXT(2) 
PARAMETRIC_REPRESENTATION_CONTEXT() REPRESENTATION_CONTEXT('2D SPACE',''
  ) );
#4306 = ORIENTED_EDGE('',*,*,#2351,.F.);
#4307 = ORIENTED_EDGE('',*,*,#3133,.F.);
#4308 = ADVANCED_FACE('',(#4309),#2325,.T.);
#4309 = FACE_BOUND('',#4310,.T.);
#4310 = EDGE_LOOP('',(#4311,#4312,#4313,#4314));
#4311 = ORIENTED_EDGE('',*,*,#3000,.T.);
#4312 = ORIENTED_EDGE('',*,*,#2657,.F.);
#4313 = ORIENTED_EDGE('',*,*,#2281,.F.);
#4314 = ORIENTED_EDGE('',*,*,#4286,.F.);
#4315 = ADVANCED_FACE('',(#4316),#3631,.T.);
#4316 = FACE_BOUND('',#4317,.T.);
#4317 = EDGE_LOOP('',(#4318,#4319,#4340,#4341));
#4318 = ORIENTED_EDGE('',*,*,#3892,.T.);
#4319 = ORIENTED_EDGE('',*,*,#4320,.T.);
#4320 = EDGE_CURVE('',#3893,#3410,#4321,.T.);
#4321 = SURFACE_CURVE('',#4322,(#4326,#4333),.PCURVE_S1.);
#4322 = LINE('',#4323,#4324);
#4323 = CARTESIAN_POINT('',(12.475,-3.918869757272E-16,8.7));
#4324 = VECTOR('',#4325,1.);
#4325 = DIRECTION('',(0.,0.,1.));
#4326 = PCURVE('',#3631,#4327);
#4327 = DEFINITIONAL_REPRESENTATION('',(#4328),#4332);
#4328 = LINE('',#4329,#4330);
#4329 = CARTESIAN_POINT('',(6.28318530718,-0.));
#4330 = VECTOR('',#4331,1.);
#4331 = DIRECTION('',(0.,1.));
#4332 = ( GEOMETRIC_REPRESENTATION_CONTEXT(2) 
PARAMETRIC_REPRESENTATION_CONTEXT() REPRESENTATION_CONTEXT('2D SPACE',''
  ) );
#4333 = PCURVE('',#3453,#4334);
#4334 = DEFINITIONAL_REPRESENTATION('',(#4335),#4339);
#4335 = LINE('',#4336,#4337);
#4336 = CARTESIAN_POINT('',(0.,-0.));
#4337 = VECTOR('',#4338,1.);
#4338 = DIRECTION('',(0.,1.));
#4339 = ( GEOMETRIC_REPRESENTATION_CONTEXT(2) 
PARAMETRIC_REPRESENTATION_CONTEXT() REPRESENTATION_CONTEXT('2D SPACE',''
  ) );
#4340 = ORIENTED_EDGE('',*,*,#3479,.F.);
#4341 = ORIENTED_EDGE('',*,*,#4261,.F.);
#4342 = ADVANCED_FACE('',(#4343),#3453,.T.);
#4343 = FACE_BOUND('',#4344,.T.);
#4344 = EDGE_LOOP('',(#4345,#4346,#4347,#4348));
#4345 = ORIENTED_EDGE('',*,*,#4128,.T.);
#4346 = ORIENTED_EDGE('',*,*,#3785,.F.);
#4347 = ORIENTED_EDGE('',*,*,#3409,.F.);
#4348 = ORIENTED_EDGE('',*,*,#4320,.F.);
#4349 = ( GEOMETRIC_REPRESENTATION_CONTEXT(3) 
GLOBAL_UNCERTAINTY_ASSIGNED_CONTEXT((#4353)) 
GLOBAL_UNIT_ASSIGNED_CONTEXT((#4350,#4351,#4352)) REPRESENTATION_CONTEXT
('Context #1','3D Context with UNIT and UNCERTAINTY') );
#4350 = ( LENGTH_UNIT() NAMED_UNIT(*) SI_UNIT(.MILLI.,.METRE.) );
#4351 = ( NAMED_UNIT(*) PLANE_ANGLE_UNIT() SI_UNIT($,.RADIAN.) );
#4352 = ( NAMED_UNIT(*) SI_UNIT($,.STERADIAN.) SOLID_ANGLE_UNIT() );
#4353 = UNCERTAINTY_MEASURE_WITH_UNIT(LENGTH_MEASURE(2.E-04),#4350,
  'distance_accuracy_value','confusion accuracy');
#4354 = PRODUCT_RELATED_PRODUCT_CATEGORY('part',$,(#7));
#4355 = MECHANICAL_DESIGN_GEOMETRIC_PRESENTATION_REPRESENTATION('',(
    #4356),#4349);
#4356 = STYLED_ITEM('color',(#4357),#15);
#4357 = PRESENTATION_STYLE_ASSIGNMENT((#4358));
#4358 = SURFACE_STYLE_USAGE(.BOTH.,#4359);
#4359 = SURFACE_SIDE_STYLE('',(#4360));
#4360 = SURFACE_STYLE_FILL_AREA(#4361);
#4361 = FILL_AREA_STYLE('',(#4362));
#4362 = FILL_AREA_STYLE_COLOUR('',#4363);
#4363 = COLOUR_RGB('',2.499999930151E-02,2.70000004489E-02,
  3.09999997355E-02);

#4364=DESCRIPTIVE_REPRESENTATION_ITEM('cadgen:generator','cadgen');
#4365=REPRESENTATION('cadgen:generator',(#4364),#4349);
#4366=PROPERTY_DEFINITION('cadgen metadata','cadgen:generator',#5);
#4367=PROPERTY_DEFINITION_REPRESENTATION(#4366,#4365);
#4368=DESCRIPTIVE_REPRESENTATION_ITEM('cadgen:entryKind','part');
#4369=REPRESENTATION('cadgen:entryKind',(#4368),#4349);
#4370=PROPERTY_DEFINITION('cadgen metadata','cadgen:entryKind',#5);
#4371=PROPERTY_DEFINITION_REPRESENTATION(#4370,#4369);
#4372=DESCRIPTIVE_REPRESENTATION_ITEM('cadgen:sourcePath','part_coupon.step.py');
#4373=REPRESENTATION('cadgen:sourcePath',(#4372),#4349);
#4374=PROPERTY_DEFINITION('cadgen metadata','cadgen:sourcePath',#5);
#4375=PROPERTY_DEFINITION_REPRESENTATION(#4374,#4373);
#4376=DESCRIPTIVE_REPRESENTATION_ITEM('cadgen:sourceHash','ce9dc1f1040267780b0fa968cc023c1ec653ff2e3b8ad1d2978682b289ceb2f7');
#4377=REPRESENTATION('cadgen:sourceHash',(#4376),#4349);
#4378=PROPERTY_DEFINITION('cadgen metadata','cadgen:sourceHash',#5);
#4379=PROPERTY_DEFINITION_REPRESENTATION(#4378,#4377);
ENDSEC;
END-ISO-10303-21;
